user_id,week,date,day_of_week,week_number
U001,1,2025-09-28,Sunday,1
U002,1,2025-09-28,Sunday,1
U003,1,2025-09-28,Sunday,1
U004,1,2025-09-28,Sunday,1
U005,1,2025-09-28,Sunday,1
U006,1,2025-09-28,Sunday,1
U007,1,2025-09-28,Sunday,1
U008,1,2025-09-28,Sunday,1
U009,1,2025-09-28,Sunday,1
U010,1,2025-09-28,Sunday,1
U001,1,2025-09-29,Monday,1
U002,1,2025-09-29,Monday,1
U003,1,2025-09-29,Monday,1
U004,1,2025-09-29,Monday,1
U005,1,2025-09-29,Monday,1
U006,1,2025-09-29,Monday,1
U007,1,2025-09-29,Monday,1
U008,1,2025-09-29,Monday,1
U009,1,2025-09-29,Monday,1
U010,1,2025-09-29,Monday,1
U001,1,2025-09-30,Tuesday,1
U002,1,2025-09-30,Tuesday,1
U003,1,2025-09-30,Tuesday,1
U004,1,2025-09-30,Tuesday,1
U005,1,2025-09-30,Tuesday,1
U006,1,2025-09-30,Tuesday,1
U007,1,2025-09-30,Tuesday,1
U008,1,2025-09-30,Tuesday,1
U009,1,2025-09-30,Tuesday,1
U010,1,2025-09-30,Tuesday,1
U001,1,2025-10-01,Wednesday,1
U002,1,2025-10-01,Wednesday,1
U003,1,2025-10-01,Wednesday,1
U004,1,2025-10-01,Wednesday,1
U005,1,2025-10-01,Wednesday,1
U006,1,2025-10-01,Wednesday,1
U007,1,2025-10-01,Wednesday,1
U008,1,2025-10-01,Wednesday,1
U009,1,2025-10-01,Wednesday,1
U010,1,2025-10-01,Wednesday,1
U001,1,2025-10-02,Thursday,1
U002,1,2025-10-02,Thursday,1
U003,1,2025-10-02,Thursday,1
U004,1,2025-10-02,Thursday,1
U005,1,2025-10-02,Thursday,1
U006,1,2025-10-02,Thursday,1
U007,1,2025-10-02,Thursday,1
U008,1,2025-10-02,Thursday,1
U009,1,2025-10-02,Thursday,1
U010,1,2025-10-02,Thursday,1
U001,1,2025-10-03,Friday,1
U002,1,2025-10-03,Friday,1
U003,1,2025-10-03,Friday,1
U004,1,2025-10-03,Friday,1
U005,1,2025-10-03,Friday,1
U006,1,2025-10-03,Friday,1
U007,1,2025-10-03,Friday,1
U008,1,2025-10-03,Friday,1
U009,1,2025-10-03,Friday,1
U010,1,2025-10-03,Friday,1
U001,1,2025-10-04,Saturday,1
U002,1,2025-10-04,Saturday,1
U003,1,2025-10-04,Saturday,1
U004,1,2025-10-04,Saturday,1
U005,1,2025-10-04,Saturday,1
U006,1,2025-10-04,Saturday,1
U007,1,2025-10-04,Saturday,1
U008,1,2025-10-04,Saturday,1
U009,1,2025-10-04,Saturday,1
U010,1,2025-10-04,Saturday,1
U001,2,2025-10-05,Sunday,2
U002,2,2025-10-05,Sunday,2
U003,2,2025-10-05,Sunday,2
U004,2,2025-10-05,Sunday,2
U005,2,2025-10-05,Sunday,2
U006,2,2025-10-05,Sunday,2
U007,2,2025-10-05,Sunday,2
U008,2,2025-10-05,Sunday,2
U009,2,2025-10-05,Sunday,2
U010,2,2025-10-05,Sunday,2
U001,2,2025-10-06,Monday,2
U002,2,2025-10-06,Monday,2
U003,2,2025-10-06,Monday,2
U004,2,2025-10-06,Monday,2
U005,2,2025-10-06,Monday,2
U006,2,2025-10-06,Monday,2
U007,2,2025-10-06,Monday,2
U008,2,2025-10-06,Monday,2
U009,2,2025-10-06,Monday,2
U010,2,2025-10-06,Monday,2
U001,2,2025-10-07,Tuesday,2
U002,2,2025-10-07,Tuesday,2
U003,2,2025-10-07,Tuesday,2
U004,2,2025-10-07,Tuesday,2
U005,2,2025-10-07,Tuesday,2
U006,2,2025-10-07,Tuesday,2
U007,2,2025-10-07,Tuesday,2
U008,2,2025-10-07,Tuesday,2
U009,2,2025-10-07,Tuesday,2
U010,2,2025-10-07,Tuesday,2
U001,2,2025-10-08,Wednesday,2
U002,2,2025-10-08,Wednesday,2
U003,2,2025-10-08,Wednesday,2
U004,2,2025-10-08,Wednesday,2
U005,2,2025-10-08,Wednesday,2
U006,2,2025-10-08,Wednesday,2
U007,2,2025-10-08,Wednesday,2
U008,2,2025-10-08,Wednesday,2
U009,2,2025-10-08,Wednesday,2
U010,2,2025-10-08,Wednesday,2
U001,2,2025-10-09,Thursday,2
U002,2,2025-10-09,Thursday,2
U003,2,2025-10-09,Thursday,2
U004,2,2025-10-09,Thursday,2
U005,2,2025-10-09,Thursday,2
U006,2,2025-10-09,Thursday,2
U007,2,2025-10-09,Thursday,2
U008,2,2025-10-09,Thursday,2
U009,2,2025-10-09,Thursday,2
U010,2,2025-10-09,Thursday,2
U001,2,2025-10-10,Friday,2
U002,2,2025-10-10,Friday,2
U003,2,2025-10-10,Friday,2
U004,2,2025-10-10,Friday,2
U005,2,2025-10-10,Friday,2
U006,2,2025-10-10,Friday,2
U007,2,2025-10-10,Friday,2
U008,2,2025-10-10,Friday,2
U009,2,2025-10-10,Friday,2
U010,2,2025-10-10,Friday,2
U001,2,2025-10-11,Saturday,2
U002,2,2025-10-11,Saturday,2
U003,2,2025-10-11,Saturday,2
U004,2,2025-10-11,Saturday,2
U005,2,2025-10-11,Saturday,2
U006,2,2025-10-11,Saturday,2
U007,2,2025-10-11,Saturday,2
U008,2,2025-10-11,Saturday,2
U009,2,2025-10-11,Saturday,2
U010,2,2025-10-11,Saturday,2
U001,3,2025-10-12,Sunday,3
U002,3,2025-10-12,Sunday,3
U003,3,2025-10-12,Sunday,3
U004,3,2025-10-12,Sunday,3
U005,3,2025-10-12,Sunday,3
U006,3,2025-10-12,Sunday,3
U007,3,2025-10-12,Sunday,3
U008,3,2025-10-12,Sunday,3
U009,3,2025-10-12,Sunday,3
U010,3,2025-10-12,Sunday,3
U001,3,2025-10-13,Monday,3
U002,3,2025-10-13,Monday,3
U003,3,2025-10-13,Monday,3
U004,3,2025-10-13,Monday,3
U005,3,2025-10-13,Monday,3
U006,3,2025-10-13,Monday,3
U007,3,2025-10-13,Monday,3
U008,3,2025-10-13,Monday,3
U009,3,2025-10-13,Monday,3
U010,3,2025-10-13,Monday,3
U001,3,2025-10-14,Tuesday,3
U002,3,2025-10-14,Tuesday,3
U003,3,2025-10-14,Tuesday,3
U004,3,2025-10-14,Tuesday,3
U005,3,2025-10-14,Tuesday,3
U006,3,2025-10-14,Tuesday,3
U007,3,2025-10-14,Tuesday,3
U008,3,2025-10-14,Tuesday,3
U009,3,2025-10-14,Tuesday,3
U010,3,2025-10-14,Tuesday,3
U001,3,2025-10-15,Wednesday,3
U002,3,2025-10-15,Wednesday,3
U003,3,2025-10-15,Wednesday,3
U004,3,2025-10-15,Wednesday,3
U005,3,2025-10-15,Wednesday,3
U006,3,2025-10-15,Wednesday,3
U007,3,2025-10-15,Wednesday,3
U008,3,2025-10-15,Wednesday,3
U009,3,2025-10-15,Wednesday,3
U010,3,2025-10-15,Wednesday,3
U001,3,2025-10-16,Thursday,3
U002,3,2025-10-16,Thursday,3
U003,3,2025-10-16,Thursday,3
U004,3,2025-10-16,Thursday,3
U005,3,2025-10-16,Thursday,3
U006,3,2025-10-16,Thursday,3
U007,3,2025-10-16,Thursday,3
U008,3,2025-10-16,Thursday,3
U009,3,2025-10-16,Thursday,3
U010,3,2025-10-16,Thursday,3
U001,3,2025-10-17,Friday,3
U002,3,2025-10-17,Friday,3
U003,3,2025-10-17,Friday,3
U004,3,2025-10-17,Friday,3
U005,3,2025-10-17,Friday,3
U006,3,2025-10-17,Friday,3
U007,3,2025-10-17,Friday,3
U008,3,2025-10-17,Friday,3
U009,3,2025-10-17,Friday,3
U010,3,2025-10-17,Friday,3
U001,3,2025-10-18,Saturday,3
U002,3,2025-10-18,Saturday,3
U003,3,2025-10-18,Saturday,3
U004,3,2025-10-18,Saturday,3
U005,3,2025-10-18,Saturday,3
U006,3,2025-10-18,Saturday,3
U007,3,2025-10-18,Saturday,3
U008,3,2025-10-18,Saturday,3
U009,3,2025-10-18,Saturday,3
U010,3,2025-10-18,Saturday,3
U001,4,2025-10-19,Sunday,4
U002,4,2025-10-19,Sunday,4
U003,4,2025-10-19,Sunday,4
U004,4,2025-10-19,Sunday,4
U005,4,2025-10-19,Sunday,4
U006,4,2025-10-19,Sunday,4
U007,4,2025-10-19,Sunday,4
U008,4,2025-10-19,Sunday,4
U009,4,2025-10-19,Sunday,4
U010,4,2025-10-19,Sunday,4
U001,4,2025-10-20,Monday,4
U002,4,2025-10-20,Monday,4
U003,4,2025-10-20,Monday,4
U004,4,2025-10-20,Monday,4
U005,4,2025-10-20,Monday,4
U006,4,2025-10-20,Monday,4
U007,4,2025-10-20,Monday,4
U008,4,2025-10-20,Monday,4
U009,4,2025-10-20,Monday,4
U010,4,2025-10-20,Monday,4
U001,4,2025-10-21,Tuesday,4
U002,4,2025-10-21,Tuesday,4
U003,4,2025-10-21,Tuesday,4
U004,4,2025-10-21,Tuesday,4
U005,4,2025-10-21,Tuesday,4
U006,4,2025-10-21,Tuesday,4
U007,4,2025-10-21,Tuesday,4
U008,4,2025-10-21,Tuesday,4
U009,4,2025-10-21,Tuesday,4
U010,4,2025-10-21,Tuesday,4
U001,4,2025-10-22,Wednesday,4
U002,4,2025-10-22,Wednesday,4
U003,4,2025-10-22,Wednesday,4
U004,4,2025-10-22,Wednesday,4
U005,4,2025-10-22,Wednesday,4
U006,4,2025-10-22,Wednesday,4
U007,4,2025-10-22,Wednesday,4
U008,4,2025-10-22,Wednesday,4
U009,4,2025-10-22,Wednesday,4
U010,4,2025-10-22,Wednesday,4
U001,4,2025-10-23,Thursday,4
U002,4,2025-10-23,Thursday,4
U003,4,2025-10-23,Thursday,4
U004,4,2025-10-23,Thursday,4
U005,4,2025-10-23,Thursday,4
U006,4,2025-10-23,Thursday,4
U007,4,2025-10-23,Thursday,4
U008,4,2025-10-23,Thursday,4
U009,4,2025-10-23,Thursday,4
U010,4,2025-10-23,Thursday,4
U001,4,2025-10-24,Friday,4
U002,4,2025-10-24,Friday,4
U003,4,2025-10-24,Friday,4
U004,4,2025-10-24,Friday,4
U005,4,2025-10-24,Friday,4
U006,4,2025-10-24,Friday,4
U007,4,2025-10-24,Friday,4
U008,4,2025-10-24,Friday,4
U009,4,2025-10-24,Friday,4
U010,4,2025-10-24,Friday,4
U001,4,2025-10-25,Saturday,4
U002,4,2025-10-25,Saturday,4
U003,4,2025-10-25,Saturday,4
U004,4,2025-10-25,Saturday,4
U005,4,2025-10-25,Saturday,4
U006,4,2025-10-25,Saturday,4
U007,4,2025-10-25,Saturday,4
U008,4,2025-10-25,Saturday,4
U009,4,2025-10-25,Saturday,4
U010,4,2025-10-25,Saturday,4
U001,5,2025-10-26,Sunday,5
U002,5,2025-10-26,Sunday,5
U003,5,2025-10-26,Sunday,5
U004,5,2025-10-26,Sunday,5
U005,5,2025-10-26,Sunday,5
U006,5,2025-10-26,Sunday,5
U007,5,2025-10-26,Sunday,5
U008,5,2025-10-26,Sunday,5
U009,5,2025-10-26,Sunday,5
U010,5,2025-10-26,Sunday,5
U001,5,2025-10-27,Monday,5
U002,5,2025-10-27,Monday,5
U003,5,2025-10-27,Monday,5
U004,5,2025-10-27,Monday,5
U005,5,2025-10-27,Monday,5
U006,5,2025-10-27,Monday,5
U007,5,2025-10-27,Monday,5
U008,5,2025-10-27,Monday,5
U009,5,2025-10-27,Monday,5
U010,5,2025-10-27,Monday,5
U001,5,2025-10-28,Tuesday,5
U002,5,2025-10-28,Tuesday,5
U003,5,2025-10-28,Tuesday,5
U004,5,2025-10-28,Tuesday,5
U005,5,2025-10-28,Tuesday,5
U006,5,2025-10-28,Tuesday,5
U007,5,2025-10-28,Tuesday,5
U008,5,2025-10-28,Tuesday,5
U009,5,2025-10-28,Tuesday,5
U010,5,2025-10-28,Tuesday,5
U001,5,2025-10-29,Wednesday,5
U002,5,2025-10-29,Wednesday,5
U003,5,2025-10-29,Wednesday,5
U004,5,2025-10-29,Wednesday,5
U005,5,2025-10-29,Wednesday,5
U006,5,2025-10-29,Wednesday,5
U007,5,2025-10-29,Wednesday,5
U008,5,2025-10-29,Wednesday,5
U009,5,2025-10-29,Wednesday,5
U010,5,2025-10-29,Wednesday,5
U001,5,2025-10-30,Thursday,5
U002,5,2025-10-30,Thursday,5
U003,5,2025-10-30,Thursday,5
U004,5,2025-10-30,Thursday,5
U005,5,2025-10-30,Thursday,5
U006,5,2025-10-30,Thursday,5
U007,5,2025-10-30,Thursday,5
U008,5,2025-10-30,Thursday,5
U009,5,2025-10-30,Thursday,5
U010,5,2025-10-30,Thursday,5
U001,5,2025-10-31,Friday,5
U002,5,2025-10-31,Friday,5
U003,5,2025-10-31,Friday,5
U004,5,2025-10-31,Friday,5
U005,5,2025-10-31,Friday,5
U006,5,2025-10-31,Friday,5
U007,5,2025-10-31,Friday,5
U008,5,2025-10-31,Friday,5
U009,5,2025-10-31,Friday,5
U010,5,2025-10-31,Friday,5
U001,5,2025-11-01,Saturday,5
U002,5,2025-11-01,Saturday,5
U003,5,2025-11-01,Saturday,5
U004,5,2025-11-01,Saturday,5
U005,5,2025-11-01,Saturday,5
U006,5,2025-11-01,Saturday,5
U007,5,2025-11-01,Saturday,5
U008,5,2025-11-01,Saturday,5
U009,5,2025-11-01,Saturday,5
U010,5,2025-11-01,Saturday,5
U001,6,2025-11-02,Sunday,6
U002,6,2025-11-02,Sunday,6
U003,6,2025-11-02,Sunday,6
U004,6,2025-11-02,Sunday,6
U005,6,2025-11-02,Sunday,6
U006,6,2025-11-02,Sunday,6
U007,6,2025-11-02,Sunday,6
U008,6,2025-11-02,Sunday,6
U009,6,2025-11-02,Sunday,6
U010,6,2025-11-02,Sunday,6
U001,6,2025-11-03,Monday,6
U002,6,2025-11-03,Monday,6
U003,6,2025-11-03,Monday,6
U004,6,2025-11-03,Monday,6
U005,6,2025-11-03,Monday,6
U006,6,2025-11-03,Monday,6
U007,6,2025-11-03,Monday,6
U008,6,2025-11-03,Monday,6
U009,6,2025-11-03,Monday,6
U010,6,2025-11-03,Monday,6
U001,6,2025-11-04,Tuesday,6
U002,6,2025-11-04,Tuesday,6
U003,6,2025-11-04,Tuesday,6
U004,6,2025-11-04,Tuesday,6
U005,6,2025-11-04,Tuesday,6
U006,6,2025-11-04,Tuesday,6
U007,6,2025-11-04,Tuesday,6
U008,6,2025-11-04,Tuesday,6
U009,6,2025-11-04,Tuesday,6
U010,6,2025-11-04,Tuesday,6
U001,6,2025-11-05,Wednesday,6
U002,6,2025-11-05,Wednesday,6
U003,6,2025-11-05,Wednesday,6
U004,6,2025-11-05,Wednesday,6
U005,6,2025-11-05,Wednesday,6
U006,6,2025-11-05,Wednesday,6
U007,6,2025-11-05,Wednesday,6
U008,6,2025-11-05,Wednesday,6
U009,6,2025-11-05,Wednesday,6
U010,6,2025-11-05,Wednesday,6
U001,6,2025-11-06,Thursday,6
U002,6,2025-11-06,Thursday,6
U003,6,2025-11-06,Thursday,6
U004,6,2025-11-06,Thursday,6
U005,6,2025-11-06,Thursday,6
U006,6,2025-11-06,Thursday,6
U007,6,2025-11-06,Thursday,6
U008,6,2025-11-06,Thursday,6
U009,6,2025-11-06,Thursday,6
U010,6,2025-11-06,Thursday,6
U001,6,2025-11-07,Friday,6
U002,6,2025-11-07,Friday,6
U003,6,2025-11-07,Friday,6
U004,6,2025-11-07,Friday,6
U005,6,2025-11-07,Friday,6
U006,6,2025-11-07,Friday,6
U007,6,2025-11-07,Friday,6
U008,6,2025-11-07,Friday,6
U009,6,2025-11-07,Friday,6
U010,6,2025-11-07,Friday,6
U001,6,2025-11-08,Saturday,6
U002,6,2025-11-08,Saturday,6
U003,6,2025-11-08,Saturday,6
U004,6,2025-11-08,Saturday,6
U005,6,2025-11-08,Saturday,6
U006,6,2025-11-08,Saturday,6
U007,6,2025-11-08,Saturday,6
U008,6,2025-11-08,Saturday,6
U009,6,2025-11-08,Saturday,6
U010,6,2025-11-08,Saturday,6
U001,7,2025-11-09,Sunday,7
U002,7,2025-11-09,Sunday,7
U003,7,2025-11-09,Sunday,7
U004,7,2025-11-09,Sunday,7
U005,7,2025-11-09,Sunday,7
U006,7,2025-11-09,Sunday,7
U007,7,2025-11-09,Sunday,7
U008,7,2025-11-09,Sunday,7
U009,7,2025-11-09,Sunday,7
U010,7,2025-11-09,Sunday,7
U001,7,2025-11-10,Monday,7
U002,7,2025-11-10,Monday,7
U003,7,2025-11-10,Monday,7
U004,7,2025-11-10,Monday,7
U005,7,2025-11-10,Monday,7
U006,7,2025-11-10,Monday,7
U007,7,2025-11-10,Monday,7
U008,7,2025-11-10,Monday,7
U009,7,2025-11-10,Monday,7
U010,7,2025-11-10,Monday,7
U001,7,2025-11-11,Tuesday,7
U002,7,2025-11-11,Tuesday,7
U003,7,2025-11-11,Tuesday,7
U004,7,2025-11-11,Tuesday,7
U005,7,2025-11-11,Tuesday,7
U006,7,2025-11-11,Tuesday,7
U007,7,2025-11-11,Tuesday,7
U008,7,2025-11-11,Tuesday,7
U009,7,2025-11-11,Tuesday,7
U010,7,2025-11-11,Tuesday,7
U001,7,2025-11-12,Wednesday,7
U002,7,2025-11-12,Wednesday,7
U003,7,2025-11-12,Wednesday,7
U004,7,2025-11-12,Wednesday,7
U005,7,2025-11-12,Wednesday,7
U006,7,2025-11-12,Wednesday,7
U007,7,2025-11-12,Wednesday,7
U008,7,2025-11-12,Wednesday,7
U009,7,2025-11-12,Wednesday,7
U010,7,2025-11-12,Wednesday,7
U001,7,2025-11-13,Thursday,7
U002,7,2025-11-13,Thursday,7
U003,7,2025-11-13,Thursday,7
U004,7,2025-11-13,Thursday,7
U005,7,2025-11-13,Thursday,7
U006,7,2025-11-13,Thursday,7
U007,7,2025-11-13,Thursday,7
U008,7,2025-11-13,Thursday,7
U009,7,2025-11-13,Thursday,7
U010,7,2025-11-13,Thursday,7
U001,7,2025-11-14,Friday,7
U002,7,2025-11-14,Friday,7
U003,7,2025-11-14,Friday,7
U004,7,2025-11-14,Friday,7
U005,7,2025-11-14,Friday,7
U006,7,2025-11-14,Friday,7
U007,7,2025-11-14,Friday,7
U008,7,2025-11-14,Friday,7
U009,7,2025-11-14,Friday,7
U010,7,2025-11-14,Friday,7
U001,7,2025-11-15,Saturday,7
U002,7,2025-11-15,Saturday,7
U003,7,2025-11-15,Saturday,7
U004,7,2025-11-15,Saturday,7
U005,7,2025-11-15,Saturday,7
U006,7,2025-11-15,Saturday,7
U007,7,2025-11-15,Saturday,7
U008,7,2025-11-15,Saturday,7
U009,7,2025-11-15,Saturday,7
U010,7,2025-11-15,Saturday,7
U001,8,2025-11-16,Sunday,8
U002,8,2025-11-16,Sunday,8
U003,8,2025-11-16,Sunday,8
U004,8,2025-11-16,Sunday,8
U005,8,2025-11-16,Sunday,8
U006,8,2025-11-16,Sunday,8
U007,8,2025-11-16,Sunday,8
U008,8,2025-11-16,Sunday,8
U009,8,2025-11-16,Sunday,8
U010,8,2025-11-16,Sunday,8
U001,8,2025-11-17,Monday,8
U002,8,2025-11-17,Monday,8
U003,8,2025-11-17,Monday,8
U004,8,2025-11-17,Monday,8
U005,8,2025-11-17,Monday,8
U006,8,2025-11-17,Monday,8
U007,8,2025-11-17,Monday,8
U008,8,2025-11-17,Monday,8
U009,8,2025-11-17,Monday,8
U010,8,2025-11-17,Monday,8
U001,8,2025-11-18,Tuesday,8
U002,8,2025-11-18,Tuesday,8
U003,8,2025-11-18,Tuesday,8
U004,8,2025-11-18,Tuesday,8
U005,8,2025-11-18,Tuesday,8
U006,8,2025-11-18,Tuesday,8
U007,8,2025-11-18,Tuesday,8
U008,8,2025-11-18,Tuesday,8
U009,8,2025-11-18,Tuesday,8
U010,8,2025-11-18,Tuesday,8
U001,8,2025-11-19,Wednesday,8
U002,8,2025-11-19,Wednesday,8
U003,8,2025-11-19,Wednesday,8
U004,8,2025-11-19,Wednesday,8
U005,8,2025-11-19,Wednesday,8
U006,8,2025-11-19,Wednesday,8
U007,8,2025-11-19,Wednesday,8
U008,8,2025-11-19,Wednesday,8
U009,8,2025-11-19,Wednesday,8
U010,8,2025-11-19,Wednesday,8
U001,8,2025-11-20,Thursday,8
U002,8,2025-11-20,Thursday,8
U003,8,2025-11-20,Thursday,8
U004,8,2025-11-20,Thursday,8
U005,8,2025-11-20,Thursday,8
U006,8,2025-11-20,Thursday,8
U007,8,2025-11-20,Thursday,8
U008,8,2025-11-20,Thursday,8
U009,8,2025-11-20,Thursday,8
U010,8,2025-11-20,Thursday,8
U001,8,2025-11-21,Friday,8
U002,8,2025-11-21,Friday,8
U003,8,2025-11-21,Friday,8
U004,8,2025-11-21,Friday,8
U005,8,2025-11-21,Friday,8
U006,8,2025-11-21,Friday,8
U007,8,2025-11-21,Friday,8
U008,8,2025-11-21,Friday,8
U009,8,2025-11-21,Friday,8
U010,8,2025-11-21,Friday,8
U001,8,2025-11-22,Saturday,8
U002,8,2025-11-22,Saturday,8
U003,8,2025-11-22,Saturday,8
U004,8,2025-11-22,Saturday,8
U005,8,2025-11-22,Saturday,8
U006,8,2025-11-22,Saturday,8
U007,8,2025-11-22,Saturday,8
U008,8,2025-11-22,Saturday,8
U009,8,2025-11-22,Saturday,8
U010,8,2025-11-22,Saturday,8
U001,9,2025-11-23,Sunday,9
U002,9,2025-11-23,Sunday,9
U003,9,2025-11-23,Sunday,9
U004,9,2025-11-23,Sunday,9
U005,9,2025-11-23,Sunday,9
U006,9,2025-11-23,Sunday,9
U007,9,2025-11-23,Sunday,9
U008,9,2025-11-23,Sunday,9
U009,9,2025-11-23,Sunday,9
U010,9,2025-11-23,Sunday,9
U001,9,2025-11-24,Monday,9
U002,9,2025-11-24,Monday,9
U003,9,2025-11-24,Monday,9
U004,9,2025-11-24,Monday,9
U005,9,2025-11-24,Monday,9
U006,9,2025-11-24,Monday,9
U007,9,2025-11-24,Monday,9
U008,9,2025-11-24,Monday,9
U009,9,2025-11-24,Monday,9
U010,9,2025-11-24,Monday,9
U001,9,2025-11-25,Tuesday,9
U002,9,2025-11-25,Tuesday,9
U003,9,2025-11-25,Tuesday,9
U004,9,2025-11-25,Tuesday,9
U005,9,2025-11-25,Tuesday,9
U006,9,2025-11-25,Tuesday,9
U007,9,2025-11-25,Tuesday,9
U008,9,2025-11-25,Tuesday,9
U009,9,2025-11-25,Tuesday,9
U010,9,2025-11-25,Tuesday,9
U001,9,2025-11-26,Wednesday,9
U002,9,2025-11-26,Wednesday,9
U003,9,2025-11-26,Wednesday,9
U004,9,2025-11-26,Wednesday,9
U005,9,2025-11-26,Wednesday,9
U006,9,2025-11-26,Wednesday,9
U007,9,2025-11-26,Wednesday,9
U008,9,2025-11-26,Wednesday,9
U009,9,2025-11-26,Wednesday,9
U010,9,2025-11-26,Wednesday,9
U001,9,2025-11-27,Thursday,9
U002,9,2025-11-27,Thursday,9
U003,9,2025-11-27,Thursday,9
U004,9,2025-11-27,Thursday,9
U005,9,2025-11-27,Thursday,9
U006,9,2025-11-27,Thursday,9
U007,9,2025-11-27,Thursday,9
U008,9,2025-11-27,Thursday,9
U009,9,2025-11-27,Thursday,9
U010,9,2025-11-27,Thursday,9
U001,9,2025-11-28,Friday,9
U002,9,2025-11-28,Friday,9
U003,9,2025-11-28,Friday,9
U004,9,2025-11-28,Friday,9
U005,9,2025-11-28,Friday,9
U006,9,2025-11-28,Friday,9
U007,9,2025-11-28,Friday,9
U008,9,2025-11-28,Friday,9
U009,9,2025-11-28,Friday,9
U010,9,2025-11-28,Friday,9
U001,9,2025-11-29,Saturday,9
U002,9,2025-11-29,Saturday,9
U003,9,2025-11-29,Saturday,9
U004,9,2025-11-29,Saturday,9
U005,9,2025-11-29,Saturday,9
U006,9,2025-11-29,Saturday,9
U007,9,2025-11-29,Saturday,9
U008,9,2025-11-29,Saturday,9
U009,9,2025-11-29,Saturday,9
U010,9,2025-11-29,Saturday,9
U001,10,2025-11-30,Sunday,10
U002,10,2025-11-30,Sunday,10
U003,10,2025-11-30,Sunday,10
U004,10,2025-11-30,Sunday,10
U005,10,2025-11-30,Sunday,10
U006,10,2025-11-30,Sunday,10
U007,10,2025-11-30,Sunday,10
U008,10,2025-11-30,Sunday,10
U009,10,2025-11-30,Sunday,10
U010,10,2025-11-30,Sunday,10
U001,10,2025-12-01,Monday,10
U002,10,2025-12-01,Monday,10
U003,10,2025-12-01,Monday,10
U004,10,2025-12-01,Monday,10
U005,10,2025-12-01,Monday,10
U006,10,2025-12-01,Monday,10
U007,10,2025-12-01,Monday,10
U008,10,2025-12-01,Monday,10
U009,10,2025-12-01,Monday,10
U010,10,2025-12-01,Monday,10
U001,10,2025-12-02,Tuesday,10
U002,10,2025-12-02,Tuesday,10
U003,10,2025-12-02,Tuesday,10
U004,10,2025-12-02,Tuesday,10
U005,10,2025-12-02,Tuesday,10
U006,10,2025-12-02,Tuesday,10
U007,10,2025-12-02,Tuesday,10
U008,10,2025-12-02,Tuesday,10
U009,10,2025-12-02,Tuesday,10
U010,10,2025-12-02,Tuesday,10
U001,10,2025-12-03,Wednesday,10
U002,10,2025-12-03,Wednesday,10
U003,10,2025-12-03,Wednesday,10
U004,10,2025-12-03,Wednesday,10
U005,10,2025-12-03,Wednesday,10
U006,10,2025-12-03,Wednesday,10
U007,10,2025-12-03,Wednesday,10
U008,10,2025-12-03,Wednesday,10
U009,10,2025-12-03,Wednesday,10
U010,10,2025-12-03,Wednesday,10
U001,10,2025-12-04,Thursday,10
U002,10,2025-12-04,Thursday,10
U003,10,2025-12-04,Thursday,10
U004,10,2025-12-04,Thursday,10
U005,10,2025-12-04,Thursday,10
U006,10,2025-12-04,Thursday,10
U007,10,2025-12-04,Thursday,10
U008,10,2025-12-04,Thursday,10
U009,10,2025-12-04,Thursday,10
U010,10,2025-12-04,Thursday,10
U001,10,2025-12-05,Friday,10
U002,10,2025-12-05,Friday,10
U003,10,2025-12-05,Friday,10
U004,10,2025-12-05,Friday,10
U005,10,2025-12-05,Friday,10
U006,10,2025-12-05,Friday,10
U007,10,2025-12-05,Friday,10
U008,10,2025-12-05,Friday,10
U009,10,2025-12-05,Friday,10
U010,10,2025-12-05,Friday,10
U001,10,2025-12-06,Saturday,10
U002,10,2025-12-06,Saturday,10
U003,10,2025-12-06,Saturday,10
U004,10,2025-12-06,Saturday,10
U005,10,2025-12-06,Saturday,10
U006,10,2025-12-06,Saturday,10
U007,10,2025-12-06,Saturday,10
U008,10,2025-12-06,Saturday,10
U009,10,2025-12-06,Saturday,10
U010,10,2025-12-06,Saturday,10
U001,11,2025-12-07,Sunday,11
U002,11,2025-12-07,Sunday,11
U003,11,2025-12-07,Sunday,11
U004,11,2025-12-07,Sunday,11
U005,11,2025-12-07,Sunday,11
U006,11,2025-12-07,Sunday,11
U007,11,2025-12-07,Sunday,11
U008,11,2025-12-07,Sunday,11
U009,11,2025-12-07,Sunday,11
U010,11,2025-12-07,Sunday,11
U001,11,2025-12-08,Monday,11
U002,11,2025-12-08,Monday,11
U003,11,2025-12-08,Monday,11
U004,11,2025-12-08,Monday,11
U005,11,2025-12-08,Monday,11
U006,11,2025-12-08,Monday,11
U007,11,2025-12-08,Monday,11
U008,11,2025-12-08,Monday,11
U009,11,2025-12-08,Monday,11
U010,11,2025-12-08,Monday,11
U001,11,2025-12-09,Tuesday,11
U002,11,2025-12-09,Tuesday,11
U003,11,2025-12-09,Tuesday,11
U004,11,2025-12-09,Tuesday,11
U005,11,2025-12-09,Tuesday,11
U006,11,2025-12-09,Tuesday,11
U007,11,2025-12-09,Tuesday,11
U008,11,2025-12-09,Tuesday,11
U009,11,2025-12-09,Tuesday,11
U010,11,2025-12-09,Tuesday,11
U001,11,2025-12-10,Wednesday,11
U002,11,2025-12-10,Wednesday,11
U003,11,2025-12-10,Wednesday,11
U004,11,2025-12-10,Wednesday,11
U005,11,2025-12-10,Wednesday,11
U006,11,2025-12-10,Wednesday,11
U007,11,2025-12-10,Wednesday,11
U008,11,2025-12-10,Wednesday,11
U009,11,2025-12-10,Wednesday,11
U010,11,2025-12-10,Wednesday,11
U001,11,2025-12-11,Thursday,11
U002,11,2025-12-11,Thursday,11
U003,11,2025-12-11,Thursday,11
U004,11,2025-12-11,Thursday,11
U005,11,2025-12-11,Thursday,11
U006,11,2025-12-11,Thursday,11
U007,11,2025-12-11,Thursday,11
U008,11,2025-12-11,Thursday,11
U009,11,2025-12-11,Thursday,11
U010,11,2025-12-11,Thursday,11
U001,11,2025-12-12,Friday,11
U002,11,2025-12-12,Friday,11
U003,11,2025-12-12,Friday,11
U004,11,2025-12-12,Friday,11
U005,11,2025-12-12,Friday,11
U006,11,2025-12-12,Friday,11
U007,11,2025-12-12,Friday,11
U008,11,2025-12-12,Friday,11
U009,11,2025-12-12,Friday,11
U010,11,2025-12-12,Friday,11
U001,11,2025-12-13,Saturday,11
U002,11,2025-12-13,Saturday,11
U003,11,2025-12-13,Saturday,11
U004,11,2025-12-13,Saturday,11
U005,11,2025-12-13,Saturday,11
U006,11,2025-12-13,Saturday,11
U007,11,2025-12-13,Saturday,11
U008,11,2025-12-13,Saturday,11
U009,11,2025-12-13,Saturday,11
U010,11,2025-12-13,Saturday,11
U001,12,2025-12-14,Sunday,12
U002,12,2025-12-14,Sunday,12
U003,12,2025-12-14,Sunday,12
U004,12,2025-12-14,Sunday,12
U005,12,2025-12-14,Sunday,12
U006,12,2025-12-14,Sunday,12
U007,12,2025-12-14,Sunday,12
U008,12,2025-12-14,Sunday,12
U009,12,2025-12-14,Sunday,12
U010,12,2025-12-14,Sunday,12
U001,12,2025-12-15,Monday,12
U002,12,2025-12-15,Monday,12
U003,12,2025-12-15,Monday,12
U004,12,2025-12-15,Monday,12
U005,12,2025-12-15,Monday,12
U006,12,2025-12-15,Monday,12
U007,12,2025-12-15,Monday,12
U008,12,2025-12-15,Monday,12
U009,12,2025-12-15,Monday,12
U010,12,2025-12-15,Monday,12
U001,12,2025-12-16,Tuesday,12
U002,12,2025-12-16,Tuesday,12
U003,12,2025-12-16,Tuesday,12
U004,12,2025-12-16,Tuesday,12
U005,12,2025-12-16,Tuesday,12
U006,12,2025-12-16,Tuesday,12
U007,12,2025-12-16,Tuesday,12
U008,12,2025-12-16,Tuesday,12
U009,12,2025-12-16,Tuesday,12
U010,12,2025-12-16,Tuesday,12
U001,12,2025-12-17,Wednesday,12
U002,12,2025-12-17,Wednesday,12
U003,12,2025-12-17,Wednesday,12
U004,12,2025-12-17,Wednesday,12
U005,12,2025-12-17,Wednesday,12
U006,12,2025-12-17,Wednesday,12
U007,12,2025-12-17,Wednesday,12
U008,12,2025-12-17,Wednesday,12
U009,12,2025-12-17,Wednesday,12
U010,12,2025-12-17,Wednesday,12
U001,12,2025-12-18,Thursday,12
U002,12,2025-12-18,Thursday,12
U003,12,2025-12-18,Thursday,12
U004,12,2025-12-18,Thursday,12
U005,12,2025-12-18,Thursday,12
U006,12,2025-12-18,Thursday,12
U007,12,2025-12-18,Thursday,12
U008,12,2025-12-18,Thursday,12
U009,12,2025-12-18,Thursday,12
U010,12,2025-12-18,Thursday,12
U001,12,2025-12-19,Friday,12
U002,12,2025-12-19,Friday,12
U003,12,2025-12-19,Friday,12
U004,12,2025-12-19,Friday,12
U005,12,2025-12-19,Friday,12
U006,12,2025-12-19,Friday,12
U007,12,2025-12-19,Friday,12
U008,12,2025-12-19,Friday,12
U009,12,2025-12-19,Friday,12
U010,12,2025-12-19,Friday,12
U001,12,2025-12-20,Saturday,12
U002,12,2025-12-20,Saturday,12
U003,12,2025-12-20,Saturday,12
U004,12,2025-12-20,Saturday,12
U005,12,2025-12-20,Saturday,12
U006,12,2025-12-20,Saturday,12
U007,12,2025-12-20,Saturday,12
U008,12,2025-12-20,Saturday,12
U009,12,2025-12-20,Saturday,12
U010,12,2025-12-20,Saturday,12
U001,13,2025-12-21,Sunday,13
U002,13,2025-12-21,Sunday,13
U003,13,2025-12-21,Sunday,13
U004,13,2025-12-21,Sunday,13
U005,13,2025-12-21,Sunday,13
U006,13,2025-12-21,Sunday,13
U007,13,2025-12-21,Sunday,13
U008,13,2025-12-21,Sunday,13
U009,13,2025-12-21,Sunday,13
U010,13,2025-12-21,Sunday,13
U001,13,2025-12-22,Monday,13
U002,13,2025-12-22,Monday,13
U003,13,2025-12-22,Monday,13
U004,13,2025-12-22,Monday,13
U005,13,2025-12-22,Monday,13
U006,13,2025-12-22,Monday,13
U007,13,2025-12-22,Monday,13
U008,13,2025-12-22,Monday,13
U009,13,2025-12-22,Monday,13
U010,13,2025-12-22,Monday,13
U001,13,2025-12-23,Tuesday,13
U002,13,2025-12-23,Tuesday,13
U003,13,2025-12-23,Tuesday,13
U004,13,2025-12-23,Tuesday,13
U005,13,2025-12-23,Tuesday,13
U006,13,2025-12-23,Tuesday,13
U007,13,2025-12-23,Tuesday,13
U008,13,2025-12-23,Tuesday,13
U009,13,2025-12-23,Tuesday,13
U010,13,2025-12-23,Tuesday,13
U001,13,2025-12-24,Wednesday,13
U002,13,2025-12-24,Wednesday,13
U003,13,2025-12-24,Wednesday,13
U004,13,2025-12-24,Wednesday,13
U005,13,2025-12-24,Wednesday,13
U006,13,2025-12-24,Wednesday,13
U007,13,2025-12-24,Wednesday,13
U008,13,2025-12-24,Wednesday,13
U009,13,2025-12-24,Wednesday,13
U010,13,2025-12-24,Wednesday,13
U001,13,2025-12-25,Thursday,13
U002,13,2025-12-25,Thursday,13
U003,13,2025-12-25,Thursday,13
U004,13,2025-12-25,Thursday,13
U005,13,2025-12-25,Thursday,13
U006,13,2025-12-25,Thursday,13
U007,13,2025-12-25,Thursday,13
U008,13,2025-12-25,Thursday,13
U009,13,2025-12-25,Thursday,13
U010,13,2025-12-25,Thursday,13
U001,13,2025-12-26,Friday,13
U002,13,2025-12-26,Friday,13
U003,13,2025-12-26,Friday,13
U004,13,2025-12-26,Friday,13
U005,13,2025-12-26,Friday,13
U006,13,2025-12-26,Friday,13
U007,13,2025-12-26,Friday,13
U008,13,2025-12-26,Friday,13
U009,13,2025-12-26,Friday,13
U010,13,2025-12-26,Friday,13
U001,13,2025-12-27,Saturday,13
U002,13,2025-12-27,Saturday,13
U003,13,2025-12-27,Saturday,13
U004,13,2025-12-27,Saturday,13
U005,13,2025-12-27,Saturday,13
U006,13,2025-12-27,Saturday,13
U007,13,2025-12-27,Saturday,13
U008,13,2025-12-27,Saturday,13
U009,13,2025-12-27,Saturday,13
U010,13,2025-12-27,Saturday,13
U001,14,2025-12-28,Sunday,14
U002,14,2025-12-28,Sunday,14
U003,14,2025-12-28,Sunday,14
U004,14,2025-12-28,Sunday,14
U005,14,2025-12-28,Sunday,14
U006,14,2025-12-28,Sunday,14
U007,14,2025-12-28,Sunday,14
U008,14,2025-12-28,Sunday,14
U009,14,2025-12-28,Sunday,14
U010,14,2025-12-28,Sunday,14
U001,14,2025-12-29,Monday,14
U002,14,2025-12-29,Monday,14
U003,14,2025-12-29,Monday,14
U004,14,2025-12-29,Monday,14
U005,14,2025-12-29,Monday,14
U006,14,2025-12-29,Monday,14
U007,14,2025-12-29,Monday,14
U008,14,2025-12-29,Monday,14
U009,14,2025-12-29,Monday,14
U010,14,2025-12-29,Monday,14
U001,14,2025-12-30,Tuesday,14
U002,14,2025-12-30,Tuesday,14
U003,14,2025-12-30,Tuesday,14
U004,14,2025-12-30,Tuesday,14
U005,14,2025-12-30,Tuesday,14
U006,14,2025-12-30,Tuesday,14
U007,14,2025-12-30,Tuesday,14
U008,14,2025-12-30,Tuesday,14
U009,14,2025-12-30,Tuesday,14
U010,14,2025-12-30,Tuesday,14
U001,14,2025-12-31,Wednesday,14
U002,14,2025-12-31,Wednesday,14
U003,14,2025-12-31,Wednesday,14
U004,14,2025-12-31,Wednesday,14
U005,14,2025-12-31,Wednesday,14
U006,14,2025-12-31,Wednesday,14
U007,14,2025-12-31,Wednesday,14
U008,14,2025-12-31,Wednesday,14
U009,14,2025-12-31,Wednesday,14
U010,14,2025-12-31,Wednesday,14
U001,14,2026-01-01,Thursday,14
U002,14,2026-01-01,Thursday,14
U003,14,2026-01-01,Thursday,14
U004,14,2026-01-01,Thursday,14
U005,14,2026-01-01,Thursday,14
U006,14,2026-01-01,Thursday,14
U007,14,2026-01-01,Thursday,14
U008,14,2026-01-01,Thursday,14
U009,14,2026-01-01,Thursday,14
U010,14,2026-01-01,Thursday,14
U001,14,2026-01-02,Friday,14
U002,14,2026-01-02,Friday,14
U003,14,2026-01-02,Friday,14
U004,14,2026-01-02,Friday,14
U005,14,2026-01-02,Friday,14
U006,14,2026-01-02,Friday,14
U007,14,2026-01-02,Friday,14
U008,14,2026-01-02,Friday,14
U009,14,2026-01-02,Friday,14
U010,14,2026-01-02,Friday,14
U001,14,2026-01-03,Saturday,14
U002,14,2026-01-03,Saturday,14
U003,14,2026-01-03,Saturday,14
U004,14,2026-01-03,Saturday,14
U005,14,2026-01-03,Saturday,14
U006,14,2026-01-03,Saturday,14
U007,14,2026-01-03,Saturday,14
U008,14,2026-01-03,Saturday,14
U009,14,2026-01-03,Saturday,14
U010,14,2026-01-03,Saturday,14
U001,15,2026-01-04,Sunday,15
U002,15,2026-01-04,Sunday,15
U003,15,2026-01-04,Sunday,15
U004,15,2026-01-04,Sunday,15
U005,15,2026-01-04,Sunday,15
U006,15,2026-01-04,Sunday,15
U007,15,2026-01-04,Sunday,15
U008,15,2026-01-04,Sunday,15
U009,15,2026-01-04,Sunday,15
U010,15,2026-01-04,Sunday,15
U001,1,2026-01-05,Monday,1
U002,1,2026-01-05,Monday,1
U003,1,2026-01-05,Monday,1
U004,1,2026-01-05,Monday,1
U005,1,2026-01-05,Monday,1
U006,1,2026-01-05,Monday,1
U007,1,2026-01-05,Monday,1
U008,1,2026-01-05,Monday,1
U009,1,2026-01-05,Monday,1
U010,1,2026-01-05,Monday,1
U001,1,2026-01-06,Tuesday,1
U002,1,2026-01-06,Tuesday,1
U003,1,2026-01-06,Tuesday,1
U004,1,2026-01-06,Tuesday,1
U005,1,2026-01-06,Tuesday,1
U006,1,2026-01-06,Tuesday,1
U007,1,2026-01-06,Tuesday,1
U008,1,2026-01-06,Tuesday,1
U009,1,2026-01-06,Tuesday,1
U010,1,2026-01-06,Tuesday,1
U001,1,2026-01-07,Wednesday,1
U002,1,2026-01-07,Wednesday,1
U003,1,2026-01-07,Wednesday,1
U004,1,2026-01-07,Wednesday,1
U005,1,2026-01-07,Wednesday,1
U006,1,2026-01-07,Wednesday,1
U007,1,2026-01-07,Wednesday,1
U008,1,2026-01-07,Wednesday,1
U009,1,2026-01-07,Wednesday,1
U010,1,2026-01-07,Wednesday,1
U001,1,2026-01-08,Thursday,1
U002,1,2026-01-08,Thursday,1
U003,1,2026-01-08,Thursday,1
U004,1,2026-01-08,Thursday,1
U005,1,2026-01-08,Thursday,1
U006,1,2026-01-08,Thursday,1
U007,1,2026-01-08,Thursday,1
U008,1,2026-01-08,Thursday,1
U009,1,2026-01-08,Thursday,1
U010,1,2026-01-08,Thursday,1
U001,1,2026-01-09,Friday,1
U002,1,2026-01-09,Friday,1
U003,1,2026-01-09,Friday,1
U004,1,2026-01-09,Friday,1
U005,1,2026-01-09,Friday,1
U006,1,2026-01-09,Friday,1
U007,1,2026-01-09,Friday,1
U008,1,2026-01-09,Friday,1
U009,1,2026-01-09,Friday,1
U010,1,2026-01-09,Friday,1
U001,1,2026-01-10,Saturday,1
U002,1,2026-01-10,Saturday,1
U003,1,2026-01-10,Saturday,1
U004,1,2026-01-10,Saturday,1
U005,1,2026-01-10,Saturday,1
U006,1,2026-01-10,Saturday,1
U007,1,2026-01-10,Saturday,1
U008,1,2026-01-10,Saturday,1
U009,1,2026-01-10,Saturday,1
U010,1,2026-01-10,Saturday,1
U001,1,2026-01-11,Sunday,1
U002,1,2026-01-11,Sunday,1
U003,1,2026-01-11,Sunday,1
U004,1,2026-01-11,Sunday,1
U005,1,2026-01-11,Sunday,1
U006,1,2026-01-11,Sunday,1
U007,1,2026-01-11,Sunday,1
U008,1,2026-01-11,Sunday,1
U009,1,2026-01-11,Sunday,1
U010,1,2026-01-11,Sunday,1
U001,2,2026-01-12,Monday,2
U002,2,2026-01-12,Monday,2
U003,2,2026-01-12,Monday,2
U004,2,2026-01-12,Monday,2
U005,2,2026-01-12,Monday,2
U006,2,2026-01-12,Monday,2
U007,2,2026-01-12,Monday,2
U008,2,2026-01-12,Monday,2
U009,2,2026-01-12,Monday,2
U010,2,2026-01-12,Monday,2
U001,2,2026-01-13,Tuesday,2
U002,2,2026-01-13,Tuesday,2
U003,2,2026-01-13,Tuesday,2
U004,2,2026-01-13,Tuesday,2
U005,2,2026-01-13,Tuesday,2
U006,2,2026-01-13,Tuesday,2
U007,2,2026-01-13,Tuesday,2
U008,2,2026-01-13,Tuesday,2
U009,2,2026-01-13,Tuesday,2
U010,2,2026-01-13,Tuesday,2
U001,2,2026-01-14,Wednesday,2
U002,2,2026-01-14,Wednesday,2
U003,2,2026-01-14,Wednesday,2
U004,2,2026-01-14,Wednesday,2
U005,2,2026-01-14,Wednesday,2
U006,2,2026-01-14,Wednesday,2
U007,2,2026-01-14,Wednesday,2
U008,2,2026-01-14,Wednesday,2
U009,2,2026-01-14,Wednesday,2
U010,2,2026-01-14,Wednesday,2
U001,2,2026-01-15,Thursday,2
U002,2,2026-01-15,Thursday,2
U003,2,2026-01-15,Thursday,2
U004,2,2026-01-15,Thursday,2
U005,2,2026-01-15,Thursday,2
U006,2,2026-01-15,Thursday,2
U007,2,2026-01-15,Thursday,2
U008,2,2026-01-15,Thursday,2
U009,2,2026-01-15,Thursday,2
U010,2,2026-01-15,Thursday,2
U001,2,2026-01-16,Friday,2
U002,2,2026-01-16,Friday,2
U003,2,2026-01-16,Friday,2
U004,2,2026-01-16,Friday,2
U005,2,2026-01-16,Friday,2
U006,2,2026-01-16,Friday,2
U007,2,2026-01-16,Friday,2
U008,2,2026-01-16,Friday,2
U009,2,2026-01-16,Friday,2
U010,2,2026-01-16,Friday,2
U001,2,2026-01-17,Saturday,2
U002,2,2026-01-17,Saturday,2
U003,2,2026-01-17,Saturday,2
U004,2,2026-01-17,Saturday,2
U005,2,2026-01-17,Saturday,2
U006,2,2026-01-17,Saturday,2
U007,2,2026-01-17,Saturday,2
U008,2,2026-01-17,Saturday,2
U009,2,2026-01-17,Saturday,2
U010,2,2026-01-17,Saturday,2
U001,2,2026-01-18,Sunday,2
U002,2,2026-01-18,Sunday,2
U003,2,2026-01-18,Sunday,2
U004,2,2026-01-18,Sunday,2
U005,2,2026-01-18,Sunday,2
U006,2,2026-01-18,Sunday,2
U007,2,2026-01-18,Sunday,2
U008,2,2026-01-18,Sunday,2
U009,2,2026-01-18,Sunday,2
U010,2,2026-01-18,Sunday,2
U001,3,2026-01-19,Monday,3
U002,3,2026-01-19,Monday,3
U003,3,2026-01-19,Monday,3
U004,3,2026-01-19,Monday,3
U005,3,2026-01-19,Monday,3
U006,3,2026-01-19,Monday,3
U007,3,2026-01-19,Monday,3
U008,3,2026-01-19,Monday,3
U009,3,2026-01-19,Monday,3
U010,3,2026-01-19,Monday,3
U001,3,2026-01-20,Tuesday,3
U002,3,2026-01-20,Tuesday,3
U003,3,2026-01-20,Tuesday,3
U004,3,2026-01-20,Tuesday,3
U005,3,2026-01-20,Tuesday,3
U006,3,2026-01-20,Tuesday,3
U007,3,2026-01-20,Tuesday,3
U008,3,2026-01-20,Tuesday,3
U009,3,2026-01-20,Tuesday,3
U010,3,2026-01-20,Tuesday,3
U001,3,2026-01-21,Wednesday,3
U002,3,2026-01-21,Wednesday,3
U003,3,2026-01-21,Wednesday,3
U004,3,2026-01-21,Wednesday,3
U005,3,2026-01-21,Wednesday,3
U006,3,2026-01-21,Wednesday,3
U007,3,2026-01-21,Wednesday,3
U008,3,2026-01-21,Wednesday,3
U009,3,2026-01-21,Wednesday,3
U010,3,2026-01-21,Wednesday,3
U001,3,2026-01-22,Thursday,3
U002,3,2026-01-22,Thursday,3
U003,3,2026-01-22,Thursday,3
U004,3,2026-01-22,Thursday,3
U005,3,2026-01-22,Thursday,3
U006,3,2026-01-22,Thursday,3
U007,3,2026-01-22,Thursday,3
U008,3,2026-01-22,Thursday,3
U009,3,2026-01-22,Thursday,3
U010,3,2026-01-22,Thursday,3
U001,3,2026-01-23,Friday,3
U002,3,2026-01-23,Friday,3
U003,3,2026-01-23,Friday,3
U004,3,2026-01-23,Friday,3
U005,3,2026-01-23,Friday,3
U006,3,2026-01-23,Friday,3
U007,3,2026-01-23,Friday,3
U008,3,2026-01-23,Friday,3
U009,3,2026-01-23,Friday,3
U010,3,2026-01-23,Friday,3
U001,3,2026-01-24,Saturday,3
U002,3,2026-01-24,Saturday,3
U003,3,2026-01-24,Saturday,3
U004,3,2026-01-24,Saturday,3
U005,3,2026-01-24,Saturday,3
U006,3,2026-01-24,Saturday,3
U007,3,2026-01-24,Saturday,3
U008,3,2026-01-24,Saturday,3
U009,3,2026-01-24,Saturday,3
U010,3,2026-01-24,Saturday,3
U001,3,2026-01-25,Sunday,3
U002,3,2026-01-25,Sunday,3
U003,3,2026-01-25,Sunday,3
U004,3,2026-01-25,Sunday,3
U005,3,2026-01-25,Sunday,3
U006,3,2026-01-25,Sunday,3
U007,3,2026-01-25,Sunday,3
U008,3,2026-01-25,Sunday,3
U009,3,2026-01-25,Sunday,3
U010,3,2026-01-25,Sunday,3
U001,4,2026-01-26,Monday,4
U002,4,2026-01-26,Monday,4
U003,4,2026-01-26,Monday,4
U004,4,2026-01-26,Monday,4
U005,4,2026-01-26,Monday,4
U006,4,2026-01-26,Monday,4
U007,4,2026-01-26,Monday,4
U008,4,2026-01-26,Monday,4
U009,4,2026-01-26,Monday,4
U010,4,2026-01-26,Monday,4
U001,4,2026-01-27,Tuesday,4
U002,4,2026-01-27,Tuesday,4
U003,4,2026-01-27,Tuesday,4
U004,4,2026-01-27,Tuesday,4
U005,4,2026-01-27,Tuesday,4
U006,4,2026-01-27,Tuesday,4
U007,4,2026-01-27,Tuesday,4
U008,4,2026-01-27,Tuesday,4
U009,4,2026-01-27,Tuesday,4
U010,4,2026-01-27,Tuesday,4
U001,4,2026-01-28,Wednesday,4
U002,4,2026-01-28,Wednesday,4
U003,4,2026-01-28,Wednesday,4
U004,4,2026-01-28,Wednesday,4
U005,4,2026-01-28,Wednesday,4
U006,4,2026-01-28,Wednesday,4
U007,4,2026-01-28,Wednesday,4
U008,4,2026-01-28,Wednesday,4
U009,4,2026-01-28,Wednesday,4
U010,4,2026-01-28,Wednesday,4
U001,4,2026-01-29,Thursday,4
U002,4,2026-01-29,Thursday,4
U003,4,2026-01-29,Thursday,4
U004,4,2026-01-29,Thursday,4
U005,4,2026-01-29,Thursday,4
U006,4,2026-01-29,Thursday,4
U007,4,2026-01-29,Thursday,4
U008,4,2026-01-29,Thursday,4
U009,4,2026-01-29,Thursday,4
U010,4,2026-01-29,Thursday,4
U001,4,2026-01-30,Friday,4
U002,4,2026-01-30,Friday,4
U003,4,2026-01-30,Friday,4
U004,4,2026-01-30,Friday,4
U005,4,2026-01-30,Friday,4
U006,4,2026-01-30,Friday,4
U007,4,2026-01-30,Friday,4
U008,4,2026-01-30,Friday,4
U009,4,2026-01-30,Friday,4
U010,4,2026-01-30,Friday,4
U001,4,2026-01-31,Saturday,4
U002,4,2026-01-31,Saturday,4
U003,4,2026-01-31,Saturday,4
U004,4,2026-01-31,Saturday,4
U005,4,2026-01-31,Saturday,4
U006,4,2026-01-31,Saturday,4
U007,4,2026-01-31,Saturday,4
U008,4,2026-01-31,Saturday,4
U009,4,2026-01-31,Saturday,4
U010,4,2026-01-31,Saturday,4
U001,4,2026-02-01,Sunday,4
U002,4,2026-02-01,Sunday,4
U003,4,2026-02-01,Sunday,4
U004,4,2026-02-01,Sunday,4
U005,4,2026-02-01,Sunday,4
U006,4,2026-02-01,Sunday,4
U007,4,2026-02-01,Sunday,4
U008,4,2026-02-01,Sunday,4
U009,4,2026-02-01,Sunday,4
U010,4,2026-02-01,Sunday,4
U001,5,2026-02-02,Monday,5
U002,5,2026-02-02,Monday,5
U003,5,2026-02-02,Monday,5
U004,5,2026-02-02,Monday,5
U005,5,2026-02-02,Monday,5
U006,5,2026-02-02,Monday,5
U007,5,2026-02-02,Monday,5
U008,5,2026-02-02,Monday,5
U009,5,2026-02-02,Monday,5
U010,5,2026-02-02,Monday,5
U001,5,2026-02-03,Tuesday,5
U002,5,2026-02-03,Tuesday,5
U003,5,2026-02-03,Tuesday,5
U004,5,2026-02-03,Tuesday,5
U005,5,2026-02-03,Tuesday,5
U006,5,2026-02-03,Tuesday,5
U007,5,2026-02-03,Tuesday,5
U008,5,2026-02-03,Tuesday,5
U009,5,2026-02-03,Tuesday,5
U010,5,2026-02-03,Tuesday,5
U001,5,2026-02-04,Wednesday,5
U002,5,2026-02-04,Wednesday,5
U003,5,2026-02-04,Wednesday,5
U004,5,2026-02-04,Wednesday,5
U005,5,2026-02-04,Wednesday,5
U006,5,2026-02-04,Wednesday,5
U007,5,2026-02-04,Wednesday,5
U008,5,2026-02-04,Wednesday,5
U009,5,2026-02-04,Wednesday,5
U010,5,2026-02-04,Wednesday,5
U001,5,2026-02-05,Thursday,5
U002,5,2026-02-05,Thursday,5
U003,5,2026-02-05,Thursday,5
U004,5,2026-02-05,Thursday,5
U005,5,2026-02-05,Thursday,5
U006,5,2026-02-05,Thursday,5
U007,5,2026-02-05,Thursday,5
U008,5,2026-02-05,Thursday,5
U009,5,2026-02-05,Thursday,5
U010,5,2026-02-05,Thursday,5
U001,5,2026-02-06,Friday,5
U002,5,2026-02-06,Friday,5
U003,5,2026-02-06,Friday,5
U004,5,2026-02-06,Friday,5
U005,5,2026-02-06,Friday,5
U006,5,2026-02-06,Friday,5
U007,5,2026-02-06,Friday,5
U008,5,2026-02-06,Friday,5
U009,5,2026-02-06,Friday,5
U010,5,2026-02-06,Friday,5
U001,5,2026-02-07,Saturday,5
U002,5,2026-02-07,Saturday,5
U003,5,2026-02-07,Saturday,5
U004,5,2026-02-07,Saturday,5
U005,5,2026-02-07,Saturday,5
U006,5,2026-02-07,Saturday,5
U007,5,2026-02-07,Saturday,5
U008,5,2026-02-07,Saturday,5
U009,5,2026-02-07,Saturday,5
U010,5,2026-02-07,Saturday,5
U001,5,2026-02-08,Sunday,5
U002,5,2026-02-08,Sunday,5
U003,5,2026-02-08,Sunday,5
U004,5,2026-02-08,Sunday,5
U005,5,2026-02-08,Sunday,5
U006,5,2026-02-08,Sunday,5
U007,5,2026-02-08,Sunday,5
U008,5,2026-02-08,Sunday,5
U009,5,2026-02-08,Sunday,5
U010,5,2026-02-08,Sunday,5
U001,6,2026-02-09,Monday,6
U002,6,2026-02-09,Monday,6
U003,6,2026-02-09,Monday,6
U004,6,2026-02-09,Monday,6
U005,6,2026-02-09,Monday,6
U006,6,2026-02-09,Monday,6
U007,6,2026-02-09,Monday,6
U008,6,2026-02-09,Monday,6
U009,6,2026-02-09,Monday,6
U010,6,2026-02-09,Monday,6
U001,6,2026-02-10,Tuesday,6
U002,6,2026-02-10,Tuesday,6
U003,6,2026-02-10,Tuesday,6
U004,6,2026-02-10,Tuesday,6
U005,6,2026-02-10,Tuesday,6
U006,6,2026-02-10,Tuesday,6
U007,6,2026-02-10,Tuesday,6
U008,6,2026-02-10,Tuesday,6
U009,6,2026-02-10,Tuesday,6
U010,6,2026-02-10,Tuesday,6
U001,6,2026-02-11,Wednesday,6
U002,6,2026-02-11,Wednesday,6
U003,6,2026-02-11,Wednesday,6
U004,6,2026-02-11,Wednesday,6
U005,6,2026-02-11,Wednesday,6
U006,6,2026-02-11,Wednesday,6
U007,6,2026-02-11,Wednesday,6
U008,6,2026-02-11,Wednesday,6
U009,6,2026-02-11,Wednesday,6
U010,6,2026-02-11,Wednesday,6
U001,6,2026-02-12,Thursday,6
U002,6,2026-02-12,Thursday,6
U003,6,2026-02-12,Thursday,6
U004,6,2026-02-12,Thursday,6
U005,6,2026-02-12,Thursday,6
U006,6,2026-02-12,Thursday,6
U007,6,2026-02-12,Thursday,6
U008,6,2026-02-12,Thursday,6
U009,6,2026-02-12,Thursday,6
U010,6,2026-02-12,Thursday,6
U001,6,2026-02-13,Friday,6
U002,6,2026-02-13,Friday,6
U003,6,2026-02-13,Friday,6
U004,6,2026-02-13,Friday,6
U005,6,2026-02-13,Friday,6
U006,6,2026-02-13,Friday,6
U007,6,2026-02-13,Friday,6
U008,6,2026-02-13,Friday,6
U009,6,2026-02-13,Friday,6
U010,6,2026-02-13,Friday,6
U001,6,2026-02-14,Saturday,6
U002,6,2026-02-14,Saturday,6
U003,6,2026-02-14,Saturday,6
U004,6,2026-02-14,Saturday,6
U005,6,2026-02-14,Saturday,6
U006,6,2026-02-14,Saturday,6
U007,6,2026-02-14,Saturday,6
U008,6,2026-02-14,Saturday,6
U009,6,2026-02-14,Saturday,6
U010,6,2026-02-14,Saturday,6
U001,6,2026-02-15,Sunday,6
U002,6,2026-02-15,Sunday,6
U003,6,2026-02-15,Sunday,6
U004,6,2026-02-15,Sunday,6
U005,6,2026-02-15,Sunday,6
U006,6,2026-02-15,Sunday,6
U007,6,2026-02-15,Sunday,6
U008,6,2026-02-15,Sunday,6
U009,6,2026-02-15,Sunday,6
U010,6,2026-02-15,Sunday,6
U001,7,2026-02-16,Monday,7
U002,7,2026-02-16,Monday,7
U003,7,2026-02-16,Monday,7
U004,7,2026-02-16,Monday,7
U005,7,2026-02-16,Monday,7
U006,7,2026-02-16,Monday,7
U007,7,2026-02-16,Monday,7
U008,7,2026-02-16,Monday,7
U009,7,2026-02-16,Monday,7
U010,7,2026-02-16,Monday,7
U001,7,2026-02-17,Tuesday,7
U002,7,2026-02-17,Tuesday,7
U003,7,2026-02-17,Tuesday,7
U004,7,2026-02-17,Tuesday,7
U005,7,2026-02-17,Tuesday,7
U006,7,2026-02-17,Tuesday,7
U007,7,2026-02-17,Tuesday,7
U008,7,2026-02-17,Tuesday,7
U009,7,2026-02-17,Tuesday,7
U010,7,2026-02-17,Tuesday,7
U001,7,2026-02-18,Wednesday,7
U002,7,2026-02-18,Wednesday,7
U003,7,2026-02-18,Wednesday,7
U004,7,2026-02-18,Wednesday,7
U005,7,2026-02-18,Wednesday,7
U006,7,2026-02-18,Wednesday,7
U007,7,2026-02-18,Wednesday,7
U008,7,2026-02-18,Wednesday,7
U009,7,2026-02-18,Wednesday,7
U010,7,2026-02-18,Wednesday,7
U001,7,2026-02-19,Thursday,7
U002,7,2026-02-19,Thursday,7
U003,7,2026-02-19,Thursday,7
U004,7,2026-02-19,Thursday,7
U005,7,2026-02-19,Thursday,7
U006,7,2026-02-19,Thursday,7
U007,7,2026-02-19,Thursday,7
U008,7,2026-02-19,Thursday,7
U009,7,2026-02-19,Thursday,7
U010,7,2026-02-19,Thursday,7
U001,7,2026-02-20,Friday,7
U002,7,2026-02-20,Friday,7
U003,7,2026-02-20,Friday,7
U004,7,2026-02-20,Friday,7
U005,7,2026-02-20,Friday,7
U006,7,2026-02-20,Friday,7
U007,7,2026-02-20,Friday,7
U008,7,2026-02-20,Friday,7
U009,7,2026-02-20,Friday,7
U010,7,2026-02-20,Friday,7
U001,7,2026-02-21,Saturday,7
U002,7,2026-02-21,Saturday,7
U003,7,2026-02-21,Saturday,7
U004,7,2026-02-21,Saturday,7
U005,7,2026-02-21,Saturday,7
U006,7,2026-02-21,Saturday,7
U007,7,2026-02-21,Saturday,7
U008,7,2026-02-21,Saturday,7
U009,7,2026-02-21,Saturday,7
U010,7,2026-02-21,Saturday,7
U001,7,2026-02-22,Sunday,7
U002,7,2026-02-22,Sunday,7
U003,7,2026-02-22,Sunday,7
U004,7,2026-02-22,Sunday,7
U005,7,2026-02-22,Sunday,7
U006,7,2026-02-22,Sunday,7
U007,7,2026-02-22,Sunday,7
U008,7,2026-02-22,Sunday,7
U009,7,2026-02-22,Sunday,7
U010,7,2026-02-22,Sunday,7
U001,8,2026-02-23,Monday,8
U002,8,2026-02-23,Monday,8
U003,8,2026-02-23,Monday,8
U004,8,2026-02-23,Monday,8
U005,8,2026-02-23,Monday,8
U006,8,2026-02-23,Monday,8
U007,8,2026-02-23,Monday,8
U008,8,2026-02-23,Monday,8
U009,8,2026-02-23,Monday,8
U010,8,2026-02-23,Monday,8
U001,8,2026-02-24,Tuesday,8
U002,8,2026-02-24,Tuesday,8
U003,8,2026-02-24,Tuesday,8
U004,8,2026-02-24,Tuesday,8
U005,8,2026-02-24,Tuesday,8
U006,8,2026-02-24,Tuesday,8
U007,8,2026-02-24,Tuesday,8
U008,8,2026-02-24,Tuesday,8
U009,8,2026-02-24,Tuesday,8
U010,8,2026-02-24,Tuesday,8
U001,8,2026-02-25,Wednesday,8
U002,8,2026-02-25,Wednesday,8
U003,8,2026-02-25,Wednesday,8
U004,8,2026-02-25,Wednesday,8
U005,8,2026-02-25,Wednesday,8
U006,8,2026-02-25,Wednesday,8
U007,8,2026-02-25,Wednesday,8
U008,8,2026-02-25,Wednesday,8
U009,8,2026-02-25,Wednesday,8
U010,8,2026-02-25,Wednesday,8
U001,8,2026-02-26,Thursday,8
U002,8,2026-02-26,Thursday,8
U003,8,2026-02-26,Thursday,8
U004,8,2026-02-26,Thursday,8
U005,8,2026-02-26,Thursday,8
U006,8,2026-02-26,Thursday,8
U007,8,2026-02-26,Thursday,8
U008,8,2026-02-26,Thursday,8
U009,8,2026-02-26,Thursday,8
U010,8,2026-02-26,Thursday,8
U001,8,2026-02-27,Friday,8
U002,8,2026-02-27,Friday,8
U003,8,2026-02-27,Friday,8
U004,8,2026-02-27,Friday,8
U005,8,2026-02-27,Friday,8
U006,8,2026-02-27,Friday,8
U007,8,2026-02-27,Friday,8
U008,8,2026-02-27,Friday,8
U009,8,2026-02-27,Friday,8
U010,8,2026-02-27,Friday,8
U001,8,2026-02-28,Saturday,8
U002,8,2026-02-28,Saturday,8
U003,8,2026-02-28,Saturday,8
U004,8,2026-02-28,Saturday,8
U005,8,2026-02-28,Saturday,8
U006,8,2026-02-28,Saturday,8
U007,8,2026-02-28,Saturday,8
U008,8,2026-02-28,Saturday,8
U009,8,2026-02-28,Saturday,8
U010,8,2026-02-28,Saturday,8
U001,8,2026-03-01,Sunday,8
U002,8,2026-03-01,Sunday,8
U003,8,2026-03-01,Sunday,8
U004,8,2026-03-01,Sunday,8
U005,8,2026-03-01,Sunday,8
U006,8,2026-03-01,Sunday,8
U007,8,2026-03-01,Sunday,8
U008,8,2026-03-01,Sunday,8
U009,8,2026-03-01,Sunday,8
U010,8,2026-03-01,Sunday,8
U001,9,2026-03-02,Monday,9
U002,9,2026-03-02,Monday,9
U003,9,2026-03-02,Monday,9
U004,9,2026-03-02,Monday,9
U005,9,2026-03-02,Monday,9
U006,9,2026-03-02,Monday,9
U007,9,2026-03-02,Monday,9
U008,9,2026-03-02,Monday,9
U009,9,2026-03-02,Monday,9
U010,9,2026-03-02,Monday,9
U001,9,2026-03-03,Tuesday,9
U002,9,2026-03-03,Tuesday,9
U003,9,2026-03-03,Tuesday,9
U004,9,2026-03-03,Tuesday,9
U005,9,2026-03-03,Tuesday,9
U006,9,2026-03-03,Tuesday,9
U007,9,2026-03-03,Tuesday,9
U008,9,2026-03-03,Tuesday,9
U009,9,2026-03-03,Tuesday,9
U010,9,2026-03-03,Tuesday,9
U001,9,2026-03-04,Wednesday,9
U002,9,2026-03-04,Wednesday,9
U003,9,2026-03-04,Wednesday,9
U004,9,2026-03-04,Wednesday,9
U005,9,2026-03-04,Wednesday,9
U006,9,2026-03-04,Wednesday,9
U007,9,2026-03-04,Wednesday,9
U008,9,2026-03-04,Wednesday,9
U009,9,2026-03-04,Wednesday,9
U010,9,2026-03-04,Wednesday,9
U001,9,2026-03-05,Thursday,9
U002,9,2026-03-05,Thursday,9
U003,9,2026-03-05,Thursday,9
U004,9,2026-03-05,Thursday,9
U005,9,2026-03-05,Thursday,9
U006,9,2026-03-05,Thursday,9
U007,9,2026-03-05,Thursday,9
U008,9,2026-03-05,Thursday,9
U009,9,2026-03-05,Thursday,9
U010,9,2026-03-05,Thursday,9
U001,9,2026-03-06,Friday,9
U002,9,2026-03-06,Friday,9
U003,9,2026-03-06,Friday,9
U004,9,2026-03-06,Friday,9
U005,9,2026-03-06,Friday,9
U006,9,2026-03-06,Friday,9
U007,9,2026-03-06,Friday,9
U008,9,2026-03-06,Friday,9
U009,9,2026-03-06,Friday,9
U010,9,2026-03-06,Friday,9
U001,9,2026-03-07,Saturday,9
U002,9,2026-03-07,Saturday,9
U003,9,2026-03-07,Saturday,9
U004,9,2026-03-07,Saturday,9
U005,9,2026-03-07,Saturday,9
U006,9,2026-03-07,Saturday,9
U007,9,2026-03-07,Saturday,9
U008,9,2026-03-07,Saturday,9
U009,9,2026-03-07,Saturday,9
U010,9,2026-03-07,Saturday,9
U001,9,2026-03-08,Sunday,9
U002,9,2026-03-08,Sunday,9
U003,9,2026-03-08,Sunday,9
U004,9,2026-03-08,Sunday,9
U005,9,2026-03-08,Sunday,9
U006,9,2026-03-08,Sunday,9
U007,9,2026-03-08,Sunday,9
U008,9,2026-03-08,Sunday,9
U009,9,2026-03-08,Sunday,9
U010,9,2026-03-08,Sunday,9
U001,10,2026-03-09,Monday,10
U002,10,2026-03-09,Monday,10
U003,10,2026-03-09,Monday,10
U004,10,2026-03-09,Monday,10
U005,10,2026-03-09,Monday,10
U006,10,2026-03-09,Monday,10
U007,10,2026-03-09,Monday,10
U008,10,2026-03-09,Monday,10
U009,10,2026-03-09,Monday,10
U010,10,2026-03-09,Monday,10
U001,10,2026-03-10,Tuesday,10
U002,10,2026-03-10,Tuesday,10
U003,10,2026-03-10,Tuesday,10
U004,10,2026-03-10,Tuesday,10
U005,10,2026-03-10,Tuesday,10
U006,10,2026-03-10,Tuesday,10
U007,10,2026-03-10,Tuesday,10
U008,10,2026-03-10,Tuesday,10
U009,10,2026-03-10,Tuesday,10
U010,10,2026-03-10,Tuesday,10
U001,10,2026-03-11,Wednesday,10
U002,10,2026-03-11,Wednesday,10
U003,10,2026-03-11,Wednesday,10
U004,10,2026-03-11,Wednesday,10
U005,10,2026-03-11,Wednesday,10
U006,10,2026-03-11,Wednesday,10
U007,10,2026-03-11,Wednesday,10
U008,10,2026-03-11,Wednesday,10
U009,10,2026-03-11,Wednesday,10
U010,10,2026-03-11,Wednesday,10
U001,10,2026-03-12,Thursday,10
U002,10,2026-03-12,Thursday,10
U003,10,2026-03-12,Thursday,10
U004,10,2026-03-12,Thursday,10
U005,10,2026-03-12,Thursday,10
U006,10,2026-03-12,Thursday,10
U007,10,2026-03-12,Thursday,10
U008,10,2026-03-12,Thursday,10
U009,10,2026-03-12,Thursday,10
U010,10,2026-03-12,Thursday,10
U001,10,2026-03-13,Friday,10
U002,10,2026-03-13,Friday,10
U003,10,2026-03-13,Friday,10
U004,10,2026-03-13,Friday,10
U005,10,2026-03-13,Friday,10
U006,10,2026-03-13,Friday,10
U007,10,2026-03-13,Friday,10
U008,10,2026-03-13,Friday,10
U009,10,2026-03-13,Friday,10
U010,10,2026-03-13,Friday,10
U001,10,2026-03-14,Saturday,10
U002,10,2026-03-14,Saturday,10
U003,10,2026-03-14,Saturday,10
U004,10,2026-03-14,Saturday,10
U005,10,2026-03-14,Saturday,10
U006,10,2026-03-14,Saturday,10
U007,10,2026-03-14,Saturday,10
U008,10,2026-03-14,Saturday,10
U009,10,2026-03-14,Saturday,10
U010,10,2026-03-14,Saturday,10
U001,10,2026-03-15,Sunday,10
U002,10,2026-03-15,Sunday,10
U003,10,2026-03-15,Sunday,10
U004,10,2026-03-15,Sunday,10
U005,10,2026-03-15,Sunday,10
U006,10,2026-03-15,Sunday,10
U007,10,2026-03-15,Sunday,10
U008,10,2026-03-15,Sunday,10
U009,10,2026-03-15,Sunday,10
U010,10,2026-03-15,Sunday,10
U001,11,2026-03-16,Monday,11
U002,11,2026-03-16,Monday,11
U003,11,2026-03-16,Monday,11
U004,11,2026-03-16,Monday,11
U005,11,2026-03-16,Monday,11
U006,11,2026-03-16,Monday,11
U007,11,2026-03-16,Monday,11
U008,11,2026-03-16,Monday,11
U009,11,2026-03-16,Monday,11
U010,11,2026-03-16,Monday,11
U001,11,2026-03-17,Tuesday,11
U002,11,2026-03-17,Tuesday,11
U003,11,2026-03-17,Tuesday,11
U004,11,2026-03-17,Tuesday,11
U005,11,2026-03-17,Tuesday,11
U006,11,2026-03-17,Tuesday,11
U007,11,2026-03-17,Tuesday,11
U008,11,2026-03-17,Tuesday,11
U009,11,2026-03-17,Tuesday,11
U010,11,2026-03-17,Tuesday,11
U001,11,2026-03-18,Wednesday,11
U002,11,2026-03-18,Wednesday,11
U003,11,2026-03-18,Wednesday,11
U004,11,2026-03-18,Wednesday,11
U005,11,2026-03-18,Wednesday,11
U006,11,2026-03-18,Wednesday,11
U007,11,2026-03-18,Wednesday,11
U008,11,2026-03-18,Wednesday,11
U009,11,2026-03-18,Wednesday,11
U010,11,2026-03-18,Wednesday,11
U001,11,2026-03-19,Thursday,11
U002,11,2026-03-19,Thursday,11
U003,11,2026-03-19,Thursday,11
U004,11,2026-03-19,Thursday,11
U005,11,2026-03-19,Thursday,11
U006,11,2026-03-19,Thursday,11
U007,11,2026-03-19,Thursday,11
U008,11,2026-03-19,Thursday,11
U009,11,2026-03-19,Thursday,11
U010,11,2026-03-19,Thursday,11
U001,11,2026-03-20,Friday,11
U002,11,2026-03-20,Friday,11
U003,11,2026-03-20,Friday,11
U004,11,2026-03-20,Friday,11
U005,11,2026-03-20,Friday,11
U006,11,2026-03-20,Friday,11
U007,11,2026-03-20,Friday,11
U008,11,2026-03-20,Friday,11
U009,11,2026-03-20,Friday,11
U010,11,2026-03-20,Friday,11
U001,11,2026-03-21,Saturday,11
U002,11,2026-03-21,Saturday,11
U003,11,2026-03-21,Saturday,11
U004,11,2026-03-21,Saturday,11
U005,11,2026-03-21,Saturday,11
U006,11,2026-03-21,Saturday,11
U007,11,2026-03-21,Saturday,11
U008,11,2026-03-21,Saturday,11
U009,11,2026-03-21,Saturday,11
U010,11,2026-03-21,Saturday,11
U001,11,2026-03-22,Sunday,11
U002,11,2026-03-22,Sunday,11
U003,11,2026-03-22,Sunday,11
U004,11,2026-03-22,Sunday,11
U005,11,2026-03-22,Sunday,11
U006,11,2026-03-22,Sunday,11
U007,11,2026-03-22,Sunday,11
U008,11,2026-03-22,Sunday,11
U009,11,2026-03-22,Sunday,11
U010,11,2026-03-22,Sunday,11
U001,12,2026-03-23,Monday,12
U002,12,2026-03-23,Monday,12
U003,12,2026-03-23,Monday,12
U004,12,2026-03-23,Monday,12
U005,12,2026-03-23,Monday,12
U006,12,2026-03-23,Monday,12
U007,12,2026-03-23,Monday,12
U008,12,2026-03-23,Monday,12
U009,12,2026-03-23,Monday,12
U010,12,2026-03-23,Monday,12
U001,12,2026-03-24,Tuesday,12
U002,12,2026-03-24,Tuesday,12
U003,12,2026-03-24,Tuesday,12
U004,12,2026-03-24,Tuesday,12
U005,12,2026-03-24,Tuesday,12
U006,12,2026-03-24,Tuesday,12
U007,12,2026-03-24,Tuesday,12
U008,12,2026-03-24,Tuesday,12
U009,12,2026-03-24,Tuesday,12
U010,12,2026-03-24,Tuesday,12
U001,12,2026-03-25,Wednesday,12
U002,12,2026-03-25,Wednesday,12
U003,12,2026-03-25,Wednesday,12
U004,12,2026-03-25,Wednesday,12
U005,12,2026-03-25,Wednesday,12
U006,12,2026-03-25,Wednesday,12
U007,12,2026-03-25,Wednesday,12
U008,12,2026-03-25,Wednesday,12
U009,12,2026-03-25,Wednesday,12
U010,12,2026-03-25,Wednesday,12
U001,12,2026-03-26,Thursday,12
U002,12,2026-03-26,Thursday,12
U003,12,2026-03-26,Thursday,12
U004,12,2026-03-26,Thursday,12
U005,12,2026-03-26,Thursday,12
U006,12,2026-03-26,Thursday,12
U007,12,2026-03-26,Thursday,12
U008,12,2026-03-26,Thursday,12
U009,12,2026-03-26,Thursday,12
U010,12,2026-03-26,Thursday,12
U001,12,2026-03-27,Friday,12
U002,12,2026-03-27,Friday,12
U003,12,2026-03-27,Friday,12
U004,12,2026-03-27,Friday,12
U005,12,2026-03-27,Friday,12
U006,12,2026-03-27,Friday,12
U007,12,2026-03-27,Friday,12
U008,12,2026-03-27,Friday,12
U009,12,2026-03-27,Friday,12
U010,12,2026-03-27,Friday,12
U001,12,2026-03-28,Saturday,12
U002,12,2026-03-28,Saturday,12
U003,12,2026-03-28,Saturday,12
U004,12,2026-03-28,Saturday,12
U005,12,2026-03-28,Saturday,12
U006,12,2026-03-28,Saturday,12
U007,12,2026-03-28,Saturday,12
U008,12,2026-03-28,Saturday,12
U009,12,2026-03-28,Saturday,12
U010,12,2026-03-28,Saturday,12
U001,12,2026-03-29,Sunday,12
U002,12,2026-03-29,Sunday,12
U003,12,2026-03-29,Sunday,12
U004,12,2026-03-29,Sunday,12
U005,12,2026-03-29,Sunday,12
U006,12,2026-03-29,Sunday,12
U007,12,2026-03-29,Sunday,12
U008,12,2026-03-29,Sunday,12
U009,12,2026-03-29,Sunday,12
U010,12,2026-03-29,Sunday,12
U001,27,2026-03-30,Monday,27
U002,27,2026-03-30,Monday,27
U003,27,2026-03-30,Monday,27
U004,27,2026-03-30,Monday,27
U005,27,2026-03-30,Monday,27
U006,27,2026-03-30,Monday,27
U007,27,2026-03-30,Monday,27
U008,27,2026-03-30,Monday,27
U009,27,2026-03-30,Monday,27
U010,27,2026-03-30,Monday,27
U001,27,2026-03-31,Tuesday,27
U002,27,2026-03-31,Tuesday,27
U003,27,2026-03-31,Tuesday,27
U004,27,2026-03-31,Tuesday,27
U005,27,2026-03-31,Tuesday,27
U006,27,2026-03-31,Tuesday,27
U007,27,2026-03-31,Tuesday,27
U008,27,2026-03-31,Tuesday,27
U009,27,2026-03-31,Tuesday,27
U010,27,2026-03-31,Tuesday,27
U001,27,2026-04-01,Wednesday,27
U002,27,2026-04-01,Wednesday,27
U003,27,2026-04-01,Wednesday,27
U004,27,2026-04-01,Wednesday,27
U005,27,2026-04-01,Wednesday,27
U006,27,2026-04-01,Wednesday,27
U007,27,2026-04-01,Wednesday,27
U008,27,2026-04-01,Wednesday,27
U009,27,2026-04-01,Wednesday,27
U010,27,2026-04-01,Wednesday,27
U001,27,2026-04-02,Thursday,27
U002,27,2026-04-02,Thursday,27
U003,27,2026-04-02,Thursday,27
U004,27,2026-04-02,Thursday,27
U005,27,2026-04-02,Thursday,27
U006,27,2026-04-02,Thursday,27
U007,27,2026-04-02,Thursday,27
U008,27,2026-04-02,Thursday,27
U009,27,2026-04-02,Thursday,27
U010,27,2026-04-02,Thursday,27
U001,27,2026-04-03,Friday,27
U002,27,2026-04-03,Friday,27
U003,27,2026-04-03,Friday,27
U004,27,2026-04-03,Friday,27
U005,27,2026-04-03,Friday,27
U006,27,2026-04-03,Friday,27
U007,27,2026-04-03,Friday,27
U008,27,2026-04-03,Friday,27
U009,27,2026-04-03,Friday,27
U010,27,2026-04-03,Friday,27
U001,27,2026-04-04,Saturday,27
U002,27,2026-04-04,Saturday,27
U003,27,2026-04-04,Saturday,27
U004,27,2026-04-04,Saturday,27
U005,27,2026-04-04,Saturday,27
U006,27,2026-04-04,Saturday,27
U007,27,2026-04-04,Saturday,27
U008,27,2026-04-04,Saturday,27
U009,27,2026-04-04,Saturday,27
U010,27,2026-04-04,Saturday,27
U001,28,2026-04-05,Sunday,28
U002,28,2026-04-05,Sunday,28
U003,28,2026-04-05,Sunday,28
U004,28,2026-04-05,Sunday,28
U005,28,2026-04-05,Sunday,28
U006,28,2026-04-05,Sunday,28
U007,28,2026-04-05,Sunday,28
U008,28,2026-04-05,Sunday,28
U009,28,2026-04-05,Sunday,28
U010,28,2026-04-05,Sunday,28
U001,28,2026-04-06,Monday,28
U002,28,2026-04-06,Monday,28
U003,28,2026-04-06,Monday,28
U004,28,2026-04-06,Monday,28
U005,28,2026-04-06,Monday,28
U006,28,2026-04-06,Monday,28
U007,28,2026-04-06,Monday,28
U008,28,2026-04-06,Monday,28
U009,28,2026-04-06,Monday,28
U010,28,2026-04-06,Monday,28
U001,28,2026-04-07,Tuesday,28
U002,28,2026-04-07,Tuesday,28
U003,28,2026-04-07,Tuesday,28
U004,28,2026-04-07,Tuesday,28
U005,28,2026-04-07,Tuesday,28
U006,28,2026-04-07,Tuesday,28
U007,28,2026-04-07,Tuesday,28
U008,28,2026-04-07,Tuesday,28
U009,28,2026-04-07,Tuesday,28
U010,28,2026-04-07,Tuesday,28
U001,28,2026-04-08,Wednesday,28
U002,28,2026-04-08,Wednesday,28
U003,28,2026-04-08,Wednesday,28
U004,28,2026-04-08,Wednesday,28
U005,28,2026-04-08,Wednesday,28
U006,28,2026-04-08,Wednesday,28
U007,28,2026-04-08,Wednesday,28
U008,28,2026-04-08,Wednesday,28
U009,28,2026-04-08,Wednesday,28
U010,28,2026-04-08,Wednesday,28
U001,28,2026-04-09,Thursday,28
U002,28,2026-04-09,Thursday,28
U003,28,2026-04-09,Thursday,28
U004,28,2026-04-09,Thursday,28
U005,28,2026-04-09,Thursday,28
U006,28,2026-04-09,Thursday,28
U007,28,2026-04-09,Thursday,28
U008,28,2026-04-09,Thursday,28
U009,28,2026-04-09,Thursday,28
U010,28,2026-04-09,Thursday,28
U001,28,2026-04-10,Friday,28
U002,28,2026-04-10,Friday,28
U003,28,2026-04-10,Friday,28
U004,28,2026-04-10,Friday,28
U005,28,2026-04-10,Friday,28
U006,28,2026-04-10,Friday,28
U007,28,2026-04-10,Friday,28
U008,28,2026-04-10,Friday,28
U009,28,2026-04-10,Friday,28
U010,28,2026-04-10,Friday,28
U001,28,2026-04-11,Saturday,28
U002,28,2026-04-11,Saturday,28
U003,28,2026-04-11,Saturday,28
U004,28,2026-04-11,Saturday,28
U005,28,2026-04-11,Saturday,28
U006,28,2026-04-11,Saturday,28
U007,28,2026-04-11,Saturday,28
U008,28,2026-04-11,Saturday,28
U009,28,2026-04-11,Saturday,28
U010,28,2026-04-11,Saturday,28
U001,29,2026-04-12,Sunday,29
U002,29,2026-04-12,Sunday,29
U003,29,2026-04-12,Sunday,29
U004,29,2026-04-12,Sunday,29
U005,29,2026-04-12,Sunday,29
U006,29,2026-04-12,Sunday,29
U007,29,2026-04-12,Sunday,29
U008,29,2026-04-12,Sunday,29
U009,29,2026-04-12,Sunday,29
U010,29,2026-04-12,Sunday,29
U001,29,2026-04-13,Monday,29
U002,29,2026-04-13,Monday,29
U003,29,2026-04-13,Monday,29
U004,29,2026-04-13,Monday,29
U005,29,2026-04-13,Monday,29
U006,29,2026-04-13,Monday,29
U007,29,2026-04-13,Monday,29
U008,29,2026-04-13,Monday,29
U009,29,2026-04-13,Monday,29
U010,29,2026-04-13,Monday,29
U001,29,2026-04-14,Tuesday,29
U002,29,2026-04-14,Tuesday,29
U003,29,2026-04-14,Tuesday,29
U004,29,2026-04-14,Tuesday,29
U005,29,2026-04-14,Tuesday,29
U006,29,2026-04-14,Tuesday,29
U007,29,2026-04-14,Tuesday,29
U008,29,2026-04-14,Tuesday,29
U009,29,2026-04-14,Tuesday,29
U010,29,2026-04-14,Tuesday,29
U001,29,2026-04-15,Wednesday,29
U002,29,2026-04-15,Wednesday,29
U003,29,2026-04-15,Wednesday,29
U004,29,2026-04-15,Wednesday,29
U005,29,2026-04-15,Wednesday,29
U006,29,2026-04-15,Wednesday,29
U007,29,2026-04-15,Wednesday,29
U008,29,2026-04-15,Wednesday,29
U009,29,2026-04-15,Wednesday,29
U010,29,2026-04-15,Wednesday,29
U001,29,2026-04-16,Thursday,29
U002,29,2026-04-16,Thursday,29
U003,29,2026-04-16,Thursday,29
U004,29,2026-04-16,Thursday,29
U005,29,2026-04-16,Thursday,29
U006,29,2026-04-16,Thursday,29
U007,29,2026-04-16,Thursday,29
U008,29,2026-04-16,Thursday,29
U009,29,2026-04-16,Thursday,29
U010,29,2026-04-16,Thursday,29
U001,29,2026-04-17,Friday,29
U002,29,2026-04-17,Friday,29
U003,29,2026-04-17,Friday,29
U004,29,2026-04-17,Friday,29
U005,29,2026-04-17,Friday,29
U006,29,2026-04-17,Friday,29
U007,29,2026-04-17,Friday,29
U008,29,2026-04-17,Friday,29
U009,29,2026-04-17,Friday,29
U010,29,2026-04-17,Friday,29
U001,29,2026-04-18,Saturday,29
U002,29,2026-04-18,Saturday,29
U003,29,2026-04-18,Saturday,29
U004,29,2026-04-18,Saturday,29
U005,29,2026-04-18,Saturday,29
U006,29,2026-04-18,Saturday,29
U007,29,2026-04-18,Saturday,29
U008,29,2026-04-18,Saturday,29
U009,29,2026-04-18,Saturday,29
U010,29,2026-04-18,Saturday,29
U001,30,2026-04-19,Sunday,30
U002,30,2026-04-19,Sunday,30
U003,30,2026-04-19,Sunday,30
U004,30,2026-04-19,Sunday,30
U005,30,2026-04-19,Sunday,30
U006,30,2026-04-19,Sunday,30
U007,30,2026-04-19,Sunday,30
U008,30,2026-04-19,Sunday,30
U009,30,2026-04-19,Sunday,30
U010,30,2026-04-19,Sunday,30
U001,30,2026-04-20,Monday,30
U002,30,2026-04-20,Monday,30
U003,30,2026-04-20,Monday,30
U004,30,2026-04-20,Monday,30
U005,30,2026-04-20,Monday,30
U006,30,2026-04-20,Monday,30
U007,30,2026-04-20,Monday,30
U008,30,2026-04-20,Monday,30
U009,30,2026-04-20,Monday,30
U010,30,2026-04-20,Monday,30
U001,30,2026-04-21,Tuesday,30
U002,30,2026-04-21,Tuesday,30
U003,30,2026-04-21,Tuesday,30
U004,30,2026-04-21,Tuesday,30
U005,30,2026-04-21,Tuesday,30
U006,30,2026-04-21,Tuesday,30
U007,30,2026-04-21,Tuesday,30
U008,30,2026-04-21,Tuesday,30
U009,30,2026-04-21,Tuesday,30
U010,30,2026-04-21,Tuesday,30
U001,30,2026-04-22,Wednesday,30
U002,30,2026-04-22,Wednesday,30
U003,30,2026-04-22,Wednesday,30
U004,30,2026-04-22,Wednesday,30
U005,30,2026-04-22,Wednesday,30
U006,30,2026-04-22,Wednesday,30
U007,30,2026-04-22,Wednesday,30
U008,30,2026-04-22,Wednesday,30
U009,30,2026-04-22,Wednesday,30
U010,30,2026-04-22,Wednesday,30
U001,30,2026-04-23,Thursday,30
U002,30,2026-04-23,Thursday,30
U003,30,2026-04-23,Thursday,30
U004,30,2026-04-23,Thursday,30
U005,30,2026-04-23,Thursday,30
U006,30,2026-04-23,Thursday,30
U007,30,2026-04-23,Thursday,30
U008,30,2026-04-23,Thursday,30
U009,30,2026-04-23,Thursday,30
U010,30,2026-04-23,Thursday,30
U001,30,2026-04-24,Friday,30
U002,30,2026-04-24,Friday,30
U003,30,2026-04-24,Friday,30
U004,30,2026-04-24,Friday,30
U005,30,2026-04-24,Friday,30
U006,30,2026-04-24,Friday,30
U007,30,2026-04-24,Friday,30
U008,30,2026-04-24,Friday,30
U009,30,2026-04-24,Friday,30
U010,30,2026-04-24,Friday,30
U001,30,2026-04-25,Saturday,30
U002,30,2026-04-25,Saturday,30
U003,30,2026-04-25,Saturday,30
U004,30,2026-04-25,Saturday,30
U005,30,2026-04-25,Saturday,30
U006,30,2026-04-25,Saturday,30
U007,30,2026-04-25,Saturday,30
U008,30,2026-04-25,Saturday,30
U009,30,2026-04-25,Saturday,30
U010,30,2026-04-25,Saturday,30
U001,31,2026-04-26,Sunday,31
U002,31,2026-04-26,Sunday,31
U003,31,2026-04-26,Sunday,31
U004,31,2026-04-26,Sunday,31
U005,31,2026-04-26,Sunday,31
U006,31,2026-04-26,Sunday,31
U007,31,2026-04-26,Sunday,31
U008,31,2026-04-26,Sunday,31
U009,31,2026-04-26,Sunday,31
U010,31,2026-04-26,Sunday,31
U001,31,2026-04-27,Monday,31
U002,31,2026-04-27,Monday,31
U003,31,2026-04-27,Monday,31
U004,31,2026-04-27,Monday,31
U005,31,2026-04-27,Monday,31
U006,31,2026-04-27,Monday,31
U007,31,2026-04-27,Monday,31
U008,31,2026-04-27,Monday,31
U009,31,2026-04-27,Monday,31
U010,31,2026-04-27,Monday,31
U001,31,2026-04-28,Tuesday,31
U002,31,2026-04-28,Tuesday,31
U003,31,2026-04-28,Tuesday,31
U004,31,2026-04-28,Tuesday,31
U005,31,2026-04-28,Tuesday,31
U006,31,2026-04-28,Tuesday,31
U007,31,2026-04-28,Tuesday,31
U008,31,2026-04-28,Tuesday,31
U009,31,2026-04-28,Tuesday,31
U010,31,2026-04-28,Tuesday,31
U001,31,2026-04-29,Wednesday,31
U002,31,2026-04-29,Wednesday,31
U003,31,2026-04-29,Wednesday,31
U004,31,2026-04-29,Wednesday,31
U005,31,2026-04-29,Wednesday,31
U006,31,2026-04-29,Wednesday,31
U007,31,2026-04-29,Wednesday,31
U008,31,2026-04-29,Wednesday,31
U009,31,2026-04-29,Wednesday,31
U010,31,2026-04-29,Wednesday,31
U001,31,2026-04-30,Thursday,31
U002,31,2026-04-30,Thursday,31
U003,31,2026-04-30,Thursday,31
U004,31,2026-04-30,Thursday,31
U005,31,2026-04-30,Thursday,31
U006,31,2026-04-30,Thursday,31
U007,31,2026-04-30,Thursday,31
U008,31,2026-04-30,Thursday,31
U009,31,2026-04-30,Thursday,31
U010,31,2026-04-30,Thursday,31
U001,31,2026-05-01,Friday,31
U002,31,2026-05-01,Friday,31
U003,31,2026-05-01,Friday,31
U004,31,2026-05-01,Friday,31
U005,31,2026-05-01,Friday,31
U006,31,2026-05-01,Friday,31
U007,31,2026-05-01,Friday,31
U008,31,2026-05-01,Friday,31
U009,31,2026-05-01,Friday,31
U010,31,2026-05-01,Friday,31
U001,31,2026-05-02,Saturday,31
U002,31,2026-05-02,Saturday,31
U003,31,2026-05-02,Saturday,31
U004,31,2026-05-02,Saturday,31
U005,31,2026-05-02,Saturday,31
U006,31,2026-05-02,Saturday,31
U007,31,2026-05-02,Saturday,31
U008,31,2026-05-02,Saturday,31
U009,31,2026-05-02,Saturday,31
U010,31,2026-05-02,Saturday,31
U001,32,2026-05-03,Sunday,32
U002,32,2026-05-03,Sunday,32
U003,32,2026-05-03,Sunday,32
U004,32,2026-05-03,Sunday,32
U005,32,2026-05-03,Sunday,32
U006,32,2026-05-03,Sunday,32
U007,32,2026-05-03,Sunday,32
U008,32,2026-05-03,Sunday,32
U009,32,2026-05-03,Sunday,32
U010,32,2026-05-03,Sunday,32
U001,32,2026-05-04,Monday,32
U002,32,2026-05-04,Monday,32
U003,32,2026-05-04,Monday,32
U004,32,2026-05-04,Monday,32
U005,32,2026-05-04,Monday,32
U006,32,2026-05-04,Monday,32
U007,32,2026-05-04,Monday,32
U008,32,2026-05-04,Monday,32
U009,32,2026-05-04,Monday,32
U010,32,2026-05-04,Monday,32
U001,32,2026-05-05,Tuesday,32
U002,32,2026-05-05,Tuesday,32
U003,32,2026-05-05,Tuesday,32
U004,32,2026-05-05,Tuesday,32
U005,32,2026-05-05,Tuesday,32
U006,32,2026-05-05,Tuesday,32
U007,32,2026-05-05,Tuesday,32
U008,32,2026-05-05,Tuesday,32
U009,32,2026-05-05,Tuesday,32
U010,32,2026-05-05,Tuesday,32
U001,32,2026-05-06,Wednesday,32
U002,32,2026-05-06,Wednesday,32
U003,32,2026-05-06,Wednesday,32
U004,32,2026-05-06,Wednesday,32
U005,32,2026-05-06,Wednesday,32
U006,32,2026-05-06,Wednesday,32
U007,32,2026-05-06,Wednesday,32
U008,32,2026-05-06,Wednesday,32
U009,32,2026-05-06,Wednesday,32
U010,32,2026-05-06,Wednesday,32
U001,32,2026-05-07,Thursday,32
U002,32,2026-05-07,Thursday,32
U003,32,2026-05-07,Thursday,32
U004,32,2026-05-07,Thursday,32
U005,32,2026-05-07,Thursday,32
U006,32,2026-05-07,Thursday,32
U007,32,2026-05-07,Thursday,32
U008,32,2026-05-07,Thursday,32
U009,32,2026-05-07,Thursday,32
U010,32,2026-05-07,Thursday,32
U001,32,2026-05-08,Friday,32
U002,32,2026-05-08,Friday,32
U003,32,2026-05-08,Friday,32
U004,32,2026-05-08,Friday,32
U005,32,2026-05-08,Friday,32
U006,32,2026-05-08,Friday,32
U007,32,2026-05-08,Friday,32
U008,32,2026-05-08,Friday,32
U009,32,2026-05-08,Friday,32
U010,32,2026-05-08,Friday,32
U001,32,2026-05-09,Saturday,32
U002,32,2026-05-09,Saturday,32
U003,32,2026-05-09,Saturday,32
U004,32,2026-05-09,Saturday,32
U005,32,2026-05-09,Saturday,32
U006,32,2026-05-09,Saturday,32
U007,32,2026-05-09,Saturday,32
U008,32,2026-05-09,Saturday,32
U009,32,2026-05-09,Saturday,32
U010,32,2026-05-09,Saturday,32
U001,33,2026-05-10,Sunday,33
U002,33,2026-05-10,Sunday,33
U003,33,2026-05-10,Sunday,33
U004,33,2026-05-10,Sunday,33
U005,33,2026-05-10,Sunday,33
U006,33,2026-05-10,Sunday,33
U007,33,2026-05-10,Sunday,33
U008,33,2026-05-10,Sunday,33
U009,33,2026-05-10,Sunday,33
U010,33,2026-05-10,Sunday,33
U001,33,2026-05-11,Monday,33
U002,33,2026-05-11,Monday,33
U003,33,2026-05-11,Monday,33
U004,33,2026-05-11,Monday,33
U005,33,2026-05-11,Monday,33
U006,33,2026-05-11,Monday,33
U007,33,2026-05-11,Monday,33
U008,33,2026-05-11,Monday,33
U009,33,2026-05-11,Monday,33
U010,33,2026-05-11,Monday,33
U001,33,2026-05-12,Tuesday,33
U002,33,2026-05-12,Tuesday,33
U003,33,2026-05-12,Tuesday,33
U004,33,2026-05-12,Tuesday,33
U005,33,2026-05-12,Tuesday,33
U006,33,2026-05-12,Tuesday,33
U007,33,2026-05-12,Tuesday,33
U008,33,2026-05-12,Tuesday,33
U009,33,2026-05-12,Tuesday,33
U010,33,2026-05-12,Tuesday,33
U001,33,2026-05-13,Wednesday,33
U002,33,2026-05-13,Wednesday,33
U003,33,2026-05-13,Wednesday,33
U004,33,2026-05-13,Wednesday,33
U005,33,2026-05-13,Wednesday,33
U006,33,2026-05-13,Wednesday,33
U007,33,2026-05-13,Wednesday,33
U008,33,2026-05-13,Wednesday,33
U009,33,2026-05-13,Wednesday,33
U010,33,2026-05-13,Wednesday,33
U001,33,2026-05-14,Thursday,33
U002,33,2026-05-14,Thursday,33
U003,33,2026-05-14,Thursday,33
U004,33,2026-05-14,Thursday,33
U005,33,2026-05-14,Thursday,33
U006,33,2026-05-14,Thursday,33
U007,33,2026-05-14,Thursday,33
U008,33,2026-05-14,Thursday,33
U009,33,2026-05-14,Thursday,33
U010,33,2026-05-14,Thursday,33
U001,33,2026-05-15,Friday,33
U002,33,2026-05-15,Friday,33
U003,33,2026-05-15,Friday,33
U004,33,2026-05-15,Friday,33
U005,33,2026-05-15,Friday,33
U006,33,2026-05-15,Friday,33
U007,33,2026-05-15,Friday,33
U008,33,2026-05-15,Friday,33
U009,33,2026-05-15,Friday,33
U010,33,2026-05-15,Friday,33
U001,33,2026-05-16,Saturday,33
U002,33,2026-05-16,Saturday,33
U003,33,2026-05-16,Saturday,33
U004,33,2026-05-16,Saturday,33
U005,33,2026-05-16,Saturday,33
U006,33,2026-05-16,Saturday,33
U007,33,2026-05-16,Saturday,33
U008,33,2026-05-16,Saturday,33
U009,33,2026-05-16,Saturday,33
U010,33,2026-05-16,Saturday,33
U001,34,2026-05-17,Sunday,34
U002,34,2026-05-17,Sunday,34
U003,34,2026-05-17,Sunday,34
U004,34,2026-05-17,Sunday,34
U005,34,2026-05-17,Sunday,34
U006,34,2026-05-17,Sunday,34
U007,34,2026-05-17,Sunday,34
U008,34,2026-05-17,Sunday,34
U009,34,2026-05-17,Sunday,34
U010,34,2026-05-17,Sunday,34
U001,34,2026-05-18,Monday,34
U002,34,2026-05-18,Monday,34
U003,34,2026-05-18,Monday,34
U004,34,2026-05-18,Monday,34
U005,34,2026-05-18,Monday,34
U006,34,2026-05-18,Monday,34
U007,34,2026-05-18,Monday,34
U008,34,2026-05-18,Monday,34
U009,34,2026-05-18,Monday,34
U010,34,2026-05-18,Monday,34
U001,34,2026-05-19,Tuesday,34
U002,34,2026-05-19,Tuesday,34
U003,34,2026-05-19,Tuesday,34
U004,34,2026-05-19,Tuesday,34
U005,34,2026-05-19,Tuesday,34
U006,34,2026-05-19,Tuesday,34
U007,34,2026-05-19,Tuesday,34
U008,34,2026-05-19,Tuesday,34
U009,34,2026-05-19,Tuesday,34
U010,34,2026-05-19,Tuesday,34
U001,34,2026-05-20,Wednesday,34
U002,34,2026-05-20,Wednesday,34
U003,34,2026-05-20,Wednesday,34
U004,34,2026-05-20,Wednesday,34
U005,34,2026-05-20,Wednesday,34
U006,34,2026-05-20,Wednesday,34
U007,34,2026-05-20,Wednesday,34
U008,34,2026-05-20,Wednesday,34
U009,34,2026-05-20,Wednesday,34
U010,34,2026-05-20,Wednesday,34
U001,34,2026-05-21,Thursday,34
U002,34,2026-05-21,Thursday,34
U003,34,2026-05-21,Thursday,34
U004,34,2026-05-21,Thursday,34
U005,34,2026-05-21,Thursday,34
U006,34,2026-05-21,Thursday,34
U007,34,2026-05-21,Thursday,34
U008,34,2026-05-21,Thursday,34
U009,34,2026-05-21,Thursday,34
U010,34,2026-05-21,Thursday,34
U001,34,2026-05-22,Friday,34
U002,34,2026-05-22,Friday,34
U003,34,2026-05-22,Friday,34
U004,34,2026-05-22,Friday,34
U005,34,2026-05-22,Friday,34
U006,34,2026-05-22,Friday,34
U007,34,2026-05-22,Friday,34
U008,34,2026-05-22,Friday,34
U009,34,2026-05-22,Friday,34
U010,34,2026-05-22,Friday,34
U001,34,2026-05-23,Saturday,34
U002,34,2026-05-23,Saturday,34
U003,34,2026-05-23,Saturday,34
U004,34,2026-05-23,Saturday,34
U005,34,2026-05-23,Saturday,34
U006,34,2026-05-23,Saturday,34
U007,34,2026-05-23,Saturday,34
U008,34,2026-05-23,Saturday,34
U009,34,2026-05-23,Saturday,34
U010,34,2026-05-23,Saturday,34
U001,35,2026-05-24,Sunday,35
U002,35,2026-05-24,Sunday,35
U003,35,2026-05-24,Sunday,35
U004,35,2026-05-24,Sunday,35
U005,35,2026-05-24,Sunday,35
U006,35,2026-05-24,Sunday,35
U007,35,2026-05-24,Sunday,35
U008,35,2026-05-24,Sunday,35
U009,35,2026-05-24,Sunday,35
U010,35,2026-05-24,Sunday,35
U001,35,2026-05-25,Monday,35
U002,35,2026-05-25,Monday,35
U003,35,2026-05-25,Monday,35
U004,35,2026-05-25,Monday,35
U005,35,2026-05-25,Monday,35
U006,35,2026-05-25,Monday,35
U007,35,2026-05-25,Monday,35
U008,35,2026-05-25,Monday,35
U009,35,2026-05-25,Monday,35
U010,35,2026-05-25,Monday,35
U001,35,2026-05-26,Tuesday,35
U002,35,2026-05-26,Tuesday,35
U003,35,2026-05-26,Tuesday,35
U004,35,2026-05-26,Tuesday,35
U005,35,2026-05-26,Tuesday,35
U006,35,2026-05-26,Tuesday,35
U007,35,2026-05-26,Tuesday,35
U008,35,2026-05-26,Tuesday,35
U009,35,2026-05-26,Tuesday,35
U010,35,2026-05-26,Tuesday,35
U001,35,2026-05-27,Wednesday,35
U002,35,2026-05-27,Wednesday,35
U003,35,2026-05-27,Wednesday,35
U004,35,2026-05-27,Wednesday,35
U005,35,2026-05-27,Wednesday,35
U006,35,2026-05-27,Wednesday,35
U007,35,2026-05-27,Wednesday,35
U008,35,2026-05-27,Wednesday,35
U009,35,2026-05-27,Wednesday,35
U010,35,2026-05-27,Wednesday,35
U001,35,2026-05-28,Thursday,35
U002,35,2026-05-28,Thursday,35
U003,35,2026-05-28,Thursday,35
U004,35,2026-05-28,Thursday,35
U005,35,2026-05-28,Thursday,35
U006,35,2026-05-28,Thursday,35
U007,35,2026-05-28,Thursday,35
U008,35,2026-05-28,Thursday,35
U009,35,2026-05-28,Thursday,35
U010,35,2026-05-28,Thursday,35
U001,35,2026-05-29,Friday,35
U002,35,2026-05-29,Friday,35
U003,35,2026-05-29,Friday,35
U004,35,2026-05-29,Friday,35
U005,35,2026-05-29,Friday,35
U006,35,2026-05-29,Friday,35
U007,35,2026-05-29,Friday,35
U008,35,2026-05-29,Friday,35
U009,35,2026-05-29,Friday,35
U010,35,2026-05-29,Friday,35
U001,35,2026-05-30,Saturday,35
U002,35,2026-05-30,Saturday,35
U003,35,2026-05-30,Saturday,35
U004,35,2026-05-30,Saturday,35
U005,35,2026-05-30,Saturday,35
U006,35,2026-05-30,Saturday,35
U007,35,2026-05-30,Saturday,35
U008,35,2026-05-30,Saturday,35
U009,35,2026-05-30,Saturday,35
U010,35,2026-05-30,Saturday,35
U001,36,2026-05-31,Sunday,36
U002,36,2026-05-31,Sunday,36
U003,36,2026-05-31,Sunday,36
U004,36,2026-05-31,Sunday,36
U005,36,2026-05-31,Sunday,36
U006,36,2026-05-31,Sunday,36
U007,36,2026-05-31,Sunday,36
U008,36,2026-05-31,Sunday,36
U009,36,2026-05-31,Sunday,36
U010,36,2026-05-31,Sunday,36
U001,36,2026-06-01,Monday,36
U002,36,2026-06-01,Monday,36
U003,36,2026-06-01,Monday,36
U004,36,2026-06-01,Monday,36
U005,36,2026-06-01,Monday,36
U006,36,2026-06-01,Monday,36
U007,36,2026-06-01,Monday,36
U008,36,2026-06-01,Monday,36
U009,36,2026-06-01,Monday,36
U010,36,2026-06-01,Monday,36
U001,36,2026-06-02,Tuesday,36
U002,36,2026-06-02,Tuesday,36
U003,36,2026-06-02,Tuesday,36
U004,36,2026-06-02,Tuesday,36
U005,36,2026-06-02,Tuesday,36
U006,36,2026-06-02,Tuesday,36
U007,36,2026-06-02,Tuesday,36
U008,36,2026-06-02,Tuesday,36
U009,36,2026-06-02,Tuesday,36
U010,36,2026-06-02,Tuesday,36
U001,36,2026-06-03,Wednesday,36
U002,36,2026-06-03,Wednesday,36
U003,36,2026-06-03,Wednesday,36
U004,36,2026-06-03,Wednesday,36
U005,36,2026-06-03,Wednesday,36
U006,36,2026-06-03,Wednesday,36
U007,36,2026-06-03,Wednesday,36
U008,36,2026-06-03,Wednesday,36
U009,36,2026-06-03,Wednesday,36
U010,36,2026-06-03,Wednesday,36
U001,36,2026-06-04,Thursday,36
U002,36,2026-06-04,Thursday,36
U003,36,2026-06-04,Thursday,36
U004,36,2026-06-04,Thursday,36
U005,36,2026-06-04,Thursday,36
U006,36,2026-06-04,Thursday,36
U007,36,2026-06-04,Thursday,36
U008,36,2026-06-04,Thursday,36
U009,36,2026-06-04,Thursday,36
U010,36,2026-06-04,Thursday,36
U001,36,2026-06-05,Friday,36
U002,36,2026-06-05,Friday,36
U003,36,2026-06-05,Friday,36
U004,36,2026-06-05,Friday,36
U005,36,2026-06-05,Friday,36
U006,36,2026-06-05,Friday,36
U007,36,2026-06-05,Friday,36
U008,36,2026-06-05,Friday,36
U009,36,2026-06-05,Friday,36
U010,36,2026-06-05,Friday,36
U001,36,2026-06-06,Saturday,36
U002,36,2026-06-06,Saturday,36
U003,36,2026-06-06,Saturday,36
U004,36,2026-06-06,Saturday,36
U005,36,2026-06-06,Saturday,36
U006,36,2026-06-06,Saturday,36
U007,36,2026-06-06,Saturday,36
U008,36,2026-06-06,Saturday,36
U009,36,2026-06-06,Saturday,36
U010,36,2026-06-06,Saturday,36
U001,37,2026-06-07,Sunday,37
U002,37,2026-06-07,Sunday,37
U003,37,2026-06-07,Sunday,37
U004,37,2026-06-07,Sunday,37
U005,37,2026-06-07,Sunday,37
U006,37,2026-06-07,Sunday,37
U007,37,2026-06-07,Sunday,37
U008,37,2026-06-07,Sunday,37
U009,37,2026-06-07,Sunday,37
U010,37,2026-06-07,Sunday,37
U001,37,2026-06-08,Monday,37
U002,37,2026-06-08,Monday,37
U003,37,2026-06-08,Monday,37
U004,37,2026-06-08,Monday,37
U005,37,2026-06-08,Monday,37
U006,37,2026-06-08,Monday,37
U007,37,2026-06-08,Monday,37
U008,37,2026-06-08,Monday,37
U009,37,2026-06-08,Monday,37
U010,37,2026-06-08,Monday,37
U001,37,2026-06-09,Tuesday,37
U002,37,2026-06-09,Tuesday,37
U003,37,2026-06-09,Tuesday,37
U004,37,2026-06-09,Tuesday,37
U005,37,2026-06-09,Tuesday,37
U006,37,2026-06-09,Tuesday,37
U007,37,2026-06-09,Tuesday,37
U008,37,2026-06-09,Tuesday,37
U009,37,2026-06-09,Tuesday,37
U010,37,2026-06-09,Tuesday,37
U001,37,2026-06-10,Wednesday,37
U002,37,2026-06-10,Wednesday,37
U003,37,2026-06-10,Wednesday,37
U004,37,2026-06-10,Wednesday,37
U005,37,2026-06-10,Wednesday,37
U006,37,2026-06-10,Wednesday,37
U007,37,2026-06-10,Wednesday,37
U008,37,2026-06-10,Wednesday,37
U009,37,2026-06-10,Wednesday,37
U010,37,2026-06-10,Wednesday,37
U001,37,2026-06-11,Thursday,37
U002,37,2026-06-11,Thursday,37
U003,37,2026-06-11,Thursday,37
U004,37,2026-06-11,Thursday,37
U005,37,2026-06-11,Thursday,37
U006,37,2026-06-11,Thursday,37
U007,37,2026-06-11,Thursday,37
U008,37,2026-06-11,Thursday,37
U009,37,2026-06-11,Thursday,37
U010,37,2026-06-11,Thursday,37
U001,37,2026-06-12,Friday,37
U002,37,2026-06-12,Friday,37
U003,37,2026-06-12,Friday,37
U004,37,2026-06-12,Friday,37
U005,37,2026-06-12,Friday,37
U006,37,2026-06-12,Friday,37
U007,37,2026-06-12,Friday,37
U008,37,2026-06-12,Friday,37
U009,37,2026-06-12,Friday,37
U010,37,2026-06-12,Friday,37
U001,37,2026-06-13,Saturday,37
U002,37,2026-06-13,Saturday,37
U003,37,2026-06-13,Saturday,37
U004,37,2026-06-13,Saturday,37
U005,37,2026-06-13,Saturday,37
U006,37,2026-06-13,Saturday,37
U007,37,2026-06-13,Saturday,37
U008,37,2026-06-13,Saturday,37
U009,37,2026-06-13,Saturday,37
U010,37,2026-06-13,Saturday,37
U001,38,2026-06-14,Sunday,38
U002,38,2026-06-14,Sunday,38
U003,38,2026-06-14,Sunday,38
U004,38,2026-06-14,Sunday,38
U005,38,2026-06-14,Sunday,38
U006,38,2026-06-14,Sunday,38
U007,38,2026-06-14,Sunday,38
U008,38,2026-06-14,Sunday,38
U009,38,2026-06-14,Sunday,38
U010,38,2026-06-14,Sunday,38
U001,38,2026-06-15,Monday,38
U002,38,2026-06-15,Monday,38
U003,38,2026-06-15,Monday,38
U004,38,2026-06-15,Monday,38
U005,38,2026-06-15,Monday,38
U006,38,2026-06-15,Monday,38
U007,38,2026-06-15,Monday,38
U008,38,2026-06-15,Monday,38
U009,38,2026-06-15,Monday,38
U010,38,2026-06-15,Monday,38
U001,38,2026-06-16,Tuesday,38
U002,38,2026-06-16,Tuesday,38
U003,38,2026-06-16,Tuesday,38
U004,38,2026-06-16,Tuesday,38
U005,38,2026-06-16,Tuesday,38
U006,38,2026-06-16,Tuesday,38
U007,38,2026-06-16,Tuesday,38
U008,38,2026-06-16,Tuesday,38
U009,38,2026-06-16,Tuesday,38
U010,38,2026-06-16,Tuesday,38
U001,38,2026-06-17,Wednesday,38
U002,38,2026-06-17,Wednesday,38
U003,38,2026-06-17,Wednesday,38
U004,38,2026-06-17,Wednesday,38
U005,38,2026-06-17,Wednesday,38
U006,38,2026-06-17,Wednesday,38
U007,38,2026-06-17,Wednesday,38
U008,38,2026-06-17,Wednesday,38
U009,38,2026-06-17,Wednesday,38
U010,38,2026-06-17,Wednesday,38
U001,38,2026-06-18,Thursday,38
U002,38,2026-06-18,Thursday,38
U003,38,2026-06-18,Thursday,38
U004,38,2026-06-18,Thursday,38
U005,38,2026-06-18,Thursday,38
U006,38,2026-06-18,Thursday,38
U007,38,2026-06-18,Thursday,38
U008,38,2026-06-18,Thursday,38
U009,38,2026-06-18,Thursday,38
U010,38,2026-06-18,Thursday,38
U001,38,2026-06-19,Friday,38
U002,38,2026-06-19,Friday,38
U003,38,2026-06-19,Friday,38
U004,38,2026-06-19,Friday,38
U005,38,2026-06-19,Friday,38
U006,38,2026-06-19,Friday,38
U007,38,2026-06-19,Friday,38
U008,38,2026-06-19,Friday,38
U009,38,2026-06-19,Friday,38
U010,38,2026-06-19,Friday,38
U001,38,2026-06-20,Saturday,38
U002,38,2026-06-20,Saturday,38
U003,38,2026-06-20,Saturday,38
U004,38,2026-06-20,Saturday,38
U005,38,2026-06-20,Saturday,38
U006,38,2026-06-20,Saturday,38
U007,38,2026-06-20,Saturday,38
U008,38,2026-06-20,Saturday,38
U009,38,2026-06-20,Saturday,38
U010,38,2026-06-20,Saturday,38
U001,39,2026-06-21,Sunday,39
U002,39,2026-06-21,Sunday,39
U003,39,2026-06-21,Sunday,39
U004,39,2026-06-21,Sunday,39
U005,39,2026-06-21,Sunday,39
U006,39,2026-06-21,Sunday,39
U007,39,2026-06-21,Sunday,39
U008,39,2026-06-21,Sunday,39
U009,39,2026-06-21,Sunday,39
U010,39,2026-06-21,Sunday,39
U001,39,2026-06-22,Monday,39
U002,39,2026-06-22,Monday,39
U003,39,2026-06-22,Monday,39
U004,39,2026-06-22,Monday,39
U005,39,2026-06-22,Monday,39
U006,39,2026-06-22,Monday,39
U007,39,2026-06-22,Monday,39
U008,39,2026-06-22,Monday,39
U009,39,2026-06-22,Monday,39
U010,39,2026-06-22,Monday,39
U001,39,2026-06-23,Tuesday,39
U002,39,2026-06-23,Tuesday,39
U003,39,2026-06-23,Tuesday,39
U004,39,2026-06-23,Tuesday,39
U005,39,2026-06-23,Tuesday,39
U006,39,2026-06-23,Tuesday,39
U007,39,2026-06-23,Tuesday,39
U008,39,2026-06-23,Tuesday,39
U009,39,2026-06-23,Tuesday,39
U010,39,2026-06-23,Tuesday,39
U001,39,2026-06-24,Wednesday,39
U002,39,2026-06-24,Wednesday,39
U003,39,2026-06-24,Wednesday,39
U004,39,2026-06-24,Wednesday,39
U005,39,2026-06-24,Wednesday,39
U006,39,2026-06-24,Wednesday,39
U007,39,2026-06-24,Wednesday,39
U008,39,2026-06-24,Wednesday,39
U009,39,2026-06-24,Wednesday,39
U010,39,2026-06-24,Wednesday,39
U001,39,2026-06-25,Thursday,39
U002,39,2026-06-25,Thursday,39
U003,39,2026-06-25,Thursday,39
U004,39,2026-06-25,Thursday,39
U005,39,2026-06-25,Thursday,39
U006,39,2026-06-25,Thursday,39
U007,39,2026-06-25,Thursday,39
U008,39,2026-06-25,Thursday,39
U009,39,2026-06-25,Thursday,39
U010,39,2026-06-25,Thursday,39
U001,39,2026-06-26,Friday,39
U002,39,2026-06-26,Friday,39
U003,39,2026-06-26,Friday,39
U004,39,2026-06-26,Friday,39
U005,39,2026-06-26,Friday,39
U006,39,2026-06-26,Friday,39
U007,39,2026-06-26,Friday,39
U008,39,2026-06-26,Friday,39
U009,39,2026-06-26,Friday,39
U010,39,2026-06-26,Friday,39
U001,39,2026-06-27,Saturday,39
U002,39,2026-06-27,Saturday,39
U003,39,2026-06-27,Saturday,39
U004,39,2026-06-27,Saturday,39
U005,39,2026-06-27,Saturday,39
U006,39,2026-06-27,Saturday,39
U007,39,2026-06-27,Saturday,39
U008,39,2026-06-27,Saturday,39
U009,39,2026-06-27,Saturday,39
U010,39,2026-06-27,Saturday,39
U001,40,2026-06-28,Sunday,40
U002,40,2026-06-28,Sunday,40
U003,40,2026-06-28,Sunday,40
U004,40,2026-06-28,Sunday,40
U005,40,2026-06-28,Sunday,40
U006,40,2026-06-28,Sunday,40
U007,40,2026-06-28,Sunday,40
U008,40,2026-06-28,Sunday,40
U009,40,2026-06-28,Sunday,40
U010,40,2026-06-28,Sunday,40
U001,40,2026-06-29,Monday,40
U002,40,2026-06-29,Monday,40
U003,40,2026-06-29,Monday,40
U004,40,2026-06-29,Monday,40
U005,40,2026-06-29,Monday,40
U006,40,2026-06-29,Monday,40
U007,40,2026-06-29,Monday,40
U008,40,2026-06-29,Monday,40
U009,40,2026-06-29,Monday,40
U010,40,2026-06-29,Monday,40
U001,40,2026-06-30,Tuesday,40
U002,40,2026-06-30,Tuesday,40
U003,40,2026-06-30,Tuesday,40
U004,40,2026-06-30,Tuesday,40
U005,40,2026-06-30,Tuesday,40
U006,40,2026-06-30,Tuesday,40
U007,40,2026-06-30,Tuesday,40
U008,40,2026-06-30,Tuesday,40
U009,40,2026-06-30,Tuesday,40
U010,40,2026-06-30,Tuesday,40
U001,40,2026-07-01,Wednesday,40
U002,40,2026-07-01,Wednesday,40
U003,40,2026-07-01,Wednesday,40
U004,40,2026-07-01,Wednesday,40
U005,40,2026-07-01,Wednesday,40
U006,40,2026-07-01,Wednesday,40
U007,40,2026-07-01,Wednesday,40
U008,40,2026-07-01,Wednesday,40
U009,40,2026-07-01,Wednesday,40
U010,40,2026-07-01,Wednesday,40
U001,40,2026-07-02,Thursday,40
U002,40,2026-07-02,Thursday,40
U003,40,2026-07-02,Thursday,40
U004,40,2026-07-02,Thursday,40
U005,40,2026-07-02,Thursday,40
U006,40,2026-07-02,Thursday,40
U007,40,2026-07-02,Thursday,40
U008,40,2026-07-02,Thursday,40
U009,40,2026-07-02,Thursday,40
U010,40,2026-07-02,Thursday,40
U001,40,2026-07-03,Friday,40
U002,40,2026-07-03,Friday,40
U003,40,2026-07-03,Friday,40
U004,40,2026-07-03,Friday,40
U005,40,2026-07-03,Friday,40
U006,40,2026-07-03,Friday,40
U007,40,2026-07-03,Friday,40
U008,40,2026-07-03,Friday,40
U009,40,2026-07-03,Friday,40
U010,40,2026-07-03,Friday,40
U001,40,2026-07-04,Saturday,40
U002,40,2026-07-04,Saturday,40
U003,40,2026-07-04,Saturday,40
U004,40,2026-07-04,Saturday,40
U005,40,2026-07-04,Saturday,40
U006,40,2026-07-04,Saturday,40
U007,40,2026-07-04,Saturday,40
U008,40,2026-07-04,Saturday,40
U009,40,2026-07-04,Saturday,40
U010,40,2026-07-04,Saturday,40
U001,41,2026-07-05,Sunday,41
U002,41,2026-07-05,Sunday,41
U003,41,2026-07-05,Sunday,41
U004,41,2026-07-05,Sunday,41
U005,41,2026-07-05,Sunday,41
U006,41,2026-07-05,Sunday,41
U007,41,2026-07-05,Sunday,41
U008,41,2026-07-05,Sunday,41
U009,41,2026-07-05,Sunday,41
U010,41,2026-07-05,Sunday,41
U001,41,2026-07-06,Monday,41
U002,41,2026-07-06,Monday,41
U003,41,2026-07-06,Monday,41
U004,41,2026-07-06,Monday,41
U005,41,2026-07-06,Monday,41
U006,41,2026-07-06,Monday,41
U007,41,2026-07-06,Monday,41
U008,41,2026-07-06,Monday,41
U009,41,2026-07-06,Monday,41
U010,41,2026-07-06,Monday,41
U001,41,2026-07-07,Tuesday,41
U002,41,2026-07-07,Tuesday,41
U003,41,2026-07-07,Tuesday,41
U004,41,2026-07-07,Tuesday,41
U005,41,2026-07-07,Tuesday,41
U006,41,2026-07-07,Tuesday,41
U007,41,2026-07-07,Tuesday,41
U008,41,2026-07-07,Tuesday,41
U009,41,2026-07-07,Tuesday,41
U010,41,2026-07-07,Tuesday,41
U001,41,2026-07-08,Wednesday,41
U002,41,2026-07-08,Wednesday,41
U003,41,2026-07-08,Wednesday,41
U004,41,2026-07-08,Wednesday,41
U005,41,2026-07-08,Wednesday,41
U006,41,2026-07-08,Wednesday,41
U007,41,2026-07-08,Wednesday,41
U008,41,2026-07-08,Wednesday,41
U009,41,2026-07-08,Wednesday,41
U010,41,2026-07-08,Wednesday,41
U001,41,2026-07-09,Thursday,41
U002,41,2026-07-09,Thursday,41
U003,41,2026-07-09,Thursday,41
U004,41,2026-07-09,Thursday,41
U005,41,2026-07-09,Thursday,41
U006,41,2026-07-09,Thursday,41
U007,41,2026-07-09,Thursday,41
U008,41,2026-07-09,Thursday,41
U009,41,2026-07-09,Thursday,41
U010,41,2026-07-09,Thursday,41
U001,41,2026-07-10,Friday,41
U002,41,2026-07-10,Friday,41
U003,41,2026-07-10,Friday,41
U004,41,2026-07-10,Friday,41
U005,41,2026-07-10,Friday,41
U006,41,2026-07-10,Friday,41
U007,41,2026-07-10,Friday,41
U008,41,2026-07-10,Friday,41
U009,41,2026-07-10,Friday,41
U010,41,2026-07-10,Friday,41
U001,41,2026-07-11,Saturday,41
U002,41,2026-07-11,Saturday,41
U003,41,2026-07-11,Saturday,41
U004,41,2026-07-11,Saturday,41
U005,41,2026-07-11,Saturday,41
U006,41,2026-07-11,Saturday,41
U007,41,2026-07-11,Saturday,41
U008,41,2026-07-11,Saturday,41
U009,41,2026-07-11,Saturday,41
U010,41,2026-07-11,Saturday,41
U001,42,2026-07-12,Sunday,42
U002,42,2026-07-12,Sunday,42
U003,42,2026-07-12,Sunday,42
U004,42,2026-07-12,Sunday,42
U005,42,2026-07-12,Sunday,42
U006,42,2026-07-12,Sunday,42
U007,42,2026-07-12,Sunday,42
U008,42,2026-07-12,Sunday,42
U009,42,2026-07-12,Sunday,42
U010,42,2026-07-12,Sunday,42
U001,42,2026-07-13,Monday,42
U002,42,2026-07-13,Monday,42
U003,42,2026-07-13,Monday,42
U004,42,2026-07-13,Monday,42
U005,42,2026-07-13,Monday,42
U006,42,2026-07-13,Monday,42
U007,42,2026-07-13,Monday,42
U008,42,2026-07-13,Monday,42
U009,42,2026-07-13,Monday,42
U010,42,2026-07-13,Monday,42
U001,42,2026-07-14,Tuesday,42
U002,42,2026-07-14,Tuesday,42
U003,42,2026-07-14,Tuesday,42
U004,42,2026-07-14,Tuesday,42
U005,42,2026-07-14,Tuesday,42
U006,42,2026-07-14,Tuesday,42
U007,42,2026-07-14,Tuesday,42
U008,42,2026-07-14,Tuesday,42
U009,42,2026-07-14,Tuesday,42
U010,42,2026-07-14,Tuesday,42
U001,42,2026-07-15,Wednesday,42
U002,42,2026-07-15,Wednesday,42
U003,42,2026-07-15,Wednesday,42
U004,42,2026-07-15,Wednesday,42
U005,42,2026-07-15,Wednesday,42
U006,42,2026-07-15,Wednesday,42
U007,42,2026-07-15,Wednesday,42
U008,42,2026-07-15,Wednesday,42
U009,42,2026-07-15,Wednesday,42
U010,42,2026-07-15,Wednesday,42
U001,42,2026-07-16,Thursday,42
U002,42,2026-07-16,Thursday,42
U003,42,2026-07-16,Thursday,42
U004,42,2026-07-16,Thursday,42
U005,42,2026-07-16,Thursday,42
U006,42,2026-07-16,Thursday,42
U007,42,2026-07-16,Thursday,42
U008,42,2026-07-16,Thursday,42
U009,42,2026-07-16,Thursday,42
U010,42,2026-07-16,Thursday,42
U001,42,2026-07-17,Friday,42
U002,42,2026-07-17,Friday,42
U003,42,2026-07-17,Friday,42
U004,42,2026-07-17,Friday,42
U005,42,2026-07-17,Friday,42
U006,42,2026-07-17,Friday,42
U007,42,2026-07-17,Friday,42
U008,42,2026-07-17,Friday,42
U009,42,2026-07-17,Friday,42
U010,42,2026-07-17,Friday,42
U001,42,2026-07-18,Saturday,42
U002,42,2026-07-18,Saturday,42
U003,42,2026-07-18,Saturday,42
U004,42,2026-07-18,Saturday,42
U005,42,2026-07-18,Saturday,42
U006,42,2026-07-18,Saturday,42
U007,42,2026-07-18,Saturday,42
U008,42,2026-07-18,Saturday,42
U009,42,2026-07-18,Saturday,42
U010,42,2026-07-18,Saturday,42
U001,43,2026-07-19,Sunday,43
U002,43,2026-07-19,Sunday,43
U003,43,2026-07-19,Sunday,43
U004,43,2026-07-19,Sunday,43
U005,43,2026-07-19,Sunday,43
U006,43,2026-07-19,Sunday,43
U007,43,2026-07-19,Sunday,43
U008,43,2026-07-19,Sunday,43
U009,43,2026-07-19,Sunday,43
U010,43,2026-07-19,Sunday,43
U001,43,2026-07-20,Monday,43
U002,43,2026-07-20,Monday,43
U003,43,2026-07-20,Monday,43
U004,43,2026-07-20,Monday,43
U005,43,2026-07-20,Monday,43
U006,43,2026-07-20,Monday,43
U007,43,2026-07-20,Monday,43
U008,43,2026-07-20,Monday,43
U009,43,2026-07-20,Monday,43
U010,43,2026-07-20,Monday,43
U001,43,2026-07-21,Tuesday,43
U002,43,2026-07-21,Tuesday,43
U003,43,2026-07-21,Tuesday,43
U004,43,2026-07-21,Tuesday,43
U005,43,2026-07-21,Tuesday,43
U006,43,2026-07-21,Tuesday,43
U007,43,2026-07-21,Tuesday,43
U008,43,2026-07-21,Tuesday,43
U009,43,2026-07-21,Tuesday,43
U010,43,2026-07-21,Tuesday,43
U001,43,2026-07-22,Wednesday,43
U002,43,2026-07-22,Wednesday,43
U003,43,2026-07-22,Wednesday,43
U004,43,2026-07-22,Wednesday,43
U005,43,2026-07-22,Wednesday,43
U006,43,2026-07-22,Wednesday,43
U007,43,2026-07-22,Wednesday,43
U008,43,2026-07-22,Wednesday,43
U009,43,2026-07-22,Wednesday,43
U010,43,2026-07-22,Wednesday,43
U001,43,2026-07-23,Thursday,43
U002,43,2026-07-23,Thursday,43
U003,43,2026-07-23,Thursday,43
U004,43,2026-07-23,Thursday,43
U005,43,2026-07-23,Thursday,43
U006,43,2026-07-23,Thursday,43
U007,43,2026-07-23,Thursday,43
U008,43,2026-07-23,Thursday,43
U009,43,2026-07-23,Thursday,43
U010,43,2026-07-23,Thursday,43
U001,43,2026-07-24,Friday,43
U002,43,2026-07-24,Friday,43
U003,43,2026-07-24,Friday,43
U004,43,2026-07-24,Friday,43
U005,43,2026-07-24,Friday,43
U006,43,2026-07-24,Friday,43
U007,43,2026-07-24,Friday,43
U008,43,2026-07-24,Friday,43
U009,43,2026-07-24,Friday,43
U010,43,2026-07-24,Friday,43
U001,43,2026-07-25,Saturday,43
U002,43,2026-07-25,Saturday,43
U003,43,2026-07-25,Saturday,43
U004,43,2026-07-25,Saturday,43
U005,43,2026-07-25,Saturday,43
U006,43,2026-07-25,Saturday,43
U007,43,2026-07-25,Saturday,43
U008,43,2026-07-25,Saturday,43
U009,43,2026-07-25,Saturday,43
U010,43,2026-07-25,Saturday,43
U001,44,2026-07-26,Sunday,44
U002,44,2026-07-26,Sunday,44
U003,44,2026-07-26,Sunday,44
U004,44,2026-07-26,Sunday,44
U005,44,2026-07-26,Sunday,44
U006,44,2026-07-26,Sunday,44
U007,44,2026-07-26,Sunday,44
U008,44,2026-07-26,Sunday,44
U009,44,2026-07-26,Sunday,44
U010,44,2026-07-26,Sunday,44
U001,44,2026-07-27,Monday,44
U002,44,2026-07-27,Monday,44
U003,44,2026-07-27,Monday,44
U004,44,2026-07-27,Monday,44
U005,44,2026-07-27,Monday,44
U006,44,2026-07-27,Monday,44
U007,44,2026-07-27,Monday,44
U008,44,2026-07-27,Monday,44
U009,44,2026-07-27,Monday,44
U010,44,2026-07-27,Monday,44
U001,44,2026-07-28,Tuesday,44
U002,44,2026-07-28,Tuesday,44
U003,44,2026-07-28,Tuesday,44
U004,44,2026-07-28,Tuesday,44
U005,44,2026-07-28,Tuesday,44
U006,44,2026-07-28,Tuesday,44
U007,44,2026-07-28,Tuesday,44
U008,44,2026-07-28,Tuesday,44
U009,44,2026-07-28,Tuesday,44
U010,44,2026-07-28,Tuesday,44
U001,44,2026-07-29,Wednesday,44
U002,44,2026-07-29,Wednesday,44
U003,44,2026-07-29,Wednesday,44
U004,44,2026-07-29,Wednesday,44
U005,44,2026-07-29,Wednesday,44
U006,44,2026-07-29,Wednesday,44
U007,44,2026-07-29,Wednesday,44
U008,44,2026-07-29,Wednesday,44
U009,44,2026-07-29,Wednesday,44
U010,44,2026-07-29,Wednesday,44
U001,44,2026-07-30,Thursday,44
U002,44,2026-07-30,Thursday,44
U003,44,2026-07-30,Thursday,44
U004,44,2026-07-30,Thursday,44
U005,44,2026-07-30,Thursday,44
U006,44,2026-07-30,Thursday,44
U007,44,2026-07-30,Thursday,44
U008,44,2026-07-30,Thursday,44
U009,44,2026-07-30,Thursday,44
U010,44,2026-07-30,Thursday,44
U001,44,2026-07-31,Friday,44
U002,44,2026-07-31,Friday,44
U003,44,2026-07-31,Friday,44
U004,44,2026-07-31,Friday,44
U005,44,2026-07-31,Friday,44
U006,44,2026-07-31,Friday,44
U007,44,2026-07-31,Friday,44
U008,44,2026-07-31,Friday,44
U009,44,2026-07-31,Friday,44
U010,44,2026-07-31,Friday,44
U001,44,2026-08-01,Saturday,44
U002,44,2026-08-01,Saturday,44
U003,44,2026-08-01,Saturday,44
U004,44,2026-08-01,Saturday,44
U005,44,2026-08-01,Saturday,44
U006,44,2026-08-01,Saturday,44
U007,44,2026-08-01,Saturday,44
U008,44,2026-08-01,Saturday,44
U009,44,2026-08-01,Saturday,44
U010,44,2026-08-01,Saturday,44
U001,45,2026-08-02,Sunday,45
U002,45,2026-08-02,Sunday,45
U003,45,2026-08-02,Sunday,45
U004,45,2026-08-02,Sunday,45
U005,45,2026-08-02,Sunday,45
U006,45,2026-08-02,Sunday,45
U007,45,2026-08-02,Sunday,45
U008,45,2026-08-02,Sunday,45
U009,45,2026-08-02,Sunday,45
U010,45,2026-08-02,Sunday,45
U001,45,2026-08-03,Monday,45
U002,45,2026-08-03,Monday,45
U003,45,2026-08-03,Monday,45
U004,45,2026-08-03,Monday,45
U005,45,2026-08-03,Monday,45
U006,45,2026-08-03,Monday,45
U007,45,2026-08-03,Monday,45
U008,45,2026-08-03,Monday,45
U009,45,2026-08-03,Monday,45
U010,45,2026-08-03,Monday,45
U001,45,2026-08-04,Tuesday,45
U002,45,2026-08-04,Tuesday,45
U003,45,2026-08-04,Tuesday,45
U004,45,2026-08-04,Tuesday,45
U005,45,2026-08-04,Tuesday,45
U006,45,2026-08-04,Tuesday,45
U007,45,2026-08-04,Tuesday,45
U008,45,2026-08-04,Tuesday,45
U009,45,2026-08-04,Tuesday,45
U010,45,2026-08-04,Tuesday,45
U001,45,2026-08-05,Wednesday,45
U002,45,2026-08-05,Wednesday,45
U003,45,2026-08-05,Wednesday,45
U004,45,2026-08-05,Wednesday,45
U005,45,2026-08-05,Wednesday,45
U006,45,2026-08-05,Wednesday,45
U007,45,2026-08-05,Wednesday,45
U008,45,2026-08-05,Wednesday,45
U009,45,2026-08-05,Wednesday,45
U010,45,2026-08-05,Wednesday,45
U001,45,2026-08-06,Thursday,45
U002,45,2026-08-06,Thursday,45
U003,45,2026-08-06,Thursday,45
U004,45,2026-08-06,Thursday,45
U005,45,2026-08-06,Thursday,45
U006,45,2026-08-06,Thursday,45
U007,45,2026-08-06,Thursday,45
U008,45,2026-08-06,Thursday,45
U009,45,2026-08-06,Thursday,45
U010,45,2026-08-06,Thursday,45
U001,45,2026-08-07,Friday,45
U002,45,2026-08-07,Friday,45
U003,45,2026-08-07,Friday,45
U004,45,2026-08-07,Friday,45
U005,45,2026-08-07,Friday,45
U006,45,2026-08-07,Friday,45
U007,45,2026-08-07,Friday,45
U008,45,2026-08-07,Friday,45
U009,45,2026-08-07,Friday,45
U010,45,2026-08-07,Friday,45
U001,45,2026-08-08,Saturday,45
U002,45,2026-08-08,Saturday,45
U003,45,2026-08-08,Saturday,45
U004,45,2026-08-08,Saturday,45
U005,45,2026-08-08,Saturday,45
U006,45,2026-08-08,Saturday,45
U007,45,2026-08-08,Saturday,45
U008,45,2026-08-08,Saturday,45
U009,45,2026-08-08,Saturday,45
U010,45,2026-08-08,Saturday,45
U001,46,2026-08-09,Sunday,46
U002,46,2026-08-09,Sunday,46
U003,46,2026-08-09,Sunday,46
U004,46,2026-08-09,Sunday,46
U005,46,2026-08-09,Sunday,46
U006,46,2026-08-09,Sunday,46
U007,46,2026-08-09,Sunday,46
U008,46,2026-08-09,Sunday,46
U009,46,2026-08-09,Sunday,46
U010,46,2026-08-09,Sunday,46
U001,46,2026-08-10,Monday,46
U002,46,2026-08-10,Monday,46
U003,46,2026-08-10,Monday,46
U004,46,2026-08-10,Monday,46
U005,46,2026-08-10,Monday,46
U006,46,2026-08-10,Monday,46
U007,46,2026-08-10,Monday,46
U008,46,2026-08-10,Monday,46
U009,46,2026-08-10,Monday,46
U010,46,2026-08-10,Monday,46
U001,46,2026-08-11,Tuesday,46
U002,46,2026-08-11,Tuesday,46
U003,46,2026-08-11,Tuesday,46
U004,46,2026-08-11,Tuesday,46
U005,46,2026-08-11,Tuesday,46
U006,46,2026-08-11,Tuesday,46
U007,46,2026-08-11,Tuesday,46
U008,46,2026-08-11,Tuesday,46
U009,46,2026-08-11,Tuesday,46
U010,46,2026-08-11,Tuesday,46
U001,46,2026-08-12,Wednesday,46
U002,46,2026-08-12,Wednesday,46
U003,46,2026-08-12,Wednesday,46
U004,46,2026-08-12,Wednesday,46
U005,46,2026-08-12,Wednesday,46
U006,46,2026-08-12,Wednesday,46
U007,46,2026-08-12,Wednesday,46
U008,46,2026-08-12,Wednesday,46
U009,46,2026-08-12,Wednesday,46
U010,46,2026-08-12,Wednesday,46
U001,46,2026-08-13,Thursday,46
U002,46,2026-08-13,Thursday,46
U003,46,2026-08-13,Thursday,46
U004,46,2026-08-13,Thursday,46
U005,46,2026-08-13,Thursday,46
U006,46,2026-08-13,Thursday,46
U007,46,2026-08-13,Thursday,46
U008,46,2026-08-13,Thursday,46
U009,46,2026-08-13,Thursday,46
U010,46,2026-08-13,Thursday,46
U001,46,2026-08-14,Friday,46
U002,46,2026-08-14,Friday,46
U003,46,2026-08-14,Friday,46
U004,46,2026-08-14,Friday,46
U005,46,2026-08-14,Friday,46
U006,46,2026-08-14,Friday,46
U007,46,2026-08-14,Friday,46
U008,46,2026-08-14,Friday,46
U009,46,2026-08-14,Friday,46
U010,46,2026-08-14,Friday,46
U001,46,2026-08-15,Saturday,46
U002,46,2026-08-15,Saturday,46
U003,46,2026-08-15,Saturday,46
U004,46,2026-08-15,Saturday,46
U005,46,2026-08-15,Saturday,46
U006,46,2026-08-15,Saturday,46
U007,46,2026-08-15,Saturday,46
U008,46,2026-08-15,Saturday,46
U009,46,2026-08-15,Saturday,46
U010,46,2026-08-15,Saturday,46
U001,47,2026-08-16,Sunday,47
U002,47,2026-08-16,Sunday,47
U003,47,2026-08-16,Sunday,47
U004,47,2026-08-16,Sunday,47
U005,47,2026-08-16,Sunday,47
U006,47,2026-08-16,Sunday,47
U007,47,2026-08-16,Sunday,47
U008,47,2026-08-16,Sunday,47
U009,47,2026-08-16,Sunday,47
U010,47,2026-08-16,Sunday,47
U001,47,2026-08-17,Monday,47
U002,47,2026-08-17,Monday,47
U003,47,2026-08-17,Monday,47
U004,47,2026-08-17,Monday,47
U005,47,2026-08-17,Monday,47
U006,47,2026-08-17,Monday,47
U007,47,2026-08-17,Monday,47
U008,47,2026-08-17,Monday,47
U009,47,2026-08-17,Monday,47
U010,47,2026-08-17,Monday,47
U001,47,2026-08-18,Tuesday,47
U002,47,2026-08-18,Tuesday,47
U003,47,2026-08-18,Tuesday,47
U004,47,2026-08-18,Tuesday,47
U005,47,2026-08-18,Tuesday,47
U006,47,2026-08-18,Tuesday,47
U007,47,2026-08-18,Tuesday,47
U008,47,2026-08-18,Tuesday,47
U009,47,2026-08-18,Tuesday,47
U010,47,2026-08-18,Tuesday,47
U001,47,2026-08-19,Wednesday,47
U002,47,2026-08-19,Wednesday,47
U003,47,2026-08-19,Wednesday,47
U004,47,2026-08-19,Wednesday,47
U005,47,2026-08-19,Wednesday,47
U006,47,2026-08-19,Wednesday,47
U007,47,2026-08-19,Wednesday,47
U008,47,2026-08-19,Wednesday,47
U009,47,2026-08-19,Wednesday,47
U010,47,2026-08-19,Wednesday,47
U001,47,2026-08-20,Thursday,47
U002,47,2026-08-20,Thursday,47
U003,47,2026-08-20,Thursday,47
U004,47,2026-08-20,Thursday,47
U005,47,2026-08-20,Thursday,47
U006,47,2026-08-20,Thursday,47
U007,47,2026-08-20,Thursday,47
U008,47,2026-08-20,Thursday,47
U009,47,2026-08-20,Thursday,47
U010,47,2026-08-20,Thursday,47
U001,47,2026-08-21,Friday,47
U002,47,2026-08-21,Friday,47
U003,47,2026-08-21,Friday,47
U004,47,2026-08-21,Friday,47
U005,47,2026-08-21,Friday,47
U006,47,2026-08-21,Friday,47
U007,47,2026-08-21,Friday,47
U008,47,2026-08-21,Friday,47
U009,47,2026-08-21,Friday,47
U010,47,2026-08-21,Friday,47
U001,47,2026-08-22,Saturday,47
U002,47,2026-08-22,Saturday,47
U003,47,2026-08-22,Saturday,47
U004,47,2026-08-22,Saturday,47
U005,47,2026-08-22,Saturday,47
U006,47,2026-08-22,Saturday,47
U007,47,2026-08-22,Saturday,47
U008,47,2026-08-22,Saturday,47
U009,47,2026-08-22,Saturday,47
U010,47,2026-08-22,Saturday,47
U001,48,2026-08-23,Sunday,48
U002,48,2026-08-23,Sunday,48
U003,48,2026-08-23,Sunday,48
U004,48,2026-08-23,Sunday,48
U005,48,2026-08-23,Sunday,48
U006,48,2026-08-23,Sunday,48
U007,48,2026-08-23,Sunday,48
U008,48,2026-08-23,Sunday,48
U009,48,2026-08-23,Sunday,48
U010,48,2026-08-23,Sunday,48
U001,48,2026-08-24,Monday,48
U002,48,2026-08-24,Monday,48
U003,48,2026-08-24,Monday,48
U004,48,2026-08-24,Monday,48
U005,48,2026-08-24,Monday,48
U006,48,2026-08-24,Monday,48
U007,48,2026-08-24,Monday,48
U008,48,2026-08-24,Monday,48
U009,48,2026-08-24,Monday,48
U010,48,2026-08-24,Monday,48
U001,48,2026-08-25,Tuesday,48
U002,48,2026-08-25,Tuesday,48
U003,48,2026-08-25,Tuesday,48
U004,48,2026-08-25,Tuesday,48
U005,48,2026-08-25,Tuesday,48
U006,48,2026-08-25,Tuesday,48
U007,48,2026-08-25,Tuesday,48
U008,48,2026-08-25,Tuesday,48
U009,48,2026-08-25,Tuesday,48
U010,48,2026-08-25,Tuesday,48
U001,48,2026-08-26,Wednesday,48
U002,48,2026-08-26,Wednesday,48
U003,48,2026-08-26,Wednesday,48
U004,48,2026-08-26,Wednesday,48
U005,48,2026-08-26,Wednesday,48
U006,48,2026-08-26,Wednesday,48
U007,48,2026-08-26,Wednesday,48
U008,48,2026-08-26,Wednesday,48
U009,48,2026-08-26,Wednesday,48
U010,48,2026-08-26,Wednesday,48
U001,48,2026-08-27,Thursday,48
U002,48,2026-08-27,Thursday,48
U003,48,2026-08-27,Thursday,48
U004,48,2026-08-27,Thursday,48
U005,48,2026-08-27,Thursday,48
U006,48,2026-08-27,Thursday,48
U007,48,2026-08-27,Thursday,48
U008,48,2026-08-27,Thursday,48
U009,48,2026-08-27,Thursday,48
U010,48,2026-08-27,Thursday,48
U001,48,2026-08-28,Friday,48
U002,48,2026-08-28,Friday,48
U003,48,2026-08-28,Friday,48
U004,48,2026-08-28,Friday,48
U005,48,2026-08-28,Friday,48
U006,48,2026-08-28,Friday,48
U007,48,2026-08-28,Friday,48
U008,48,2026-08-28,Friday,48
U009,48,2026-08-28,Friday,48
U010,48,2026-08-28,Friday,48
U001,48,2026-08-29,Saturday,48
U002,48,2026-08-29,Saturday,48
U003,48,2026-08-29,Saturday,48
U004,48,2026-08-29,Saturday,48
U005,48,2026-08-29,Saturday,48
U006,48,2026-08-29,Saturday,48
U007,48,2026-08-29,Saturday,48
U008,48,2026-08-29,Saturday,48
U009,48,2026-08-29,Saturday,48
U010,48,2026-08-29,Saturday,48
U001,49,2026-08-30,Sunday,49
U002,49,2026-08-30,Sunday,49
U003,49,2026-08-30,Sunday,49
U004,49,2026-08-30,Sunday,49
U005,49,2026-08-30,Sunday,49
U006,49,2026-08-30,Sunday,49
U007,49,2026-08-30,Sunday,49
U008,49,2026-08-30,Sunday,49
U009,49,2026-08-30,Sunday,49
U010,49,2026-08-30,Sunday,49
U001,49,2026-08-31,Monday,49
U002,49,2026-08-31,Monday,49
U003,49,2026-08-31,Monday,49
U004,49,2026-08-31,Monday,49
U005,49,2026-08-31,Monday,49
U006,49,2026-08-31,Monday,49
U007,49,2026-08-31,Monday,49
U008,49,2026-08-31,Monday,49
U009,49,2026-08-31,Monday,49
U010,49,2026-08-31,Monday,49
U001,49,2026-09-01,Tuesday,49
U002,49,2026-09-01,Tuesday,49
U003,49,2026-09-01,Tuesday,49
U004,49,2026-09-01,Tuesday,49
U005,49,2026-09-01,Tuesday,49
U006,49,2026-09-01,Tuesday,49
U007,49,2026-09-01,Tuesday,49
U008,49,2026-09-01,Tuesday,49
U009,49,2026-09-01,Tuesday,49
U010,49,2026-09-01,Tuesday,49
U001,49,2026-09-02,Wednesday,49
U002,49,2026-09-02,Wednesday,49
U003,49,2026-09-02,Wednesday,49
U004,49,2026-09-02,Wednesday,49
U005,49,2026-09-02,Wednesday,49
U006,49,2026-09-02,Wednesday,49
U007,49,2026-09-02,Wednesday,49
U008,49,2026-09-02,Wednesday,49
U009,49,2026-09-02,Wednesday,49
U010,49,2026-09-02,Wednesday,49
U001,49,2026-09-03,Thursday,49
U002,49,2026-09-03,Thursday,49
U003,49,2026-09-03,Thursday,49
U004,49,2026-09-03,Thursday,49
U005,49,2026-09-03,Thursday,49
U006,49,2026-09-03,Thursday,49
U007,49,2026-09-03,Thursday,49
U008,49,2026-09-03,Thursday,49
U009,49,2026-09-03,Thursday,49
U010,49,2026-09-03,Thursday,49
U001,49,2026-09-04,Friday,49
U002,49,2026-09-04,Friday,49
U003,49,2026-09-04,Friday,49
U004,49,2026-09-04,Friday,49
U005,49,2026-09-04,Friday,49
U006,49,2026-09-04,Friday,49
U007,49,2026-09-04,Friday,49
U008,49,2026-09-04,Friday,49
U009,49,2026-09-04,Friday,49
U010,49,2026-09-04,Friday,49
U001,49,2026-09-05,Saturday,49
U002,49,2026-09-05,Saturday,49
U003,49,2026-09-05,Saturday,49
U004,49,2026-09-05,Saturday,49
U005,49,2026-09-05,Saturday,49
U006,49,2026-09-05,Saturday,49
U007,49,2026-09-05,Saturday,49
U008,49,2026-09-05,Saturday,49
U009,49,2026-09-05,Saturday,49
U010,49,2026-09-05,Saturday,49
U001,50,2026-09-06,Sunday,50
U002,50,2026-09-06,Sunday,50
U003,50,2026-09-06,Sunday,50
U004,50,2026-09-06,Sunday,50
U005,50,2026-09-06,Sunday,50
U006,50,2026-09-06,Sunday,50
U007,50,2026-09-06,Sunday,50
U008,50,2026-09-06,Sunday,50
U009,50,2026-09-06,Sunday,50
U010,50,2026-09-06,Sunday,50
U001,50,2026-09-07,Monday,50
U002,50,2026-09-07,Monday,50
U003,50,2026-09-07,Monday,50
U004,50,2026-09-07,Monday,50
U005,50,2026-09-07,Monday,50
U006,50,2026-09-07,Monday,50
U007,50,2026-09-07,Monday,50
U008,50,2026-09-07,Monday,50
U009,50,2026-09-07,Monday,50
U010,50,2026-09-07,Monday,50
U001,50,2026-09-08,Tuesday,50
U002,50,2026-09-08,Tuesday,50
U003,50,2026-09-08,Tuesday,50
U004,50,2026-09-08,Tuesday,50
U005,50,2026-09-08,Tuesday,50
U006,50,2026-09-08,Tuesday,50
U007,50,2026-09-08,Tuesday,50
U008,50,2026-09-08,Tuesday,50
U009,50,2026-09-08,Tuesday,50
U010,50,2026-09-08,Tuesday,50
U001,50,2026-09-09,Wednesday,50
U002,50,2026-09-09,Wednesday,50
U003,50,2026-09-09,Wednesday,50
U004,50,2026-09-09,Wednesday,50
U005,50,2026-09-09,Wednesday,50
U006,50,2026-09-09,Wednesday,50
U007,50,2026-09-09,Wednesday,50
U008,50,2026-09-09,Wednesday,50
U009,50,2026-09-09,Wednesday,50
U010,50,2026-09-09,Wednesday,50
U001,50,2026-09-10,Thursday,50
U002,50,2026-09-10,Thursday,50
U003,50,2026-09-10,Thursday,50
U004,50,2026-09-10,Thursday,50
U005,50,2026-09-10,Thursday,50
U006,50,2026-09-10,Thursday,50
U007,50,2026-09-10,Thursday,50
U008,50,2026-09-10,Thursday,50
U009,50,2026-09-10,Thursday,50
U010,50,2026-09-10,Thursday,50
U001,50,2026-09-11,Friday,50
U002,50,2026-09-11,Friday,50
U003,50,2026-09-11,Friday,50
U004,50,2026-09-11,Friday,50
U005,50,2026-09-11,Friday,50
U006,50,2026-09-11,Friday,50
U007,50,2026-09-11,Friday,50
U008,50,2026-09-11,Friday,50
U009,50,2026-09-11,Friday,50
U010,50,2026-09-11,Friday,50
U001,50,2026-09-12,Saturday,50
U002,50,2026-09-12,Saturday,50
U003,50,2026-09-12,Saturday,50
U004,50,2026-09-12,Saturday,50
U005,50,2026-09-12,Saturday,50
U006,50,2026-09-12,Saturday,50
U007,50,2026-09-12,Saturday,50
U008,50,2026-09-12,Saturday,50
U009,50,2026-09-12,Saturday,50
U010,50,2026-09-12,Saturday,50
U001,51,2026-09-13,Sunday,51
U002,51,2026-09-13,Sunday,51
U003,51,2026-09-13,Sunday,51
U004,51,2026-09-13,Sunday,51
U005,51,2026-09-13,Sunday,51
U006,51,2026-09-13,Sunday,51
U007,51,2026-09-13,Sunday,51
U008,51,2026-09-13,Sunday,51
U009,51,2026-09-13,Sunday,51
U010,51,2026-09-13,Sunday,51
U001,51,2026-09-14,Monday,51
U002,51,2026-09-14,Monday,51
U003,51,2026-09-14,Monday,51
U004,51,2026-09-14,Monday,51
U005,51,2026-09-14,Monday,51
U006,51,2026-09-14,Monday,51
U007,51,2026-09-14,Monday,51
U008,51,2026-09-14,Monday,51
U009,51,2026-09-14,Monday,51
U010,51,2026-09-14,Monday,51
U001,51,2026-09-15,Tuesday,51
U002,51,2026-09-15,Tuesday,51
U003,51,2026-09-15,Tuesday,51
U004,51,2026-09-15,Tuesday,51
U005,51,2026-09-15,Tuesday,51
U006,51,2026-09-15,Tuesday,51
U007,51,2026-09-15,Tuesday,51
U008,51,2026-09-15,Tuesday,51
U009,51,2026-09-15,Tuesday,51
U010,51,2026-09-15,Tuesday,51
U001,51,2026-09-16,Wednesday,51
U002,51,2026-09-16,Wednesday,51
U003,51,2026-09-16,Wednesday,51
U004,51,2026-09-16,Wednesday,51
U005,51,2026-09-16,Wednesday,51
U006,51,2026-09-16,Wednesday,51
U007,51,2026-09-16,Wednesday,51
U008,51,2026-09-16,Wednesday,51
U009,51,2026-09-16,Wednesday,51
U010,51,2026-09-16,Wednesday,51
U001,51,2026-09-17,Thursday,51
U002,51,2026-09-17,Thursday,51
U003,51,2026-09-17,Thursday,51
U004,51,2026-09-17,Thursday,51
U005,51,2026-09-17,Thursday,51
U006,51,2026-09-17,Thursday,51
U007,51,2026-09-17,Thursday,51
U008,51,2026-09-17,Thursday,51
U009,51,2026-09-17,Thursday,51
U010,51,2026-09-17,Thursday,51
U001,51,2026-09-18,Friday,51
U002,51,2026-09-18,Friday,51
U003,51,2026-09-18,Friday,51
U004,51,2026-09-18,Friday,51
U005,51,2026-09-18,Friday,51
U006,51,2026-09-18,Friday,51
U007,51,2026-09-18,Friday,51
U008,51,2026-09-18,Friday,51
U009,51,2026-09-18,Friday,51
U010,51,2026-09-18,Friday,51
U001,51,2026-09-19,Saturday,51
U002,51,2026-09-19,Saturday,51
U003,51,2026-09-19,Saturday,51
U004,51,2026-09-19,Saturday,51
U005,51,2026-09-19,Saturday,51
U006,51,2026-09-19,Saturday,51
U007,51,2026-09-19,Saturday,51
U008,51,2026-09-19,Saturday,51
U009,51,2026-09-19,Saturday,51
U010,51,2026-09-19,Saturday,51
U001,52,2026-09-20,Sunday,52
U002,52,2026-09-20,Sunday,52
U003,52,2026-09-20,Sunday,52
U004,52,2026-09-20,Sunday,52
U005,52,2026-09-20,Sunday,52
U006,52,2026-09-20,Sunday,52
U007,52,2026-09-20,Sunday,52
U008,52,2026-09-20,Sunday,52
U009,52,2026-09-20,Sunday,52
U010,52,2026-09-20,Sunday,52
U001,52,2026-09-21,Monday,52
U002,52,2026-09-21,Monday,52
U003,52,2026-09-21,Monday,52
U004,52,2026-09-21,Monday,52
U005,52,2026-09-21,Monday,52
U006,52,2026-09-21,Monday,52
U007,52,2026-09-21,Monday,52
U008,52,2026-09-21,Monday,52
U009,52,2026-09-21,Monday,52
U010,52,2026-09-21,Monday,52
U001,52,2026-09-22,Tuesday,52
U002,52,2026-09-22,Tuesday,52
U003,52,2026-09-22,Tuesday,52
U004,52,2026-09-22,Tuesday,52
U005,52,2026-09-22,Tuesday,52
U006,52,2026-09-22,Tuesday,52
U007,52,2026-09-22,Tuesday,52
U008,52,2026-09-22,Tuesday,52
U009,52,2026-09-22,Tuesday,52
U010,52,2026-09-22,Tuesday,52
U001,52,2026-09-23,Wednesday,52
U002,52,2026-09-23,Wednesday,52
U003,52,2026-09-23,Wednesday,52
U004,52,2026-09-23,Wednesday,52
U005,52,2026-09-23,Wednesday,52
U006,52,2026-09-23,Wednesday,52
U007,52,2026-09-23,Wednesday,52
U008,52,2026-09-23,Wednesday,52
U009,52,2026-09-23,Wednesday,52
U010,52,2026-09-23,Wednesday,52
U001,52,2026-09-24,Thursday,52
U002,52,2026-09-24,Thursday,52
U003,52,2026-09-24,Thursday,52
U004,52,2026-09-24,Thursday,52
U005,52,2026-09-24,Thursday,52
U006,52,2026-09-24,Thursday,52
U007,52,2026-09-24,Thursday,52
U008,52,2026-09-24,Thursday,52
U009,52,2026-09-24,Thursday,52
U010,52,2026-09-24,Thursday,52
U001,52,2026-09-25,Friday,52
U002,52,2026-09-25,Friday,52
U003,52,2026-09-25,Friday,52
U004,52,2026-09-25,Friday,52
U005,52,2026-09-25,Friday,52
U006,52,2026-09-25,Friday,52
U007,52,2026-09-25,Friday,52
U008,52,2026-09-25,Friday,52
U009,52,2026-09-25,Friday,52
U010,52,2026-09-25,Friday,52
U001,52,2026-09-26,Saturday,52
U002,52,2026-09-26,Saturday,52
U003,52,2026-09-26,Saturday,52
U004,52,2026-09-26,Saturday,52
U005,52,2026-09-26,Saturday,52
U006,52,2026-09-26,Saturday,52
U007,52,2026-09-26,Saturday,52
U008,52,2026-09-26,Saturday,52
U009,52,2026-09-26,Saturday,52
U010,52,2026-09-26,Saturday,52
U001,53,2026-09-27,Sunday,53
U002,53,2026-09-27,Sunday,53
U003,53,2026-09-27,Sunday,53
U004,53,2026-09-27,Sunday,53
U005,53,2026-09-27,Sunday,53
U006,53,2026-09-27,Sunday,53
U007,53,2026-09-27,Sunday,53
U008,53,2026-09-27,Sunday,53
U009,53,2026-09-27,Sunday,53
U010,53,2026-09-27,Sunday,53
U001,53,2026-09-28,Monday,53
U002,53,2026-09-28,Monday,53
U003,53,2026-09-28,Monday,53
U004,53,2026-09-28,Monday,53
U005,53,2026-09-28,Monday,53
U006,53,2026-09-28,Monday,53
U007,53,2026-09-28,Monday,53
U008,53,2026-09-28,Monday,53
U009,53,2026-09-28,Monday,53
U010,53,2026-09-28,Monday,53
