user_id,week,date,day_of_week,week_number,planned_hours,actual_hours,schedule_adherence,time_management_score,late_tasks,deadline_misses,planning_sessions,priority_tasks_completed
U001,1,2025-09-28,Sunday,1,2.06,2.24,1.0,94.63,1,0,1,1
U002,1,2025-09-28,Sunday,1,3.76,2.9,0.77,78.51,0,0,1,1
U003,1,2025-09-28,Sunday,1,2.92,2.69,0.92,81.42,1,0,0,0
U004,1,2025-09-28,Sunday,1,3.05,2.59,0.85,81.59,1,0,0,2
U005,1,2025-09-28,Sunday,1,3.35,3.6,1.0,84.0,1,0,0,2
U006,1,2025-09-28,Sunday,1,1.68,1.02,0.61,79.75,0,0,1,1
U007,1,2025-09-28,Sunday,1,1.09,1.02,0.94,79.87,0,0,0,1
U008,1,2025-09-28,Sunday,1,2.75,1.3,0.47,65.0,1,0,1,0
U009,1,2025-09-28,Sunday,1,3.02,2.31,0.76,85.47,1,0,0,0
U010,1,2025-09-28,Sunday,1,3.87,2.94,0.76,79.59,1,0,1,1
U001,1,2025-09-29,Monday,1,4.9,3.71,0.76,81.47,2,0,1,1
U002,1,2025-09-29,Monday,1,6.52,6.56,1.0,86.63,0,0,1,3
U003,1,2025-09-29,Monday,1,5.84,5.55,0.95,80.12,2,0,2,2
U004,1,2025-09-29,Monday,1,6.08,5.34,0.88,82.91,0,0,1,3
U005,1,2025-09-29,Monday,1,7.2,6.91,0.96,83.32,1,0,2,1
U006,1,2025-09-29,Monday,1,7.15,5.9,0.83,82.39,0,0,2,2
U007,1,2025-09-29,Monday,1,7.25,6.68,0.92,90.84,0,0,2,2
U008,1,2025-09-29,Monday,1,8.5,7.26,0.85,89.52,0,0,1,3
U009,1,2025-09-29,Monday,1,6.66,5.95,0.89,86.31,1,0,1,3
U010,1,2025-09-29,Monday,1,5.34,4.67,0.87,80.6,1,0,1,3
U001,1,2025-09-30,Tuesday,1,8.13,7.63,0.94,78.44,2,0,2,1
U002,1,2025-09-30,Tuesday,1,4.64,3.93,0.85,88.71,1,0,1,3
U003,1,2025-09-30,Tuesday,1,7.13,6.28,0.88,80.56,2,1,1,3
U004,1,2025-09-30,Tuesday,1,7.27,6.27,0.86,78.57,2,0,2,2
U005,1,2025-09-30,Tuesday,1,7.9,6.68,0.85,76.32,2,0,2,3
U006,1,2025-09-30,Tuesday,1,5.52,5.46,0.99,87.48,0,0,1,1
U007,1,2025-09-30,Tuesday,1,5.95,5.31,0.89,87.74,0,0,1,2
U008,1,2025-09-30,Tuesday,1,6.48,6.34,0.98,83.1,2,0,1,1
U009,1,2025-09-30,Tuesday,1,6.37,5.81,0.91,82.74,0,0,2,2
U010,1,2025-09-30,Tuesday,1,6.42,5.82,0.91,78.23,0,0,2,3
U001,1,2025-10-01,Wednesday,1,6.85,5.98,0.87,80.28,2,0,2,2
U002,1,2025-10-01,Wednesday,1,6.45,6.22,0.96,80.91,0,0,1,3
U003,1,2025-10-01,Wednesday,1,5.25,4.13,0.79,77.47,0,0,2,1
U004,1,2025-10-01,Wednesday,1,6.09,5.71,0.94,89.17,2,0,1,2
U005,1,2025-10-01,Wednesday,1,7.46,6.71,0.9,84.33,0,0,1,2
U006,1,2025-10-01,Wednesday,1,6.16,5.85,0.95,79.75,2,0,1,2
U007,1,2025-10-01,Wednesday,1,7.94,7.41,0.93,82.49,0,0,1,2
U008,1,2025-10-01,Wednesday,1,5.74,4.82,0.84,74.48,1,0,2,3
U009,1,2025-10-01,Wednesday,1,7.26,7.25,1.0,90.35,1,0,1,1
U010,1,2025-10-01,Wednesday,1,6.51,5.77,0.89,88.67,2,0,1,1
U001,1,2025-10-02,Thursday,1,4.78,4.05,0.85,81.44,0,0,2,1
U002,1,2025-10-02,Thursday,1,7.63,6.47,0.85,84.55,0,0,2,3
U003,1,2025-10-02,Thursday,1,8.26,6.95,0.84,84.34,2,0,2,3
U004,1,2025-10-02,Thursday,1,6.07,5.9,0.97,80.0,1,0,1,2
U005,1,2025-10-02,Thursday,1,6.09,6.34,1.0,87.41,1,0,1,3
U006,1,2025-10-02,Thursday,1,5.5,5.36,0.97,82.48,2,0,1,2
U007,1,2025-10-02,Thursday,1,7.9,6.67,0.84,85.35,0,0,2,2
U008,1,2025-10-02,Thursday,1,6.84,6.25,0.91,88.56,0,0,2,3
U009,1,2025-10-02,Thursday,1,8.64,7.93,0.92,89.02,1,0,1,2
U010,1,2025-10-02,Thursday,1,5.78,6.11,1.0,87.97,0,0,1,1
U001,1,2025-10-03,Friday,1,5.68,5.41,0.95,82.16,1,0,1,3
U002,1,2025-10-03,Friday,1,10.16,9.53,0.94,84.99,1,0,1,3
U003,1,2025-10-03,Friday,1,5.79,5.0,0.86,82.6,0,0,2,2
U004,1,2025-10-03,Friday,1,6.02,5.42,0.9,79.33,1,0,2,1
U005,1,2025-10-03,Friday,1,7.02,6.13,0.87,82.61,2,0,1,3
U006,1,2025-10-03,Friday,1,6.48,5.68,0.88,76.97,0,0,2,3
U007,1,2025-10-03,Friday,1,5.21,4.91,0.94,83.0,0,0,1,3
U008,1,2025-10-03,Friday,1,5.68,5.3,0.93,83.22,2,0,2,1
U009,1,2025-10-03,Friday,1,7.69,7.35,0.96,84.95,0,0,2,3
U010,1,2025-10-03,Friday,1,7.06,6.0,0.85,78.33,2,0,2,1
U001,1,2025-10-04,Saturday,1,1.64,1.08,0.66,76.08,1,0,0,0
U002,1,2025-10-04,Saturday,1,2.71,2.09,0.77,78.22,0,0,0,1
U003,1,2025-10-04,Saturday,1,2.05,1.32,0.64,76.21,0,0,1,1
U004,1,2025-10-04,Saturday,1,1.86,1.63,0.88,81.33,1,0,0,1
U005,1,2025-10-04,Saturday,1,2.73,2.07,0.76,74.84,0,0,1,1
U006,1,2025-10-04,Saturday,1,2.49,2.2,0.88,81.57,0,0,0,0
U007,1,2025-10-04,Saturday,1,4.59,2.96,0.64,79.93,0,1,0,2
U008,1,2025-10-04,Saturday,1,3.16,3.18,1.0,82.26,1,1,0,1
U009,1,2025-10-04,Saturday,1,2.77,1.72,0.62,74.61,0,0,0,0
U010,1,2025-10-04,Saturday,1,2.84,1.85,0.65,77.37,0,0,1,2
U001,2,2025-10-05,Sunday,2,1.28,0.78,0.61,78.39,1,0,0,0
U002,2,2025-10-05,Sunday,2,2.18,1.05,0.48,67.32,1,0,1,2
U003,2,2025-10-05,Sunday,2,2.72,1.9,0.7,73.44,0,1,0,2
U004,2,2025-10-05,Sunday,2,2.23,1.57,0.7,79.29,1,0,0,0
U005,2,2025-10-05,Sunday,2,4.13,3.35,0.81,78.49,0,0,0,1
U006,2,2025-10-05,Sunday,2,1.06,0.5,0.47,67.36,1,0,0,1
U007,2,2025-10-05,Sunday,2,2.51,2.0,0.8,86.06,1,0,1,0
U008,2,2025-10-05,Sunday,2,2.39,1.98,0.83,80.95,1,0,0,1
U009,2,2025-10-05,Sunday,2,2.41,2.95,1.0,82.43,0,0,1,1
U010,2,2025-10-05,Sunday,2,4.24,3.97,0.94,81.57,1,0,0,0
U001,2,2025-10-06,Monday,2,6.21,5.8,0.93,84.04,1,0,1,3
U002,2,2025-10-06,Monday,2,7.2,6.75,0.94,83.92,0,1,2,1
U003,2,2025-10-06,Monday,2,6.35,5.98,0.94,85.9,0,0,2,1
U004,2,2025-10-06,Monday,2,6.07,5.11,0.84,86.38,0,0,2,3
U005,2,2025-10-06,Monday,2,8.04,6.81,0.85,75.75,2,1,1,3
U006,2,2025-10-06,Monday,2,6.89,5.99,0.87,78.97,1,0,1,2
U007,2,2025-10-06,Monday,2,8.38,7.96,0.95,80.52,2,0,1,1
U008,2,2025-10-06,Monday,2,4.76,4.37,0.92,89.95,1,0,2,3
U009,2,2025-10-06,Monday,2,8.76,8.19,0.93,87.88,2,0,2,1
U010,2,2025-10-06,Monday,2,6.03,5.37,0.89,86.87,0,0,2,1
U001,2,2025-10-07,Tuesday,2,5.43,4.61,0.85,77.06,1,0,2,1
U002,2,2025-10-07,Tuesday,2,5.79,5.77,1.0,82.46,0,0,1,1
U003,2,2025-10-07,Tuesday,2,3.97,3.84,0.97,81.05,2,0,2,1
U004,2,2025-10-07,Tuesday,2,6.84,5.99,0.88,76.73,0,0,1,1
U005,2,2025-10-07,Tuesday,2,7.68,6.44,0.84,86.73,1,0,1,3
U006,2,2025-10-07,Tuesday,2,5.3,4.88,0.92,77.35,1,0,2,1
U007,2,2025-10-07,Tuesday,2,6.41,5.97,0.93,79.56,1,1,2,2
U008,2,2025-10-07,Tuesday,2,6.32,5.6,0.89,87.5,0,0,1,1
U009,2,2025-10-07,Tuesday,2,7.1,6.08,0.86,87.67,2,0,2,1
U010,2,2025-10-07,Tuesday,2,5.86,5.52,0.94,89.38,1,0,2,3
U001,2,2025-10-08,Wednesday,2,4.38,3.9,0.89,80.54,0,0,2,2
U002,2,2025-10-08,Wednesday,2,7.67,7.14,0.93,81.94,1,0,2,1
U003,2,2025-10-08,Wednesday,2,5.71,4.97,0.87,88.73,0,0,2,1
U004,2,2025-10-08,Wednesday,2,5.95,6.11,1.0,93.63,1,0,2,2
U005,2,2025-10-08,Wednesday,2,5.86,5.0,0.85,79.24,1,1,1,1
U006,2,2025-10-08,Wednesday,2,4.38,4.04,0.92,90.8,1,0,2,3
U007,2,2025-10-08,Wednesday,2,5.09,4.76,0.94,85.59,0,0,1,1
U008,2,2025-10-08,Wednesday,2,5.39,4.76,0.88,78.9,0,0,1,1
U009,2,2025-10-08,Wednesday,2,10.02,9.71,0.97,89.23,2,0,1,2
U010,2,2025-10-08,Wednesday,2,4.96,3.82,0.77,73.75,1,0,2,1
U001,2,2025-10-09,Thursday,2,8.47,7.25,0.86,82.77,0,0,1,1
U002,2,2025-10-09,Thursday,2,6.01,5.55,0.92,90.43,0,0,1,3
U003,2,2025-10-09,Thursday,2,7.13,6.7,0.94,79.21,1,0,1,1
U004,2,2025-10-09,Thursday,2,6.11,5.95,0.97,87.17,1,0,1,3
U005,2,2025-10-09,Thursday,2,6.67,6.37,0.96,88.64,0,0,2,2
U006,2,2025-10-09,Thursday,2,6.2,6.01,0.97,87.04,0,1,2,3
U007,2,2025-10-09,Thursday,2,5.11,4.77,0.93,89.52,1,0,2,2
U008,2,2025-10-09,Thursday,2,6.88,5.85,0.85,81.51,0,0,1,2
U009,2,2025-10-09,Thursday,2,6.61,5.79,0.88,88.34,2,0,1,3
U010,2,2025-10-09,Thursday,2,5.85,5.56,0.95,86.6,1,0,1,3
U001,2,2025-10-10,Friday,2,6.71,6.57,0.98,89.59,2,0,2,2
U002,2,2025-10-10,Friday,2,4.44,4.64,1.0,90.71,0,0,2,3
U003,2,2025-10-10,Friday,2,4.96,4.28,0.86,75.47,2,0,2,3
U004,2,2025-10-10,Friday,2,6.26,6.09,0.97,81.5,1,0,2,3
U005,2,2025-10-10,Friday,2,6.72,6.02,0.9,82.07,1,0,1,1
U006,2,2025-10-10,Friday,2,6.06,5.01,0.83,79.77,1,0,1,2
U007,2,2025-10-10,Friday,2,5.0,5.01,1.0,89.54,2,0,2,2
U008,2,2025-10-10,Friday,2,5.88,5.33,0.91,83.32,2,0,1,3
U009,2,2025-10-10,Friday,2,4.43,4.26,0.96,88.85,0,0,1,2
U010,2,2025-10-10,Friday,2,6.87,6.18,0.9,84.09,1,0,2,1
U001,2,2025-10-11,Saturday,2,2.84,1.86,0.65,81.83,1,0,1,1
U002,2,2025-10-11,Saturday,2,1.5,0.5,0.4,61.34,0,0,1,2
U003,2,2025-10-11,Saturday,2,3.73,2.61,0.7,77.37,1,0,1,1
U004,2,2025-10-11,Saturday,2,3.25,1.56,0.48,72.03,0,0,0,0
U005,2,2025-10-11,Saturday,2,2.23,1.81,0.81,79.31,1,0,0,0
U006,2,2025-10-11,Saturday,2,1.5,1.5,1.0,86.13,1,0,1,1
U007,2,2025-10-11,Saturday,2,2.81,2.23,0.79,79.02,1,0,0,1
U008,2,2025-10-11,Saturday,2,1.8,0.86,0.48,65.13,1,0,1,1
U009,2,2025-10-11,Saturday,2,4.47,3.58,0.8,78.81,1,0,1,0
U010,2,2025-10-11,Saturday,2,2.03,1.53,0.75,81.62,1,0,0,1
U001,3,2025-10-12,Sunday,3,2.45,1.58,0.64,72.01,0,0,0,0
U002,3,2025-10-12,Sunday,3,2.43,1.33,0.55,70.81,1,0,1,0
U003,3,2025-10-12,Sunday,3,4.49,3.2,0.71,82.1,1,0,0,2
U004,3,2025-10-12,Sunday,3,1.77,1.61,0.91,81.21,1,0,0,0
U005,3,2025-10-12,Sunday,3,2.36,2.04,0.86,83.39,1,0,0,1
U006,3,2025-10-12,Sunday,3,2.25,1.96,0.87,90.32,0,0,1,1
U007,3,2025-10-12,Sunday,3,2.83,1.46,0.52,69.85,0,0,0,1
U008,3,2025-10-12,Sunday,3,2.34,1.89,0.81,87.08,0,0,0,0
U009,3,2025-10-12,Sunday,3,1.94,1.53,0.79,77.57,1,0,1,1
U010,3,2025-10-12,Sunday,3,2.39,1.23,0.51,72.05,1,0,1,1
U001,3,2025-10-13,Monday,3,5.94,5.56,0.94,90.34,0,0,1,3
U002,3,2025-10-13,Monday,3,7.87,7.36,0.94,86.86,0,0,2,1
U003,3,2025-10-13,Monday,3,5.58,4.83,0.87,78.85,1,0,2,1
U004,3,2025-10-13,Monday,3,7.16,6.26,0.87,86.53,0,0,2,1
U005,3,2025-10-13,Monday,3,9.12,8.4,0.92,85.8,1,1,2,1
U006,3,2025-10-13,Monday,3,5.86,4.8,0.82,88.42,1,0,1,2
U007,3,2025-10-13,Monday,3,7.92,6.94,0.88,78.44,0,0,2,3
U008,3,2025-10-13,Monday,3,4.94,4.11,0.83,81.39,2,0,2,2
U009,3,2025-10-13,Monday,3,9.24,8.74,0.95,87.47,2,0,1,2
U010,3,2025-10-13,Monday,3,5.75,4.81,0.84,76.4,2,0,2,2
U001,3,2025-10-14,Tuesday,3,6.17,5.8,0.94,90.73,0,0,2,1
U002,3,2025-10-14,Tuesday,3,7.22,6.25,0.87,89.04,0,0,1,2
U003,3,2025-10-14,Tuesday,3,2.33,3.49,1.0,86.2,2,0,1,2
U004,3,2025-10-14,Tuesday,3,6.21,5.72,0.92,83.41,2,0,2,3
U005,3,2025-10-14,Tuesday,3,8.84,8.4,0.95,79.7,2,0,2,3
U006,3,2025-10-14,Tuesday,3,7.94,6.79,0.86,84.66,1,0,1,2
U007,3,2025-10-14,Tuesday,3,9.65,8.39,0.87,88.67,1,0,2,2
U008,3,2025-10-14,Tuesday,3,5.1,4.22,0.83,82.96,2,0,1,3
U009,3,2025-10-14,Tuesday,3,6.04,5.75,0.95,89.59,1,0,1,1
U010,3,2025-10-14,Tuesday,3,7.08,6.41,0.91,86.24,1,1,1,3
U001,3,2025-10-15,Wednesday,3,6.39,6.14,0.96,86.78,0,0,2,1
U002,3,2025-10-15,Wednesday,3,7.6,6.73,0.89,83.52,0,0,1,1
U003,3,2025-10-15,Wednesday,3,5.66,5.29,0.93,87.85,0,1,1,1
U004,3,2025-10-15,Wednesday,3,6.42,5.51,0.86,75.16,0,0,2,1
U005,3,2025-10-15,Wednesday,3,5.74,5.35,0.93,78.21,0,0,1,2
U006,3,2025-10-15,Wednesday,3,8.53,7.79,0.91,80.23,1,1,1,2
U007,3,2025-10-15,Wednesday,3,5.65,5.5,0.97,79.51,0,0,1,1
U008,3,2025-10-15,Wednesday,3,2.94,2.81,0.96,89.0,1,0,2,1
U009,3,2025-10-15,Wednesday,3,6.85,6.22,0.91,83.63,1,0,1,3
U010,3,2025-10-15,Wednesday,3,7.51,6.9,0.92,79.8,0,0,2,1
U001,3,2025-10-16,Thursday,3,5.97,5.37,0.9,86.86,0,0,1,3
U002,3,2025-10-16,Thursday,3,7.18,6.54,0.91,86.86,2,0,2,1
U003,3,2025-10-16,Thursday,3,5.23,4.8,0.92,89.94,1,0,1,1
U004,3,2025-10-16,Thursday,3,7.72,6.98,0.9,76.9,0,0,2,1
U005,3,2025-10-16,Thursday,3,8.32,7.25,0.87,77.22,1,0,2,3
U006,3,2025-10-16,Thursday,3,4.79,4.29,0.9,77.9,0,1,1,3
U007,3,2025-10-16,Thursday,3,8.32,7.69,0.92,85.89,0,0,2,2
U008,3,2025-10-16,Thursday,3,4.39,2.9,0.66,70.98,2,0,2,1
U009,3,2025-10-16,Thursday,3,6.34,6.32,1.0,81.84,1,0,1,2
U010,3,2025-10-16,Thursday,3,6.66,6.56,0.98,91.19,1,0,1,1
U001,3,2025-10-17,Friday,3,7.86,6.97,0.89,90.81,0,0,2,3
U002,3,2025-10-17,Friday,3,7.14,6.26,0.88,87.62,2,0,1,1
U003,3,2025-10-17,Friday,3,6.56,5.16,0.79,81.67,2,0,1,1
U004,3,2025-10-17,Friday,3,5.52,4.6,0.83,75.68,2,0,1,2
U005,3,2025-10-17,Friday,3,6.92,5.73,0.83,85.3,2,0,2,1
U006,3,2025-10-17,Friday,3,5.86,5.57,0.95,91.61,2,0,2,2
U007,3,2025-10-17,Friday,3,5.86,5.44,0.93,86.99,0,1,2,1
U008,3,2025-10-17,Friday,3,6.37,5.89,0.92,92.0,1,0,2,3
U009,3,2025-10-17,Friday,3,5.6,5.68,1.0,82.11,2,0,2,2
U010,3,2025-10-17,Friday,3,5.52,5.26,0.95,89.79,2,0,2,2
U001,3,2025-10-18,Saturday,3,4.84,3.56,0.74,83.67,0,0,0,0
U002,3,2025-10-18,Saturday,3,2.31,1.55,0.67,80.42,0,0,1,0
U003,3,2025-10-18,Saturday,3,3.83,3.18,0.83,84.62,1,0,1,1
U004,3,2025-10-18,Saturday,3,3.38,2.42,0.72,75.81,1,0,1,2
U005,3,2025-10-18,Saturday,3,2.51,1.93,0.77,85.64,1,0,0,2
U006,3,2025-10-18,Saturday,3,3.07,2.49,0.81,80.51,0,0,1,1
U007,3,2025-10-18,Saturday,3,2.78,2.68,0.96,80.58,1,0,1,1
U008,3,2025-10-18,Saturday,3,1.9,1.58,0.83,86.39,0,0,1,1
U009,3,2025-10-18,Saturday,3,3.06,2.09,0.68,80.27,0,0,1,0
U010,3,2025-10-18,Saturday,3,2.88,2.06,0.72,80.01,1,0,1,2
U001,4,2025-10-19,Sunday,4,2.81,2.31,0.82,81.24,0,0,1,0
U002,4,2025-10-19,Sunday,4,3.24,1.64,0.51,72.94,1,1,0,2
U003,4,2025-10-19,Sunday,4,2.05,1.63,0.8,77.47,1,0,0,0
U004,4,2025-10-19,Sunday,4,3.95,2.73,0.69,78.42,0,0,0,1
U005,4,2025-10-19,Sunday,4,4.19,3.16,0.75,73.32,1,1,0,1
U006,4,2025-10-19,Sunday,4,3.42,2.67,0.78,80.57,1,0,0,0
U007,4,2025-10-19,Sunday,4,1.87,1.56,0.83,77.76,0,0,1,0
U008,4,2025-10-19,Sunday,4,4.7,4.49,0.96,80.88,1,0,1,1
U009,4,2025-10-19,Sunday,4,3.03,2.51,0.83,83.57,0,0,0,1
U010,4,2025-10-19,Sunday,4,2.44,1.87,0.77,76.02,1,0,0,0
U001,4,2025-10-20,Monday,4,8.04,6.95,0.86,84.15,1,0,1,1
U002,4,2025-10-20,Monday,4,6.73,6.24,0.93,78.2,2,0,1,2
U003,4,2025-10-20,Monday,4,6.64,6.5,0.98,88.58,2,0,2,1
U004,4,2025-10-20,Monday,4,6.99,6.67,0.95,83.69,0,0,2,2
U005,4,2025-10-20,Monday,4,7.73,7.22,0.93,90.13,1,0,2,2
U006,4,2025-10-20,Monday,4,5.64,4.85,0.86,80.52,0,0,1,2
U007,4,2025-10-20,Monday,4,6.85,6.93,1.0,88.24,1,0,2,2
U008,4,2025-10-20,Monday,4,3.86,3.81,0.99,88.31,2,0,1,3
U009,4,2025-10-20,Monday,4,9.08,9.15,1.0,85.96,1,0,2,3
U010,4,2025-10-20,Monday,4,6.35,5.48,0.86,88.38,0,0,2,1
U001,4,2025-10-21,Tuesday,4,6.34,5.61,0.88,85.16,1,0,2,3
U002,4,2025-10-21,Tuesday,4,6.9,5.93,0.86,79.12,1,0,1,1
U003,4,2025-10-21,Tuesday,4,7.72,7.04,0.91,85.36,1,0,1,3
U004,4,2025-10-21,Tuesday,4,10.51,10.16,0.97,89.05,0,1,1,1
U005,4,2025-10-21,Tuesday,4,8.49,8.22,0.97,88.55,2,0,1,1
U006,4,2025-10-21,Tuesday,4,8.32,7.29,0.88,87.15,1,0,1,1
U007,4,2025-10-21,Tuesday,4,7.22,6.47,0.9,85.32,1,0,2,3
U008,4,2025-10-21,Tuesday,4,5.46,4.98,0.91,88.83,1,0,2,3
U009,4,2025-10-21,Tuesday,4,8.92,8.13,0.91,81.1,1,0,1,2
U010,4,2025-10-21,Tuesday,4,6.07,5.26,0.87,88.35,0,0,1,3
U001,4,2025-10-22,Wednesday,4,8.35,7.3,0.87,83.01,2,0,2,3
U002,4,2025-10-22,Wednesday,4,6.93,5.96,0.86,80.52,0,1,2,2
U003,4,2025-10-22,Wednesday,4,6.41,5.49,0.86,85.39,2,0,1,1
U004,4,2025-10-22,Wednesday,4,8.12,7.21,0.89,90.85,1,0,1,1
U005,4,2025-10-22,Wednesday,4,7.58,7.07,0.93,81.4,0,0,1,3
U006,4,2025-10-22,Wednesday,4,4.98,5.14,1.0,90.92,0,0,2,2
U007,4,2025-10-22,Wednesday,4,6.44,5.76,0.89,78.64,0,0,1,3
U008,4,2025-10-22,Wednesday,4,6.51,5.42,0.83,79.01,1,0,2,2
U009,4,2025-10-22,Wednesday,4,7.54,6.52,0.86,89.45,1,0,1,1
U010,4,2025-10-22,Wednesday,4,8.2,7.54,0.92,90.0,1,1,2,2
U001,4,2025-10-23,Thursday,4,7.11,6.27,0.88,78.43,0,0,1,1
U002,4,2025-10-23,Thursday,4,5.81,4.83,0.83,86.19,1,0,2,3
U003,4,2025-10-23,Thursday,4,5.16,4.84,0.94,90.89,2,0,1,3
U004,4,2025-10-23,Thursday,4,4.69,4.02,0.86,85.68,2,0,1,3
U005,4,2025-10-23,Thursday,4,6.47,5.6,0.87,77.11,0,0,1,3
U006,4,2025-10-23,Thursday,4,8.65,7.23,0.84,76.3,1,0,2,3
U007,4,2025-10-23,Thursday,4,7.5,6.94,0.93,92.31,0,0,1,3
U008,4,2025-10-23,Thursday,4,4.8,4.33,0.9,87.27,1,0,1,1
U009,4,2025-10-23,Thursday,4,9.48,8.74,0.92,78.7,1,0,1,1
U010,4,2025-10-23,Thursday,4,6.18,6.04,0.98,94.02,2,0,2,3
U001,4,2025-10-24,Friday,4,7.06,6.86,0.97,89.52,2,0,2,1
U002,4,2025-10-24,Friday,4,6.51,5.49,0.84,82.81,2,1,1,2
U003,4,2025-10-24,Friday,4,5.13,4.46,0.87,77.48,0,0,2,3
U004,4,2025-10-24,Friday,4,4.46,3.71,0.83,83.14,2,0,1,1
U005,4,2025-10-24,Friday,4,9.9,9.45,0.95,81.42,0,0,2,2
U006,4,2025-10-24,Friday,4,7.16,6.82,0.95,88.58,1,0,2,3
U007,4,2025-10-24,Friday,4,4.74,4.23,0.89,78.51,1,0,2,3
U008,4,2025-10-24,Friday,4,4.09,4.03,0.99,94.3,1,0,1,3
U009,4,2025-10-24,Friday,4,5.94,5.55,0.93,84.96,0,0,2,2
U010,4,2025-10-24,Friday,4,6.71,5.94,0.89,77.29,0,0,2,1
U001,4,2025-10-25,Saturday,4,2.93,2.22,0.76,74.34,1,0,1,0
U002,4,2025-10-25,Saturday,4,2.61,1.83,0.7,80.36,0,0,0,2
U003,4,2025-10-25,Saturday,4,3.49,2.37,0.68,74.86,0,0,0,0
U004,4,2025-10-25,Saturday,4,2.55,2.42,0.95,90.23,1,0,0,1
U005,4,2025-10-25,Saturday,4,2.05,1.54,0.75,83.82,1,0,0,2
U006,4,2025-10-25,Saturday,4,2.02,2.47,1.0,87.75,0,0,1,1
U007,4,2025-10-25,Saturday,4,1.91,1.47,0.77,85.21,1,0,1,1
U008,4,2025-10-25,Saturday,4,4.1,2.75,0.67,78.34,0,0,1,1
U009,4,2025-10-25,Saturday,4,2.35,1.97,0.84,84.23,1,0,1,0
U010,4,2025-10-25,Saturday,4,3.61,2.32,0.64,77.61,0,0,0,1
U001,5,2025-10-26,Sunday,5,1.88,1.33,0.71,75.45,1,0,1,1
U002,5,2025-10-26,Sunday,5,0.87,1.02,1.0,90.67,1,1,0,2
U003,5,2025-10-26,Sunday,5,2.95,1.99,0.67,81.9,1,0,1,1
U004,5,2025-10-26,Sunday,5,2.29,1.66,0.72,74.87,0,0,1,0
U005,5,2025-10-26,Sunday,5,1.44,1.04,0.72,84.41,0,0,1,2
U006,5,2025-10-26,Sunday,5,2.03,1.92,0.95,80.32,1,0,1,2
U007,5,2025-10-26,Sunday,5,1.03,0.84,0.82,77.72,1,0,1,0
U008,5,2025-10-26,Sunday,5,2.47,1.88,0.76,80.08,0,0,1,0
U009,5,2025-10-26,Sunday,5,3.52,2.62,0.74,82.75,0,0,1,2
U010,5,2025-10-26,Sunday,5,2.01,1.71,0.85,77.53,0,0,1,0
U001,5,2025-10-27,Monday,5,6.83,6.18,0.9,79.86,2,0,2,2
U002,5,2025-10-27,Monday,5,7.04,5.54,0.79,82.54,0,0,2,2
U003,5,2025-10-27,Monday,5,9.27,8.26,0.89,84.79,1,0,2,2
U004,5,2025-10-27,Monday,5,7.88,6.93,0.88,84.96,0,0,1,2
U005,5,2025-10-27,Monday,5,5.45,4.85,0.89,89.08,0,0,1,1
U006,5,2025-10-27,Monday,5,8.13,7.6,0.93,83.04,2,0,1,3
U007,5,2025-10-27,Monday,5,8.54,7.72,0.9,81.73,0,0,2,1
U008,5,2025-10-27,Monday,5,4.85,4.72,0.97,87.48,1,0,2,2
U009,5,2025-10-27,Monday,5,4.02,4.18,1.0,94.01,2,0,2,2
U010,5,2025-10-27,Monday,5,6.12,5.72,0.93,89.34,1,0,2,1
U001,5,2025-10-28,Tuesday,5,6.21,5.19,0.84,85.65,1,0,1,3
U002,5,2025-10-28,Tuesday,5,6.66,5.94,0.89,85.37,2,0,1,2
U003,5,2025-10-28,Tuesday,5,5.83,5.03,0.86,77.49,0,0,1,3
U004,5,2025-10-28,Tuesday,5,6.48,5.31,0.82,84.77,0,1,1,3
U005,5,2025-10-28,Tuesday,5,7.7,6.68,0.87,81.9,2,0,1,2
U006,5,2025-10-28,Tuesday,5,5.28,4.33,0.82,83.82,0,0,1,2
U007,5,2025-10-28,Tuesday,5,5.9,5.2,0.88,90.23,1,0,1,2
U008,5,2025-10-28,Tuesday,5,4.4,4.59,1.0,83.87,1,0,2,1
U009,5,2025-10-28,Tuesday,5,5.01,4.34,0.87,89.61,2,0,2,1
U010,5,2025-10-28,Tuesday,5,6.16,5.69,0.92,90.39,0,0,2,2
U001,5,2025-10-29,Wednesday,5,7.58,7.06,0.93,84.39,0,0,2,2
U002,5,2025-10-29,Wednesday,5,8.22,6.77,0.82,86.78,1,0,1,2
U003,5,2025-10-29,Wednesday,5,5.28,4.6,0.87,82.2,2,0,1,1
U004,5,2025-10-29,Wednesday,5,4.7,4.47,0.95,78.64,2,0,1,2
U005,5,2025-10-29,Wednesday,5,8.35,8.11,0.97,92.76,2,0,2,3
U006,5,2025-10-29,Wednesday,5,6.71,5.66,0.84,76.74,2,0,1,3
U007,5,2025-10-29,Wednesday,5,5.93,5.22,0.88,82.74,0,0,2,3
U008,5,2025-10-29,Wednesday,5,7.77,6.4,0.82,77.97,1,0,2,3
U009,5,2025-10-29,Wednesday,5,8.14,8.12,1.0,85.27,1,0,1,2
U010,5,2025-10-29,Wednesday,5,5.41,5.44,1.0,82.36,2,0,2,1
U001,5,2025-10-30,Thursday,5,6.89,6.1,0.89,81.2,1,0,1,3
U002,5,2025-10-30,Thursday,5,8.6,7.53,0.88,88.32,2,1,1,3
U003,5,2025-10-30,Thursday,5,5.35,4.91,0.92,86.99,1,0,1,1
U004,5,2025-10-30,Thursday,5,6.18,5.54,0.9,91.32,0,0,2,3
U005,5,2025-10-30,Thursday,5,7.05,7.13,1.0,81.58,0,0,1,2
U006,5,2025-10-30,Thursday,5,6.23,5.31,0.85,83.65,0,0,2,3
U007,5,2025-10-30,Thursday,5,4.5,4.56,1.0,82.85,2,0,1,1
U008,5,2025-10-30,Thursday,5,4.19,3.85,0.92,91.76,1,1,2,1
U009,5,2025-10-30,Thursday,5,8.66,7.88,0.91,76.93,1,0,1,1
U010,5,2025-10-30,Thursday,5,8.24,7.32,0.89,85.93,0,1,2,3
U001,5,2025-10-31,Friday,5,6.34,5.54,0.87,79.79,0,0,1,2
U002,5,2025-10-31,Friday,5,7.36,6.47,0.88,83.75,2,0,2,2
U003,5,2025-10-31,Friday,5,8.22,7.4,0.9,86.16,0,1,1,3
U004,5,2025-10-31,Friday,5,6.59,5.99,0.91,82.37,2,0,2,2
U005,5,2025-10-31,Friday,5,6.23,5.46,0.88,75.97,0,0,1,2
U006,5,2025-10-31,Friday,5,2.53,2.42,0.96,83.84,2,0,1,2
U007,5,2025-10-31,Friday,5,5.49,5.4,0.98,83.1,1,0,1,3
U008,5,2025-10-31,Friday,5,6.57,5.2,0.79,81.91,2,0,2,3
U009,5,2025-10-31,Friday,5,7.58,6.91,0.91,81.63,2,0,2,1
U010,5,2025-10-31,Friday,5,7.39,6.2,0.84,84.14,2,0,2,2
U001,5,2025-11-01,Saturday,5,1.1,1.07,0.97,88.08,1,0,1,1
U002,5,2025-11-01,Saturday,5,2.84,2.19,0.77,77.72,1,0,1,1
U003,5,2025-11-01,Saturday,5,3.1,2.06,0.66,73.09,0,0,0,2
U004,5,2025-11-01,Saturday,5,2.7,2.21,0.82,85.65,0,0,0,0
U005,5,2025-11-01,Saturday,5,1.68,1.63,0.97,87.37,0,0,1,1
U006,5,2025-11-01,Saturday,5,3.18,2.63,0.83,74.66,1,0,1,1
U007,5,2025-11-01,Saturday,5,2.11,1.72,0.82,79.21,0,0,1,1
U008,5,2025-11-01,Saturday,5,2.67,2.44,0.91,86.14,0,0,0,2
U009,5,2025-11-01,Saturday,5,3.4,3.11,0.91,88.11,1,0,1,0
U010,5,2025-11-01,Saturday,5,2.37,1.83,0.77,75.49,1,0,0,1
U001,6,2025-11-02,Sunday,6,2.06,1.5,0.73,82.67,1,0,0,2
U002,6,2025-11-02,Sunday,6,2.49,2.0,0.8,86.79,0,0,0,2
U003,6,2025-11-02,Sunday,6,2.42,1.61,0.67,71.15,1,0,1,0
U004,6,2025-11-02,Sunday,6,2.07,1.82,0.88,78.73,0,0,0,1
U005,6,2025-11-02,Sunday,6,4.02,3.36,0.84,85.47,1,0,1,2
U006,6,2025-11-02,Sunday,6,1.24,1.41,1.0,90.0,1,0,0,1
U007,6,2025-11-02,Sunday,6,3.24,2.73,0.84,78.51,1,0,1,0
U008,6,2025-11-02,Sunday,6,3.1,2.95,0.95,81.79,0,0,0,0
U009,6,2025-11-02,Sunday,6,1.06,0.97,0.92,85.91,1,1,1,2
U010,6,2025-11-02,Sunday,6,2.47,2.35,0.95,89.76,1,0,0,2
U001,6,2025-11-03,Monday,6,7.84,6.95,0.89,81.71,2,0,2,3
U002,6,2025-11-03,Monday,6,6.65,5.72,0.86,89.68,2,0,1,3
U003,6,2025-11-03,Monday,6,8.38,6.93,0.83,78.89,1,0,1,2
U004,6,2025-11-03,Monday,6,7.36,5.99,0.81,87.58,1,0,1,2
U005,6,2025-11-03,Monday,6,7.75,7.54,0.97,91.63,0,0,1,1
U006,6,2025-11-03,Monday,6,5.94,5.38,0.91,82.17,1,0,2,1
U007,6,2025-11-03,Monday,6,9.62,8.24,0.86,77.03,1,0,1,3
U008,6,2025-11-03,Monday,6,4.19,3.88,0.93,78.43,0,0,2,3
U009,6,2025-11-03,Monday,6,7.66,7.23,0.94,88.67,0,0,1,2
U010,6,2025-11-03,Monday,6,6.53,5.67,0.87,79.93,1,0,2,3
U001,6,2025-11-04,Tuesday,6,5.09,3.73,0.73,77.6,1,0,1,1
U002,6,2025-11-04,Tuesday,6,6.96,6.43,0.92,85.25,2,0,2,3
U003,6,2025-11-04,Tuesday,6,3.79,3.99,1.0,82.36,2,0,1,1
U004,6,2025-11-04,Tuesday,6,4.92,4.96,1.0,84.65,1,0,2,1
U005,6,2025-11-04,Tuesday,6,7.88,7.51,0.95,82.7,2,0,1,2
U006,6,2025-11-04,Tuesday,6,6.23,6.32,1.0,91.08,2,0,2,3
U007,6,2025-11-04,Tuesday,6,6.99,6.28,0.9,82.97,1,0,1,3
U008,6,2025-11-04,Tuesday,6,5.56,4.89,0.88,82.58,0,0,1,1
U009,6,2025-11-04,Tuesday,6,8.56,7.24,0.85,75.57,0,0,1,3
U010,6,2025-11-04,Tuesday,6,8.47,7.08,0.84,80.89,0,0,1,2
U001,6,2025-11-05,Wednesday,6,7.47,7.21,0.97,90.73,1,0,1,3
U002,6,2025-11-05,Wednesday,6,6.55,6.16,0.94,88.99,1,0,1,1
U003,6,2025-11-05,Wednesday,6,6.01,5.1,0.85,81.09,0,0,1,3
U004,6,2025-11-05,Wednesday,6,7.12,6.45,0.91,89.67,1,0,1,1
U005,6,2025-11-05,Wednesday,6,6.65,6.91,1.0,82.94,0,0,2,3
U006,6,2025-11-05,Wednesday,6,6.89,5.82,0.84,88.56,1,0,1,3
U007,6,2025-11-05,Wednesday,6,5.9,5.5,0.93,90.68,0,0,2,3
U008,6,2025-11-05,Wednesday,6,7.53,7.52,1.0,86.0,0,0,2,2
U009,6,2025-11-05,Wednesday,6,8.3,7.76,0.93,92.05,2,0,2,3
U010,6,2025-11-05,Wednesday,6,6.22,5.8,0.93,84.86,1,0,1,2
U001,6,2025-11-06,Thursday,6,6.11,5.6,0.92,87.64,2,0,1,2
U002,6,2025-11-06,Thursday,6,7.07,6.58,0.93,85.26,2,0,1,1
U003,6,2025-11-06,Thursday,6,6.1,5.39,0.88,89.75,1,0,1,2
U004,6,2025-11-06,Thursday,6,6.79,5.78,0.85,78.87,2,0,1,2
U005,6,2025-11-06,Thursday,6,5.25,5.04,0.96,85.76,2,0,2,3
U006,6,2025-11-06,Thursday,6,6.33,5.7,0.9,86.19,1,0,2,1
U007,6,2025-11-06,Thursday,6,9.07,8.01,0.88,80.61,0,0,2,1
U008,6,2025-11-06,Thursday,6,9.35,8.55,0.91,84.44,0,0,1,1
U009,6,2025-11-06,Thursday,6,9.94,8.74,0.88,83.15,2,0,2,3
U010,6,2025-11-06,Thursday,6,4.86,4.19,0.86,79.96,0,0,1,1
U001,6,2025-11-07,Friday,6,7.47,6.88,0.92,83.94,0,0,2,3
U002,6,2025-11-07,Friday,6,8.81,8.26,0.94,80.25,1,0,2,2
U003,6,2025-11-07,Friday,6,5.08,4.32,0.85,87.7,1,0,1,3
U004,6,2025-11-07,Friday,6,6.51,6.08,0.93,92.01,0,0,1,2
U005,6,2025-11-07,Friday,6,6.77,6.38,0.94,84.58,1,0,2,3
U006,6,2025-11-07,Friday,6,5.21,5.25,1.0,81.87,2,0,1,3
U007,6,2025-11-07,Friday,6,7.06,6.0,0.85,84.61,1,0,1,3
U008,6,2025-11-07,Friday,6,4.85,4.97,1.0,83.66,1,0,1,1
U009,6,2025-11-07,Friday,6,8.48,7.77,0.92,81.44,2,0,2,1
U010,6,2025-11-07,Friday,6,7.11,6.56,0.92,81.24,2,0,2,2
U001,6,2025-11-08,Saturday,6,2.48,2.2,0.89,90.05,1,0,1,1
U002,6,2025-11-08,Saturday,6,1.54,1.02,0.66,72.86,0,0,1,1
U003,6,2025-11-08,Saturday,6,1.68,0.73,0.43,66.96,1,0,1,0
U004,6,2025-11-08,Saturday,6,2.6,1.6,0.62,69.39,1,0,1,2
U005,6,2025-11-08,Saturday,6,1.01,0.89,0.88,88.07,1,0,0,0
U006,6,2025-11-08,Saturday,6,2.3,2.55,1.0,88.66,1,0,1,0
U007,6,2025-11-08,Saturday,6,2.22,1.92,0.86,82.92,0,1,0,0
U008,6,2025-11-08,Saturday,6,4.32,3.33,0.77,76.09,0,0,1,1
U009,6,2025-11-08,Saturday,6,3.88,2.92,0.75,84.02,1,0,0,2
U010,6,2025-11-08,Saturday,6,2.07,1.0,0.48,63.38,0,0,1,2
U001,7,2025-11-09,Sunday,7,3.9,3.3,0.85,79.0,0,0,0,0
U002,7,2025-11-09,Sunday,7,4.23,3.4,0.8,84.55,0,0,1,1
U003,7,2025-11-09,Sunday,7,1.97,1.24,0.63,75.87,0,0,1,1
U004,7,2025-11-09,Sunday,7,3.84,2.84,0.74,78.45,0,0,1,0
U005,7,2025-11-09,Sunday,7,3.89,3.32,0.85,80.61,0,1,1,2
U006,7,2025-11-09,Sunday,7,1.76,1.38,0.78,73.14,1,0,0,1
U007,7,2025-11-09,Sunday,7,1.41,0.84,0.6,78.69,1,0,0,0
U008,7,2025-11-09,Sunday,7,2.27,1.67,0.74,82.18,0,0,0,0
U009,7,2025-11-09,Sunday,7,3.01,2.66,0.88,87.93,1,0,0,0
U010,7,2025-11-09,Sunday,7,4.09,3.4,0.83,86.27,0,0,0,1
U001,7,2025-11-10,Monday,7,5.09,4.97,0.98,90.18,0,0,2,1
U002,7,2025-11-10,Monday,7,7.85,6.89,0.88,81.81,2,0,1,3
U003,7,2025-11-10,Monday,7,7.29,6.66,0.91,89.66,2,0,2,1
U004,7,2025-11-10,Monday,7,5.76,5.19,0.9,87.33,0,0,1,1
U005,7,2025-11-10,Monday,7,5.29,4.53,0.86,75.91,0,1,2,2
U006,7,2025-11-10,Monday,7,6.59,6.05,0.92,82.47,2,0,1,1
U007,7,2025-11-10,Monday,7,7.73,6.77,0.88,87.43,1,0,1,3
U008,7,2025-11-10,Monday,7,6.7,6.62,0.99,79.69,2,0,1,3
U009,7,2025-11-10,Monday,7,7.88,7.15,0.91,85.2,2,0,1,3
U010,7,2025-11-10,Monday,7,7.25,6.82,0.94,84.06,1,1,1,2
U001,7,2025-11-11,Tuesday,7,6.48,5.68,0.88,87.95,1,0,1,3
U002,7,2025-11-11,Tuesday,7,8.93,7.84,0.88,82.01,1,0,1,3
U003,7,2025-11-11,Tuesday,7,6.02,5.17,0.86,83.08,0,0,2,2
U004,7,2025-11-11,Tuesday,7,5.03,5.23,1.0,83.23,0,1,1,2
U005,7,2025-11-11,Tuesday,7,9.33,8.6,0.92,77.58,2,0,2,2
U006,7,2025-11-11,Tuesday,7,3.61,3.51,0.97,85.29,1,0,2,3
U007,7,2025-11-11,Tuesday,7,8.13,7.15,0.88,90.11,2,0,1,3
U008,7,2025-11-11,Tuesday,7,4.99,4.91,0.98,88.57,1,0,2,1
U009,7,2025-11-11,Tuesday,7,5.95,5.53,0.93,81.77,1,0,1,2
U010,7,2025-11-11,Tuesday,7,7.31,6.93,0.95,87.22,1,0,1,2
U001,7,2025-11-12,Wednesday,7,6.0,5.6,0.93,90.01,2,0,1,1
U002,7,2025-11-12,Wednesday,7,6.63,5.73,0.86,77.57,0,0,2,2
U003,7,2025-11-12,Wednesday,7,5.82,5.49,0.94,82.51,0,0,1,2
U004,7,2025-11-12,Wednesday,7,6.59,5.51,0.84,77.63,0,0,1,3
U005,7,2025-11-12,Wednesday,7,7.18,6.02,0.84,80.51,0,0,1,3
U006,7,2025-11-12,Wednesday,7,6.34,6.1,0.96,83.44,2,1,2,3
U007,7,2025-11-12,Wednesday,7,5.62,4.98,0.89,89.19,0,0,1,3
U008,7,2025-11-12,Wednesday,7,6.07,5.39,0.89,90.2,1,1,2,2
U009,7,2025-11-12,Wednesday,7,8.43,7.56,0.9,90.96,1,0,1,2
U010,7,2025-11-12,Wednesday,7,6.33,5.92,0.94,92.88,0,1,1,3
U001,7,2025-11-13,Thursday,7,7.07,5.76,0.81,74.64,0,0,1,1
U002,7,2025-11-13,Thursday,7,7.21,6.91,0.96,80.67,1,0,2,3
U003,7,2025-11-13,Thursday,7,6.07,5.76,0.95,88.99,0,0,2,1
U004,7,2025-11-13,Thursday,7,7.55,6.95,0.92,84.11,2,0,1,3
U005,7,2025-11-13,Thursday,7,7.99,7.93,0.99,87.32,2,0,1,3
U006,7,2025-11-13,Thursday,7,6.25,6.1,0.98,80.29,2,0,2,2
U007,7,2025-11-13,Thursday,7,6.19,5.82,0.94,80.57,1,0,2,2
U008,7,2025-11-13,Thursday,7,4.88,4.42,0.91,77.15,1,0,1,1
U009,7,2025-11-13,Thursday,7,8.07,8.15,1.0,89.72,0,0,1,1
U010,7,2025-11-13,Thursday,7,6.02,5.02,0.83,75.56,2,0,2,3
U001,7,2025-11-14,Friday,7,7.01,6.52,0.93,92.04,2,0,2,3
U002,7,2025-11-14,Friday,7,7.21,6.85,0.95,92.99,1,0,1,1
U003,7,2025-11-14,Friday,7,5.08,3.81,0.75,81.13,0,0,1,1
U004,7,2025-11-14,Friday,7,6.47,5.7,0.88,78.27,2,0,1,3
U005,7,2025-11-14,Friday,7,6.75,5.45,0.81,76.58,2,0,1,1
U006,7,2025-11-14,Friday,7,5.16,4.58,0.89,82.63,0,0,1,2
U007,7,2025-11-14,Friday,7,8.61,7.76,0.9,89.61,1,0,2,2
U008,7,2025-11-14,Friday,7,5.93,5.64,0.95,85.22,1,0,2,2
U009,7,2025-11-14,Friday,7,4.73,4.19,0.89,76.83,1,0,2,3
U010,7,2025-11-14,Friday,7,5.55,5.33,0.96,84.65,2,0,1,3
U001,7,2025-11-15,Saturday,7,2.98,2.27,0.76,73.05,0,0,1,1
U002,7,2025-11-15,Saturday,7,1.55,0.66,0.43,65.78,1,0,0,0
U003,7,2025-11-15,Saturday,7,1.53,0.5,0.4,69.77,1,0,1,2
U004,7,2025-11-15,Saturday,7,1.86,1.3,0.7,70.54,0,0,1,1
U005,7,2025-11-15,Saturday,7,3.54,2.99,0.84,79.05,0,0,0,1
U006,7,2025-11-15,Saturday,7,3.53,2.37,0.67,78.23,1,0,0,1
U007,7,2025-11-15,Saturday,7,2.44,2.07,0.85,88.66,0,0,1,2
U008,7,2025-11-15,Saturday,7,2.5,1.79,0.72,70.22,1,0,0,1
U009,7,2025-11-15,Saturday,7,3.28,2.44,0.74,78.19,1,0,1,0
U010,7,2025-11-15,Saturday,7,3.53,2.76,0.78,73.99,0,1,1,1
U001,8,2025-11-16,Sunday,8,3.05,2.51,0.82,87.92,1,0,0,0
U002,8,2025-11-16,Sunday,8,2.42,1.72,0.71,73.63,1,0,1,0
U003,8,2025-11-16,Sunday,8,3.09,2.04,0.66,74.61,1,0,1,0
U004,8,2025-11-16,Sunday,8,2.59,1.88,0.73,70.59,0,0,1,1
U005,8,2025-11-16,Sunday,8,3.42,2.96,0.87,80.57,1,0,0,0
U006,8,2025-11-16,Sunday,8,3.77,3.36,0.89,84.5,1,0,1,1
U007,8,2025-11-16,Sunday,8,1.17,0.9,0.77,79.66,0,0,1,0
U008,8,2025-11-16,Sunday,8,3.0,2.67,0.89,79.49,0,0,1,1
U009,8,2025-11-16,Sunday,8,3.71,2.91,0.78,85.58,1,0,0,0
U010,8,2025-11-16,Sunday,8,3.54,3.21,0.91,77.86,0,0,0,1
U001,8,2025-11-17,Monday,8,4.47,4.61,1.0,88.69,0,0,2,3
U002,8,2025-11-17,Monday,8,8.35,7.82,0.94,81.34,2,0,1,1
U003,8,2025-11-17,Monday,8,5.18,4.75,0.92,87.71,1,0,2,3
U004,8,2025-11-17,Monday,8,3.68,3.72,1.0,94.43,2,0,1,2
U005,8,2025-11-17,Monday,8,9.58,8.28,0.86,82.7,0,0,2,2
U006,8,2025-11-17,Monday,8,6.33,5.69,0.9,77.73,0,0,2,1
U007,8,2025-11-17,Monday,8,7.59,6.76,0.89,80.24,2,0,2,3
U008,8,2025-11-17,Monday,8,4.71,3.46,0.73,81.45,0,0,1,3
U009,8,2025-11-17,Monday,8,7.48,6.8,0.91,82.6,2,0,2,1
U010,8,2025-11-17,Monday,8,6.24,5.12,0.82,76.33,1,0,1,2
U001,8,2025-11-18,Tuesday,8,6.62,6.27,0.95,89.29,1,0,2,3
U002,8,2025-11-18,Tuesday,8,8.24,7.7,0.93,82.88,0,0,2,2
U003,8,2025-11-18,Tuesday,8,5.6,5.27,0.94,84.93,2,0,1,3
U004,8,2025-11-18,Tuesday,8,6.7,6.22,0.93,88.33,2,0,1,3
U005,8,2025-11-18,Tuesday,8,7.4,6.6,0.89,85.13,0,1,1,2
U006,8,2025-11-18,Tuesday,8,5.19,4.42,0.85,85.78,1,0,1,1
U007,8,2025-11-18,Tuesday,8,6.31,5.54,0.88,80.48,0,0,2,2
U008,8,2025-11-18,Tuesday,8,6.12,5.37,0.88,76.25,0,0,2,1
U009,8,2025-11-18,Tuesday,8,8.03,7.18,0.89,87.37,1,0,1,3
U010,8,2025-11-18,Tuesday,8,5.22,4.5,0.86,88.53,0,0,1,2
U001,8,2025-11-19,Wednesday,8,7.98,7.46,0.93,79.56,0,0,1,1
U002,8,2025-11-19,Wednesday,8,6.94,6.6,0.95,89.24,2,1,1,1
U003,8,2025-11-19,Wednesday,8,5.44,4.53,0.83,76.78,0,0,1,2
U004,8,2025-11-19,Wednesday,8,5.6,5.52,0.99,90.7,0,1,2,1
U005,8,2025-11-19,Wednesday,8,9.81,9.21,0.94,82.29,2,0,2,1
U006,8,2025-11-19,Wednesday,8,6.15,5.85,0.95,88.68,2,0,2,2
U007,8,2025-11-19,Wednesday,8,6.89,6.81,0.99,84.48,1,0,1,2
U008,8,2025-11-19,Wednesday,8,7.59,6.47,0.85,82.92,1,0,2,2
U009,8,2025-11-19,Wednesday,8,8.11,7.45,0.92,89.82,2,0,2,3
U010,8,2025-11-19,Wednesday,8,5.31,4.97,0.94,79.74,0,0,1,2
U001,8,2025-11-20,Thursday,8,7.29,7.15,0.98,86.58,2,0,1,1
U002,8,2025-11-20,Thursday,8,6.16,6.45,1.0,91.91,0,0,2,1
U003,8,2025-11-20,Thursday,8,5.78,4.81,0.83,82.13,1,0,2,1
U004,8,2025-11-20,Thursday,8,7.14,6.54,0.92,89.46,2,1,1,3
U005,8,2025-11-20,Thursday,8,6.45,6.13,0.95,81.59,0,0,2,2
U006,8,2025-11-20,Thursday,8,6.16,5.5,0.89,84.81,0,0,1,3
U007,8,2025-11-20,Thursday,8,5.42,4.25,0.78,80.53,2,0,1,1
U008,8,2025-11-20,Thursday,8,6.27,6.12,0.98,81.37,2,0,1,2
U009,8,2025-11-20,Thursday,8,8.41,7.65,0.91,88.59,2,0,1,3
U010,8,2025-11-20,Thursday,8,6.46,5.43,0.84,76.46,2,0,2,3
U001,8,2025-11-21,Friday,8,4.54,3.99,0.88,84.33,2,0,2,1
U002,8,2025-11-21,Friday,8,7.34,7.01,0.96,85.17,0,1,2,2
U003,8,2025-11-21,Friday,8,5.96,5.21,0.87,88.39,2,0,2,3
U004,8,2025-11-21,Friday,8,5.66,4.94,0.87,89.54,0,0,2,2
U005,8,2025-11-21,Friday,8,7.56,7.27,0.96,89.94,0,0,2,3
U006,8,2025-11-21,Friday,8,5.32,5.36,1.0,82.68,0,0,2,2
U007,8,2025-11-21,Friday,8,6.39,5.69,0.89,78.11,1,0,2,1
U008,8,2025-11-21,Friday,8,7.98,6.14,0.77,79.07,1,0,2,2
U009,8,2025-11-21,Friday,8,7.2,7.14,0.99,83.23,2,1,1,2
U010,8,2025-11-21,Friday,8,6.67,6.58,0.99,80.89,2,1,2,1
U001,8,2025-11-22,Saturday,8,1.65,1.66,1.0,82.02,0,0,0,2
U002,8,2025-11-22,Saturday,8,2.62,1.96,0.75,81.98,1,0,1,0
U003,8,2025-11-22,Saturday,8,1.78,1.63,0.92,79.49,0,0,0,1
U004,8,2025-11-22,Saturday,8,1.53,1.14,0.75,81.8,0,0,1,2
U005,8,2025-11-22,Saturday,8,0.92,0.5,0.5,73.54,1,0,1,2
U006,8,2025-11-22,Saturday,8,3.65,2.48,0.68,75.17,0,0,1,1
U007,8,2025-11-22,Saturday,8,0.9,0.73,0.73,74.11,0,0,1,0
U008,8,2025-11-22,Saturday,8,3.73,3.17,0.85,88.75,0,0,0,2
U009,8,2025-11-22,Saturday,8,1.06,0.5,0.47,70.17,0,0,1,0
U010,8,2025-11-22,Saturday,8,1.87,1.91,1.0,89.28,1,0,0,2
U001,9,2025-11-23,Sunday,9,2.09,1.23,0.59,75.95,1,0,0,1
U002,9,2025-11-23,Sunday,9,1.79,0.86,0.48,72.43,1,0,0,1
U003,9,2025-11-23,Sunday,9,3.31,2.19,0.66,73.54,1,1,1,0
U004,9,2025-11-23,Sunday,9,1.35,1.37,1.0,82.15,1,0,0,1
U005,9,2025-11-23,Sunday,9,2.51,2.43,0.97,93.72,0,0,1,1
U006,9,2025-11-23,Sunday,9,3.5,2.72,0.78,85.13,0,0,0,0
U007,9,2025-11-23,Sunday,9,1.33,0.5,0.4,71.44,1,0,0,0
U008,9,2025-11-23,Sunday,9,3.84,3.11,0.81,83.26,0,0,1,1
U009,9,2025-11-23,Sunday,9,2.36,1.87,0.79,84.56,0,0,0,0
U010,9,2025-11-23,Sunday,9,2.85,2.75,0.96,82.63,0,0,1,1
U001,9,2025-11-24,Monday,9,7.34,6.16,0.84,88.31,1,0,2,2
U002,9,2025-11-24,Monday,9,7.3,7.37,1.0,86.2,0,0,1,1
U003,9,2025-11-24,Monday,9,6.21,5.95,0.96,79.4,1,0,2,3
U004,9,2025-11-24,Monday,9,8.75,7.93,0.91,90.58,2,0,2,3
U005,9,2025-11-24,Monday,9,7.8,7.34,0.94,84.64,0,0,2,2
U006,9,2025-11-24,Monday,9,6.17,5.26,0.85,84.56,1,0,1,3
U007,9,2025-11-24,Monday,9,7.78,7.29,0.94,87.24,2,0,1,2
U008,9,2025-11-24,Monday,9,5.7,5.28,0.93,84.77,1,0,2,3
U009,9,2025-11-24,Monday,9,8.3,7.96,0.96,80.72,2,0,1,3
U010,9,2025-11-24,Monday,9,7.71,6.34,0.82,87.74,2,0,2,2
U001,9,2025-11-25,Tuesday,9,5.8,6.38,1.0,94.12,2,0,2,1
U002,9,2025-11-25,Tuesday,9,5.89,5.8,0.98,87.1,2,0,2,1
U003,9,2025-11-25,Tuesday,9,6.05,5.27,0.87,83.54,2,0,2,3
U004,9,2025-11-25,Tuesday,9,7.37,6.59,0.89,77.76,1,0,2,3
U005,9,2025-11-25,Tuesday,9,6.53,6.23,0.95,83.58,2,0,2,1
U006,9,2025-11-25,Tuesday,9,6.81,5.89,0.86,80.65,1,0,1,3
U007,9,2025-11-25,Tuesday,9,8.75,7.7,0.88,78.83,2,0,1,3
U008,9,2025-11-25,Tuesday,9,6.46,5.23,0.81,84.54,1,1,1,1
U009,9,2025-11-25,Tuesday,9,8.84,7.24,0.82,82.41,2,0,1,3
U010,9,2025-11-25,Tuesday,9,7.77,6.56,0.84,80.04,1,0,2,3
U001,9,2025-11-26,Wednesday,9,6.43,5.52,0.86,83.41,2,0,2,1
U002,9,2025-11-26,Wednesday,9,7.67,7.19,0.94,84.62,0,0,2,3
U003,9,2025-11-26,Wednesday,9,4.32,3.56,0.82,84.57,1,0,1,1
U004,9,2025-11-26,Wednesday,9,7.4,6.88,0.93,77.73,0,0,1,2
U005,9,2025-11-26,Wednesday,9,7.72,7.26,0.94,80.47,0,0,1,2
U006,9,2025-11-26,Wednesday,9,4.56,4.0,0.88,89.55,2,0,2,2
U007,9,2025-11-26,Wednesday,9,6.43,5.54,0.86,76.28,1,0,2,3
U008,9,2025-11-26,Wednesday,9,7.04,6.67,0.95,85.82,1,0,1,1
U009,9,2025-11-26,Wednesday,9,7.58,6.92,0.91,87.02,0,0,1,2
U010,9,2025-11-26,Wednesday,9,7.41,6.79,0.92,88.34,0,0,1,3
U001,9,2025-11-27,Thursday,9,6.33,5.77,0.91,89.73,2,0,1,1
U002,9,2025-11-27,Thursday,9,8.74,7.91,0.91,85.3,2,0,2,3
U003,9,2025-11-27,Thursday,9,3.75,3.58,0.95,85.65,0,0,1,2
U004,9,2025-11-27,Thursday,9,7.08,6.47,0.91,86.55,1,0,2,3
U005,9,2025-11-27,Thursday,9,7.51,6.88,0.92,88.6,1,0,2,1
U006,9,2025-11-27,Thursday,9,7.72,7.22,0.94,79.12,0,1,1,1
U007,9,2025-11-27,Thursday,9,7.82,6.61,0.85,84.16,0,0,1,1
U008,9,2025-11-27,Thursday,9,3.32,3.05,0.92,84.0,0,1,1,1
U009,9,2025-11-27,Thursday,9,8.33,8.46,1.0,93.1,1,0,2,3
U010,9,2025-11-27,Thursday,9,7.81,7.58,0.97,90.46,0,0,2,2
U001,9,2025-11-28,Friday,9,7.03,6.57,0.93,83.72,2,0,1,2
U002,9,2025-11-28,Friday,9,5.95,5.69,0.96,92.09,2,0,1,3
U003,9,2025-11-28,Friday,9,5.57,5.17,0.93,84.94,2,0,2,1
U004,9,2025-11-28,Friday,9,5.65,4.73,0.84,75.31,0,0,1,1
U005,9,2025-11-28,Friday,9,8.45,7.28,0.86,80.47,2,0,1,3
U006,9,2025-11-28,Friday,9,9.01,7.76,0.86,88.96,2,0,2,2
U007,9,2025-11-28,Friday,9,6.07,5.56,0.92,88.6,1,0,1,1
U008,9,2025-11-28,Friday,9,9.2,8.57,0.93,80.99,0,0,1,3
U009,9,2025-11-28,Friday,9,9.81,10.1,1.0,84.83,1,0,1,3
U010,9,2025-11-28,Friday,9,8.31,7.1,0.85,88.16,1,0,1,3
U001,9,2025-11-29,Saturday,9,3.34,1.97,0.59,75.99,0,0,1,1
U002,9,2025-11-29,Saturday,9,4.32,3.57,0.83,86.03,1,0,1,2
U003,9,2025-11-29,Saturday,9,3.01,2.05,0.68,72.4,0,0,1,0
U004,9,2025-11-29,Saturday,9,2.28,1.61,0.71,72.5,0,0,1,1
U005,9,2025-11-29,Saturday,9,2.3,1.56,0.68,80.65,1,0,0,0
U006,9,2025-11-29,Saturday,9,1.38,1.47,1.0,94.03,0,0,1,1
U007,9,2025-11-29,Saturday,9,2.17,1.68,0.77,81.47,1,0,0,0
U008,9,2025-11-29,Saturday,9,3.68,2.83,0.77,83.47,1,0,0,1
U009,9,2025-11-29,Saturday,9,3.33,2.13,0.64,77.57,1,0,1,1
U010,9,2025-11-29,Saturday,9,1.83,1.47,0.8,75.28,0,0,1,1
U001,10,2025-11-30,Sunday,10,2.31,1.76,0.76,80.66,0,0,1,0
U002,10,2025-11-30,Sunday,10,2.59,1.9,0.73,83.57,1,0,0,1
U003,10,2025-11-30,Sunday,10,1.55,1.58,1.0,85.06,1,0,1,1
U004,10,2025-11-30,Sunday,10,3.49,2.82,0.81,85.43,0,0,0,1
U005,10,2025-11-30,Sunday,10,1.24,1.0,0.81,78.8,0,0,0,2
U006,10,2025-11-30,Sunday,10,2.83,2.24,0.79,81.07,1,0,0,0
U007,10,2025-11-30,Sunday,10,0.8,0.62,0.62,79.43,0,0,0,1
U008,10,2025-11-30,Sunday,10,1.87,1.12,0.6,70.53,1,0,0,1
U009,10,2025-11-30,Sunday,10,2.21,1.54,0.7,78.78,0,1,1,1
U010,10,2025-11-30,Sunday,10,2.43,1.71,0.7,77.18,0,0,0,1
U001,10,2025-12-01,Monday,10,9.22,8.6,0.93,92.1,1,0,1,3
U002,10,2025-12-01,Monday,10,6.67,6.33,0.95,85.34,2,0,2,1
U003,10,2025-12-01,Monday,10,5.82,4.97,0.85,79.74,2,0,1,3
U004,10,2025-12-01,Monday,10,4.64,4.36,0.94,90.1,0,0,1,2
U005,10,2025-12-01,Monday,10,9.27,8.4,0.91,86.5,1,0,2,2
U006,10,2025-12-01,Monday,10,6.62,5.87,0.89,81.56,1,0,2,1
U007,10,2025-12-01,Monday,10,6.5,6.23,0.96,78.71,1,0,2,2
U008,10,2025-12-01,Monday,10,5.78,5.48,0.95,87.88,1,0,1,1
U009,10,2025-12-01,Monday,10,7.94,6.89,0.87,87.05,0,0,1,1
U010,10,2025-12-01,Monday,10,6.33,5.63,0.89,85.33,2,0,1,1
U001,10,2025-12-02,Tuesday,10,6.71,5.62,0.84,82.23,0,0,1,1
U002,10,2025-12-02,Tuesday,10,6.19,5.05,0.82,82.34,1,0,2,1
U003,10,2025-12-02,Tuesday,10,5.35,5.01,0.94,92.11,2,0,2,1
U004,10,2025-12-02,Tuesday,10,5.92,6.04,1.0,90.88,0,0,1,1
U005,10,2025-12-02,Tuesday,10,8.45,7.34,0.87,87.94,0,0,1,3
U006,10,2025-12-02,Tuesday,10,5.26,4.99,0.95,86.97,0,0,2,3
U007,10,2025-12-02,Tuesday,10,5.36,5.16,0.96,79.66,2,0,1,2
U008,10,2025-12-02,Tuesday,10,5.26,4.89,0.93,77.65,1,1,2,2
U009,10,2025-12-02,Tuesday,10,7.53,7.01,0.93,80.78,1,0,2,2
U010,10,2025-12-02,Tuesday,10,8.25,7.42,0.9,79.76,0,0,1,3
U001,10,2025-12-03,Wednesday,10,8.27,7.14,0.86,76.78,1,0,2,2
U002,10,2025-12-03,Wednesday,10,9.62,9.13,0.95,92.95,1,0,1,1
U003,10,2025-12-03,Wednesday,10,4.27,4.11,0.96,83.37,2,0,1,3
U004,10,2025-12-03,Wednesday,10,6.95,6.52,0.94,90.15,2,0,1,1
U005,10,2025-12-03,Wednesday,10,7.48,6.76,0.9,82.6,1,0,2,3
U006,10,2025-12-03,Wednesday,10,6.9,6.52,0.94,87.02,1,0,1,3
U007,10,2025-12-03,Wednesday,10,9.44,9.08,0.96,80.41,1,0,2,3
U008,10,2025-12-03,Wednesday,10,6.0,5.62,0.94,79.55,2,0,2,2
U009,10,2025-12-03,Wednesday,10,7.77,7.33,0.94,79.02,1,0,1,3
U010,10,2025-12-03,Wednesday,10,8.19,7.24,0.88,90.23,0,0,1,1
U001,10,2025-12-04,Thursday,10,6.77,6.24,0.92,78.84,1,0,2,3
U002,10,2025-12-04,Thursday,10,7.35,6.03,0.82,88.6,1,0,1,1
U003,10,2025-12-04,Thursday,10,5.6,4.42,0.79,76.06,2,0,2,3
U004,10,2025-12-04,Thursday,10,5.94,5.27,0.89,85.3,2,0,1,2
U005,10,2025-12-04,Thursday,10,6.44,6.25,0.97,90.68,2,0,1,1
U006,10,2025-12-04,Thursday,10,5.32,5.06,0.95,81.93,1,0,2,1
U007,10,2025-12-04,Thursday,10,6.18,5.12,0.83,75.14,0,0,1,1
U008,10,2025-12-04,Thursday,10,4.85,4.39,0.91,89.99,2,0,2,1
U009,10,2025-12-04,Thursday,10,8.81,8.27,0.94,80.99,0,0,1,1
U010,10,2025-12-04,Thursday,10,4.38,3.91,0.89,80.42,2,0,1,1
U001,10,2025-12-05,Friday,10,8.3,7.56,0.91,90.16,0,1,2,3
U002,10,2025-12-05,Friday,10,6.91,6.03,0.87,83.04,0,0,2,1
U003,10,2025-12-05,Friday,10,6.07,5.3,0.87,84.32,1,0,1,3
U004,10,2025-12-05,Friday,10,7.1,6.72,0.95,83.42,1,0,1,1
U005,10,2025-12-05,Friday,10,9.02,8.23,0.91,89.61,2,0,2,3
U006,10,2025-12-05,Friday,10,7.05,5.91,0.84,77.32,2,0,1,2
U007,10,2025-12-05,Friday,10,8.34,7.73,0.93,87.1,0,0,1,2
U008,10,2025-12-05,Friday,10,5.8,5.61,0.97,86.26,0,0,2,3
U009,10,2025-12-05,Friday,10,7.21,6.34,0.88,89.63,2,0,1,1
U010,10,2025-12-05,Friday,10,8.59,7.71,0.9,81.31,1,0,2,1
U001,10,2025-12-06,Saturday,10,2.78,2.34,0.84,75.07,1,0,0,2
U002,10,2025-12-06,Saturday,10,2.48,1.86,0.75,86.19,0,1,0,1
U003,10,2025-12-06,Saturday,10,4.46,3.35,0.75,77.26,1,0,0,1
U004,10,2025-12-06,Saturday,10,2.68,2.67,1.0,89.58,0,0,1,0
U005,10,2025-12-06,Saturday,10,1.86,1.89,1.0,91.2,1,0,0,0
U006,10,2025-12-06,Saturday,10,3.84,3.22,0.84,77.99,1,0,0,1
U007,10,2025-12-06,Saturday,10,2.68,1.94,0.72,84.41,1,0,0,0
U008,10,2025-12-06,Saturday,10,3.23,2.62,0.81,76.79,0,0,1,1
U009,10,2025-12-06,Saturday,10,3.36,3.06,0.91,78.99,1,0,1,0
U010,10,2025-12-06,Saturday,10,2.37,1.96,0.83,78.93,0,0,0,0
U001,11,2025-12-07,Sunday,11,2.95,2.28,0.77,73.18,1,0,0,1
U002,11,2025-12-07,Sunday,11,2.52,1.65,0.65,78.34,1,0,1,1
U003,11,2025-12-07,Sunday,11,2.66,2.73,1.0,84.62,1,0,1,1
U004,11,2025-12-07,Sunday,11,1.76,1.52,0.86,85.24,0,0,1,1
U005,11,2025-12-07,Sunday,11,3.16,2.64,0.84,79.84,0,0,0,2
U006,11,2025-12-07,Sunday,11,1.43,1.83,1.0,93.09,0,0,1,1
U007,11,2025-12-07,Sunday,11,3.09,2.42,0.78,82.46,0,0,0,2
U008,11,2025-12-07,Sunday,11,1.73,1.24,0.72,72.16,1,0,0,1
U009,11,2025-12-07,Sunday,11,0.79,0.58,0.58,68.01,1,0,1,0
U010,11,2025-12-07,Sunday,11,0.84,0.5,0.5,67.05,0,0,0,1
U001,11,2025-12-08,Monday,11,7.06,6.38,0.9,77.13,0,0,2,1
U002,11,2025-12-08,Monday,11,6.67,6.28,0.94,83.12,2,0,2,3
U003,11,2025-12-08,Monday,11,7.46,7.03,0.94,87.34,2,0,1,2
U004,11,2025-12-08,Monday,11,5.1,4.03,0.79,75.28,2,0,1,2
U005,11,2025-12-08,Monday,11,7.77,7.27,0.94,87.21,2,0,1,3
U006,11,2025-12-08,Monday,11,7.93,7.69,0.97,83.24,0,0,2,1
U007,11,2025-12-08,Monday,11,7.28,7.08,0.97,89.01,0,0,1,1
U008,11,2025-12-08,Monday,11,5.81,4.88,0.84,80.51,2,0,2,3
U009,11,2025-12-08,Monday,11,7.1,6.35,0.89,80.95,2,0,1,3
U010,11,2025-12-08,Monday,11,6.12,5.51,0.9,78.76,0,0,2,1
U001,11,2025-12-09,Tuesday,11,6.35,6.11,0.96,93.4,1,0,2,3
U002,11,2025-12-09,Tuesday,11,8.87,8.74,0.99,81.62,0,0,2,2
U003,11,2025-12-09,Tuesday,11,4.9,4.43,0.9,86.65,1,0,2,3
U004,11,2025-12-09,Tuesday,11,5.54,5.1,0.92,88.21,2,0,2,1
U005,11,2025-12-09,Tuesday,11,7.52,6.94,0.92,77.93,1,0,1,2
U006,11,2025-12-09,Tuesday,11,6.53,5.31,0.81,82.75,2,1,2,3
U007,11,2025-12-09,Tuesday,11,7.16,6.8,0.95,87.27,0,0,2,2
U008,11,2025-12-09,Tuesday,11,5.8,5.19,0.89,76.62,1,0,1,2
U009,11,2025-12-09,Tuesday,11,7.37,7.25,0.98,93.16,0,0,2,2
U010,11,2025-12-09,Tuesday,11,6.05,5.42,0.9,78.07,2,0,2,2
U001,11,2025-12-10,Wednesday,11,5.91,5.58,0.94,80.77,0,0,2,1
U002,11,2025-12-10,Wednesday,11,7.85,6.85,0.87,82.67,1,0,1,2
U003,11,2025-12-10,Wednesday,11,3.67,2.72,0.74,80.35,2,1,1,3
U004,11,2025-12-10,Wednesday,11,7.4,7.05,0.95,81.94,0,0,2,2
U005,11,2025-12-10,Wednesday,11,9.51,8.72,0.92,83.88,1,0,1,1
U006,11,2025-12-10,Wednesday,11,5.93,4.91,0.83,82.33,0,0,2,1
U007,11,2025-12-10,Wednesday,11,9.41,8.9,0.95,88.89,0,0,1,2
U008,11,2025-12-10,Wednesday,11,6.74,5.94,0.88,87.48,2,0,2,3
U009,11,2025-12-10,Wednesday,11,5.94,5.75,0.97,86.25,0,0,1,3
U010,11,2025-12-10,Wednesday,11,5.21,4.6,0.88,77.43,1,1,2,1
U001,11,2025-12-11,Thursday,11,6.57,6.01,0.91,83.79,1,0,2,1
U002,11,2025-12-11,Thursday,11,6.88,6.75,0.98,80.07,0,0,1,3
U003,11,2025-12-11,Thursday,11,5.01,4.39,0.88,88.76,2,0,2,1
U004,11,2025-12-11,Thursday,11,5.67,5.31,0.94,79.61,1,0,2,3
U005,11,2025-12-11,Thursday,11,7.58,6.63,0.87,83.44,0,0,1,3
U006,11,2025-12-11,Thursday,11,5.45,5.19,0.95,90.15,1,0,2,1
U007,11,2025-12-11,Thursday,11,6.84,6.09,0.89,86.4,1,0,1,3
U008,11,2025-12-11,Thursday,11,6.73,6.85,1.0,84.37,0,0,2,3
U009,11,2025-12-11,Thursday,11,7.91,6.56,0.83,89.05,1,0,2,2
U010,11,2025-12-11,Thursday,11,5.1,4.45,0.87,89.82,2,0,1,1
U001,11,2025-12-12,Friday,11,7.09,6.6,0.93,79.22,0,0,1,3
U002,11,2025-12-12,Friday,11,6.91,6.23,0.9,81.82,2,0,2,3
U003,11,2025-12-12,Friday,11,8.51,6.92,0.81,74.18,0,0,1,3
U004,11,2025-12-12,Friday,11,6.91,6.52,0.94,84.82,1,0,1,1
U005,11,2025-12-12,Friday,11,8.07,7.96,0.99,89.45,2,0,2,2
U006,11,2025-12-12,Friday,11,6.97,6.02,0.86,81.42,2,0,1,1
U007,11,2025-12-12,Friday,11,6.97,6.76,0.97,79.2,0,0,1,1
U008,11,2025-12-12,Friday,11,5.06,4.22,0.83,76.37,0,0,1,2
U009,11,2025-12-12,Friday,11,7.46,7.21,0.97,82.99,0,1,2,3
U010,11,2025-12-12,Friday,11,6.93,6.11,0.88,76.86,2,0,2,1
U001,11,2025-12-13,Saturday,11,1.45,0.66,0.46,75.11,0,0,1,1
U002,11,2025-12-13,Saturday,11,3.73,3.34,0.9,86.62,0,0,1,0
U003,11,2025-12-13,Saturday,11,2.96,2.71,0.92,90.94,1,0,1,2
U004,11,2025-12-13,Saturday,11,1.82,1.18,0.65,80.34,1,0,0,0
U005,11,2025-12-13,Saturday,11,2.86,2.31,0.81,74.8,0,0,0,0
U006,11,2025-12-13,Saturday,11,1.72,1.57,0.91,86.26,1,0,1,1
U007,11,2025-12-13,Saturday,11,2.74,1.76,0.64,74.44,0,0,0,1
U008,11,2025-12-13,Saturday,11,1.9,0.93,0.49,65.01,1,0,0,1
U009,11,2025-12-13,Saturday,11,2.11,1.53,0.73,78.57,1,0,0,1
U010,11,2025-12-13,Saturday,11,2.39,2.36,0.99,90.62,1,0,0,1
U001,12,2025-12-14,Sunday,12,4.0,3.09,0.77,80.75,0,0,1,1
U002,12,2025-12-14,Sunday,12,3.71,2.66,0.72,84.31,0,0,0,1
U003,12,2025-12-14,Sunday,12,4.83,3.97,0.82,75.39,1,0,1,1
U004,12,2025-12-14,Sunday,12,1.71,1.01,0.59,67.67,0,0,0,1
U005,12,2025-12-14,Sunday,12,2.81,2.32,0.83,86.49,1,0,1,0
U006,12,2025-12-14,Sunday,12,1.63,1.32,0.81,78.05,1,0,0,0
U007,12,2025-12-14,Sunday,12,3.87,2.49,0.64,77.16,1,0,0,1
U008,12,2025-12-14,Sunday,12,1.54,1.34,0.87,77.93,1,0,1,2
U009,12,2025-12-14,Sunday,12,2.94,1.67,0.57,69.71,0,0,1,0
U010,12,2025-12-14,Sunday,12,2.54,2.26,0.89,78.83,1,0,0,0
U001,12,2025-12-15,Monday,12,5.14,4.97,0.97,91.84,0,0,1,3
U002,12,2025-12-15,Monday,12,6.13,6.39,1.0,80.76,1,0,1,1
U003,12,2025-12-15,Monday,12,6.32,6.08,0.96,86.87,0,0,2,2
U004,12,2025-12-15,Monday,12,7.11,6.89,0.97,80.88,2,0,2,3
U005,12,2025-12-15,Monday,12,9.74,9.05,0.93,83.87,0,0,1,1
U006,12,2025-12-15,Monday,12,6.87,5.69,0.83,84.85,2,0,2,3
U007,12,2025-12-15,Monday,12,4.04,4.12,1.0,88.41,2,0,1,2
U008,12,2025-12-15,Monday,12,5.68,5.27,0.93,91.18,1,0,1,2
U009,12,2025-12-15,Monday,12,7.04,6.5,0.92,86.8,1,0,2,2
U010,12,2025-12-15,Monday,12,6.43,5.48,0.85,85.25,0,0,1,3
U001,12,2025-12-16,Tuesday,12,6.89,7.4,1.0,83.81,0,0,2,1
U002,12,2025-12-16,Tuesday,12,8.27,7.54,0.91,88.27,2,0,1,2
U003,12,2025-12-16,Tuesday,12,5.25,5.32,1.0,84.91,2,0,2,1
U004,12,2025-12-16,Tuesday,12,5.31,4.58,0.86,78.92,1,0,2,3
U005,12,2025-12-16,Tuesday,12,7.13,6.69,0.94,92.53,0,0,1,3
U006,12,2025-12-16,Tuesday,12,5.73,4.92,0.86,76.16,2,0,1,2
U007,12,2025-12-16,Tuesday,12,7.31,6.24,0.85,75.8,2,1,1,3
U008,12,2025-12-16,Tuesday,12,6.42,5.94,0.93,83.32,2,1,2,3
U009,12,2025-12-16,Tuesday,12,8.88,8.54,0.96,89.82,0,0,1,3
U010,12,2025-12-16,Tuesday,12,6.89,6.43,0.93,89.4,1,0,2,1
U001,12,2025-12-17,Wednesday,12,10.03,8.27,0.82,80.08,1,0,2,1
U002,12,2025-12-17,Wednesday,12,7.3,7.44,1.0,94.17,0,0,1,1
U003,12,2025-12-17,Wednesday,12,4.78,4.13,0.86,82.91,2,0,1,2
U004,12,2025-12-17,Wednesday,12,5.64,5.46,0.97,88.95,1,0,2,3
U005,12,2025-12-17,Wednesday,12,7.96,6.7,0.84,80.7,1,0,2,3
U006,12,2025-12-17,Wednesday,12,5.28,5.09,0.96,91.61,0,0,1,3
U007,12,2025-12-17,Wednesday,12,6.77,6.0,0.89,76.22,1,1,2,2
U008,12,2025-12-17,Wednesday,12,7.15,6.68,0.93,87.99,1,0,2,3
U009,12,2025-12-17,Wednesday,12,5.19,4.95,0.95,78.53,1,0,1,3
U010,12,2025-12-17,Wednesday,12,4.56,4.62,1.0,88.83,1,0,2,2
U001,12,2025-12-18,Thursday,12,7.78,7.25,0.93,85.31,1,0,1,3
U002,12,2025-12-18,Thursday,12,8.55,7.91,0.93,82.07,0,0,2,2
U003,12,2025-12-18,Thursday,12,8.35,7.48,0.9,89.0,1,0,1,1
U004,12,2025-12-18,Thursday,12,6.71,5.97,0.89,88.12,0,0,1,2
U005,12,2025-12-18,Thursday,12,7.67,6.76,0.88,81.81,0,1,1,2
U006,12,2025-12-18,Thursday,12,5.83,6.1,1.0,80.36,1,0,1,3
U007,12,2025-12-18,Thursday,12,7.38,6.43,0.87,84.11,2,0,1,2
U008,12,2025-12-18,Thursday,12,6.49,6.13,0.94,87.76,1,0,1,3
U009,12,2025-12-18,Thursday,12,8.61,7.98,0.93,79.76,2,0,2,1
U010,12,2025-12-18,Thursday,12,6.77,6.17,0.91,90.35,0,0,1,2
U001,12,2025-12-19,Friday,12,7.26,6.46,0.89,83.98,0,1,1,2
U002,12,2025-12-19,Friday,12,7.02,6.24,0.89,76.86,0,0,2,1
U003,12,2025-12-19,Friday,12,4.57,3.85,0.84,79.47,2,0,1,2
U004,12,2025-12-19,Friday,12,4.66,4.09,0.88,85.52,2,0,1,3
U005,12,2025-12-19,Friday,12,8.23,7.86,0.96,78.98,1,0,1,2
U006,12,2025-12-19,Friday,12,5.45,4.35,0.8,79.59,0,0,1,1
U007,12,2025-12-19,Friday,12,4.76,3.92,0.82,82.0,1,0,2,3
U008,12,2025-12-19,Friday,12,6.49,5.57,0.86,82.88,2,0,1,1
U009,12,2025-12-19,Friday,12,8.02,7.37,0.92,85.31,0,0,2,2
U010,12,2025-12-19,Friday,12,7.94,6.81,0.86,89.99,1,0,2,1
U001,12,2025-12-20,Saturday,12,3.56,2.59,0.73,77.47,1,0,0,1
U002,12,2025-12-20,Saturday,12,3.21,2.16,0.67,68.76,0,0,0,0
U003,12,2025-12-20,Saturday,12,3.5,2.46,0.7,77.02,1,0,0,0
U004,12,2025-12-20,Saturday,12,2.32,2.14,0.92,77.25,1,0,1,2
U005,12,2025-12-20,Saturday,12,3.79,3.25,0.86,86.19,1,0,0,2
U006,12,2025-12-20,Saturday,12,3.07,2.43,0.79,76.93,1,1,0,1
U007,12,2025-12-20,Saturday,12,2.0,1.46,0.73,72.34,1,0,0,0
U008,12,2025-12-20,Saturday,12,2.99,1.95,0.65,76.58,0,0,0,2
U009,12,2025-12-20,Saturday,12,3.86,2.91,0.75,77.89,0,0,0,1
U010,12,2025-12-20,Saturday,12,3.41,3.19,0.94,82.88,0,0,1,2
U001,13,2025-12-21,Sunday,13,1.5,1.23,0.82,86.84,0,0,1,1
U002,13,2025-12-21,Sunday,13,2.12,2.25,1.0,88.42,1,0,0,2
U003,13,2025-12-21,Sunday,13,3.59,3.04,0.85,78.49,0,0,0,0
U004,13,2025-12-21,Sunday,13,2.43,2.16,0.89,77.5,1,0,0,2
U005,13,2025-12-21,Sunday,13,3.71,2.43,0.65,74.81,1,0,1,0
U006,13,2025-12-21,Sunday,13,1.48,1.47,0.99,81.34,1,0,1,2
U007,13,2025-12-21,Sunday,13,2.12,1.34,0.63,77.93,0,1,0,1
U008,13,2025-12-21,Sunday,13,3.61,2.65,0.73,71.46,0,0,1,2
U009,13,2025-12-21,Sunday,13,2.97,2.22,0.75,82.43,1,0,0,0
U010,13,2025-12-21,Sunday,13,3.07,2.22,0.72,84.65,0,0,1,1
U001,13,2025-12-22,Monday,13,8.83,7.67,0.87,86.38,2,0,2,2
U002,13,2025-12-22,Monday,13,6.72,6.27,0.93,89.51,2,0,1,2
U003,13,2025-12-22,Monday,13,6.3,5.95,0.94,92.34,1,0,1,1
U004,13,2025-12-22,Monday,13,7.23,6.4,0.89,87.89,1,0,1,2
U005,13,2025-12-22,Monday,13,7.97,6.92,0.87,86.74,0,0,1,1
U006,13,2025-12-22,Monday,13,8.54,8.15,0.95,87.07,2,0,1,3
U007,13,2025-12-22,Monday,13,8.71,7.56,0.87,79.04,2,0,1,2
U008,13,2025-12-22,Monday,13,5.81,5.79,1.0,94.05,0,0,2,2
U009,13,2025-12-22,Monday,13,8.19,8.04,0.98,82.6,1,0,1,2
U010,13,2025-12-22,Monday,13,8.74,7.5,0.86,86.99,2,0,2,3
U001,13,2025-12-23,Tuesday,13,5.66,5.52,0.98,86.16,1,0,2,3
U002,13,2025-12-23,Tuesday,13,7.81,7.09,0.91,80.8,1,0,1,1
U003,13,2025-12-23,Tuesday,13,6.07,5.77,0.95,83.24,0,0,2,3
U004,13,2025-12-23,Tuesday,13,5.64,5.34,0.95,81.98,2,0,1,1
U005,13,2025-12-23,Tuesday,13,9.63,8.49,0.88,76.82,1,0,1,1
U006,13,2025-12-23,Tuesday,13,8.32,7.33,0.88,84.51,1,0,2,3
U007,13,2025-12-23,Tuesday,13,6.15,5.91,0.96,78.75,2,0,1,1
U008,13,2025-12-23,Tuesday,13,4.15,4.03,0.97,79.12,2,0,2,3
U009,13,2025-12-23,Tuesday,13,7.9,7.32,0.93,81.06,1,0,1,2
U010,13,2025-12-23,Tuesday,13,6.18,5.85,0.95,84.64,0,0,2,3
U001,13,2025-12-24,Wednesday,13,10.54,9.31,0.88,84.24,0,0,1,3
U002,13,2025-12-24,Wednesday,13,7.68,6.54,0.85,86.26,2,0,2,1
U003,13,2025-12-24,Wednesday,13,7.03,6.35,0.9,88.87,2,0,2,3
U004,13,2025-12-24,Wednesday,13,5.29,5.35,1.0,91.76,0,0,1,2
U005,13,2025-12-24,Wednesday,13,8.66,7.7,0.89,83.95,1,0,2,2
U006,13,2025-12-24,Wednesday,13,7.49,6.15,0.82,87.55,2,0,2,1
U007,13,2025-12-24,Wednesday,13,7.65,7.37,0.96,80.34,2,0,1,2
U008,13,2025-12-24,Wednesday,13,7.02,6.81,0.97,90.68,2,0,2,1
U009,13,2025-12-24,Wednesday,13,6.1,5.52,0.9,86.92,2,0,2,1
U010,13,2025-12-24,Wednesday,13,5.49,4.93,0.9,80.8,2,0,2,1
U001,13,2025-12-25,Thursday,13,5.9,5.24,0.89,80.73,0,0,2,2
U002,13,2025-12-25,Thursday,13,8.66,7.96,0.92,91.87,0,0,1,2
U003,13,2025-12-25,Thursday,13,6.41,5.69,0.89,87.01,1,0,1,3
U004,13,2025-12-25,Thursday,13,5.52,5.45,0.99,85.48,0,0,2,1
U005,13,2025-12-25,Thursday,13,5.78,5.37,0.93,83.95,1,0,2,1
U006,13,2025-12-25,Thursday,13,8.05,7.32,0.91,88.91,1,0,1,3
U007,13,2025-12-25,Thursday,13,8.64,8.78,1.0,82.72,1,0,2,3
U008,13,2025-12-25,Thursday,13,6.97,6.28,0.9,77.98,1,0,2,1
U009,13,2025-12-25,Thursday,13,7.03,6.43,0.91,77.74,0,0,2,2
U010,13,2025-12-25,Thursday,13,8.64,7.44,0.86,81.43,0,0,2,1
U001,13,2025-12-26,Friday,13,7.17,6.47,0.9,84.6,1,0,1,1
U002,13,2025-12-26,Friday,13,8.94,8.16,0.91,83.78,1,0,2,1
U003,13,2025-12-26,Friday,13,5.35,4.13,0.77,74.32,0,0,1,3
U004,13,2025-12-26,Friday,13,7.86,7.26,0.92,83.75,2,0,2,3
U005,13,2025-12-26,Friday,13,7.34,5.77,0.79,85.52,2,0,1,3
U006,13,2025-12-26,Friday,13,8.39,7.03,0.84,80.43,0,1,2,1
U007,13,2025-12-26,Friday,13,6.4,6.12,0.96,78.73,2,0,1,1
U008,13,2025-12-26,Friday,13,3.42,2.96,0.87,89.12,1,0,1,2
U009,13,2025-12-26,Friday,13,5.84,5.7,0.98,88.93,1,0,1,1
U010,13,2025-12-26,Friday,13,4.46,3.75,0.84,82.58,1,0,2,2
U001,13,2025-12-27,Saturday,13,1.81,1.93,1.0,88.34,0,0,1,1
U002,13,2025-12-27,Saturday,13,3.16,2.96,0.94,86.18,0,0,0,1
U003,13,2025-12-27,Saturday,13,2.86,2.06,0.72,82.17,1,0,1,2
U004,13,2025-12-27,Saturday,13,1.85,0.99,0.54,75.57,0,0,1,2
U005,13,2025-12-27,Saturday,13,1.63,1.58,0.97,85.29,1,0,0,2
U006,13,2025-12-27,Saturday,13,3.29,2.79,0.85,80.58,1,0,1,2
U007,13,2025-12-27,Saturday,13,2.35,1.4,0.6,76.02,1,0,0,2
U008,13,2025-12-27,Saturday,13,2.76,2.14,0.78,83.2,1,0,0,2
U009,13,2025-12-27,Saturday,13,3.46,2.7,0.78,73.48,1,0,0,1
U010,13,2025-12-27,Saturday,13,0.97,0.53,0.53,66.35,0,0,1,1
U001,14,2025-12-28,Sunday,14,3.57,2.49,0.7,83.53,1,0,0,0
U002,14,2025-12-28,Sunday,14,1.36,0.5,0.4,63.89,1,0,1,0
U003,14,2025-12-28,Sunday,14,2.38,1.8,0.76,84.86,0,0,0,2
U004,14,2025-12-28,Sunday,14,2.76,2.39,0.87,87.74,1,0,0,1
U005,14,2025-12-28,Sunday,14,2.99,2.96,0.99,91.78,1,0,1,1
U006,14,2025-12-28,Sunday,14,1.55,1.33,0.86,86.07,0,0,0,1
U007,14,2025-12-28,Sunday,14,2.82,2.15,0.76,81.86,0,1,0,1
U008,14,2025-12-28,Sunday,14,2.15,1.3,0.6,67.39,0,0,0,1
U009,14,2025-12-28,Sunday,14,3.48,2.14,0.61,80.96,1,0,0,1
U010,14,2025-12-28,Sunday,14,2.82,2.38,0.84,77.99,0,0,1,2
U001,14,2025-12-29,Monday,14,8.5,7.8,0.92,90.37,1,0,2,3
U002,14,2025-12-29,Monday,14,8.42,7.42,0.88,82.88,2,0,1,2
U003,14,2025-12-29,Monday,14,5.63,5.48,0.97,86.48,1,0,2,3
U004,14,2025-12-29,Monday,14,8.34,7.59,0.91,84.86,2,0,1,3
U005,14,2025-12-29,Monday,14,5.87,5.2,0.89,89.21,0,0,1,3
U006,14,2025-12-29,Monday,14,4.42,4.07,0.92,78.4,1,0,2,1
U007,14,2025-12-29,Monday,14,8.08,7.55,0.93,80.3,2,0,2,1
U008,14,2025-12-29,Monday,14,5.67,4.81,0.85,80.89,2,0,2,2
U009,14,2025-12-29,Monday,14,8.46,7.26,0.86,75.38,2,0,1,3
U010,14,2025-12-29,Monday,14,7.94,7.23,0.91,89.2,2,0,1,3
U001,14,2025-12-30,Tuesday,14,7.16,6.66,0.93,88.3,2,1,1,1
U002,14,2025-12-30,Tuesday,14,8.62,8.32,0.97,83.25,1,0,1,3
U003,14,2025-12-30,Tuesday,14,6.26,5.6,0.89,82.11,2,0,2,1
U004,14,2025-12-30,Tuesday,14,7.36,6.79,0.92,81.92,2,0,1,1
U005,14,2025-12-30,Tuesday,14,6.34,6.16,0.97,86.39,2,0,1,3
U006,14,2025-12-30,Tuesday,14,6.03,5.64,0.94,86.17,2,0,2,3
U007,14,2025-12-30,Tuesday,14,9.9,9.23,0.93,82.62,2,0,1,3
U008,14,2025-12-30,Tuesday,14,3.74,3.43,0.92,91.88,1,0,2,3
U009,14,2025-12-30,Tuesday,14,8.92,8.7,0.98,91.52,1,0,1,2
U010,14,2025-12-30,Tuesday,14,6.78,6.48,0.96,83.34,1,0,2,2
U001,14,2025-12-31,Wednesday,14,6.58,6.01,0.91,82.59,1,0,1,3
U002,14,2025-12-31,Wednesday,14,7.14,6.62,0.93,77.99,2,1,1,2
U003,14,2025-12-31,Wednesday,14,6.39,5.3,0.83,75.33,0,0,1,1
U004,14,2025-12-31,Wednesday,14,10.08,9.33,0.93,90.73,0,0,1,2
U005,14,2025-12-31,Wednesday,14,6.96,5.83,0.84,86.54,2,1,1,3
U006,14,2025-12-31,Wednesday,14,6.57,5.55,0.84,85.91,1,0,2,1
U007,14,2025-12-31,Wednesday,14,7.03,6.19,0.88,80.05,0,0,1,2
U008,14,2025-12-31,Wednesday,14,7.29,6.1,0.84,75.39,0,0,1,2
U009,14,2025-12-31,Wednesday,14,7.47,7.35,0.98,91.83,2,0,1,2
U010,14,2025-12-31,Wednesday,14,5.77,4.9,0.85,88.79,0,0,1,2
U001,14,2026-01-01,Thursday,14,9.9,8.82,0.89,76.81,1,0,2,1
U002,14,2026-01-01,Thursday,14,8.73,8.16,0.93,85.6,2,0,1,3
U003,14,2026-01-01,Thursday,14,5.59,5.17,0.92,79.42,1,0,1,3
U004,14,2026-01-01,Thursday,14,8.46,7.4,0.87,81.19,2,1,2,1
U005,14,2026-01-01,Thursday,14,8.6,8.0,0.93,86.56,0,0,2,3
U006,14,2026-01-01,Thursday,14,7.18,6.61,0.92,90.72,0,0,2,2
U007,14,2026-01-01,Thursday,14,7.55,7.26,0.96,81.3,0,0,1,3
U008,14,2026-01-01,Thursday,14,6.02,4.88,0.81,79.4,1,1,1,3
U009,14,2026-01-01,Thursday,14,7.89,8.04,1.0,82.58,2,0,1,2
U010,14,2026-01-01,Thursday,14,6.7,5.95,0.89,80.67,2,0,1,2
U001,14,2026-01-02,Friday,14,7.27,6.48,0.89,84.53,0,0,2,1
U002,14,2026-01-02,Friday,14,5.31,5.11,0.96,85.79,0,1,2,2
U003,14,2026-01-02,Friday,14,6.2,5.45,0.88,81.58,0,0,1,3
U004,14,2026-01-02,Friday,14,6.07,6.0,0.99,86.67,0,0,2,3
U005,14,2026-01-02,Friday,14,7.07,6.57,0.93,85.62,0,0,1,1
U006,14,2026-01-02,Friday,14,7.39,7.72,1.0,88.36,1,0,1,2
U007,14,2026-01-02,Friday,14,6.79,5.95,0.88,87.61,1,0,1,2
U008,14,2026-01-02,Friday,14,4.89,4.16,0.85,76.97,1,0,1,3
U009,14,2026-01-02,Friday,14,8.35,7.95,0.95,81.71,0,0,1,2
U010,14,2026-01-02,Friday,14,6.94,6.41,0.92,77.31,2,0,1,1
U001,14,2026-01-03,Saturday,14,3.49,2.93,0.84,82.17,0,0,0,1
U002,14,2026-01-03,Saturday,14,1.9,1.53,0.81,75.68,1,0,1,2
U003,14,2026-01-03,Saturday,14,3.76,3.33,0.89,76.31,1,0,0,1
U004,14,2026-01-03,Saturday,14,3.77,3.02,0.8,81.94,1,0,1,1
U005,14,2026-01-03,Saturday,14,3.02,3.09,1.0,90.71,0,0,0,0
U006,14,2026-01-03,Saturday,14,2.24,1.6,0.71,77.19,1,0,1,1
U007,14,2026-01-03,Saturday,14,2.18,1.6,0.73,83.5,0,0,0,0
U008,14,2026-01-03,Saturday,14,2.18,1.92,0.88,82.88,1,0,1,2
U009,14,2026-01-03,Saturday,14,1.78,1.77,0.99,92.08,1,0,1,0
U010,14,2026-01-03,Saturday,14,2.46,2.38,0.97,92.16,1,0,1,1
U001,15,2026-01-04,Sunday,15,2.77,2.04,0.74,85.42,1,0,0,0
U002,15,2026-01-04,Sunday,15,2.24,1.5,0.67,76.54,0,0,0,1
U003,15,2026-01-04,Sunday,15,2.7,1.75,0.65,70.05,1,0,0,0
U004,15,2026-01-04,Sunday,15,1.76,1.5,0.85,88.91,0,0,1,1
U005,15,2026-01-04,Sunday,15,2.24,1.2,0.54,72.42,0,0,0,0
U006,15,2026-01-04,Sunday,15,2.3,1.52,0.66,78.84,1,0,1,0
U007,15,2026-01-04,Sunday,15,3.57,2.73,0.76,75.21,0,1,0,1
U008,15,2026-01-04,Sunday,15,3.78,2.46,0.65,69.96,0,0,1,2
U009,15,2026-01-04,Sunday,15,2.21,1.72,0.78,73.82,1,0,0,1
U010,15,2026-01-04,Sunday,15,3.04,2.17,0.71,74.55,1,0,1,0
U001,1,2026-01-05,Monday,1,8.07,5.32,0.668,60.83,1,1,1,2
U002,1,2026-01-05,Monday,1,10.12,8.02,0.684,96.78,2,1,0,2
U003,1,2026-01-05,Monday,1,8.2,6.32,0.798,87.97,0,0,0,1
U004,1,2026-01-05,Monday,1,7.09,5.18,0.586,68.72,0,0,2,1
U005,1,2026-01-05,Monday,1,7.07,7.29,0.949,97.19,2,0,0,3
U006,1,2026-01-05,Monday,1,8.0,6.14,0.727,98.0,0,0,1,1
U007,1,2026-01-05,Monday,1,7.07,5.41,0.76,89.0,2,0,1,3
U008,1,2026-01-05,Monday,1,7.72,6.06,0.928,95.67,3,0,0,2
U009,1,2026-01-05,Monday,1,8.0,6.22,0.634,93.21,2,0,4,1
U010,1,2026-01-05,Monday,1,6.9,5.88,1.0,98.0,0,0,3,2
U001,1,2026-01-06,Tuesday,1,8.53,6.72,0.806,87.4,0,0,1,2
U002,1,2026-01-06,Tuesday,1,8.57,6.35,0.746,87.0,1,0,0,2
U003,1,2026-01-06,Tuesday,1,8.96,7.14,0.783,90.46,2,0,1,3
U004,1,2026-01-06,Tuesday,1,8.16,7.83,1.0,98.0,3,0,2,1
U005,1,2026-01-06,Tuesday,1,7.41,6.45,0.718,75.83,2,0,1,2
U006,1,2026-01-06,Tuesday,1,9.56,6.66,0.627,98.0,2,1,2,3
U007,1,2026-01-06,Tuesday,1,10.1,6.52,0.475,88.09,3,1,0,4
U008,1,2026-01-06,Tuesday,1,8.31,4.58,0.7,89.95,2,1,1,2
U009,1,2026-01-06,Tuesday,1,6.13,5.7,0.916,88.56,2,1,0,3
U010,1,2026-01-06,Tuesday,1,8.86,6.43,0.556,84.05,1,0,3,2
U001,1,2026-01-07,Wednesday,1,8.87,8.03,0.58,75.98,3,1,2,3
U002,1,2026-01-07,Wednesday,1,7.59,6.28,0.883,98.0,1,0,2,3
U003,1,2026-01-07,Wednesday,1,8.06,7.03,0.888,98.0,2,1,1,2
U004,1,2026-01-07,Wednesday,1,8.81,9.36,1.0,98.0,1,0,2,3
U005,1,2026-01-07,Wednesday,1,9.68,7.14,0.788,89.93,2,0,0,2
U006,1,2026-01-07,Wednesday,1,7.32,5.56,0.71,78.49,1,1,0,2
U007,1,2026-01-07,Wednesday,1,6.41,5.54,0.814,98.0,0,0,0,3
U008,1,2026-01-07,Wednesday,1,7.63,3.88,0.483,63.34,1,2,1,2
U009,1,2026-01-07,Wednesday,1,9.43,7.71,0.813,93.03,2,0,1,1
U010,1,2026-01-07,Wednesday,1,8.6,6.57,0.825,98.0,2,0,2,1
U001,1,2026-01-08,Thursday,1,6.72,5.47,0.995,91.64,0,0,3,3
U002,1,2026-01-08,Thursday,1,8.51,7.41,0.994,98.0,2,1,1,3
U003,1,2026-01-08,Thursday,1,9.87,7.79,0.797,90.8,2,1,1,5
U004,1,2026-01-08,Thursday,1,8.89,8.0,1.0,98.0,5,0,3,2
U005,1,2026-01-08,Thursday,1,5.03,3.69,0.681,89.41,2,0,0,3
U006,1,2026-01-08,Thursday,1,9.17,7.73,0.93,98.0,2,0,0,3
U007,1,2026-01-08,Thursday,1,7.47,6.0,0.754,83.14,2,1,0,3
U008,1,2026-01-08,Thursday,1,8.41,8.78,1.0,98.0,0,0,1,3
U009,1,2026-01-08,Thursday,1,8.75,7.09,0.739,92.15,1,0,0,2
U010,1,2026-01-08,Thursday,1,11.24,8.18,0.817,98.0,1,0,1,2
U001,1,2026-01-09,Friday,1,7.92,6.57,1.0,81.2,2,0,1,1
U002,1,2026-01-09,Friday,1,6.52,7.5,1.0,98.0,1,0,0,3
U003,1,2026-01-09,Friday,1,9.41,8.8,1.0,95.82,4,0,1,3
U004,1,2026-01-09,Friday,1,10.82,10.13,0.82,98.0,2,3,0,3
U005,1,2026-01-09,Friday,1,7.93,6.54,0.862,94.07,1,1,1,3
U006,1,2026-01-09,Friday,1,5.88,5.5,0.93,94.66,2,0,1,2
U007,1,2026-01-09,Friday,1,9.33,7.2,0.682,94.7,0,0,2,2
U008,1,2026-01-09,Friday,1,6.72,7.39,1.0,93.7,1,0,1,3
U009,1,2026-01-09,Friday,1,9.31,8.94,0.882,96.69,3,0,0,0
U010,1,2026-01-09,Friday,1,5.7,5.42,1.0,98.0,0,2,2,3
U001,1,2026-01-10,Saturday,1,3.35,2.91,0.69,76.16,3,0,0,2
U002,1,2026-01-10,Saturday,1,3.73,3.48,0.993,92.4,1,0,1,1
U003,1,2026-01-10,Saturday,1,3.93,3.48,0.781,77.62,0,0,0,2
U004,1,2026-01-10,Saturday,1,6.23,5.45,0.984,95.53,1,0,0,1
U005,1,2026-01-10,Saturday,1,4.59,5.27,0.94,89.19,1,0,1,2
U006,1,2026-01-10,Saturday,1,3.12,2.51,0.706,79.16,1,0,1,2
U007,1,2026-01-10,Saturday,1,3.49,3.82,0.973,93.12,1,0,0,1
U008,1,2026-01-10,Saturday,1,3.82,3.8,0.783,67.0,1,0,1,2
U009,1,2026-01-10,Saturday,1,4.64,4.39,1.0,75.97,0,0,1,3
U010,1,2026-01-10,Saturday,1,2.58,2.8,1.0,79.67,2,1,0,0
U001,1,2026-01-11,Sunday,1,2.9,2.31,0.838,76.63,1,0,1,1
U002,1,2026-01-11,Sunday,1,4.29,3.83,0.902,85.21,2,0,0,3
U003,1,2026-01-11,Sunday,1,3.74,3.81,1.0,98.0,1,0,0,1
U004,1,2026-01-11,Sunday,1,2.76,2.48,0.834,69.24,0,1,0,0
U005,1,2026-01-11,Sunday,1,4.88,3.91,0.775,77.59,1,1,0,0
U006,1,2026-01-11,Sunday,1,3.47,3.1,0.871,88.97,1,0,0,1
U007,1,2026-01-11,Sunday,1,4.05,4.0,1.0,93.56,1,1,1,1
U008,1,2026-01-11,Sunday,1,5.58,4.61,0.606,68.84,0,0,1,2
U009,1,2026-01-11,Sunday,1,3.48,3.69,1.0,85.13,0,0,1,0
U010,1,2026-01-11,Sunday,1,4.21,4.11,1.0,91.24,2,0,1,1
U001,2,2026-01-12,Monday,2,8.52,7.29,0.959,97.4,3,0,0,4
U002,2,2026-01-12,Monday,2,5.74,3.27,0.686,89.26,2,0,0,1
U003,2,2026-01-12,Monday,2,10.17,9.37,0.902,98.0,3,0,1,1
U004,2,2026-01-12,Monday,2,9.31,7.1,0.922,86.28,2,1,3,2
U005,2,2026-01-12,Monday,2,8.67,4.7,0.457,73.09,0,0,0,1
U006,2,2026-01-12,Monday,2,7.83,5.61,0.621,82.35,2,1,0,2
U007,2,2026-01-12,Monday,2,6.96,5.57,0.785,81.72,1,0,1,3
U008,2,2026-01-12,Monday,2,9.73,8.55,0.885,98.0,2,0,3,2
U009,2,2026-01-12,Monday,2,5.85,5.13,0.899,82.52,3,1,1,3
U010,2,2026-01-12,Monday,2,9.77,6.21,0.666,74.46,4,0,2,3
U001,2,2026-01-13,Tuesday,2,8.08,7.2,0.952,98.0,2,0,0,4
U002,2,2026-01-13,Tuesday,2,12.35,11.34,1.0,98.0,2,1,1,3
U003,2,2026-01-13,Tuesday,2,9.36,8.21,0.909,98.0,1,2,0,1
U004,2,2026-01-13,Tuesday,2,11.01,8.7,0.796,80.62,4,1,1,1
U005,2,2026-01-13,Tuesday,2,9.04,8.12,0.858,98.0,3,2,0,2
U006,2,2026-01-13,Tuesday,2,8.2,8.06,0.831,93.35,0,0,0,2
U007,2,2026-01-13,Tuesday,2,9.17,7.26,0.657,94.29,0,2,0,3
U008,2,2026-01-13,Tuesday,2,8.08,7.44,1.0,98.0,0,0,2,3
U009,2,2026-01-13,Tuesday,2,8.2,5.41,0.661,71.63,2,1,2,4
U010,2,2026-01-13,Tuesday,2,9.79,7.09,0.739,91.42,3,1,2,2
U001,2,2026-01-14,Wednesday,2,9.0,7.94,0.955,91.6,0,0,2,1
U002,2,2026-01-14,Wednesday,2,6.98,5.39,0.783,86.93,1,0,4,2
U003,2,2026-01-14,Wednesday,2,9.3,5.08,0.591,98.0,2,0,0,2
U004,2,2026-01-14,Wednesday,2,7.08,5.47,0.578,77.88,1,0,2,2
U005,2,2026-01-14,Wednesday,2,6.98,6.17,0.868,95.73,3,1,1,1
U006,2,2026-01-14,Wednesday,2,10.58,9.34,0.616,91.44,0,1,1,4
U007,2,2026-01-14,Wednesday,2,9.33,8.52,0.902,98.0,3,0,0,4
U008,2,2026-01-14,Wednesday,2,9.48,6.91,0.705,75.76,1,0,1,2
U009,2,2026-01-14,Wednesday,2,9.3,8.1,0.857,95.86,0,0,0,2
U010,2,2026-01-14,Wednesday,2,6.3,5.06,0.983,98.0,3,0,0,1
U001,2,2026-01-15,Thursday,2,9.83,8.9,0.949,98.0,1,0,0,2
U002,2,2026-01-15,Thursday,2,8.82,5.3,0.603,84.28,4,1,1,2
U003,2,2026-01-15,Thursday,2,5.94,4.16,0.506,82.38,3,0,0,4
U004,2,2026-01-15,Thursday,2,11.25,9.41,1.0,98.0,0,0,1,0
U005,2,2026-01-15,Thursday,2,10.33,8.57,0.714,98.0,2,1,1,3
U006,2,2026-01-15,Thursday,2,7.01,4.97,0.925,97.47,1,0,0,3
U007,2,2026-01-15,Thursday,2,10.04,8.36,1.0,98.0,2,1,1,1
U008,2,2026-01-15,Thursday,2,9.38,6.72,0.691,79.71,1,1,0,2
U009,2,2026-01-15,Thursday,2,6.55,3.81,0.904,85.25,1,0,0,1
U010,2,2026-01-15,Thursday,2,8.15,7.5,0.998,98.0,2,0,2,3
U001,2,2026-01-16,Friday,2,8.16,5.93,0.769,89.97,2,0,3,2
U002,2,2026-01-16,Friday,2,9.03,7.77,0.628,82.13,3,1,1,3
U003,2,2026-01-16,Friday,2,7.53,4.51,0.43,72.61,1,0,0,2
U004,2,2026-01-16,Friday,2,8.61,6.46,0.787,73.28,2,0,0,2
U005,2,2026-01-16,Friday,2,9.16,7.66,0.632,88.99,1,0,0,2
U006,2,2026-01-16,Friday,2,8.12,6.23,0.725,90.75,0,1,1,2
U007,2,2026-01-16,Friday,2,8.71,8.27,0.897,92.89,3,0,1,2
U008,2,2026-01-16,Friday,2,9.85,7.47,0.592,97.47,2,1,2,3
U009,2,2026-01-16,Friday,2,9.71,7.59,0.947,93.9,1,0,1,3
U010,2,2026-01-16,Friday,2,8.75,6.31,0.646,83.66,2,0,1,2
U001,2,2026-01-17,Saturday,2,2.69,1.52,0.642,70.81,1,1,1,2
U002,2,2026-01-17,Saturday,2,3.79,2.7,0.755,87.95,3,1,1,2
U003,2,2026-01-17,Saturday,2,3.68,3.2,0.821,90.32,1,0,0,1
U004,2,2026-01-17,Saturday,2,6.85,5.38,0.837,95.09,2,0,0,0
U005,2,2026-01-17,Saturday,2,4.02,1.65,0.496,63.27,0,1,0,2
U006,2,2026-01-17,Saturday,2,5.44,4.8,1.0,98.0,1,0,0,1
U007,2,2026-01-17,Saturday,2,4.42,2.8,0.483,81.56,0,0,1,0
U008,2,2026-01-17,Saturday,2,2.89,3.32,1.0,78.45,2,0,0,1
U009,2,2026-01-17,Saturday,2,4.73,4.18,0.795,84.92,0,0,2,0
U010,2,2026-01-17,Saturday,2,2.91,1.63,0.731,74.08,1,1,0,1
U001,2,2026-01-18,Sunday,2,4.09,3.5,0.698,68.49,1,1,0,1
U002,2,2026-01-18,Sunday,2,2.26,1.81,0.869,80.25,0,1,0,3
U003,2,2026-01-18,Sunday,2,5.25,3.72,1.0,95.89,1,0,0,1
U004,2,2026-01-18,Sunday,2,3.81,4.38,1.0,69.32,1,0,2,1
U005,2,2026-01-18,Sunday,2,2.67,3.07,1.0,87.55,2,0,1,2
U006,2,2026-01-18,Sunday,2,5.69,4.07,0.733,87.23,0,0,2,2
U007,2,2026-01-18,Sunday,2,3.79,3.54,0.974,88.99,0,0,1,1
U008,2,2026-01-18,Sunday,2,2.34,1.63,0.682,65.38,0,1,0,3
U009,2,2026-01-18,Sunday,2,5.36,3.86,0.855,71.19,0,0,1,1
U010,2,2026-01-18,Sunday,2,3.81,3.25,1.0,92.25,1,0,0,1
U001,3,2026-01-19,Monday,3,7.88,5.79,0.726,92.4,0,0,0,3
U002,3,2026-01-19,Monday,3,8.36,6.27,0.675,88.0,2,1,1,2
U003,3,2026-01-19,Monday,3,7.41,6.03,1.0,98.0,2,0,2,2
U004,3,2026-01-19,Monday,3,9.37,8.63,0.945,98.0,0,2,1,2
U005,3,2026-01-19,Monday,3,8.83,8.02,0.777,97.43,3,0,1,4
U006,3,2026-01-19,Monday,3,7.09,6.42,0.687,83.56,1,0,1,2
U007,3,2026-01-19,Monday,3,7.94,6.66,0.848,94.01,2,0,1,2
U008,3,2026-01-19,Monday,3,7.63,6.15,0.787,98.0,2,0,3,3
U009,3,2026-01-19,Monday,3,10.32,8.01,0.811,91.27,1,0,0,3
U010,3,2026-01-19,Monday,3,8.36,6.45,0.675,98.0,1,1,1,4
U001,3,2026-01-20,Tuesday,3,7.82,6.51,0.838,92.67,1,1,0,4
U002,3,2026-01-20,Tuesday,3,8.16,5.56,0.81,81.16,3,0,3,2
U003,3,2026-01-20,Tuesday,3,7.24,6.85,1.0,98.0,3,2,1,2
U004,3,2026-01-20,Tuesday,3,6.95,4.99,0.815,79.93,0,0,1,3
U005,3,2026-01-20,Tuesday,3,7.68,7.35,0.829,88.64,1,0,0,2
U006,3,2026-01-20,Tuesday,3,9.32,8.37,0.803,98.0,5,0,0,4
U007,3,2026-01-20,Tuesday,3,10.25,8.21,0.752,98.0,0,0,1,3
U008,3,2026-01-20,Tuesday,3,9.28,6.99,0.771,79.88,1,0,1,2
U009,3,2026-01-20,Tuesday,3,8.26,8.2,0.825,87.45,2,0,1,3
U010,3,2026-01-20,Tuesday,3,7.75,6.07,0.595,90.51,0,0,2,3
U001,3,2026-01-21,Wednesday,3,9.42,8.33,1.0,82.74,0,0,1,4
U002,3,2026-01-21,Wednesday,3,6.43,5.47,1.0,95.19,2,0,1,4
U003,3,2026-01-21,Wednesday,3,11.02,9.54,1.0,98.0,2,0,0,2
U004,3,2026-01-21,Wednesday,3,11.28,9.22,0.889,98.0,3,0,3,1
U005,3,2026-01-21,Wednesday,3,7.85,7.64,0.944,97.33,1,3,2,3
U006,3,2026-01-21,Wednesday,3,8.62,8.3,0.736,98.0,2,0,4,2
U007,3,2026-01-21,Wednesday,3,8.78,7.15,0.786,98.0,1,0,3,2
U008,3,2026-01-21,Wednesday,3,8.0,8.05,0.958,98.0,0,0,2,4
U009,3,2026-01-21,Wednesday,3,10.22,8.83,0.697,83.72,0,4,0,5
U010,3,2026-01-21,Wednesday,3,7.63,7.08,0.927,94.46,0,0,0,4
U001,3,2026-01-22,Thursday,3,8.55,6.57,0.748,95.23,2,1,1,3
U002,3,2026-01-22,Thursday,3,9.8,6.86,0.485,80.04,0,2,0,3
U003,3,2026-01-22,Thursday,3,8.55,7.44,1.0,91.47,1,0,1,1
U004,3,2026-01-22,Thursday,3,9.62,9.28,0.99,98.0,0,0,1,3
U005,3,2026-01-22,Thursday,3,7.66,7.37,0.757,98.0,2,0,1,4
U006,3,2026-01-22,Thursday,3,7.5,5.93,0.847,80.55,1,2,0,1
U007,3,2026-01-22,Thursday,3,9.43,7.11,0.653,92.75,1,2,2,3
U008,3,2026-01-22,Thursday,3,10.31,7.61,0.958,98.0,0,0,2,3
U009,3,2026-01-22,Thursday,3,9.16,6.73,0.682,87.25,0,2,2,2
U010,3,2026-01-22,Thursday,3,10.22,8.85,0.873,98.0,1,1,1,4
U001,3,2026-01-23,Friday,3,8.3,8.62,0.958,98.0,3,1,1,2
U002,3,2026-01-23,Friday,3,7.21,6.22,0.976,98.0,0,1,0,3
U003,3,2026-01-23,Friday,3,8.86,7.59,0.886,98.0,1,1,1,3
U004,3,2026-01-23,Friday,3,9.13,7.03,0.688,78.35,1,0,2,3
U005,3,2026-01-23,Friday,3,9.69,8.83,0.791,98.0,0,0,3,4
U006,3,2026-01-23,Friday,3,7.54,5.83,0.661,88.15,0,2,2,2
U007,3,2026-01-23,Friday,3,9.23,7.58,0.968,98.0,2,2,1,1
U008,3,2026-01-23,Friday,3,9.59,8.12,0.939,89.24,1,1,0,3
U009,3,2026-01-23,Friday,3,11.71,9.12,0.639,98.0,4,1,1,3
U010,3,2026-01-23,Friday,3,7.94,7.66,0.843,85.91,0,2,2,3
U001,3,2026-01-24,Saturday,3,2.04,1.82,0.775,63.4,1,0,3,1
U002,3,2026-01-24,Saturday,3,4.31,3.58,1.0,78.0,1,0,1,1
U003,3,2026-01-24,Saturday,3,2.8,2.08,0.87,77.89,1,0,1,2
U004,3,2026-01-24,Saturday,3,4.35,2.82,0.62,56.18,1,0,2,0
U005,3,2026-01-24,Saturday,3,3.36,0.5,0.25,55.67,0,0,2,0
U006,3,2026-01-24,Saturday,3,5.56,4.74,0.612,90.71,0,0,2,1
U007,3,2026-01-24,Saturday,3,5.08,5.42,1.0,98.0,1,0,0,1
U008,3,2026-01-24,Saturday,3,6.46,5.82,0.89,90.5,0,0,2,1
U009,3,2026-01-24,Saturday,3,2.67,2.06,0.759,73.23,0,0,0,2
U010,3,2026-01-24,Saturday,3,4.18,3.62,0.799,85.39,0,0,1,0
U001,3,2026-01-25,Sunday,3,6.79,7.21,1.0,97.07,1,0,1,3
U002,3,2026-01-25,Sunday,3,5.27,4.9,1.0,96.88,1,0,2,0
U003,3,2026-01-25,Sunday,3,4.14,4.34,1.0,95.08,0,0,0,2
U004,3,2026-01-25,Sunday,3,2.58,1.26,0.501,69.62,1,0,0,2
U005,3,2026-01-25,Sunday,3,2.4,1.78,0.773,74.42,0,0,0,0
U006,3,2026-01-25,Sunday,3,2.49,1.9,0.628,68.02,1,0,1,3
U007,3,2026-01-25,Sunday,3,3.15,2.42,0.762,68.76,0,0,0,1
U008,3,2026-01-25,Sunday,3,5.59,5.98,1.0,83.04,1,0,2,2
U009,3,2026-01-25,Sunday,3,5.8,4.79,0.832,85.94,0,0,1,1
U010,3,2026-01-25,Sunday,3,3.8,2.17,0.731,66.57,0,1,1,1
U001,4,2026-01-26,Monday,4,8.49,5.76,0.745,95.0,1,0,1,1
U002,4,2026-01-26,Monday,4,5.95,5.14,0.637,82.19,3,0,0,2
U003,4,2026-01-26,Monday,4,10.44,8.92,0.952,98.0,2,0,2,2
U004,4,2026-01-26,Monday,4,6.74,4.83,0.841,83.87,1,1,2,3
U005,4,2026-01-26,Monday,4,7.37,5.57,0.817,89.13,2,1,3,1
U006,4,2026-01-26,Monday,4,8.85,7.53,0.789,95.91,0,0,0,2
U007,4,2026-01-26,Monday,4,7.51,6.12,0.54,86.15,0,1,0,2
U008,4,2026-01-26,Monday,4,8.51,6.66,0.715,88.5,3,2,1,2
U009,4,2026-01-26,Monday,4,7.72,6.06,0.825,98.0,3,0,2,2
U010,4,2026-01-26,Monday,4,10.66,8.65,0.79,93.63,1,1,0,2
U001,4,2026-01-27,Tuesday,4,7.28,7.88,0.971,98.0,2,0,1,2
U002,4,2026-01-27,Tuesday,4,8.65,7.73,1.0,98.0,0,0,0,3
U003,4,2026-01-27,Tuesday,4,9.34,8.16,0.749,97.43,0,0,0,2
U004,4,2026-01-27,Tuesday,4,7.3,7.54,1.0,96.66,1,0,2,4
U005,4,2026-01-27,Tuesday,4,8.48,6.73,0.727,94.68,2,1,0,3
U006,4,2026-01-27,Tuesday,4,8.79,5.84,0.7,94.02,1,1,0,2
U007,4,2026-01-27,Tuesday,4,7.36,7.22,1.0,98.0,2,1,0,3
U008,4,2026-01-27,Tuesday,4,9.4,7.54,0.846,87.24,1,0,1,3
U009,4,2026-01-27,Tuesday,4,6.57,4.22,0.635,68.81,2,1,1,2
U010,4,2026-01-27,Tuesday,4,10.5,9.44,0.819,98.0,3,0,1,3
U001,4,2026-01-28,Wednesday,4,7.74,6.88,0.82,98.0,1,0,2,3
U002,4,2026-01-28,Wednesday,4,6.63,5.51,0.679,88.3,2,0,0,2
U003,4,2026-01-28,Wednesday,4,5.64,4.12,0.85,93.21,1,1,2,2
U004,4,2026-01-28,Wednesday,4,12.35,9.19,0.713,92.7,1,0,0,1
U005,4,2026-01-28,Wednesday,4,8.98,7.57,1.0,98.0,3,1,4,3
U006,4,2026-01-28,Wednesday,4,6.79,5.06,0.838,93.51,1,0,2,2
U007,4,2026-01-28,Wednesday,4,6.37,4.81,0.74,85.94,1,0,2,3
U008,4,2026-01-28,Wednesday,4,7.48,4.86,0.259,68.12,1,0,1,2
U009,4,2026-01-28,Wednesday,4,7.4,6.5,0.816,98.0,2,0,1,3
U010,4,2026-01-28,Wednesday,4,10.87,10.47,1.0,98.0,0,0,1,0
U001,4,2026-01-29,Thursday,4,7.66,4.94,0.658,77.9,3,0,3,1
U002,4,2026-01-29,Thursday,4,11.85,8.45,0.858,92.67,1,1,2,2
U003,4,2026-01-29,Thursday,4,8.68,9.04,0.948,98.0,0,0,2,2
U004,4,2026-01-29,Thursday,4,10.12,7.76,0.745,89.82,2,0,1,1
U005,4,2026-01-29,Thursday,4,4.26,3.05,0.654,84.86,0,0,0,2
U006,4,2026-01-29,Thursday,4,12.92,10.83,0.934,98.0,0,0,2,2
U007,4,2026-01-29,Thursday,4,7.84,6.64,1.0,98.0,2,0,0,2
U008,4,2026-01-29,Thursday,4,10.98,9.43,0.906,98.0,2,0,1,3
U009,4,2026-01-29,Thursday,4,8.69,7.35,0.78,80.39,4,0,2,1
U010,4,2026-01-29,Thursday,4,9.01,6.77,0.877,88.88,2,2,1,3
U001,4,2026-01-30,Friday,4,9.3,7.76,0.629,98.0,0,0,1,2
U002,4,2026-01-30,Friday,4,9.55,8.57,0.914,98.0,1,0,3,2
U003,4,2026-01-30,Friday,4,10.07,7.23,0.669,80.91,2,0,4,1
U004,4,2026-01-30,Friday,4,11.32,9.46,0.83,98.0,1,0,0,3
U005,4,2026-01-30,Friday,4,5.15,4.39,0.808,85.35,2,0,1,0
U006,4,2026-01-30,Friday,4,10.06,8.33,0.823,92.52,2,0,2,1
U007,4,2026-01-30,Friday,4,10.16,7.38,0.766,98.0,1,0,1,3
U008,4,2026-01-30,Friday,4,9.81,8.91,0.646,95.13,0,0,0,2
U009,4,2026-01-30,Friday,4,9.85,7.12,0.544,88.8,3,0,2,3
U010,4,2026-01-30,Friday,4,8.88,5.23,0.616,93.54,2,0,2,4
U001,4,2026-01-31,Saturday,4,3.49,3.81,1.0,75.19,0,0,0,1
U002,4,2026-01-31,Saturday,4,4.35,3.57,0.815,80.2,0,0,0,2
U003,4,2026-01-31,Saturday,4,3.38,3.89,1.0,91.76,1,0,0,0
U004,4,2026-01-31,Saturday,4,5.86,4.95,0.826,72.84,0,0,1,3
U005,4,2026-01-31,Saturday,4,3.36,0.5,0.457,49.14,0,0,0,1
U006,4,2026-01-31,Saturday,4,3.03,2.12,0.53,65.14,0,0,0,1
U007,4,2026-01-31,Saturday,4,3.15,3.26,1.0,94.94,2,0,1,1
U008,4,2026-01-31,Saturday,4,2.45,1.37,0.445,48.85,2,0,1,3
U009,4,2026-01-31,Saturday,4,4.5,3.27,0.77,61.71,1,0,0,3
U010,4,2026-01-31,Saturday,4,4.31,3.65,0.943,79.36,1,1,1,0
U001,4,2026-02-01,Sunday,4,3.09,3.55,1.0,89.93,0,0,0,0
U002,4,2026-02-01,Sunday,4,4.18,3.93,0.801,82.1,0,0,2,0
U003,4,2026-02-01,Sunday,4,1.5,1.72,1.0,76.76,3,0,1,3
U004,4,2026-02-01,Sunday,4,6.07,6.27,0.926,92.32,1,0,1,2
U005,4,2026-02-01,Sunday,4,3.44,3.74,1.0,88.3,0,0,0,0
U006,4,2026-02-01,Sunday,4,5.54,4.73,0.689,87.74,0,1,0,2
U007,4,2026-02-01,Sunday,4,2.05,2.36,1.0,94.96,1,0,0,2
U008,4,2026-02-01,Sunday,4,4.34,3.78,0.943,77.32,0,2,2,0
U009,4,2026-02-01,Sunday,4,3.06,2.25,0.949,88.61,2,0,0,1
U010,4,2026-02-01,Sunday,4,5.36,6.17,1.0,98.0,0,0,1,0
U001,5,2026-02-02,Monday,5,6.17,6.54,0.974,98.0,5,0,2,3
U002,5,2026-02-02,Monday,5,8.48,5.42,0.777,88.47,1,0,0,3
U003,5,2026-02-02,Monday,5,8.49,6.94,0.91,90.59,1,0,0,3
U004,5,2026-02-02,Monday,5,9.04,6.95,0.654,81.8,0,0,0,4
U005,5,2026-02-02,Monday,5,8.02,6.69,0.75,89.88,4,2,0,2
U006,5,2026-02-02,Monday,5,8.53,8.03,0.954,96.92,2,2,2,3
U007,5,2026-02-02,Monday,5,9.03,6.89,0.746,98.0,1,1,0,3
U008,5,2026-02-02,Monday,5,8.59,7.45,0.886,81.72,1,0,2,1
U009,5,2026-02-02,Monday,5,7.77,5.37,0.735,76.51,1,1,1,3
U010,5,2026-02-02,Monday,5,7.38,4.3,0.706,83.02,0,0,0,2
U001,5,2026-02-03,Tuesday,5,6.63,5.49,0.934,90.41,3,0,1,3
U002,5,2026-02-03,Tuesday,5,7.57,7.48,1.0,98.0,1,0,1,2
U003,5,2026-02-03,Tuesday,5,8.38,6.07,0.689,98.0,3,0,0,2
U004,5,2026-02-03,Tuesday,5,9.23,7.3,0.662,83.24,1,1,3,3
U005,5,2026-02-03,Tuesday,5,8.17,6.61,0.835,88.42,1,0,0,3
U006,5,2026-02-03,Tuesday,5,8.64,8.84,1.0,96.81,1,3,1,4
U007,5,2026-02-03,Tuesday,5,6.31,5.62,0.845,92.94,2,1,3,4
U008,5,2026-02-03,Tuesday,5,9.58,7.64,0.794,88.39,2,0,3,5
U009,5,2026-02-03,Tuesday,5,9.91,7.96,0.524,90.86,1,0,2,2
U010,5,2026-02-03,Tuesday,5,6.54,4.03,0.762,77.29,1,0,1,2
U001,5,2026-02-04,Wednesday,5,8.69,7.73,0.895,90.07,1,0,0,2
U002,5,2026-02-04,Wednesday,5,9.43,8.08,0.881,98.0,0,0,1,1
U003,5,2026-02-04,Wednesday,5,8.77,7.9,0.953,98.0,4,0,3,3
U004,5,2026-02-04,Wednesday,5,9.16,7.24,0.858,88.02,2,2,1,3
U005,5,2026-02-04,Wednesday,5,7.7,7.05,0.814,93.31,1,0,2,2
U006,5,2026-02-04,Wednesday,5,9.75,8.62,0.824,98.0,1,1,2,2
U007,5,2026-02-04,Wednesday,5,9.21,6.09,0.684,98.0,0,0,0,2
U008,5,2026-02-04,Wednesday,5,8.89,7.78,0.843,97.82,1,0,2,3
U009,5,2026-02-04,Wednesday,5,8.68,6.77,0.682,96.34,3,0,1,2
U010,5,2026-02-04,Wednesday,5,9.23,8.26,0.849,98.0,1,0,0,1
U001,5,2026-02-05,Thursday,5,7.9,8.5,0.897,98.0,1,1,1,2
U002,5,2026-02-05,Thursday,5,8.31,6.26,0.845,98.0,2,1,3,3
U003,5,2026-02-05,Thursday,5,7.69,5.08,0.614,88.27,2,0,1,2
U004,5,2026-02-05,Thursday,5,10.33,8.58,0.785,93.08,2,0,2,4
U005,5,2026-02-05,Thursday,5,7.39,5.84,0.757,96.98,0,0,1,3
U006,5,2026-02-05,Thursday,5,8.82,8.07,1.0,98.0,2,0,2,3
U007,5,2026-02-05,Thursday,5,6.1,5.71,1.0,83.57,1,0,1,5
U008,5,2026-02-05,Thursday,5,8.99,6.64,0.899,93.26,0,0,1,4
U009,5,2026-02-05,Thursday,5,10.18,7.53,0.711,86.6,0,0,1,3
U010,5,2026-02-05,Thursday,5,9.73,7.32,0.7,93.57,2,0,0,3
U001,5,2026-02-06,Friday,5,11.76,11.73,0.947,98.0,0,0,2,2
U002,5,2026-02-06,Friday,5,10.48,9.11,0.886,91.7,2,0,1,3
U003,5,2026-02-06,Friday,5,7.46,8.06,1.0,98.0,2,0,1,3
U004,5,2026-02-06,Friday,5,9.44,7.33,0.811,95.27,0,1,1,3
U005,5,2026-02-06,Friday,5,10.17,6.51,0.567,77.9,1,0,1,1
U006,5,2026-02-06,Friday,5,9.15,9.04,1.0,95.24,2,1,1,3
U007,5,2026-02-06,Friday,5,8.31,7.94,1.0,98.0,3,0,0,2
U008,5,2026-02-06,Friday,5,7.95,6.2,0.783,90.69,2,0,2,3
U009,5,2026-02-06,Friday,5,6.64,5.94,0.853,86.97,1,0,1,3
U010,5,2026-02-06,Friday,5,7.98,6.22,0.993,98.0,4,1,4,2
U001,5,2026-02-07,Saturday,5,4.01,3.39,0.888,84.82,1,0,1,0
U002,5,2026-02-07,Saturday,5,5.91,4.77,0.71,74.32,0,0,0,1
U003,5,2026-02-07,Saturday,5,5.61,3.11,0.649,78.98,2,0,2,1
U004,5,2026-02-07,Saturday,5,5.57,3.62,0.567,73.38,0,1,1,0
U005,5,2026-02-07,Saturday,5,2.42,1.97,0.679,77.08,0,0,0,1
U006,5,2026-02-07,Saturday,5,3.39,2.81,0.744,60.31,2,0,0,1
U007,5,2026-02-07,Saturday,5,3.58,3.05,0.788,83.51,1,0,1,1
U008,5,2026-02-07,Saturday,5,5.26,5.16,0.957,97.36,0,1,2,2
U009,5,2026-02-07,Saturday,5,4.04,3.9,1.0,80.74,2,2,3,0
U010,5,2026-02-07,Saturday,5,5.62,5.1,0.999,87.84,2,0,0,2
U001,5,2026-02-08,Sunday,5,3.71,2.53,0.706,78.86,0,0,3,2
U002,5,2026-02-08,Sunday,5,3.33,3.25,0.892,82.61,0,0,0,3
U003,5,2026-02-08,Sunday,5,3.27,3.76,1.0,94.67,0,0,3,2
U004,5,2026-02-08,Sunday,5,5.64,5.16,0.994,98.0,1,0,0,1
U005,5,2026-02-08,Sunday,5,5.23,4.22,0.697,97.97,0,1,1,2
U006,5,2026-02-08,Sunday,5,2.43,1.57,0.671,67.82,0,0,1,2
U007,5,2026-02-08,Sunday,5,4.17,3.65,0.725,89.08,0,0,0,2
U008,5,2026-02-08,Sunday,5,4.39,3.2,0.748,69.08,1,0,3,0
U009,5,2026-02-08,Sunday,5,5.12,5.48,1.0,82.98,0,0,0,3
U010,5,2026-02-08,Sunday,5,2.22,2.43,1.0,87.62,0,0,0,2
U001,6,2026-02-09,Monday,6,10.19,8.28,0.686,80.19,2,1,0,3
U002,6,2026-02-09,Monday,6,9.0,9.02,1.0,98.0,1,1,1,2
U003,6,2026-02-09,Monday,6,7.0,6.82,0.898,95.6,1,0,0,1
U004,6,2026-02-09,Monday,6,8.83,9.41,1.0,92.0,1,0,0,3
U005,6,2026-02-09,Monday,6,9.16,6.57,0.995,98.0,2,1,0,2
U006,6,2026-02-09,Monday,6,9.93,8.26,0.905,95.72,6,0,2,3
U007,6,2026-02-09,Monday,6,9.05,6.99,0.827,94.6,1,1,1,3
U008,6,2026-02-09,Monday,6,7.65,7.33,0.881,98.0,1,0,1,2
U009,6,2026-02-09,Monday,6,6.95,5.74,0.735,95.33,1,0,0,2
U010,6,2026-02-09,Monday,6,8.48,8.51,1.0,98.0,2,0,0,2
U001,6,2026-02-10,Tuesday,6,10.57,9.05,0.893,98.0,0,0,1,3
U002,6,2026-02-10,Tuesday,6,7.09,4.95,0.688,98.0,1,1,2,4
U003,6,2026-02-10,Tuesday,6,7.5,4.26,0.566,88.09,0,0,1,3
U004,6,2026-02-10,Tuesday,6,8.94,8.37,0.851,98.0,1,1,1,3
U005,6,2026-02-10,Tuesday,6,7.35,5.29,0.698,65.96,0,0,0,1
U006,6,2026-02-10,Tuesday,6,8.8,6.8,0.949,86.91,0,0,1,2
U007,6,2026-02-10,Tuesday,6,10.85,8.35,0.834,98.0,3,0,0,2
U008,6,2026-02-10,Tuesday,6,11.99,8.34,0.659,89.94,3,1,1,2
U009,6,2026-02-10,Tuesday,6,6.07,5.2,0.931,76.59,1,0,2,2
U010,6,2026-02-10,Tuesday,6,8.87,4.99,0.398,82.03,1,0,1,2
U001,6,2026-02-11,Wednesday,6,9.72,7.73,0.789,98.0,1,0,2,1
U002,6,2026-02-11,Wednesday,6,8.08,7.54,1.0,98.0,1,0,0,4
U003,6,2026-02-11,Wednesday,6,8.39,7.54,0.794,98.0,0,0,1,4
U004,6,2026-02-11,Wednesday,6,8.3,6.73,0.981,94.0,1,1,1,1
U005,6,2026-02-11,Wednesday,6,8.48,8.16,0.986,98.0,1,0,0,3
U006,6,2026-02-11,Wednesday,6,7.7,5.48,0.791,84.75,2,1,1,1
U007,6,2026-02-11,Wednesday,6,6.62,5.08,0.81,79.11,4,1,0,3
U008,6,2026-02-11,Wednesday,6,7.41,5.18,0.844,88.0,1,2,0,3
U009,6,2026-02-11,Wednesday,6,9.95,9.01,0.678,95.22,3,0,0,2
U010,6,2026-02-11,Wednesday,6,6.68,5.84,0.924,94.89,1,2,1,2
U001,6,2026-02-12,Thursday,6,8.32,6.99,0.864,89.93,1,0,0,4
U002,6,2026-02-12,Thursday,6,8.93,8.55,1.0,98.0,0,1,2,3
U003,6,2026-02-12,Thursday,6,8.04,6.86,0.741,81.6,2,0,1,0
U004,6,2026-02-12,Thursday,6,10.43,7.86,0.834,81.54,1,1,1,2
U005,6,2026-02-12,Thursday,6,7.04,5.8,0.824,93.35,0,1,1,4
U006,6,2026-02-12,Thursday,6,9.57,8.66,1.0,98.0,2,2,4,2
U007,6,2026-02-12,Thursday,6,9.29,7.54,0.695,98.0,0,1,0,2
U008,6,2026-02-12,Thursday,6,11.06,9.21,0.877,91.96,2,0,1,2
U009,6,2026-02-12,Thursday,6,7.45,7.22,0.97,98.0,1,1,4,2
U010,6,2026-02-12,Thursday,6,7.82,6.77,0.968,98.0,2,0,2,3
U001,6,2026-02-13,Friday,6,4.2,2.9,0.767,72.89,2,1,1,3
U002,6,2026-02-13,Friday,6,7.91,5.46,0.771,85.55,1,1,0,2
U003,6,2026-02-13,Friday,6,8.58,6.13,0.572,83.0,1,1,0,2
U004,6,2026-02-13,Friday,6,8.68,7.02,0.989,96.71,3,1,3,3
U005,6,2026-02-13,Friday,6,6.15,5.99,0.948,92.74,1,1,1,3
U006,6,2026-02-13,Friday,6,7.27,6.44,0.879,90.69,2,0,0,3
U007,6,2026-02-13,Friday,6,9.79,9.33,0.976,98.0,2,1,2,2
U008,6,2026-02-13,Friday,6,8.43,6.63,0.703,74.54,1,0,1,0
U009,6,2026-02-13,Friday,6,9.17,8.58,0.746,95.05,0,0,2,2
U010,6,2026-02-13,Friday,6,9.63,6.49,0.664,85.26,2,1,0,3
U001,6,2026-02-14,Saturday,6,5.57,3.14,0.773,80.74,0,1,0,1
U002,6,2026-02-14,Saturday,6,1.5,0.5,0.311,56.34,0,0,0,0
U003,6,2026-02-14,Saturday,6,3.25,2.37,0.635,75.9,4,0,0,2
U004,6,2026-02-14,Saturday,6,4.25,4.56,0.921,88.17,1,1,0,1
U005,6,2026-02-14,Saturday,6,2.97,2.88,1.0,91.01,1,0,1,1
U006,6,2026-02-14,Saturday,6,1.89,0.5,0.333,59.62,2,0,3,1
U007,6,2026-02-14,Saturday,6,4.92,4.15,0.9,78.36,0,0,0,3
U008,6,2026-02-14,Saturday,6,3.39,2.95,0.749,80.29,1,0,2,0
U009,6,2026-02-14,Saturday,6,5.57,5.95,1.0,80.2,0,0,0,0
U010,6,2026-02-14,Saturday,6,3.81,3.91,0.952,77.97,1,0,0,2
U001,6,2026-02-15,Sunday,6,5.38,5.16,1.0,90.58,1,0,2,1
U002,6,2026-02-15,Sunday,6,4.23,4.26,0.825,80.87,0,1,0,1
U003,6,2026-02-15,Sunday,6,6.01,6.14,1.0,93.78,0,0,1,1
U004,6,2026-02-15,Sunday,6,4.0,4.6,1.0,84.7,1,0,0,3
U005,6,2026-02-15,Sunday,6,5.34,4.7,0.803,80.35,1,0,0,2
U006,6,2026-02-15,Sunday,6,5.37,4.81,0.76,86.4,2,2,1,2
U007,6,2026-02-15,Sunday,6,3.82,2.32,0.601,80.34,0,0,1,1
U008,6,2026-02-15,Sunday,6,6.61,6.52,1.0,88.59,0,0,0,1
U009,6,2026-02-15,Sunday,6,3.5,1.5,0.544,67.77,0,0,1,4
U010,6,2026-02-15,Sunday,6,4.49,4.7,1.0,91.25,1,0,0,1
U001,7,2026-02-16,Monday,7,7.41,6.87,1.0,98.0,2,0,0,1
U002,7,2026-02-16,Monday,7,8.24,7.91,0.927,98.0,1,0,0,3
U003,7,2026-02-16,Monday,7,10.91,10.67,1.0,98.0,0,0,0,1
U004,7,2026-02-16,Monday,7,8.64,8.07,0.836,95.49,0,1,0,3
U005,7,2026-02-16,Monday,7,8.11,7.87,1.0,98.0,0,0,1,2
U006,7,2026-02-16,Monday,7,6.81,5.35,0.759,79.97,1,0,1,4
U007,7,2026-02-16,Monday,7,9.9,8.8,0.825,98.0,1,0,1,3
U008,7,2026-02-16,Monday,7,10.56,6.95,0.82,76.3,1,0,0,3
U009,7,2026-02-16,Monday,7,7.66,6.38,0.628,86.42,0,0,0,1
U010,7,2026-02-16,Monday,7,8.27,7.63,0.612,93.02,3,2,2,4
U001,7,2026-02-17,Tuesday,7,8.25,8.85,1.0,92.36,2,0,2,2
U002,7,2026-02-17,Tuesday,7,4.94,4.65,0.976,68.59,0,0,2,3
U003,7,2026-02-17,Tuesday,7,9.0,6.3,0.602,86.48,0,0,0,2
U004,7,2026-02-17,Tuesday,7,8.8,7.54,0.754,85.22,2,2,1,2
U005,7,2026-02-17,Tuesday,7,11.59,9.67,0.819,97.79,2,0,1,2
U006,7,2026-02-17,Tuesday,7,12.3,9.87,0.945,98.0,1,0,2,1
U007,7,2026-02-17,Tuesday,7,10.0,8.24,0.92,98.0,0,0,0,2
U008,7,2026-02-17,Tuesday,7,9.77,7.81,0.705,81.43,2,1,3,3
U009,7,2026-02-17,Tuesday,7,7.74,5.51,0.579,70.16,3,0,2,3
U010,7,2026-02-17,Tuesday,7,8.57,5.23,0.725,86.14,2,1,3,1
U001,7,2026-02-18,Wednesday,7,9.09,8.38,0.878,89.31,1,0,1,4
U002,7,2026-02-18,Wednesday,7,8.02,8.08,0.938,84.95,3,1,1,2
U003,7,2026-02-18,Wednesday,7,7.75,6.86,0.972,98.0,2,3,3,2
U004,7,2026-02-18,Wednesday,7,9.04,6.32,0.638,75.99,1,1,0,2
U005,7,2026-02-18,Wednesday,7,7.73,7.77,0.96,97.63,0,1,0,2
U006,7,2026-02-18,Wednesday,7,8.58,6.96,0.64,85.79,1,1,1,3
U007,7,2026-02-18,Wednesday,7,8.94,6.75,0.752,84.05,0,0,3,3
U008,7,2026-02-18,Wednesday,7,7.63,7.09,0.722,81.29,0,0,0,3
U009,7,2026-02-18,Wednesday,7,6.84,6.35,0.929,89.35,0,0,3,3
U010,7,2026-02-18,Wednesday,7,8.5,5.96,0.614,76.38,0,0,2,4
U001,7,2026-02-19,Thursday,7,8.78,6.07,0.863,90.56,0,1,0,2
U002,7,2026-02-19,Thursday,7,8.58,7.38,0.722,98.0,0,1,2,2
U003,7,2026-02-19,Thursday,7,9.61,8.69,0.869,88.12,1,1,2,2
U004,7,2026-02-19,Thursday,7,7.44,6.23,0.856,92.66,0,0,1,1
U005,7,2026-02-19,Thursday,7,7.76,4.83,0.747,97.82,1,0,0,3
U006,7,2026-02-19,Thursday,7,7.03,5.61,0.686,75.36,0,0,1,2
U007,7,2026-02-19,Thursday,7,10.15,7.99,0.638,98.0,0,0,1,4
U008,7,2026-02-19,Thursday,7,7.48,6.57,0.869,89.74,2,0,1,3
U009,7,2026-02-19,Thursday,7,9.94,6.35,0.855,83.13,3,0,2,3
U010,7,2026-02-19,Thursday,7,6.6,4.63,0.589,91.96,0,0,1,2
U001,7,2026-02-20,Friday,7,9.91,7.05,0.589,63.3,1,0,2,3
U002,7,2026-02-20,Friday,7,11.09,9.22,0.645,98.0,1,0,0,3
U003,7,2026-02-20,Friday,7,7.58,7.73,1.0,98.0,2,1,1,2
U004,7,2026-02-20,Friday,7,7.67,5.4,0.72,79.44,3,0,1,2
U005,7,2026-02-20,Friday,7,8.71,5.43,0.683,93.52,0,3,0,2
U006,7,2026-02-20,Friday,7,10.35,8.3,0.578,98.0,1,0,1,3
U007,7,2026-02-20,Friday,7,10.67,8.93,0.629,92.81,2,0,1,2
U008,7,2026-02-20,Friday,7,10.82,8.82,0.829,88.83,3,1,0,4
U009,7,2026-02-20,Friday,7,8.96,7.32,0.983,98.0,1,0,1,1
U010,7,2026-02-20,Friday,7,11.78,9.53,0.842,95.31,2,0,0,5
U001,7,2026-02-21,Saturday,7,1.5,0.5,0.25,46.9,0,1,2,2
U002,7,2026-02-21,Saturday,7,3.63,3.5,0.96,79.39,0,0,0,1
U003,7,2026-02-21,Saturday,7,5.62,4.73,0.978,98.0,0,0,0,1
U004,7,2026-02-21,Saturday,7,6.52,3.88,0.571,62.11,0,0,0,2
U005,7,2026-02-21,Saturday,7,3.69,4.24,1.0,87.65,0,0,1,2
U006,7,2026-02-21,Saturday,7,1.5,0.5,0.333,50.91,1,0,3,0
U007,7,2026-02-21,Saturday,7,4.73,2.9,0.551,86.82,1,0,0,2
U008,7,2026-02-21,Saturday,7,3.84,3.71,0.856,71.11,0,0,0,1
U009,7,2026-02-21,Saturday,7,3.89,3.77,0.862,71.63,2,0,1,1
U010,7,2026-02-21,Saturday,7,4.7,5.12,0.97,98.0,0,0,0,1
U001,7,2026-02-22,Sunday,7,3.65,3.54,0.844,86.55,1,0,1,4
U002,7,2026-02-22,Sunday,7,3.95,1.88,0.607,72.98,0,0,0,1
U003,7,2026-02-22,Sunday,7,5.09,4.52,0.846,98.0,0,1,0,2
U004,7,2026-02-22,Sunday,7,3.27,2.46,0.861,79.09,0,0,0,3
U005,7,2026-02-22,Sunday,7,1.8,1.32,0.827,65.39,1,0,0,0
U006,7,2026-02-22,Sunday,7,3.96,2.81,0.884,74.5,0,0,1,2
U007,7,2026-02-22,Sunday,7,4.71,3.06,0.545,72.0,0,0,1,3
U008,7,2026-02-22,Sunday,7,4.41,3.0,0.815,65.48,1,0,0,0
U009,7,2026-02-22,Sunday,7,4.69,3.32,0.544,65.23,0,0,1,2
U010,7,2026-02-22,Sunday,7,2.14,1.36,0.484,65.06,2,0,1,1
U001,8,2026-02-23,Monday,8,9.8,8.08,0.961,88.05,2,0,1,2
U002,8,2026-02-23,Monday,8,8.8,7.54,1.0,98.0,2,0,0,2
U003,8,2026-02-23,Monday,8,10.13,8.27,0.68,82.13,0,1,0,2
U004,8,2026-02-23,Monday,8,8.07,6.82,0.993,98.0,0,0,1,2
U005,8,2026-02-23,Monday,8,9.26,8.4,0.829,94.19,1,0,2,1
U006,8,2026-02-23,Monday,8,6.92,5.38,0.597,97.32,0,0,1,2
U007,8,2026-02-23,Monday,8,8.45,7.92,0.923,98.0,2,0,0,1
U008,8,2026-02-23,Monday,8,9.88,6.85,0.686,90.44,1,0,0,3
U009,8,2026-02-23,Monday,8,9.15,7.5,0.597,82.45,0,1,2,3
U010,8,2026-02-23,Monday,8,8.18,7.17,1.0,98.0,0,0,2,2
U001,8,2026-02-24,Tuesday,8,8.94,6.88,0.724,95.17,4,0,2,3
U002,8,2026-02-24,Tuesday,8,8.21,6.68,0.801,88.16,1,0,2,3
U003,8,2026-02-24,Tuesday,8,9.15,7.07,0.929,98.0,1,1,1,3
U004,8,2026-02-24,Tuesday,8,9.12,6.75,0.737,98.0,1,0,4,2
U005,8,2026-02-24,Tuesday,8,6.73,6.73,1.0,94.89,0,0,1,3
U006,8,2026-02-24,Tuesday,8,8.58,6.42,0.671,87.05,0,1,0,3
U007,8,2026-02-24,Tuesday,8,7.89,6.59,0.877,93.69,5,0,1,3
U008,8,2026-02-24,Tuesday,8,9.35,8.02,0.796,93.04,1,0,1,5
U009,8,2026-02-24,Tuesday,8,9.24,7.13,0.809,87.3,2,1,2,0
U010,8,2026-02-24,Tuesday,8,8.56,6.38,0.837,95.7,0,0,0,2
U001,8,2026-02-25,Wednesday,8,7.14,6.53,0.839,80.13,1,0,2,2
U002,8,2026-02-25,Wednesday,8,12.83,10.48,0.975,98.0,0,0,1,2
U003,8,2026-02-25,Wednesday,8,10.07,8.9,0.992,98.0,3,1,2,3
U004,8,2026-02-25,Wednesday,8,7.79,6.31,0.84,85.04,2,3,1,4
U005,8,2026-02-25,Wednesday,8,5.54,5.55,0.893,81.58,2,1,0,3
U006,8,2026-02-25,Wednesday,8,9.14,7.02,0.828,84.12,1,0,2,3
U007,8,2026-02-25,Wednesday,8,8.43,5.55,0.713,86.18,3,0,3,2
U008,8,2026-02-25,Wednesday,8,8.02,6.79,0.678,73.01,3,0,3,2
U009,8,2026-02-25,Wednesday,8,10.56,9.29,0.896,75.47,2,0,0,3
U010,8,2026-02-25,Wednesday,8,8.85,7.34,0.853,98.0,3,0,4,3
U001,8,2026-02-26,Thursday,8,8.25,7.23,0.841,95.49,1,0,0,4
U002,8,2026-02-26,Thursday,8,9.3,7.91,0.708,83.17,1,0,0,4
U003,8,2026-02-26,Thursday,8,9.34,8.2,0.961,98.0,1,1,1,3
U004,8,2026-02-26,Thursday,8,10.65,8.33,0.792,83.49,0,0,0,3
U005,8,2026-02-26,Thursday,8,8.44,6.24,0.712,95.6,1,1,2,3
U006,8,2026-02-26,Thursday,8,7.45,5.84,0.741,76.91,1,1,2,1
U007,8,2026-02-26,Thursday,8,8.2,7.15,0.963,98.0,3,0,0,4
U008,8,2026-02-26,Thursday,8,8.25,7.98,1.0,98.0,2,0,1,4
U009,8,2026-02-26,Thursday,8,8.69,6.82,0.739,90.18,1,0,4,1
U010,8,2026-02-26,Thursday,8,8.87,7.0,0.791,98.0,0,0,4,1
U001,8,2026-02-27,Friday,8,8.06,5.64,0.534,82.05,2,0,2,0
U002,8,2026-02-27,Friday,8,9.4,7.7,0.856,98.0,2,0,2,3
U003,8,2026-02-27,Friday,8,7.25,5.68,0.69,77.86,3,0,1,4
U004,8,2026-02-27,Friday,8,11.65,9.27,0.784,89.41,0,0,1,2
U005,8,2026-02-27,Friday,8,7.91,5.81,0.658,71.59,0,1,3,3
U006,8,2026-02-27,Friday,8,9.16,7.75,0.914,98.0,1,0,1,2
U007,8,2026-02-27,Friday,8,7.88,6.42,0.984,98.0,0,0,1,2
U008,8,2026-02-27,Friday,8,8.59,7.63,0.839,82.8,3,0,0,3
U009,8,2026-02-27,Friday,8,7.95,8.01,1.0,98.0,1,1,1,2
U010,8,2026-02-27,Friday,8,8.65,7.24,0.892,92.92,0,0,0,3
U001,8,2026-02-28,Saturday,8,4.23,2.61,0.53,64.98,0,0,0,0
U002,8,2026-02-28,Saturday,8,3.98,1.57,0.37,60.64,1,0,2,3
U003,8,2026-02-28,Saturday,8,4.41,4.11,1.0,75.68,0,0,0,1
U004,8,2026-02-28,Saturday,8,2.7,3.11,1.0,73.25,0,0,1,1
U005,8,2026-02-28,Saturday,8,3.52,3.61,0.952,77.02,1,0,0,0
U006,8,2026-02-28,Saturday,8,5.88,5.24,0.81,85.04,2,0,2,1
U007,8,2026-02-28,Saturday,8,3.94,2.45,0.541,71.39,2,0,2,1
U008,8,2026-02-28,Saturday,8,4.35,3.03,0.575,60.81,1,0,1,2
U009,8,2026-02-28,Saturday,8,6.56,5.08,0.794,73.05,1,1,1,1
U010,8,2026-02-28,Saturday,8,4.8,4.44,1.0,91.01,0,0,2,1
U001,8,2026-03-01,Sunday,8,3.61,2.6,0.972,73.13,0,0,0,1
U002,8,2026-03-01,Sunday,8,5.44,6.01,0.992,88.6,0,0,4,3
U003,8,2026-03-01,Sunday,8,6.37,6.37,0.99,98.0,1,0,1,1
U004,8,2026-03-01,Sunday,8,1.81,1.98,1.0,60.22,0,0,0,2
U005,8,2026-03-01,Sunday,8,5.8,5.61,1.0,82.49,1,0,0,2
U006,8,2026-03-01,Sunday,8,3.23,3.04,0.949,80.85,0,0,1,1
U007,8,2026-03-01,Sunday,8,4.21,3.97,0.83,84.3,0,0,1,1
U008,8,2026-03-01,Sunday,8,4.05,3.8,1.0,84.88,0,0,0,2
U009,8,2026-03-01,Sunday,8,2.52,1.23,0.457,52.83,1,1,0,3
U010,8,2026-03-01,Sunday,8,4.68,4.47,0.781,79.09,1,0,1,2
U001,9,2026-03-02,Monday,9,6.85,5.73,0.912,92.03,0,0,3,2
U002,9,2026-03-02,Monday,9,4.95,3.62,0.879,80.8,3,2,0,4
U003,9,2026-03-02,Monday,9,7.38,7.6,1.0,98.0,1,0,2,1
U004,9,2026-03-02,Monday,9,11.31,8.67,0.573,91.13,1,0,2,3
U005,9,2026-03-02,Monday,9,7.83,8.13,1.0,98.0,2,0,1,1
U006,9,2026-03-02,Monday,9,6.46,6.11,1.0,96.46,0,0,2,2
U007,9,2026-03-02,Monday,9,8.86,6.73,0.767,97.33,3,0,1,3
U008,9,2026-03-02,Monday,9,9.56,8.19,0.727,90.57,1,0,2,4
U009,9,2026-03-02,Monday,9,9.78,7.39,0.666,83.22,2,0,1,3
U010,9,2026-03-02,Monday,9,6.17,5.09,0.488,72.09,1,0,3,3
U001,9,2026-03-03,Tuesday,9,7.48,6.11,0.803,86.64,0,0,2,3
U002,9,2026-03-03,Tuesday,9,8.21,5.35,0.63,91.26,0,1,0,3
U003,9,2026-03-03,Tuesday,9,7.65,6.11,0.924,87.78,1,0,4,2
U004,9,2026-03-03,Tuesday,9,10.14,9.95,0.849,91.46,1,2,1,2
U005,9,2026-03-03,Tuesday,9,6.97,8.02,0.913,94.93,2,0,0,2
U006,9,2026-03-03,Tuesday,9,8.93,6.97,0.743,96.77,1,0,3,3
U007,9,2026-03-03,Tuesday,9,9.79,6.95,0.894,98.0,0,0,4,3
U008,9,2026-03-03,Tuesday,9,6.57,5.51,0.97,95.3,3,0,1,2
U009,9,2026-03-03,Tuesday,9,10.7,10.76,0.788,98.0,3,1,0,3
U010,9,2026-03-03,Tuesday,9,9.18,9.33,0.933,98.0,1,1,1,1
U001,9,2026-03-04,Wednesday,9,8.58,7.52,0.99,87.77,2,0,2,1
U002,9,2026-03-04,Wednesday,9,8.97,7.08,0.624,75.19,0,0,0,4
U003,9,2026-03-04,Wednesday,9,11.17,8.97,0.693,93.83,0,1,1,2
U004,9,2026-03-04,Wednesday,9,9.02,6.57,0.939,91.8,3,0,2,3
U005,9,2026-03-04,Wednesday,9,6.97,5.77,0.868,98.0,2,0,1,4
U006,9,2026-03-04,Wednesday,9,9.1,9.05,1.0,98.0,3,1,0,2
U007,9,2026-03-04,Wednesday,9,6.51,4.77,0.922,98.0,2,3,2,3
U008,9,2026-03-04,Wednesday,9,6.63,4.93,0.764,80.04,1,0,3,2
U009,9,2026-03-04,Wednesday,9,6.78,6.15,1.0,98.0,4,0,1,3
U010,9,2026-03-04,Wednesday,9,6.2,5.38,0.696,80.51,1,1,0,2
U001,9,2026-03-05,Thursday,9,10.83,9.12,0.645,83.65,3,0,0,2
U002,9,2026-03-05,Thursday,9,10.1,9.45,0.993,98.0,4,0,0,3
U003,9,2026-03-05,Thursday,9,10.18,8.86,1.0,98.0,2,0,1,2
U004,9,2026-03-05,Thursday,9,8.98,7.66,0.897,92.34,0,0,2,3
U005,9,2026-03-05,Thursday,9,6.94,6.09,0.947,89.47,0,0,2,1
U006,9,2026-03-05,Thursday,9,8.82,7.3,0.793,89.28,2,0,4,3
U007,9,2026-03-05,Thursday,9,7.42,6.42,0.706,91.95,0,0,1,3
U008,9,2026-03-05,Thursday,9,11.1,9.88,0.99,98.0,3,0,1,3
U009,9,2026-03-05,Thursday,9,12.07,9.09,0.781,98.0,2,0,0,3
U010,9,2026-03-05,Thursday,9,6.26,5.28,0.739,87.42,0,0,1,2
U001,9,2026-03-06,Friday,9,10.84,9.78,0.958,98.0,3,0,3,2
U002,9,2026-03-06,Friday,9,10.2,8.69,1.0,98.0,0,1,3,3
U003,9,2026-03-06,Friday,9,7.69,6.26,0.847,94.03,0,0,1,3
U004,9,2026-03-06,Friday,9,9.53,8.69,0.841,98.0,4,0,0,5
U005,9,2026-03-06,Friday,9,7.73,6.84,1.0,98.0,2,0,1,5
U006,9,2026-03-06,Friday,9,7.94,5.83,0.768,84.66,2,0,1,3
U007,9,2026-03-06,Friday,9,9.25,8.28,1.0,98.0,0,0,0,5
U008,9,2026-03-06,Friday,9,10.0,8.27,0.751,89.08,1,0,4,1
U009,9,2026-03-06,Friday,9,10.34,9.84,0.826,93.45,0,1,1,3
U010,9,2026-03-06,Friday,9,9.14,7.39,0.664,76.58,3,0,3,2
U001,9,2026-03-07,Saturday,9,4.89,4.83,1.0,86.86,1,0,0,2
U002,9,2026-03-07,Saturday,9,3.74,4.31,1.0,83.8,3,0,1,3
U003,9,2026-03-07,Saturday,9,4.35,3.7,0.867,93.8,0,0,1,1
U004,9,2026-03-07,Saturday,9,4.99,4.21,0.64,51.79,0,1,0,1
U005,9,2026-03-07,Saturday,9,4.7,4.89,1.0,82.2,0,0,1,1
U006,9,2026-03-07,Saturday,9,2.45,0.66,0.31,53.34,0,0,1,0
U007,9,2026-03-07,Saturday,9,4.96,4.73,0.958,92.79,0,0,3,1
U008,9,2026-03-07,Saturday,9,4.87,4.04,0.75,79.21,1,0,1,0
U009,9,2026-03-07,Saturday,9,5.88,6.24,1.0,98.0,0,0,1,1
U010,9,2026-03-07,Saturday,9,3.37,3.88,1.0,82.24,0,0,0,1
U001,9,2026-03-08,Sunday,9,3.21,1.79,0.728,80.19,0,0,1,1
U002,9,2026-03-08,Sunday,9,1.87,2.15,1.0,90.05,0,0,0,1
U003,9,2026-03-08,Sunday,9,4.59,3.47,0.658,80.41,1,0,0,3
U004,9,2026-03-08,Sunday,9,5.67,5.55,1.0,81.06,0,1,0,3
U005,9,2026-03-08,Sunday,9,3.99,3.9,0.99,94.57,3,0,1,1
U006,9,2026-03-08,Sunday,9,3.45,3.44,1.0,95.56,0,0,1,1
U007,9,2026-03-08,Sunday,9,3.94,4.53,1.0,95.55,0,0,1,3
U008,9,2026-03-08,Sunday,9,4.76,5.47,1.0,94.96,0,0,1,1
U009,9,2026-03-08,Sunday,9,6.01,3.86,0.708,92.28,1,0,0,2
U010,9,2026-03-08,Sunday,9,2.63,1.64,0.62,57.01,0,0,3,2
U001,10,2026-03-09,Monday,10,8.54,7.13,0.7,78.48,2,0,1,1
U002,10,2026-03-09,Monday,10,10.9,9.11,0.759,98.0,6,0,2,3
U003,10,2026-03-09,Monday,10,8.17,6.28,0.809,91.45,2,0,1,3
U004,10,2026-03-09,Monday,10,6.06,5.2,0.89,90.12,2,0,0,3
U005,10,2026-03-09,Monday,10,9.57,6.59,0.735,93.26,1,0,3,2
U006,10,2026-03-09,Monday,10,9.15,6.36,0.81,92.8,2,0,2,3
U007,10,2026-03-09,Monday,10,9.57,7.59,0.858,98.0,5,0,3,4
U008,10,2026-03-09,Monday,10,7.78,8.29,1.0,92.42,2,0,0,2
U009,10,2026-03-09,Monday,10,8.87,7.64,0.925,90.46,2,1,1,3
U010,10,2026-03-09,Monday,10,10.02,8.91,0.844,98.0,0,0,0,3
U001,10,2026-03-10,Tuesday,10,9.91,9.14,0.862,83.99,3,0,1,4
U002,10,2026-03-10,Tuesday,10,7.38,6.41,0.651,78.94,1,1,2,3
U003,10,2026-03-10,Tuesday,10,6.15,4.15,0.833,83.33,2,0,1,2
U004,10,2026-03-10,Tuesday,10,8.6,6.19,0.792,85.38,2,0,1,4
U005,10,2026-03-10,Tuesday,10,10.71,8.67,0.877,91.55,2,0,1,3
U006,10,2026-03-10,Tuesday,10,8.96,7.59,0.748,98.0,2,0,2,1
U007,10,2026-03-10,Tuesday,10,7.62,6.84,1.0,98.0,1,0,0,4
U008,10,2026-03-10,Tuesday,10,9.0,7.33,1.0,94.28,2,0,3,3
U009,10,2026-03-10,Tuesday,10,7.72,6.99,1.0,96.53,1,0,1,4
U010,10,2026-03-10,Tuesday,10,9.81,7.96,0.835,96.06,1,1,0,2
U001,10,2026-03-11,Wednesday,10,9.17,8.73,1.0,95.04,3,0,1,3
U002,10,2026-03-11,Wednesday,10,9.7,7.78,0.854,87.31,0,1,1,3
U003,10,2026-03-11,Wednesday,10,10.31,9.77,0.822,90.02,0,0,0,2
U004,10,2026-03-11,Wednesday,10,8.51,5.6,0.839,92.06,0,0,2,2
U005,10,2026-03-11,Wednesday,10,9.06,6.64,0.817,88.01,6,0,0,3
U006,10,2026-03-11,Wednesday,10,9.93,7.51,0.768,79.55,0,0,0,3
U007,10,2026-03-11,Wednesday,10,8.28,7.41,1.0,98.0,1,0,0,3
U008,10,2026-03-11,Wednesday,10,8.33,6.59,0.797,86.32,0,1,0,1
U009,10,2026-03-11,Wednesday,10,10.64,9.8,1.0,98.0,2,0,0,5
U010,10,2026-03-11,Wednesday,10,7.27,5.31,0.749,80.47,0,0,0,3
U001,10,2026-03-12,Thursday,10,9.64,8.74,0.954,94.46,0,0,3,3
U002,10,2026-03-12,Thursday,10,10.84,7.96,0.639,79.61,0,1,1,4
U003,10,2026-03-12,Thursday,10,8.3,7.04,0.875,96.29,0,0,3,4
U004,10,2026-03-12,Thursday,10,10.58,8.91,0.604,70.69,1,1,1,2
U005,10,2026-03-12,Thursday,10,7.6,6.41,0.835,81.27,1,1,1,3
U006,10,2026-03-12,Thursday,10,9.09,7.49,0.86,89.19,0,0,1,2
U007,10,2026-03-12,Thursday,10,9.63,8.0,0.956,98.0,1,0,1,2
U008,10,2026-03-12,Thursday,10,8.42,5.8,0.556,79.42,1,0,2,3
U009,10,2026-03-12,Thursday,10,9.89,8.02,0.847,83.99,1,0,3,2
U010,10,2026-03-12,Thursday,10,9.0,7.88,0.914,98.0,0,0,1,2
U001,10,2026-03-13,Friday,10,9.69,8.69,0.799,94.31,2,0,0,2
U002,10,2026-03-13,Friday,10,7.43,4.85,0.634,66.45,2,1,2,4
U003,10,2026-03-13,Friday,10,7.49,8.19,1.0,98.0,0,0,2,3
U004,10,2026-03-13,Friday,10,8.04,8.43,0.953,98.0,1,0,1,4
U005,10,2026-03-13,Friday,10,7.47,6.36,0.951,91.9,6,0,2,3
U006,10,2026-03-13,Friday,10,8.01,6.59,0.884,91.99,1,0,0,3
U007,10,2026-03-13,Friday,10,8.69,8.84,0.858,98.0,0,0,1,3
U008,10,2026-03-13,Friday,10,11.17,9.94,0.599,81.88,1,0,1,3
U009,10,2026-03-13,Friday,10,12.25,10.35,0.685,89.0,1,0,3,3
U010,10,2026-03-13,Friday,10,7.03,6.96,0.793,82.59,2,1,3,3
U001,10,2026-03-14,Saturday,10,7.42,6.54,0.798,94.29,1,0,0,1
U002,10,2026-03-14,Saturday,10,4.41,3.04,0.605,66.86,0,0,2,0
U003,10,2026-03-14,Saturday,10,4.8,5.39,1.0,97.42,0,0,0,2
U004,10,2026-03-14,Saturday,10,3.88,3.61,0.949,75.6,0,0,0,2
U005,10,2026-03-14,Saturday,10,3.74,3.54,0.924,66.22,0,0,1,2
U006,10,2026-03-14,Saturday,10,6.93,4.82,0.599,79.16,1,0,1,2
U007,10,2026-03-14,Saturday,10,5.29,5.47,0.938,85.86,1,0,1,0
U008,10,2026-03-14,Saturday,10,5.38,6.18,1.0,92.24,0,0,3,2
U009,10,2026-03-14,Saturday,10,3.7,3.5,1.0,91.28,1,0,0,0
U010,10,2026-03-14,Saturday,10,5.36,4.68,0.953,83.85,1,0,0,3
U001,10,2026-03-15,Sunday,10,2.25,1.53,0.67,92.66,0,0,1,4
U002,10,2026-03-15,Sunday,10,6.83,5.87,0.961,98.0,1,0,0,1
U003,10,2026-03-15,Sunday,10,3.68,2.57,0.593,75.25,0,0,2,2
U004,10,2026-03-15,Sunday,10,1.5,1.72,1.0,66.36,2,0,1,2
U005,10,2026-03-15,Sunday,10,3.02,3.12,1.0,71.56,0,0,0,2
U006,10,2026-03-15,Sunday,10,4.07,3.2,0.764,67.91,1,0,2,2
U007,10,2026-03-15,Sunday,10,3.93,4.06,0.97,68.59,0,0,2,1
U008,10,2026-03-15,Sunday,10,5.77,4.91,0.899,75.42,0,0,3,1
U009,10,2026-03-15,Sunday,10,3.88,3.79,0.83,74.93,1,0,0,3
U010,10,2026-03-15,Sunday,10,2.82,3.24,0.996,74.71,1,0,2,1
U001,11,2026-03-16,Monday,11,10.74,8.39,0.761,82.38,1,0,3,3
U002,11,2026-03-16,Monday,11,6.52,5.14,0.805,96.42,0,0,1,3
U003,11,2026-03-16,Monday,11,8.79,8.56,1.0,98.0,0,0,0,4
U004,11,2026-03-16,Monday,11,10.14,8.31,0.793,98.0,2,1,1,3
U005,11,2026-03-16,Monday,11,9.43,8.25,1.0,98.0,2,0,0,3
U006,11,2026-03-16,Monday,11,6.51,5.47,0.777,76.7,2,0,3,4
U007,11,2026-03-16,Monday,11,8.99,6.8,0.74,98.0,0,0,0,2
U008,11,2026-03-16,Monday,11,9.79,7.55,1.0,95.82,1,0,0,4
U009,11,2026-03-16,Monday,11,11.73,9.5,0.737,82.3,1,0,1,3
U010,11,2026-03-16,Monday,11,8.1,5.87,0.643,86.63,0,0,0,3
U001,11,2026-03-17,Tuesday,11,8.17,7.8,1.0,98.0,0,2,0,4
U002,11,2026-03-17,Tuesday,11,9.56,8.22,0.876,98.0,1,0,1,2
U003,11,2026-03-17,Tuesday,11,11.35,9.13,0.76,98.0,0,1,1,4
U004,11,2026-03-17,Tuesday,11,8.26,6.63,0.773,82.71,2,0,3,3
U005,11,2026-03-17,Tuesday,11,8.45,7.29,0.797,94.54,2,0,3,1
U006,11,2026-03-17,Tuesday,11,10.77,9.75,0.827,98.0,2,0,1,3
U007,11,2026-03-17,Tuesday,11,6.54,7.02,1.0,96.29,0,0,1,3
U008,11,2026-03-17,Tuesday,11,12.22,9.43,0.561,74.34,3,0,2,2
U009,11,2026-03-17,Tuesday,11,8.74,6.77,0.855,95.4,1,0,0,2
U010,11,2026-03-17,Tuesday,11,6.49,5.63,0.878,87.67,1,0,2,2
U001,11,2026-03-18,Wednesday,11,9.37,7.35,0.812,91.98,1,0,1,3
U002,11,2026-03-18,Wednesday,11,8.61,8.26,0.905,85.24,0,1,1,3
U003,11,2026-03-18,Wednesday,11,11.34,9.03,0.842,97.6,0,0,1,3
U004,11,2026-03-18,Wednesday,11,8.87,6.74,0.991,88.91,0,0,2,1
U005,11,2026-03-18,Wednesday,11,9.39,7.41,1.0,83.96,1,1,1,3
U006,11,2026-03-18,Wednesday,11,9.15,7.85,0.737,98.0,0,0,1,1
U007,11,2026-03-18,Wednesday,11,5.69,5.12,0.856,84.37,3,0,1,2
U008,11,2026-03-18,Wednesday,11,10.52,9.02,0.979,98.0,2,0,0,3
U009,11,2026-03-18,Wednesday,11,8.5,8.77,1.0,98.0,2,0,1,2
U010,11,2026-03-18,Wednesday,11,10.03,8.06,0.793,98.0,1,0,0,3
U001,11,2026-03-19,Thursday,11,11.15,9.23,0.62,98.0,3,1,2,3
U002,11,2026-03-19,Thursday,11,7.9,6.89,0.897,88.79,0,0,2,3
U003,11,2026-03-19,Thursday,11,10.55,8.63,0.821,98.0,1,1,1,4
U004,11,2026-03-19,Thursday,11,9.22,7.75,0.679,97.52,1,0,0,1
U005,11,2026-03-19,Thursday,11,10.16,10.16,0.876,90.38,2,0,3,3
U006,11,2026-03-19,Thursday,11,9.9,9.41,0.95,95.47,2,1,1,4
U007,11,2026-03-19,Thursday,11,6.83,6.95,1.0,98.0,2,1,2,3
U008,11,2026-03-19,Thursday,11,9.63,7.9,0.794,84.95,3,0,1,3
U009,11,2026-03-19,Thursday,11,11.2,11.07,1.0,94.46,0,1,1,2
U010,11,2026-03-19,Thursday,11,8.46,8.58,1.0,98.0,3,0,2,3
U001,11,2026-03-20,Friday,11,8.67,7.28,0.917,77.65,2,0,2,3
U002,11,2026-03-20,Friday,11,8.84,7.56,0.762,93.65,0,1,4,3
U003,11,2026-03-20,Friday,11,9.89,6.79,0.651,89.62,2,0,1,3
U004,11,2026-03-20,Friday,11,8.6,8.02,0.757,83.37,1,0,2,4
U005,11,2026-03-20,Friday,11,9.96,8.81,0.73,98.0,3,0,4,3
U006,11,2026-03-20,Friday,11,8.52,7.81,0.965,98.0,0,1,1,3
U007,11,2026-03-20,Friday,11,8.53,6.44,0.884,98.0,2,0,2,3
U008,11,2026-03-20,Friday,11,11.11,9.54,0.769,96.04,0,0,1,3
U009,11,2026-03-20,Friday,11,10.29,9.07,0.867,98.0,1,0,3,3
U010,11,2026-03-20,Friday,11,7.61,6.06,0.752,85.05,1,0,1,2
U001,11,2026-03-21,Saturday,11,3.95,4.55,1.0,88.74,1,0,0,3
U002,11,2026-03-21,Saturday,11,2.62,1.55,0.54,59.02,0,0,1,0
U003,11,2026-03-21,Saturday,11,5.88,4.99,1.0,92.52,1,0,1,3
U004,11,2026-03-21,Saturday,11,2.24,1.63,0.731,68.7,1,0,0,2
U005,11,2026-03-21,Saturday,11,4.08,3.5,0.843,70.7,1,0,0,1
U006,11,2026-03-21,Saturday,11,9.64,6.78,0.874,98.0,1,0,1,0
U007,11,2026-03-21,Saturday,11,3.03,3.34,1.0,82.23,2,0,0,2
U008,11,2026-03-21,Saturday,11,5.31,5.25,1.0,85.56,0,0,2,2
U009,11,2026-03-21,Saturday,11,4.36,3.92,0.88,76.64,0,0,2,2
U010,11,2026-03-21,Saturday,11,2.38,2.74,1.0,67.63,0,0,1,1
U001,11,2026-03-22,Sunday,11,4.36,3.03,0.416,70.92,1,0,2,2
U002,11,2026-03-22,Sunday,11,3.56,3.63,1.0,86.87,0,0,1,1
U003,11,2026-03-22,Sunday,11,5.5,4.58,0.719,65.12,0,0,2,2
U004,11,2026-03-22,Sunday,11,5.55,4.94,0.812,79.98,2,0,0,1
U005,11,2026-03-22,Sunday,11,4.66,3.37,0.644,75.22,0,1,3,1
U006,11,2026-03-22,Sunday,11,3.21,3.63,0.981,78.59,0,0,0,1
U007,11,2026-03-22,Sunday,11,5.57,5.85,1.0,98.0,1,0,0,0
U008,11,2026-03-22,Sunday,11,2.3,1.87,0.832,82.2,0,0,1,2
U009,11,2026-03-22,Sunday,11,4.33,3.86,0.765,76.17,1,0,0,0
U010,11,2026-03-22,Sunday,11,3.06,3.28,1.0,87.31,1,0,0,0
U001,12,2026-03-23,Monday,12,9.48,6.44,0.658,65.12,0,0,1,2
U002,12,2026-03-23,Monday,12,7.02,6.08,0.672,79.41,1,0,2,2
U003,12,2026-03-23,Monday,12,11.31,9.68,0.782,89.2,0,1,2,2
U004,12,2026-03-23,Monday,12,8.92,6.92,0.771,64.12,0,0,2,3
U005,12,2026-03-23,Monday,12,10.94,9.72,0.815,91.58,3,0,0,2
U006,12,2026-03-23,Monday,12,7.26,8.35,1.0,98.0,0,0,0,4
U007,12,2026-03-23,Monday,12,7.76,6.32,0.601,74.4,0,0,3,1
U008,12,2026-03-23,Monday,12,11.0,9.68,0.905,98.0,2,0,1,3
U009,12,2026-03-23,Monday,12,9.5,8.09,0.879,79.23,1,2,3,4
U010,12,2026-03-23,Monday,12,10.48,7.69,0.729,91.63,1,0,0,3
U001,12,2026-03-24,Tuesday,12,7.4,6.87,1.0,93.77,3,0,0,1
U002,12,2026-03-24,Tuesday,12,10.63,9.09,0.83,85.37,1,1,1,3
U003,12,2026-03-24,Tuesday,12,9.59,8.31,0.949,98.0,1,1,1,5
U004,12,2026-03-24,Tuesday,12,11.7,10.4,1.0,98.0,1,0,3,2
U005,12,2026-03-24,Tuesday,12,8.84,8.68,0.821,98.0,1,1,0,2
U006,12,2026-03-24,Tuesday,12,8.14,8.08,0.811,89.44,3,1,2,3
U007,12,2026-03-24,Tuesday,12,10.54,10.53,1.0,98.0,0,0,1,2
U008,12,2026-03-24,Tuesday,12,8.16,6.34,0.516,66.95,0,0,2,3
U009,12,2026-03-24,Tuesday,12,8.75,7.46,0.949,84.96,2,1,1,2
U010,12,2026-03-24,Tuesday,12,8.43,7.38,0.804,91.92,1,0,0,2
U001,12,2026-03-25,Wednesday,12,7.36,4.88,0.857,82.64,0,0,1,3
U002,12,2026-03-25,Wednesday,12,9.36,8.52,0.859,98.0,0,0,1,4
U003,12,2026-03-25,Wednesday,12,9.3,8.53,0.752,98.0,2,3,0,1
U004,12,2026-03-25,Wednesday,12,9.69,8.66,0.966,94.92,0,1,1,1
U005,12,2026-03-25,Wednesday,12,7.85,7.53,0.974,98.0,1,0,0,4
U006,12,2026-03-25,Wednesday,12,9.97,7.73,0.681,85.39,1,0,1,2
U007,12,2026-03-25,Wednesday,12,10.67,8.61,1.0,93.79,1,1,1,3
U008,12,2026-03-25,Wednesday,12,10.05,8.34,0.828,98.0,1,0,1,4
U009,12,2026-03-25,Wednesday,12,8.45,7.29,0.909,98.0,0,1,1,3
U010,12,2026-03-25,Wednesday,12,9.46,9.12,1.0,98.0,0,0,2,1
U001,12,2026-03-26,Thursday,12,9.33,7.64,0.961,98.0,1,0,1,3
U002,12,2026-03-26,Thursday,12,9.1,8.44,0.901,98.0,0,0,3,3
U003,12,2026-03-26,Thursday,12,9.37,8.09,0.746,96.13,0,0,2,2
U004,12,2026-03-26,Thursday,12,10.35,9.71,1.0,98.0,2,0,1,3
U005,12,2026-03-26,Thursday,12,11.25,10.8,0.882,92.74,1,2,0,3
U006,12,2026-03-26,Thursday,12,9.71,10.08,0.833,98.0,2,0,1,3
U007,12,2026-03-26,Thursday,12,9.15,10.3,1.0,98.0,0,0,3,3
U008,12,2026-03-26,Thursday,12,8.55,6.92,0.754,85.01,1,1,0,5
U009,12,2026-03-26,Thursday,12,7.12,7.71,1.0,89.96,0,0,4,2
U010,12,2026-03-26,Thursday,12,9.71,7.59,0.874,88.04,1,0,1,2
U001,12,2026-03-27,Friday,12,8.46,8.55,1.0,98.0,1,0,1,2
U002,12,2026-03-27,Friday,12,12.28,10.39,0.781,98.0,1,0,1,3
U003,12,2026-03-27,Friday,12,7.94,5.89,0.658,85.16,0,0,0,4
U004,12,2026-03-27,Friday,12,8.67,7.99,1.0,96.5,1,1,2,4
U005,12,2026-03-27,Friday,12,9.33,8.48,0.818,90.04,1,0,0,2
U006,12,2026-03-27,Friday,12,7.87,6.84,0.819,85.38,0,1,1,3
U007,12,2026-03-27,Friday,12,10.83,9.0,0.748,98.0,1,0,0,3
U008,12,2026-03-27,Friday,12,10.84,8.26,0.86,93.62,0,0,4,3
U009,12,2026-03-27,Friday,12,6.93,6.61,0.967,85.26,3,0,0,2
U010,12,2026-03-27,Friday,12,8.4,7.95,0.86,98.0,0,0,1,2
U001,12,2026-03-28,Saturday,12,3.79,4.35,1.0,75.8,1,0,3,2
U002,12,2026-03-28,Saturday,12,4.85,3.85,0.963,71.18,2,0,2,3
U003,12,2026-03-28,Saturday,12,4.63,2.92,0.406,92.64,0,0,1,3
U004,12,2026-03-28,Saturday,12,7.28,6.62,0.736,88.34,2,0,0,2
U005,12,2026-03-28,Saturday,12,4.13,2.53,0.75,66.82,0,0,0,3
U006,12,2026-03-28,Saturday,12,6.32,4.28,0.849,80.94,0,0,0,2
U007,12,2026-03-28,Saturday,12,5.65,5.68,0.861,86.04,2,0,1,2
U008,12,2026-03-28,Saturday,12,6.62,5.6,0.856,73.88,1,0,0,2
U009,12,2026-03-28,Saturday,12,4.77,2.98,0.509,56.46,2,0,0,1
U010,12,2026-03-28,Saturday,12,1.91,2.2,1.0,95.31,3,0,0,2
U001,12,2026-03-29,Sunday,12,4.29,4.74,1.0,77.72,1,0,2,2
U002,12,2026-03-29,Sunday,12,4.51,4.92,1.0,92.47,0,0,2,2
U003,12,2026-03-29,Sunday,12,2.35,1.85,0.779,80.31,0,0,0,0
U004,12,2026-03-29,Sunday,12,6.5,5.61,0.857,90.64,1,0,1,1
U005,12,2026-03-29,Sunday,12,4.85,3.99,0.783,69.61,3,0,0,2
U006,12,2026-03-29,Sunday,12,5.85,5.03,0.825,86.62,0,0,3,2
U007,12,2026-03-29,Sunday,12,4.39,3.18,0.804,90.43,0,0,1,1
U008,12,2026-03-29,Sunday,12,3.18,3.66,1.0,64.32,1,0,0,2
U009,12,2026-03-29,Sunday,12,4.36,2.94,0.921,67.55,1,0,1,0
U010,12,2026-03-29,Sunday,12,1.5,1.45,0.941,74.98,0,0,1,2
U001,27,2026-03-30,Monday,27,6.92,6.56,0.95,87.85,1,0,2,1
U002,27,2026-03-30,Monday,27,6.77,6.26,0.92,81.77,1,0,1,2
U003,27,2026-03-30,Monday,27,6.69,5.96,0.89,89.39,1,0,1,3
U004,27,2026-03-30,Monday,27,6.83,6.02,0.88,88.2,2,0,1,2
U005,27,2026-03-30,Monday,27,7.54,6.67,0.88,88.92,2,0,1,1
U006,27,2026-03-30,Monday,27,8.38,7.42,0.89,82.37,2,0,2,2
U007,27,2026-03-30,Monday,27,8.25,7.59,0.92,88.98,0,0,1,2
U008,27,2026-03-30,Monday,27,8.0,6.64,0.83,75.08,0,0,2,1
U009,27,2026-03-30,Monday,27,9.1,8.67,0.95,85.05,0,0,1,2
U010,27,2026-03-30,Monday,27,6.94,6.41,0.92,90.69,1,0,1,2
U001,27,2026-03-31,Tuesday,27,9.34,8.22,0.88,83.61,1,0,2,1
U002,27,2026-03-31,Tuesday,27,7.86,7.19,0.91,91.33,1,0,1,3
U003,27,2026-03-31,Tuesday,27,5.38,4.46,0.83,87.4,0,0,1,1
U004,27,2026-03-31,Tuesday,27,6.59,6.09,0.92,89.9,0,0,1,1
U005,27,2026-03-31,Tuesday,27,7.97,7.25,0.91,87.07,2,0,1,3
U006,27,2026-03-31,Tuesday,27,6.56,5.7,0.87,79.97,1,0,2,3
U007,27,2026-03-31,Tuesday,27,6.33,5.58,0.88,78.83,1,0,2,3
U008,27,2026-03-31,Tuesday,27,4.89,4.71,0.96,82.51,1,0,2,1
U009,27,2026-03-31,Tuesday,27,6.98,6.87,0.98,92.9,0,0,1,3
U010,27,2026-03-31,Tuesday,27,8.56,8.19,0.96,84.13,0,0,2,3
U001,27,2026-04-01,Wednesday,27,9.39,8.28,0.88,86.62,1,0,1,2
U002,27,2026-04-01,Wednesday,27,7.51,6.32,0.84,84.5,0,0,2,3
U003,27,2026-04-01,Wednesday,27,7.34,7.32,1.0,91.25,2,1,1,3
U004,27,2026-04-01,Wednesday,27,6.32,5.82,0.92,84.99,2,0,1,2
U005,27,2026-04-01,Wednesday,27,7.48,7.41,0.99,82.19,0,0,2,3
U006,27,2026-04-01,Wednesday,27,6.38,5.56,0.87,78.38,0,0,2,1
U007,27,2026-04-01,Wednesday,27,7.67,7.62,0.99,89.6,0,0,1,3
U008,27,2026-04-01,Wednesday,27,5.61,5.1,0.91,89.47,1,0,2,1
U009,27,2026-04-01,Wednesday,27,8.85,7.42,0.84,88.13,0,0,1,3
U010,27,2026-04-01,Wednesday,27,6.07,5.77,0.95,82.73,2,0,1,2
U001,27,2026-04-02,Thursday,27,7.96,7.26,0.91,81.44,0,0,2,3
U002,27,2026-04-02,Thursday,27,6.91,6.77,0.98,84.04,2,0,2,2
U003,27,2026-04-02,Thursday,27,7.88,6.71,0.85,74.8,1,0,2,1
U004,27,2026-04-02,Thursday,27,5.6,5.38,0.96,92.45,1,0,2,1
U005,27,2026-04-02,Thursday,27,9.52,8.55,0.9,81.67,0,0,1,3
U006,27,2026-04-02,Thursday,27,6.89,6.55,0.95,80.13,2,0,1,1
U007,27,2026-04-02,Thursday,27,6.39,5.89,0.92,79.63,2,0,2,2
U008,27,2026-04-02,Thursday,27,4.6,4.27,0.93,82.23,0,0,1,3
U009,27,2026-04-02,Thursday,27,8.63,8.31,0.96,93.57,0,0,2,1
U010,27,2026-04-02,Thursday,27,8.86,7.51,0.85,76.83,0,0,1,3
U001,27,2026-04-03,Friday,27,9.17,9.03,0.98,91.16,1,0,2,3
U002,27,2026-04-03,Friday,27,7.63,6.54,0.86,81.18,1,0,2,1
U003,27,2026-04-03,Friday,27,6.75,6.24,0.92,91.37,1,0,1,2
U004,27,2026-04-03,Friday,27,8.49,7.58,0.89,90.68,0,0,2,3
U005,27,2026-04-03,Friday,27,9.97,9.52,0.95,86.89,1,0,1,1
U006,27,2026-04-03,Friday,27,7.57,6.89,0.91,89.29,1,0,2,3
U007,27,2026-04-03,Friday,27,7.5,6.82,0.91,79.03,0,0,2,1
U008,27,2026-04-03,Friday,27,6.75,5.98,0.89,84.48,1,0,1,3
U009,27,2026-04-03,Friday,27,8.58,7.94,0.93,86.95,0,0,2,1
U010,27,2026-04-03,Friday,27,6.02,5.81,0.97,91.96,1,0,2,2
U001,27,2026-04-04,Saturday,27,3.97,2.88,0.73,77.73,0,0,1,1
U002,27,2026-04-04,Saturday,27,4.17,2.6,0.62,80.14,0,1,0,1
U003,27,2026-04-04,Saturday,27,3.31,2.52,0.76,78.29,1,0,1,2
U004,27,2026-04-04,Saturday,27,3.45,2.23,0.65,72.83,1,0,0,1
U005,27,2026-04-04,Saturday,27,3.84,3.27,0.85,79.22,0,0,1,1
U006,27,2026-04-04,Saturday,27,1.56,0.96,0.62,80.62,0,0,0,2
U007,27,2026-04-04,Saturday,27,2.72,2.28,0.84,83.18,1,0,0,1
U008,27,2026-04-04,Saturday,27,2.96,1.88,0.64,77.47,0,0,0,2
U009,27,2026-04-04,Saturday,27,3.22,3.01,0.93,79.12,1,0,0,0
U010,27,2026-04-04,Saturday,27,2.79,1.85,0.66,80.77,1,0,0,2
U001,28,2026-04-05,Sunday,28,4.49,3.54,0.79,80.31,0,0,1,1
U002,28,2026-04-05,Sunday,28,3.42,3.05,0.89,85.1,0,0,0,2
U003,28,2026-04-05,Sunday,28,1.91,1.87,0.98,89.48,0,0,0,1
U004,28,2026-04-05,Sunday,28,1.65,1.23,0.75,83.1,0,0,0,2
U005,28,2026-04-05,Sunday,28,1.91,1.47,0.77,85.25,0,1,0,1
U006,28,2026-04-05,Sunday,28,1.31,0.88,0.67,80.63,1,0,0,0
U007,28,2026-04-05,Sunday,28,2.8,2.01,0.72,75.72,1,1,0,2
U008,28,2026-04-05,Sunday,28,1.9,1.22,0.64,74.08,1,0,0,2
U009,28,2026-04-05,Sunday,28,3.28,2.84,0.87,79.97,0,0,1,1
U010,28,2026-04-05,Sunday,28,1.66,1.03,0.62,69.99,1,0,1,1
U001,28,2026-04-06,Monday,28,9.58,8.81,0.92,86.68,2,0,2,2
U002,28,2026-04-06,Monday,28,8.48,7.72,0.91,77.49,2,0,1,3
U003,28,2026-04-06,Monday,28,9.6,8.53,0.89,90.75,0,0,2,2
U004,28,2026-04-06,Monday,28,6.16,5.51,0.89,89.27,1,0,1,3
U005,28,2026-04-06,Monday,28,7.32,6.69,0.91,78.92,0,0,2,2
U006,28,2026-04-06,Monday,28,6.64,5.89,0.89,82.9,0,0,2,2
U007,28,2026-04-06,Monday,28,7.8,7.54,0.97,80.14,2,0,2,1
U008,28,2026-04-06,Monday,28,8.79,7.67,0.87,78.0,2,0,1,3
U009,28,2026-04-06,Monday,28,5.93,5.18,0.87,82.39,0,0,1,1
U010,28,2026-04-06,Monday,28,6.59,5.81,0.88,85.17,0,1,2,2
U001,28,2026-04-07,Tuesday,28,6.5,4.86,0.75,84.62,0,0,2,2
U002,28,2026-04-07,Tuesday,28,8.81,8.26,0.94,88.05,0,0,2,2
U003,28,2026-04-07,Tuesday,28,4.86,4.24,0.87,81.09,2,0,2,2
U004,28,2026-04-07,Tuesday,28,6.32,6.12,0.97,81.05,1,0,1,3
U005,28,2026-04-07,Tuesday,28,6.91,5.91,0.86,76.35,2,0,2,2
U006,28,2026-04-07,Tuesday,28,7.07,5.79,0.82,76.72,2,0,1,2
U007,28,2026-04-07,Tuesday,28,7.38,7.04,0.95,90.12,0,0,1,3
U008,28,2026-04-07,Tuesday,28,6.6,6.09,0.92,87.94,1,0,1,2
U009,28,2026-04-07,Tuesday,28,9.81,9.4,0.96,81.04,2,0,2,3
U010,28,2026-04-07,Tuesday,28,8.12,7.54,0.93,77.58,2,0,2,1
U001,28,2026-04-08,Wednesday,28,7.8,8.11,1.0,85.14,2,0,1,3
U002,28,2026-04-08,Wednesday,28,7.34,6.31,0.86,77.99,0,0,2,3
U003,28,2026-04-08,Wednesday,28,8.9,7.4,0.83,79.16,0,0,2,3
U004,28,2026-04-08,Wednesday,28,6.33,6.08,0.96,90.96,1,0,2,1
U005,28,2026-04-08,Wednesday,28,7.2,7.5,1.0,81.67,2,1,1,3
U006,28,2026-04-08,Wednesday,28,7.81,7.05,0.9,80.65,0,0,2,2
U007,28,2026-04-08,Wednesday,28,7.85,6.72,0.86,86.01,0,0,1,1
U008,28,2026-04-08,Wednesday,28,5.58,5.2,0.93,85.69,1,0,1,1
U009,28,2026-04-08,Wednesday,28,6.9,6.49,0.94,88.01,0,0,1,3
U010,28,2026-04-08,Wednesday,28,8.84,7.99,0.9,90.12,2,0,1,3
U001,28,2026-04-09,Thursday,28,6.0,6.26,1.0,92.67,0,0,1,1
U002,28,2026-04-09,Thursday,28,8.66,7.78,0.9,91.09,0,0,2,1
U003,28,2026-04-09,Thursday,28,7.2,7.31,1.0,90.21,1,0,1,2
U004,28,2026-04-09,Thursday,28,7.23,5.82,0.8,73.6,2,0,1,1
U005,28,2026-04-09,Thursday,28,8.79,8.99,1.0,80.08,0,0,2,3
U006,28,2026-04-09,Thursday,28,9.22,7.75,0.84,88.37,0,0,2,1
U007,28,2026-04-09,Thursday,28,6.51,6.55,1.0,92.85,0,1,2,1
U008,28,2026-04-09,Thursday,28,5.47,4.66,0.85,81.99,0,0,2,3
U009,28,2026-04-09,Thursday,28,7.93,7.75,0.98,80.42,2,0,2,2
U010,28,2026-04-09,Thursday,28,7.5,7.18,0.96,86.17,2,0,1,3
U001,28,2026-04-10,Friday,28,7.58,6.84,0.9,89.95,0,0,2,3
U002,28,2026-04-10,Friday,28,8.46,8.0,0.95,88.9,1,0,1,2
U003,28,2026-04-10,Friday,28,5.12,5.19,1.0,93.72,2,1,2,3
U004,28,2026-04-10,Friday,28,9.29,7.98,0.86,78.67,2,0,1,1
U005,28,2026-04-10,Friday,28,8.81,7.83,0.89,87.57,0,0,1,3
U006,28,2026-04-10,Friday,28,7.09,6.68,0.94,84.09,0,0,2,2
U007,28,2026-04-10,Friday,28,6.93,7.05,1.0,93.11,0,0,1,1
U008,28,2026-04-10,Friday,28,6.45,5.92,0.92,85.4,2,0,2,3
U009,28,2026-04-10,Friday,28,9.31,9.36,1.0,87.66,1,0,1,3
U010,28,2026-04-10,Friday,28,8.08,7.27,0.9,88.91,2,0,2,3
U001,28,2026-04-11,Saturday,28,4.0,1.67,0.42,68.11,1,0,1,1
U002,28,2026-04-11,Saturday,28,2.19,1.38,0.63,72.66,0,0,1,0
U003,28,2026-04-11,Saturday,28,2.43,2.03,0.84,84.36,1,0,1,0
U004,28,2026-04-11,Saturday,28,2.61,2.61,1.0,80.28,0,0,0,0
U005,28,2026-04-11,Saturday,28,0.84,0.5,0.5,64.55,1,0,1,1
U006,28,2026-04-11,Saturday,28,3.9,2.81,0.72,74.53,1,0,1,2
U007,28,2026-04-11,Saturday,28,2.35,2.21,0.94,87.91,1,0,0,2
U008,28,2026-04-11,Saturday,28,4.24,3.36,0.79,76.35,1,0,0,0
U009,28,2026-04-11,Saturday,28,2.45,1.95,0.8,78.92,1,0,0,0
U010,28,2026-04-11,Saturday,28,3.01,1.78,0.59,66.53,1,0,1,1
U001,29,2026-04-12,Sunday,29,3.3,1.85,0.56,68.21,1,1,0,1
U002,29,2026-04-12,Sunday,29,2.99,2.59,0.87,78.05,0,0,0,1
U003,29,2026-04-12,Sunday,29,2.53,1.73,0.68,79.12,1,0,1,1
U004,29,2026-04-12,Sunday,29,1.71,1.65,0.96,88.66,0,0,1,1
U005,29,2026-04-12,Sunday,29,2.03,2.06,1.0,85.72,1,0,0,1
U006,29,2026-04-12,Sunday,29,2.18,1.4,0.64,80.97,1,0,0,0
U007,29,2026-04-12,Sunday,29,1.62,1.28,0.79,75.37,1,0,1,0
U008,29,2026-04-12,Sunday,29,3.92,3.27,0.83,81.3,0,0,1,0
U009,29,2026-04-12,Sunday,29,3.09,2.5,0.81,85.98,0,0,1,0
U010,29,2026-04-12,Sunday,29,3.92,3.56,0.91,80.27,0,0,1,1
U001,29,2026-04-13,Monday,29,6.78,6.49,0.96,86.6,2,0,1,2
U002,29,2026-04-13,Monday,29,7.73,7.44,0.96,81.31,1,1,1,2
U003,29,2026-04-13,Monday,29,6.8,6.17,0.91,91.2,2,0,2,2
U004,29,2026-04-13,Monday,29,7.75,7.15,0.92,87.09,0,0,2,2
U005,29,2026-04-13,Monday,29,7.11,6.68,0.94,79.57,0,0,1,3
U006,29,2026-04-13,Monday,29,7.02,5.98,0.85,83.59,2,1,1,1
U007,29,2026-04-13,Monday,29,7.56,6.59,0.87,80.75,2,0,1,3
U008,29,2026-04-13,Monday,29,5.7,4.88,0.86,88.34,2,0,1,2
U009,29,2026-04-13,Monday,29,6.87,6.41,0.93,89.94,2,0,1,3
U010,29,2026-04-13,Monday,29,8.54,8.06,0.94,84.99,0,0,1,2
U001,29,2026-04-14,Tuesday,29,7.51,6.53,0.87,81.69,0,0,2,1
U002,29,2026-04-14,Tuesday,29,10.47,9.73,0.93,81.05,0,0,1,2
U003,29,2026-04-14,Tuesday,29,6.43,6.2,0.96,92.46,1,0,2,2
U004,29,2026-04-14,Tuesday,29,7.47,6.87,0.92,81.7,0,0,2,2
U005,29,2026-04-14,Tuesday,29,8.39,7.5,0.89,86.47,2,0,1,2
U006,29,2026-04-14,Tuesday,29,4.96,4.81,0.97,83.5,2,0,2,3
U007,29,2026-04-14,Tuesday,29,6.7,5.94,0.89,79.65,2,0,1,3
U008,29,2026-04-14,Tuesday,29,7.45,6.33,0.85,86.66,0,0,1,2
U009,29,2026-04-14,Tuesday,29,9.96,9.48,0.95,81.53,0,0,2,2
U010,29,2026-04-14,Tuesday,29,7.33,6.99,0.95,78.43,0,0,2,3
U001,29,2026-04-15,Wednesday,29,6.67,5.91,0.89,88.59,2,0,2,3
U002,29,2026-04-15,Wednesday,29,7.91,7.1,0.9,90.31,0,0,1,1
U003,29,2026-04-15,Wednesday,29,7.6,7.16,0.94,83.33,2,0,1,3
U004,29,2026-04-15,Wednesday,29,8.11,7.77,0.96,79.68,1,0,2,3
U005,29,2026-04-15,Wednesday,29,8.41,7.46,0.89,77.94,0,0,2,1
U006,29,2026-04-15,Wednesday,29,8.25,7.44,0.9,85.8,2,0,2,1
U007,29,2026-04-15,Wednesday,29,8.65,8.14,0.94,77.96,0,0,1,1
U008,29,2026-04-15,Wednesday,29,6.51,6.64,1.0,91.98,1,0,2,2
U009,29,2026-04-15,Wednesday,29,7.9,7.23,0.92,83.65,0,0,1,2
U010,29,2026-04-15,Wednesday,29,8.21,7.82,0.95,92.19,1,1,1,3
U001,29,2026-04-16,Thursday,29,7.58,6.92,0.91,77.49,0,0,2,2
U002,29,2026-04-16,Thursday,29,9.58,9.03,0.94,84.9,0,0,1,1
U003,29,2026-04-16,Thursday,29,6.48,5.83,0.9,78.28,2,0,1,2
U004,29,2026-04-16,Thursday,29,7.08,6.1,0.86,77.33,1,0,1,2
U005,29,2026-04-16,Thursday,29,8.18,7.21,0.88,86.91,1,0,1,3
U006,29,2026-04-16,Thursday,29,6.52,5.97,0.92,78.16,1,0,2,3
U007,29,2026-04-16,Thursday,29,5.51,4.92,0.89,88.89,1,0,2,2
U008,29,2026-04-16,Thursday,29,6.26,6.06,0.97,86.13,0,0,1,1
U009,29,2026-04-16,Thursday,29,8.54,8.05,0.94,87.94,2,0,1,2
U010,29,2026-04-16,Thursday,29,7.35,6.31,0.86,86.51,1,0,2,3
U001,29,2026-04-17,Friday,29,9.03,8.47,0.94,82.0,1,0,1,3
U002,29,2026-04-17,Friday,29,7.13,6.73,0.94,78.83,2,0,2,1
U003,29,2026-04-17,Friday,29,6.46,6.11,0.95,83.56,2,0,1,3
U004,29,2026-04-17,Friday,29,7.82,7.15,0.91,90.88,1,0,2,3
U005,29,2026-04-17,Friday,29,9.28,8.33,0.9,82.19,0,0,1,1
U006,29,2026-04-17,Friday,29,7.38,6.52,0.88,76.63,2,0,2,3
U007,29,2026-04-17,Friday,29,7.27,6.77,0.93,90.03,1,0,1,2
U008,29,2026-04-17,Friday,29,4.71,4.29,0.91,81.15,0,0,1,1
U009,29,2026-04-17,Friday,29,8.01,7.86,0.98,82.83,1,0,2,2
U010,29,2026-04-17,Friday,29,6.89,6.04,0.88,77.33,1,0,1,3
U001,29,2026-04-18,Saturday,29,2.45,2.13,0.87,79.14,1,0,0,1
U002,29,2026-04-18,Saturday,29,2.33,1.81,0.78,73.76,1,0,1,2
U003,29,2026-04-18,Saturday,29,2.98,1.84,0.62,71.57,0,0,0,0
U004,29,2026-04-18,Saturday,29,0.87,1.54,1.0,87.18,1,0,1,1
U005,29,2026-04-18,Saturday,29,1.59,1.65,1.0,89.01,1,0,0,2
U006,29,2026-04-18,Saturday,29,2.51,2.93,1.0,87.98,1,0,0,1
U007,29,2026-04-18,Saturday,29,3.42,3.11,0.91,81.19,0,0,1,1
U008,29,2026-04-18,Saturday,29,2.79,1.87,0.67,82.15,0,0,0,0
U009,29,2026-04-18,Saturday,29,2.55,2.18,0.85,83.94,0,0,0,1
U010,29,2026-04-18,Saturday,29,1.99,1.63,0.82,87.8,1,0,0,0
U001,30,2026-04-19,Sunday,30,3.22,2.37,0.74,79.91,1,0,1,1
U002,30,2026-04-19,Sunday,30,2.08,1.24,0.6,67.2,1,0,0,2
U003,30,2026-04-19,Sunday,30,2.04,1.49,0.73,77.01,0,1,0,1
U004,30,2026-04-19,Sunday,30,3.2,2.57,0.8,79.98,1,0,1,1
U005,30,2026-04-19,Sunday,30,0.97,0.68,0.68,80.14,1,0,0,0
U006,30,2026-04-19,Sunday,30,2.2,1.38,0.63,75.37,1,0,0,2
U007,30,2026-04-19,Sunday,30,1.28,1.4,1.0,81.76,1,0,0,2
U008,30,2026-04-19,Sunday,30,2.81,2.38,0.85,78.71,0,0,1,1
U009,30,2026-04-19,Sunday,30,2.72,1.9,0.7,78.82,1,0,1,2
U010,30,2026-04-19,Sunday,30,2.5,1.75,0.7,69.85,0,0,1,1
U001,30,2026-04-20,Monday,30,6.75,6.25,0.93,90.48,0,0,2,2
U002,30,2026-04-20,Monday,30,8.61,8.16,0.95,87.59,1,0,1,1
U003,30,2026-04-20,Monday,30,5.96,5.83,0.98,84.98,0,0,2,1
U004,30,2026-04-20,Monday,30,5.05,5.11,1.0,80.26,2,0,2,1
U005,30,2026-04-20,Monday,30,8.36,7.79,0.93,78.08,2,0,1,1
U006,30,2026-04-20,Monday,30,8.02,7.64,0.95,91.96,0,0,2,2
U007,30,2026-04-20,Monday,30,6.58,6.37,0.97,90.02,0,0,1,3
U008,30,2026-04-20,Monday,30,4.59,4.02,0.88,84.08,1,0,2,3
U009,30,2026-04-20,Monday,30,11.8,10.38,0.88,78.44,2,0,1,3
U010,30,2026-04-20,Monday,30,7.02,6.69,0.95,79.72,1,0,2,3
U001,30,2026-04-21,Tuesday,30,8.32,7.5,0.9,86.08,0,0,1,3
U002,30,2026-04-21,Tuesday,30,11.85,10.46,0.88,76.87,0,0,2,2
U003,30,2026-04-21,Tuesday,30,7.47,6.48,0.87,87.39,2,0,1,3
U004,30,2026-04-21,Tuesday,30,8.15,7.26,0.89,78.15,0,0,1,3
U005,30,2026-04-21,Tuesday,30,9.21,8.19,0.89,78.85,0,0,2,1
U006,30,2026-04-21,Tuesday,30,4.5,4.19,0.93,79.84,1,0,1,1
U007,30,2026-04-21,Tuesday,30,7.12,6.25,0.88,76.82,0,0,1,3
U008,30,2026-04-21,Tuesday,30,4.86,4.86,1.0,94.37,1,0,2,2
U009,30,2026-04-21,Tuesday,30,7.86,7.02,0.89,80.13,0,0,2,1
U010,30,2026-04-21,Tuesday,30,6.96,6.13,0.88,82.75,1,0,1,1
U001,30,2026-04-22,Wednesday,30,5.99,6.17,1.0,94.27,1,0,2,2
U002,30,2026-04-22,Wednesday,30,8.57,7.94,0.93,80.85,0,0,1,1
U003,30,2026-04-22,Wednesday,30,6.02,5.02,0.83,83.1,2,1,1,1
U004,30,2026-04-22,Wednesday,30,6.96,6.06,0.87,77.68,1,0,2,3
U005,30,2026-04-22,Wednesday,30,9.74,9.25,0.95,86.76,2,0,1,1
U006,30,2026-04-22,Wednesday,30,6.91,6.66,0.96,81.02,2,0,1,2
U007,30,2026-04-22,Wednesday,30,8.33,8.42,1.0,89.26,2,0,2,2
U008,30,2026-04-22,Wednesday,30,5.32,4.89,0.92,89.25,0,0,1,1
U009,30,2026-04-22,Wednesday,30,7.19,5.58,0.78,76.11,2,0,1,3
U010,30,2026-04-22,Wednesday,30,7.4,6.59,0.89,80.35,0,0,2,2
U001,30,2026-04-23,Thursday,30,6.42,6.02,0.94,79.25,1,0,1,3
U002,30,2026-04-23,Thursday,30,6.25,5.68,0.91,89.34,2,0,2,3
U003,30,2026-04-23,Thursday,30,6.92,6.74,0.97,93.9,1,0,2,2
U004,30,2026-04-23,Thursday,30,8.77,7.73,0.88,79.3,1,0,2,2
U005,30,2026-04-23,Thursday,30,9.66,8.96,0.93,80.63,1,0,1,1
U006,30,2026-04-23,Thursday,30,4.56,4.4,0.96,87.9,0,0,1,1
U007,30,2026-04-23,Thursday,30,7.55,7.44,0.99,91.8,2,0,1,3
U008,30,2026-04-23,Thursday,30,7.77,7.23,0.93,89.6,2,1,1,2
U009,30,2026-04-23,Thursday,30,7.8,7.18,0.92,79.44,1,1,2,3
U010,30,2026-04-23,Thursday,30,4.94,4.41,0.89,83.97,2,0,2,3
U001,30,2026-04-24,Friday,30,5.94,5.28,0.89,84.26,0,0,1,2
U002,30,2026-04-24,Friday,30,6.47,6.35,0.98,88.39,1,0,1,2
U003,30,2026-04-24,Friday,30,5.06,5.29,1.0,87.23,2,0,2,1
U004,30,2026-04-24,Friday,30,5.92,6.09,1.0,85.03,1,1,2,3
U005,30,2026-04-24,Friday,30,7.58,7.11,0.94,88.16,0,0,2,3
U006,30,2026-04-24,Friday,30,8.21,7.76,0.95,85.62,1,0,1,3
U007,30,2026-04-24,Friday,30,9.09,7.93,0.87,87.26,1,1,1,3
U008,30,2026-04-24,Friday,30,5.58,4.89,0.88,85.74,0,0,2,2
U009,30,2026-04-24,Friday,30,8.03,7.37,0.92,78.31,1,0,2,2
U010,30,2026-04-24,Friday,30,9.09,8.57,0.94,84.24,2,0,2,1
U001,30,2026-04-25,Saturday,30,3.44,2.7,0.78,81.93,1,0,1,1
U002,30,2026-04-25,Saturday,30,3.62,3.17,0.88,77.88,0,0,0,1
U003,30,2026-04-25,Saturday,30,4.28,3.23,0.75,76.62,1,0,0,0
U004,30,2026-04-25,Saturday,30,2.59,2.17,0.84,83.4,1,0,1,1
U005,30,2026-04-25,Saturday,30,3.32,2.98,0.9,79.13,1,0,0,1
U006,30,2026-04-25,Saturday,30,3.44,2.6,0.76,83.16,0,0,1,0
U007,30,2026-04-25,Saturday,30,2.13,1.84,0.86,77.53,0,0,1,1
U008,30,2026-04-25,Saturday,30,2.27,1.77,0.78,79.78,1,0,1,1
U009,30,2026-04-25,Saturday,30,3.35,2.24,0.67,83.13,0,0,1,1
U010,30,2026-04-25,Saturday,30,3.0,2.04,0.68,77.88,0,0,1,1
U001,31,2026-04-26,Sunday,31,2.31,1.86,0.81,84.03,1,0,1,0
U002,31,2026-04-26,Sunday,31,1.8,1.68,0.93,92.27,1,0,1,0
U003,31,2026-04-26,Sunday,31,2.37,2.45,1.0,81.96,0,0,0,2
U004,31,2026-04-26,Sunday,31,0.93,0.74,0.74,80.4,0,0,0,1
U005,31,2026-04-26,Sunday,31,2.8,2.9,1.0,93.44,0,1,0,1
U006,31,2026-04-26,Sunday,31,2.3,2.07,0.9,78.42,0,0,0,1
U007,31,2026-04-26,Sunday,31,2.27,2.09,0.92,89.08,1,0,0,0
U008,31,2026-04-26,Sunday,31,3.27,2.28,0.7,76.65,0,0,0,0
U009,31,2026-04-26,Sunday,31,5.21,3.97,0.76,82.06,0,0,1,2
U010,31,2026-04-26,Sunday,31,2.74,2.13,0.78,85.54,0,0,1,0
U001,31,2026-04-27,Monday,31,7.2,6.45,0.9,81.82,1,0,1,1
U002,31,2026-04-27,Monday,31,7.54,7.07,0.94,84.01,2,1,1,3
U003,31,2026-04-27,Monday,31,8.27,7.22,0.87,85.3,0,0,1,3
U004,31,2026-04-27,Monday,31,6.43,6.27,0.98,87.57,2,0,1,2
U005,31,2026-04-27,Monday,31,9.51,8.65,0.91,91.18,2,0,1,1
U006,31,2026-04-27,Monday,31,5.46,5.24,0.96,84.17,2,0,2,3
U007,31,2026-04-27,Monday,31,8.23,7.75,0.94,89.04,1,0,2,1
U008,31,2026-04-27,Monday,31,5.94,5.06,0.85,87.36,2,0,2,3
U009,31,2026-04-27,Monday,31,7.97,6.84,0.86,84.38,1,1,1,1
U010,31,2026-04-27,Monday,31,5.68,5.16,0.91,80.63,1,0,1,3
U001,31,2026-04-28,Tuesday,31,9.46,8.66,0.92,81.13,0,0,2,1
U002,31,2026-04-28,Tuesday,31,8.44,7.84,0.93,83.17,0,0,2,1
U003,31,2026-04-28,Tuesday,31,8.34,6.95,0.83,74.17,2,0,1,2
U004,31,2026-04-28,Tuesday,31,8.81,7.84,0.89,81.24,0,0,1,1
U005,31,2026-04-28,Tuesday,31,8.27,7.33,0.89,90.6,2,0,1,3
U006,31,2026-04-28,Tuesday,31,7.6,6.91,0.91,84.06,1,0,1,1
U007,31,2026-04-28,Tuesday,31,9.19,8.4,0.91,82.47,1,0,1,3
U008,31,2026-04-28,Tuesday,31,5.89,5.31,0.9,86.61,0,0,2,3
U009,31,2026-04-28,Tuesday,31,8.73,7.92,0.91,80.54,1,0,1,1
U010,31,2026-04-28,Tuesday,31,4.27,3.7,0.87,81.17,2,0,2,3
U001,31,2026-04-29,Wednesday,31,6.84,6.3,0.92,89.86,2,0,2,2
U002,31,2026-04-29,Wednesday,31,8.3,8.02,0.97,82.86,0,0,1,3
U003,31,2026-04-29,Wednesday,31,5.06,4.54,0.9,87.72,2,0,2,1
U004,31,2026-04-29,Wednesday,31,7.8,7.24,0.93,78.52,1,0,2,1
U005,31,2026-04-29,Wednesday,31,10.44,9.4,0.9,91.46,1,0,2,1
U006,31,2026-04-29,Wednesday,31,6.31,5.6,0.89,90.75,0,0,1,1
U007,31,2026-04-29,Wednesday,31,9.82,9.29,0.95,82.26,0,0,1,3
U008,31,2026-04-29,Wednesday,31,5.65,5.7,1.0,86.14,2,1,2,2
U009,31,2026-04-29,Wednesday,31,8.23,7.56,0.92,90.4,1,0,1,2
U010,31,2026-04-29,Wednesday,31,7.71,7.52,0.98,84.45,1,0,2,2
U001,31,2026-04-30,Thursday,31,6.88,6.66,0.97,79.04,2,0,1,2
U002,31,2026-04-30,Thursday,31,6.37,5.53,0.87,78.58,0,0,2,1
U003,31,2026-04-30,Thursday,31,6.86,6.27,0.91,91.29,0,0,1,1
U004,31,2026-04-30,Thursday,31,5.39,5.09,0.94,89.8,1,0,1,2
U005,31,2026-04-30,Thursday,31,8.95,7.96,0.89,79.93,0,0,1,1
U006,31,2026-04-30,Thursday,31,5.08,4.18,0.82,81.0,2,0,1,1
U007,31,2026-04-30,Thursday,31,9.04,8.18,0.9,79.81,0,0,2,3
U008,31,2026-04-30,Thursday,31,5.87,5.91,1.0,87.99,0,0,2,1
U009,31,2026-04-30,Thursday,31,6.87,6.37,0.93,82.47,0,0,1,3
U010,31,2026-04-30,Thursday,31,6.15,5.95,0.97,81.43,2,0,2,1
U001,31,2026-05-01,Friday,31,5.35,5.32,0.99,92.96,0,0,1,3
U002,31,2026-05-01,Friday,31,9.63,9.09,0.94,78.96,2,0,2,2
U003,31,2026-05-01,Friday,31,5.82,5.46,0.94,86.55,0,0,2,2
U004,31,2026-05-01,Friday,31,8.35,7.47,0.89,79.51,2,1,2,2
U005,31,2026-05-01,Friday,31,7.79,7.33,0.94,79.38,0,0,1,3
U006,31,2026-05-01,Friday,31,7.99,7.24,0.91,90.41,2,0,2,2
U007,31,2026-05-01,Friday,31,7.29,6.86,0.94,90.03,2,0,2,2
U008,31,2026-05-01,Friday,31,5.79,5.39,0.93,86.33,0,0,2,3
U009,31,2026-05-01,Friday,31,9.52,8.59,0.9,86.43,1,0,2,2
U010,31,2026-05-01,Friday,31,5.78,5.61,0.97,79.27,2,0,1,2
U001,31,2026-05-02,Saturday,31,1.07,1.16,1.0,93.92,0,0,1,2
U002,31,2026-05-02,Saturday,31,4.13,3.25,0.79,73.31,1,0,0,1
U003,31,2026-05-02,Saturday,31,2.82,1.84,0.65,67.78,0,0,0,0
U004,31,2026-05-02,Saturday,31,3.17,2.02,0.64,72.37,0,0,1,1
U005,31,2026-05-02,Saturday,31,2.31,1.76,0.76,78.85,0,0,0,1
U006,31,2026-05-02,Saturday,31,1.35,0.68,0.5,68.89,1,0,1,2
U007,31,2026-05-02,Saturday,31,2.9,1.47,0.51,64.15,0,0,1,2
U008,31,2026-05-02,Saturday,31,2.54,2.52,0.99,82.54,0,0,0,2
U009,31,2026-05-02,Saturday,31,3.07,2.71,0.88,88.09,0,1,0,0
U010,31,2026-05-02,Saturday,31,1.17,0.77,0.66,69.62,1,0,0,0
U001,32,2026-05-03,Sunday,32,3.25,2.28,0.7,70.24,1,0,1,1
U002,32,2026-05-03,Sunday,32,2.53,1.94,0.77,75.96,0,0,1,1
U003,32,2026-05-03,Sunday,32,3.67,2.7,0.74,73.49,1,0,1,1
U004,32,2026-05-03,Sunday,32,2.18,1.76,0.81,75.59,1,0,1,1
U005,32,2026-05-03,Sunday,32,3.06,2.29,0.75,73.43,0,0,1,0
U006,32,2026-05-03,Sunday,32,2.75,1.97,0.72,74.57,0,0,0,1
U007,32,2026-05-03,Sunday,32,3.86,3.43,0.89,88.01,1,0,1,1
U008,32,2026-05-03,Sunday,32,2.67,2.08,0.78,81.54,1,0,0,1
U009,32,2026-05-03,Sunday,32,2.67,2.72,1.0,85.15,0,0,0,1
U010,32,2026-05-03,Sunday,32,2.18,1.49,0.68,83.25,1,0,0,0
U001,32,2026-05-04,Monday,32,7.3,6.7,0.92,86.79,0,0,2,3
U002,32,2026-05-04,Monday,32,8.34,7.6,0.91,85.24,0,0,1,3
U003,32,2026-05-04,Monday,32,6.25,5.7,0.91,84.68,1,0,2,3
U004,32,2026-05-04,Monday,32,5.83,5.4,0.93,91.71,0,0,1,2
U005,32,2026-05-04,Monday,32,7.91,7.29,0.92,89.72,2,0,2,3
U006,32,2026-05-04,Monday,32,6.94,6.45,0.93,83.39,2,0,1,2
U007,32,2026-05-04,Monday,32,6.22,5.39,0.87,88.69,1,0,2,1
U008,32,2026-05-04,Monday,32,7.36,6.42,0.87,81.78,2,0,1,1
U009,32,2026-05-04,Monday,32,8.35,8.13,0.97,88.75,2,0,1,3
U010,32,2026-05-04,Monday,32,7.59,7.3,0.96,79.76,0,0,1,1
U001,32,2026-05-05,Tuesday,32,6.11,6.23,1.0,90.13,0,0,1,3
U002,32,2026-05-05,Tuesday,32,7.81,7.49,0.96,93.33,2,0,1,1
U003,32,2026-05-05,Tuesday,32,4.56,4.15,0.91,81.3,2,0,2,2
U004,32,2026-05-05,Tuesday,32,6.65,5.96,0.9,82.8,1,0,1,1
U005,32,2026-05-05,Tuesday,32,8.17,8.27,1.0,85.76,2,0,1,1
U006,32,2026-05-05,Tuesday,32,6.87,5.47,0.8,75.4,1,0,2,3
U007,32,2026-05-05,Tuesday,32,7.77,6.91,0.89,78.94,2,0,1,1
U008,32,2026-05-05,Tuesday,32,6.57,5.96,0.91,91.26,1,0,2,1
U009,32,2026-05-05,Tuesday,32,8.71,8.51,0.98,84.97,2,0,2,1
U010,32,2026-05-05,Tuesday,32,6.96,7.03,1.0,88.27,2,0,1,2
U001,32,2026-05-06,Wednesday,32,9.67,9.3,0.96,86.01,2,0,2,3
U002,32,2026-05-06,Wednesday,32,9.92,9.63,0.97,79.52,0,0,1,3
U003,32,2026-05-06,Wednesday,32,8.6,8.12,0.94,84.94,2,0,2,3
U004,32,2026-05-06,Wednesday,32,6.29,5.51,0.88,85.46,0,0,2,2
U005,32,2026-05-06,Wednesday,32,6.96,6.95,1.0,92.53,2,0,2,3
U006,32,2026-05-06,Wednesday,32,7.13,6.48,0.91,83.66,0,0,2,2
U007,32,2026-05-06,Wednesday,32,8.39,7.63,0.91,87.97,1,0,2,3
U008,32,2026-05-06,Wednesday,32,6.77,6.79,1.0,94.82,0,0,1,1
U009,32,2026-05-06,Wednesday,32,8.82,7.57,0.86,87.32,0,0,2,3
U010,32,2026-05-06,Wednesday,32,7.25,6.37,0.88,79.29,2,0,2,3
U001,32,2026-05-07,Thursday,32,6.44,6.73,1.0,85.9,2,0,2,2
U002,32,2026-05-07,Thursday,32,10.38,9.39,0.9,87.44,0,0,2,3
U003,32,2026-05-07,Thursday,32,6.38,5.86,0.92,91.67,2,0,2,2
U004,32,2026-05-07,Thursday,32,7.64,6.5,0.85,74.77,2,0,1,3
U005,32,2026-05-07,Thursday,32,8.88,8.96,1.0,94.2,2,1,1,3
U006,32,2026-05-07,Thursday,32,5.92,5.83,0.98,91.45,2,0,2,3
U007,32,2026-05-07,Thursday,32,8.03,7.2,0.9,81.15,2,0,2,3
U008,32,2026-05-07,Thursday,32,5.78,5.5,0.95,78.83,2,0,1,2
U009,32,2026-05-07,Thursday,32,8.14,7.6,0.93,85.7,2,0,1,2
U010,32,2026-05-07,Thursday,32,8.37,7.43,0.89,81.58,2,0,1,3
U001,32,2026-05-08,Friday,32,9.09,7.96,0.88,76.03,0,0,1,1
U002,32,2026-05-08,Friday,32,7.04,6.69,0.95,85.47,0,1,1,3
U003,32,2026-05-08,Friday,32,6.75,6.02,0.89,78.7,0,0,1,2
U004,32,2026-05-08,Friday,32,6.81,6.61,0.97,88.33,0,0,2,1
U005,32,2026-05-08,Friday,32,7.73,7.12,0.92,85.69,1,0,2,2
U006,32,2026-05-08,Friday,32,5.71,4.88,0.85,80.59,0,0,1,1
U007,32,2026-05-08,Friday,32,6.5,6.1,0.94,88.45,2,0,1,2
U008,32,2026-05-08,Friday,32,7.06,6.59,0.93,80.24,1,1,1,2
U009,32,2026-05-08,Friday,32,7.87,7.42,0.94,91.25,0,1,1,1
U010,32,2026-05-08,Friday,32,9.01,8.77,0.97,81.41,2,0,2,2
U001,32,2026-05-09,Saturday,32,2.83,2.15,0.76,75.43,1,0,0,2
U002,32,2026-05-09,Saturday,32,3.3,2.58,0.78,77.17,0,0,1,1
U003,32,2026-05-09,Saturday,32,1.76,1.78,1.0,93.85,1,0,0,1
U004,32,2026-05-09,Saturday,32,2.55,1.76,0.69,75.89,0,0,1,1
U005,32,2026-05-09,Saturday,32,2.98,3.11,1.0,86.23,1,0,1,1
U006,32,2026-05-09,Saturday,32,1.01,0.91,0.9,78.34,0,0,1,2
U007,32,2026-05-09,Saturday,32,1.86,1.44,0.77,86.02,1,0,0,0
U008,32,2026-05-09,Saturday,32,3.75,3.08,0.82,84.61,1,0,0,1
U009,32,2026-05-09,Saturday,32,2.54,1.63,0.64,68.02,1,0,1,1
U010,32,2026-05-09,Saturday,32,2.56,1.97,0.77,84.53,0,0,0,0
U001,33,2026-05-10,Sunday,33,3.18,2.32,0.73,84.8,0,1,0,1
U002,33,2026-05-10,Sunday,33,1.53,1.67,1.0,89.4,0,0,0,2
U003,33,2026-05-10,Sunday,33,2.66,2.12,0.8,73.66,1,0,1,2
U004,33,2026-05-10,Sunday,33,2.06,1.78,0.86,82.75,0,0,1,1
U005,33,2026-05-10,Sunday,33,2.44,2.54,1.0,88.24,0,0,1,1
U006,33,2026-05-10,Sunday,33,2.75,1.9,0.69,77.89,1,0,0,1
U007,33,2026-05-10,Sunday,33,1.84,1.03,0.56,65.71,0,0,1,0
U008,33,2026-05-10,Sunday,33,2.5,1.78,0.71,75.56,1,0,1,0
U009,33,2026-05-10,Sunday,33,1.29,0.5,0.4,65.94,1,0,1,2
U010,33,2026-05-10,Sunday,33,3.42,2.96,0.87,82.9,0,0,0,1
U001,33,2026-05-11,Monday,33,7.43,7.05,0.95,89.29,0,0,1,2
U002,33,2026-05-11,Monday,33,7.75,6.03,0.78,75.98,2,0,2,2
U003,33,2026-05-11,Monday,33,7.4,6.47,0.87,81.48,0,0,1,3
U004,33,2026-05-11,Monday,33,5.87,5.49,0.94,88.64,2,0,2,1
U005,33,2026-05-11,Monday,33,8.78,8.26,0.94,91.57,1,0,2,3
U006,33,2026-05-11,Monday,33,8.25,7.68,0.93,85.62,2,1,1,2
U007,33,2026-05-11,Monday,33,6.43,5.93,0.92,80.82,2,0,2,1
U008,33,2026-05-11,Monday,33,6.55,6.12,0.93,80.65,2,0,1,1
U009,33,2026-05-11,Monday,33,6.91,5.62,0.81,78.77,1,0,1,2
U010,33,2026-05-11,Monday,33,8.89,8.18,0.92,85.41,0,0,1,2
U001,33,2026-05-12,Tuesday,33,8.19,7.51,0.92,83.39,0,0,1,2
U002,33,2026-05-12,Tuesday,33,8.38,7.56,0.9,82.13,2,0,2,2
U003,33,2026-05-12,Tuesday,33,6.94,6.52,0.94,84.86,1,1,1,2
U004,33,2026-05-12,Tuesday,33,6.5,5.74,0.88,75.8,0,1,2,1
U005,33,2026-05-12,Tuesday,33,7.1,6.91,0.97,91.5,0,0,2,1
U006,33,2026-05-12,Tuesday,33,6.71,5.87,0.87,79.14,0,0,1,2
U007,33,2026-05-12,Tuesday,33,7.96,6.84,0.86,89.92,2,0,1,2
U008,33,2026-05-12,Tuesday,33,5.8,5.79,1.0,86.94,0,0,2,2
U009,33,2026-05-12,Tuesday,33,7.38,6.65,0.9,81.41,2,0,1,2
U010,33,2026-05-12,Tuesday,33,10.09,8.95,0.89,81.87,0,0,1,1
U001,33,2026-05-13,Wednesday,33,8.63,8.45,0.98,89.74,1,1,2,3
U002,33,2026-05-13,Wednesday,33,8.23,7.82,0.95,79.17,1,0,1,3
U003,33,2026-05-13,Wednesday,33,7.1,6.36,0.9,83.08,0,0,2,2
U004,33,2026-05-13,Wednesday,33,5.87,5.11,0.87,80.28,0,0,2,3
U005,33,2026-05-13,Wednesday,33,10.37,9.81,0.95,85.85,1,0,2,2
U006,33,2026-05-13,Wednesday,33,4.12,3.88,0.94,82.1,0,0,2,1
U007,33,2026-05-13,Wednesday,33,7.02,7.34,1.0,92.22,2,1,1,3
U008,33,2026-05-13,Wednesday,33,4.49,3.82,0.85,75.72,2,0,1,1
U009,33,2026-05-13,Wednesday,33,7.13,5.97,0.84,78.77,2,0,1,3
U010,33,2026-05-13,Wednesday,33,6.17,5.14,0.83,80.93,0,0,1,3
U001,33,2026-05-14,Thursday,33,8.84,8.77,0.99,90.06,0,1,1,3
U002,33,2026-05-14,Thursday,33,6.41,6.02,0.94,87.78,0,0,1,3
U003,33,2026-05-14,Thursday,33,7.27,6.1,0.84,86.14,0,0,2,3
U004,33,2026-05-14,Thursday,33,7.37,6.98,0.95,86.13,0,0,2,3
U005,33,2026-05-14,Thursday,33,8.82,7.48,0.85,88.16,0,1,2,3
U006,33,2026-05-14,Thursday,33,7.32,6.56,0.9,79.98,1,0,2,2
U007,33,2026-05-14,Thursday,33,7.21,6.91,0.96,79.45,1,0,1,2
U008,33,2026-05-14,Thursday,33,7.23,6.31,0.87,81.41,0,0,2,3
U009,33,2026-05-14,Thursday,33,7.92,6.88,0.87,76.36,2,0,1,2
U010,33,2026-05-14,Thursday,33,6.43,6.09,0.95,85.69,1,0,1,1
U001,33,2026-05-15,Friday,33,6.19,5.8,0.94,84.72,1,0,1,2
U002,33,2026-05-15,Friday,33,9.49,9.51,1.0,89.67,0,0,2,3
U003,33,2026-05-15,Friday,33,7.77,6.67,0.86,85.13,0,0,1,1
U004,33,2026-05-15,Friday,33,6.54,6.36,0.97,88.04,1,1,2,3
U005,33,2026-05-15,Friday,33,7.75,6.95,0.9,78.42,2,0,2,1
U006,33,2026-05-15,Friday,33,6.23,5.07,0.81,79.73,0,1,1,2
U007,33,2026-05-15,Friday,33,7.47,7.36,0.99,83.22,0,0,2,3
U008,33,2026-05-15,Friday,33,6.04,5.45,0.9,87.88,2,0,2,1
U009,33,2026-05-15,Friday,33,6.05,5.3,0.88,86.98,2,0,2,1
U010,33,2026-05-15,Friday,33,6.3,6.28,1.0,93.06,2,0,1,1
U001,33,2026-05-16,Saturday,33,3.22,3.06,0.95,79.79,0,0,1,2
U002,33,2026-05-16,Saturday,33,2.78,2.55,0.92,86.71,0,0,0,1
U003,33,2026-05-16,Saturday,33,2.92,2.19,0.75,72.53,0,0,1,1
U004,33,2026-05-16,Saturday,33,3.44,2.63,0.76,77.92,0,0,1,0
U005,33,2026-05-16,Saturday,33,1.14,0.94,0.82,83.7,1,0,1,2
U006,33,2026-05-16,Saturday,33,2.73,1.98,0.73,83.43,1,0,1,0
U007,33,2026-05-16,Saturday,33,2.36,1.48,0.63,70.52,0,0,0,1
U008,33,2026-05-16,Saturday,33,2.46,2.01,0.82,87.17,1,0,1,2
U009,33,2026-05-16,Saturday,33,4.12,3.37,0.82,83.51,0,0,0,2
U010,33,2026-05-16,Saturday,33,0.57,1.06,1.0,84.04,1,0,1,2
U001,34,2026-05-17,Sunday,34,3.89,3.34,0.86,82.05,0,0,1,2
U002,34,2026-05-17,Sunday,34,3.6,2.95,0.82,74.3,0,0,1,2
U003,34,2026-05-17,Sunday,34,1.82,1.05,0.58,66.94,1,0,0,0
U004,34,2026-05-17,Sunday,34,1.9,1.68,0.88,86.85,1,0,1,1
U005,34,2026-05-17,Sunday,34,4.13,3.21,0.78,78.45,0,0,1,0
U006,34,2026-05-17,Sunday,34,3.35,2.35,0.7,82.23,1,0,0,1
U007,34,2026-05-17,Sunday,34,3.17,2.65,0.84,85.9,0,0,1,1
U008,34,2026-05-17,Sunday,34,1.91,1.42,0.74,77.91,0,0,0,1
U009,34,2026-05-17,Sunday,34,1.85,1.87,1.0,87.56,1,0,1,1
U010,34,2026-05-17,Sunday,34,0.67,1.11,1.0,91.09,1,1,0,1
U001,34,2026-05-18,Monday,34,5.92,5.52,0.93,82.26,2,0,2,2
U002,34,2026-05-18,Monday,34,7.46,7.26,0.97,81.69,2,0,1,2
U003,34,2026-05-18,Monday,34,5.98,4.97,0.83,88.14,0,0,2,1
U004,34,2026-05-18,Monday,34,7.12,6.48,0.91,88.77,2,0,2,3
U005,34,2026-05-18,Monday,34,8.08,7.72,0.96,83.03,0,0,2,1
U006,34,2026-05-18,Monday,34,5.74,5.87,1.0,88.03,2,0,2,2
U007,34,2026-05-18,Monday,34,7.58,7.57,1.0,82.41,0,0,1,3
U008,34,2026-05-18,Monday,34,8.62,7.74,0.9,83.08,1,0,1,3
U009,34,2026-05-18,Monday,34,9.52,8.72,0.92,77.85,1,0,1,1
U010,34,2026-05-18,Monday,34,5.94,5.01,0.84,85.83,1,0,1,2
U001,34,2026-05-19,Tuesday,34,7.13,7.31,1.0,90.2,2,0,2,1
U002,34,2026-05-19,Tuesday,34,7.41,7.25,0.98,86.24,2,0,1,1
U003,34,2026-05-19,Tuesday,34,6.53,5.76,0.88,77.46,2,0,2,1
U004,34,2026-05-19,Tuesday,34,6.74,6.25,0.93,79.03,2,1,2,3
U005,34,2026-05-19,Tuesday,34,10.3,10.15,0.99,85.52,1,0,1,1
U006,34,2026-05-19,Tuesday,34,8.75,8.02,0.92,85.1,1,0,2,3
U007,34,2026-05-19,Tuesday,34,8.26,7.93,0.96,89.53,1,0,2,3
U008,34,2026-05-19,Tuesday,34,7.24,6.34,0.88,75.91,1,0,1,2
U009,34,2026-05-19,Tuesday,34,9.34,9.12,0.98,81.81,1,0,1,3
U010,34,2026-05-19,Tuesday,34,8.07,7.41,0.92,88.4,1,0,2,1
U001,34,2026-05-20,Wednesday,34,8.09,7.29,0.9,78.16,1,0,2,2
U002,34,2026-05-20,Wednesday,34,7.5,6.67,0.89,87.3,2,0,1,2
U003,34,2026-05-20,Wednesday,34,6.04,5.34,0.88,85.66,0,0,2,3
U004,34,2026-05-20,Wednesday,34,8.41,8.45,1.0,80.09,0,0,1,3
U005,34,2026-05-20,Wednesday,34,7.84,7.47,0.95,87.49,0,0,2,3
U006,34,2026-05-20,Wednesday,34,7.49,7.25,0.97,84.44,2,0,2,1
U007,34,2026-05-20,Wednesday,34,8.19,6.78,0.83,75.34,0,0,2,2
U008,34,2026-05-20,Wednesday,34,8.32,7.64,0.92,77.89,1,0,2,3
U009,34,2026-05-20,Wednesday,34,6.77,6.87,1.0,87.4,1,0,1,2
U010,34,2026-05-20,Wednesday,34,7.77,6.14,0.79,84.78,0,0,1,1
U001,34,2026-05-21,Thursday,34,8.68,8.02,0.92,80.36,2,0,1,3
U002,34,2026-05-21,Thursday,34,6.73,6.29,0.93,82.91,0,0,1,1
U003,34,2026-05-21,Thursday,34,4.64,4.02,0.87,82.17,2,0,1,3
U004,34,2026-05-21,Thursday,34,5.25,5.28,1.0,81.27,0,0,1,3
U005,34,2026-05-21,Thursday,34,9.66,8.12,0.84,75.85,1,0,2,2
U006,34,2026-05-21,Thursday,34,8.45,7.29,0.86,84.9,2,1,2,2
U007,34,2026-05-21,Thursday,34,6.77,6.22,0.92,80.28,1,0,1,3
U008,34,2026-05-21,Thursday,34,6.27,6.4,1.0,80.4,1,0,2,2
U009,34,2026-05-21,Thursday,34,8.22,7.51,0.91,84.27,0,0,1,1
U010,34,2026-05-21,Thursday,34,7.67,7.06,0.92,86.64,1,0,1,1
U001,34,2026-05-22,Friday,34,8.14,7.24,0.89,84.0,1,0,2,3
U002,34,2026-05-22,Friday,34,7.82,6.39,0.82,88.59,1,0,2,3
U003,34,2026-05-22,Friday,34,6.74,5.83,0.86,84.06,0,0,1,3
U004,34,2026-05-22,Friday,34,5.76,5.7,0.99,90.84,1,0,2,2
U005,34,2026-05-22,Friday,34,8.82,8.34,0.95,81.84,2,0,1,1
U006,34,2026-05-22,Friday,34,7.47,7.48,1.0,82.3,0,0,1,1
U007,34,2026-05-22,Friday,34,6.53,6.24,0.96,86.24,1,0,1,2
U008,34,2026-05-22,Friday,34,7.1,5.79,0.82,82.69,0,0,2,1
U009,34,2026-05-22,Friday,34,10.55,9.56,0.91,87.91,2,0,2,1
U010,34,2026-05-22,Friday,34,7.29,6.77,0.93,81.31,2,0,2,1
U001,34,2026-05-23,Saturday,34,2.46,2.08,0.85,78.27,1,0,1,0
U002,34,2026-05-23,Saturday,34,3.77,3.39,0.9,90.49,1,0,0,1
U003,34,2026-05-23,Saturday,34,2.37,2.08,0.88,79.53,1,0,0,2
U004,34,2026-05-23,Saturday,34,2.84,1.58,0.56,67.45,1,0,1,1
U005,34,2026-05-23,Saturday,34,1.85,1.54,0.83,79.87,1,0,0,1
U006,34,2026-05-23,Saturday,34,2.3,1.83,0.8,83.37,0,0,1,2
U007,34,2026-05-23,Saturday,34,3.07,2.71,0.88,90.14,1,0,0,2
U008,34,2026-05-23,Saturday,34,3.53,3.26,0.92,83.41,1,0,0,1
U009,34,2026-05-23,Saturday,34,2.81,1.72,0.61,78.68,1,0,1,2
U010,34,2026-05-23,Saturday,34,1.67,1.49,0.89,90.82,1,0,0,1
U001,35,2026-05-24,Sunday,35,3.01,2.53,0.84,75.69,1,0,1,0
U002,35,2026-05-24,Sunday,35,3.64,2.65,0.73,83.69,0,0,1,0
U003,35,2026-05-24,Sunday,35,3.06,2.35,0.77,74.34,0,0,1,0
U004,35,2026-05-24,Sunday,35,3.52,3.19,0.91,83.34,0,0,0,1
U005,35,2026-05-24,Sunday,35,1.41,0.5,0.4,72.96,1,0,0,1
U006,35,2026-05-24,Sunday,35,2.21,1.6,0.72,81.88,0,1,0,0
U007,35,2026-05-24,Sunday,35,1.88,1.74,0.93,78.42,1,0,0,2
U008,35,2026-05-24,Sunday,35,3.71,2.7,0.73,70.67,1,0,1,1
U009,35,2026-05-24,Sunday,35,3.94,2.72,0.69,80.15,0,0,0,1
U010,35,2026-05-24,Sunday,35,2.39,2.04,0.85,85.7,0,0,0,2
U001,35,2026-05-25,Monday,35,7.97,7.35,0.92,82.95,1,0,2,1
U002,35,2026-05-25,Monday,35,5.69,5.49,0.96,80.5,0,0,2,3
U003,35,2026-05-25,Monday,35,7.35,6.03,0.82,83.02,2,1,2,2
U004,35,2026-05-25,Monday,35,7.41,6.55,0.88,77.77,0,0,1,3
U005,35,2026-05-25,Monday,35,8.09,7.11,0.88,81.55,0,0,2,1
U006,35,2026-05-25,Monday,35,7.89,6.98,0.88,86.58,2,0,2,2
U007,35,2026-05-25,Monday,35,6.02,5.81,0.97,83.62,2,0,2,2
U008,35,2026-05-25,Monday,35,7.12,5.97,0.84,77.52,2,0,1,3
U009,35,2026-05-25,Monday,35,7.46,6.9,0.92,86.29,0,0,1,1
U010,35,2026-05-25,Monday,35,6.16,5.99,0.97,80.42,0,0,1,1
U001,35,2026-05-26,Tuesday,35,8.57,8.0,0.93,81.8,2,0,2,3
U002,35,2026-05-26,Tuesday,35,7.45,6.67,0.9,81.0,2,0,2,1
U003,35,2026-05-26,Tuesday,35,6.72,6.1,0.91,79.1,0,0,2,3
U004,35,2026-05-26,Tuesday,35,6.38,5.26,0.82,86.59,0,0,1,3
U005,35,2026-05-26,Tuesday,35,8.69,8.05,0.93,85.92,1,0,1,2
U006,35,2026-05-26,Tuesday,35,8.73,8.08,0.93,79.86,0,0,2,1
U007,35,2026-05-26,Tuesday,35,7.7,6.76,0.88,81.21,0,0,1,1
U008,35,2026-05-26,Tuesday,35,7.19,6.74,0.94,80.29,1,0,2,2
U009,35,2026-05-26,Tuesday,35,8.13,7.57,0.93,78.79,2,0,2,3
U010,35,2026-05-26,Tuesday,35,7.61,7.36,0.97,85.33,2,0,2,2
U001,35,2026-05-27,Wednesday,35,6.34,6.31,1.0,82.31,0,1,2,1
U002,35,2026-05-27,Wednesday,35,8.0,6.96,0.87,76.02,1,0,2,1
U003,35,2026-05-27,Wednesday,35,7.45,6.69,0.9,76.6,1,0,2,1
U004,35,2026-05-27,Wednesday,35,5.85,5.58,0.95,86.46,1,0,1,2
U005,35,2026-05-27,Wednesday,35,10.84,10.89,1.0,88.65,1,0,2,2
U006,35,2026-05-27,Wednesday,35,7.43,6.2,0.83,81.83,2,0,2,3
U007,35,2026-05-27,Wednesday,35,9.69,8.83,0.91,77.77,2,1,2,1
U008,35,2026-05-27,Wednesday,35,6.72,5.79,0.86,78.93,2,0,1,2
U009,35,2026-05-27,Wednesday,35,7.34,7.22,0.98,90.93,1,0,1,3
U010,35,2026-05-27,Wednesday,35,6.98,6.32,0.91,90.19,0,0,1,1
U001,35,2026-05-28,Thursday,35,5.83,5.43,0.93,90.53,1,0,1,3
U002,35,2026-05-28,Thursday,35,7.49,6.46,0.86,85.44,2,0,2,3
U003,35,2026-05-28,Thursday,35,7.45,7.17,0.96,90.32,2,0,2,1
U004,35,2026-05-28,Thursday,35,8.26,7.89,0.96,82.92,1,0,2,3
U005,35,2026-05-28,Thursday,35,8.48,7.56,0.89,76.76,2,0,1,1
U006,35,2026-05-28,Thursday,35,7.83,7.59,0.97,86.27,0,1,1,2
U007,35,2026-05-28,Thursday,35,7.19,6.9,0.96,89.58,2,0,2,2
U008,35,2026-05-28,Thursday,35,5.19,4.75,0.92,88.0,0,0,1,2
U009,35,2026-05-28,Thursday,35,7.37,6.22,0.84,77.36,0,0,2,3
U010,35,2026-05-28,Thursday,35,8.19,7.62,0.93,82.98,2,0,2,3
U001,35,2026-05-29,Friday,35,7.47,6.92,0.93,80.41,0,0,2,1
U002,35,2026-05-29,Friday,35,7.51,6.58,0.88,78.36,0,0,2,1
U003,35,2026-05-29,Friday,35,9.84,9.31,0.95,85.72,1,0,1,2
U004,35,2026-05-29,Friday,35,6.53,6.0,0.92,83.2,1,1,1,1
U005,35,2026-05-29,Friday,35,6.55,6.01,0.92,86.02,1,0,1,3
U006,35,2026-05-29,Friday,35,5.94,5.04,0.85,79.8,2,1,2,1
U007,35,2026-05-29,Friday,35,7.68,6.93,0.9,87.44,1,1,1,3
U008,35,2026-05-29,Friday,35,8.12,7.32,0.9,80.5,1,0,2,1
U009,35,2026-05-29,Friday,35,9.82,9.2,0.94,86.84,2,0,2,1
U010,35,2026-05-29,Friday,35,5.2,4.62,0.89,78.62,2,0,2,1
U001,35,2026-05-30,Saturday,35,2.19,1.07,0.49,73.1,0,0,1,0
U002,35,2026-05-30,Saturday,35,2.35,1.22,0.52,77.05,0,0,1,1
U003,35,2026-05-30,Saturday,35,2.79,2.23,0.8,79.48,1,0,1,0
U004,35,2026-05-30,Saturday,35,3.29,2.1,0.64,71.71,1,0,0,1
U005,35,2026-05-30,Saturday,35,3.33,3.22,0.97,81.32,1,0,1,1
U006,35,2026-05-30,Saturday,35,2.71,2.75,1.0,85.4,0,0,1,1
U007,35,2026-05-30,Saturday,35,1.24,0.66,0.53,69.26,0,0,0,1
U008,35,2026-05-30,Saturday,35,2.58,2.1,0.81,87.01,0,0,1,0
U009,35,2026-05-30,Saturday,35,1.95,1.28,0.66,73.67,0,0,1,0
U010,35,2026-05-30,Saturday,35,3.79,2.95,0.78,78.03,0,0,0,0
U001,36,2026-05-31,Sunday,36,1.39,1.17,0.84,79.8,0,0,0,2
U002,36,2026-05-31,Sunday,36,2.82,2.09,0.74,76.92,1,0,1,2
U003,36,2026-05-31,Sunday,36,1.99,0.77,0.4,60.37,1,0,1,2
U004,36,2026-05-31,Sunday,36,2.52,2.47,0.98,89.34,1,0,0,2
U005,36,2026-05-31,Sunday,36,3.0,2.29,0.76,74.0,1,0,1,0
U006,36,2026-05-31,Sunday,36,2.32,1.54,0.66,74.95,1,0,1,1
U007,36,2026-05-31,Sunday,36,2.87,2.39,0.83,78.91,0,1,0,1
U008,36,2026-05-31,Sunday,36,2.67,2.27,0.85,75.51,0,0,1,0
U009,36,2026-05-31,Sunday,36,3.01,2.21,0.73,71.56,0,0,0,1
U010,36,2026-05-31,Sunday,36,2.19,1.34,0.61,71.11,0,0,1,0
U001,36,2026-06-01,Monday,36,6.72,6.68,0.99,94.44,1,0,2,1
U002,36,2026-06-01,Monday,36,9.93,8.79,0.89,78.71,1,0,2,3
U003,36,2026-06-01,Monday,36,7.49,6.81,0.91,88.9,0,0,2,2
U004,36,2026-06-01,Monday,36,6.4,5.56,0.87,78.82,0,0,2,3
U005,36,2026-06-01,Monday,36,8.82,8.42,0.95,87.65,2,0,1,1
U006,36,2026-06-01,Monday,36,6.95,6.52,0.94,83.27,2,0,2,2
U007,36,2026-06-01,Monday,36,10.91,11.0,1.0,90.82,1,0,1,3
U008,36,2026-06-01,Monday,36,5.14,4.91,0.96,78.73,2,0,2,2
U009,36,2026-06-01,Monday,36,9.44,7.96,0.84,74.58,0,0,2,1
U010,36,2026-06-01,Monday,36,7.47,6.88,0.92,87.29,2,0,2,2
U001,36,2026-06-02,Tuesday,36,10.57,9.56,0.9,85.95,1,0,1,2
U002,36,2026-06-02,Tuesday,36,6.27,5.18,0.83,78.07,1,0,1,1
U003,36,2026-06-02,Tuesday,36,7.26,6.41,0.88,76.46,0,0,1,3
U004,36,2026-06-02,Tuesday,36,7.34,6.43,0.88,82.11,1,0,1,2
U005,36,2026-06-02,Tuesday,36,10.88,9.73,0.89,81.12,0,0,2,3
U006,36,2026-06-02,Tuesday,36,7.28,6.67,0.92,86.81,2,0,1,2
U007,36,2026-06-02,Tuesday,36,5.84,5.22,0.89,87.38,1,0,1,2
U008,36,2026-06-02,Tuesday,36,4.56,4.87,1.0,94.34,2,0,1,3
U009,36,2026-06-02,Tuesday,36,9.94,9.39,0.94,87.04,2,0,1,1
U010,36,2026-06-02,Tuesday,36,6.56,5.33,0.81,77.33,0,0,2,2
U001,36,2026-06-03,Wednesday,36,7.04,6.21,0.88,77.71,0,0,2,2
U002,36,2026-06-03,Wednesday,36,8.32,7.27,0.87,87.17,1,0,1,2
U003,36,2026-06-03,Wednesday,36,5.41,4.67,0.86,75.85,2,0,1,2
U004,36,2026-06-03,Wednesday,36,6.9,6.15,0.89,80.14,2,0,2,1
U005,36,2026-06-03,Wednesday,36,10.85,10.2,0.94,85.43,0,0,2,3
U006,36,2026-06-03,Wednesday,36,7.39,7.16,0.97,93.32,0,0,1,2
U007,36,2026-06-03,Wednesday,36,7.24,6.77,0.94,83.43,1,0,2,3
U008,36,2026-06-03,Wednesday,36,5.08,4.87,0.96,93.03,1,0,1,2
U009,36,2026-06-03,Wednesday,36,7.95,7.35,0.92,77.2,2,0,2,2
U010,36,2026-06-03,Wednesday,36,8.33,6.84,0.82,79.86,2,0,2,2
U001,36,2026-06-04,Thursday,36,7.96,7.22,0.91,84.72,0,0,2,3
U002,36,2026-06-04,Thursday,36,6.7,7.29,1.0,80.76,0,0,1,1
U003,36,2026-06-04,Thursday,36,6.49,5.82,0.9,78.84,1,0,1,1
U004,36,2026-06-04,Thursday,36,5.35,5.09,0.95,80.44,0,0,2,3
U005,36,2026-06-04,Thursday,36,8.19,6.9,0.84,88.5,2,0,1,1
U006,36,2026-06-04,Thursday,36,8.47,8.15,0.96,88.73,1,0,2,3
U007,36,2026-06-04,Thursday,36,5.98,6.08,1.0,83.19,2,0,1,3
U008,36,2026-06-04,Thursday,36,3.47,3.83,1.0,92.6,1,0,2,1
U009,36,2026-06-04,Thursday,36,8.3,7.04,0.85,77.62,0,0,2,3
U010,36,2026-06-04,Thursday,36,7.44,7.38,0.99,94.61,2,0,1,3
U001,36,2026-06-05,Friday,36,8.64,8.06,0.93,80.34,2,0,1,1
U002,36,2026-06-05,Friday,36,6.89,5.57,0.81,88.11,1,0,1,3
U003,36,2026-06-05,Friday,36,7.42,6.83,0.92,83.39,0,1,2,1
U004,36,2026-06-05,Friday,36,8.79,7.83,0.89,79.81,0,0,2,3
U005,36,2026-06-05,Friday,36,6.78,7.28,1.0,92.01,1,0,1,2
U006,36,2026-06-05,Friday,36,7.64,6.62,0.87,77.8,0,0,1,3
U007,36,2026-06-05,Friday,36,6.22,5.81,0.93,78.46,2,0,2,3
U008,36,2026-06-05,Friday,36,6.09,5.39,0.89,79.12,2,0,2,2
U009,36,2026-06-05,Friday,36,6.77,6.02,0.89,80.3,1,0,2,2
U010,36,2026-06-05,Friday,36,7.7,7.08,0.92,84.14,2,0,1,2
U001,36,2026-06-06,Saturday,36,2.84,1.88,0.66,68.63,0,0,1,1
U002,36,2026-06-06,Saturday,36,1.7,1.03,0.61,79.08,1,0,1,1
U003,36,2026-06-06,Saturday,36,2.45,1.92,0.78,73.89,1,0,1,1
U004,36,2026-06-06,Saturday,36,2.12,1.11,0.52,70.0,1,0,0,0
U005,36,2026-06-06,Saturday,36,3.27,2.44,0.75,78.89,1,0,0,1
U006,36,2026-06-06,Saturday,36,3.17,3.31,1.0,85.47,0,0,1,1
U007,36,2026-06-06,Saturday,36,2.42,1.95,0.81,74.14,1,0,0,2
U008,36,2026-06-06,Saturday,36,1.9,1.17,0.62,79.16,1,0,0,0
U009,36,2026-06-06,Saturday,36,2.02,0.92,0.46,75.15,0,0,0,1
U010,36,2026-06-06,Saturday,36,2.48,1.91,0.77,84.67,0,0,1,0
U001,37,2026-06-07,Sunday,37,1.91,1.78,0.93,84.66,1,0,0,1
U002,37,2026-06-07,Sunday,37,2.02,2.17,1.0,85.69,1,0,0,2
U003,37,2026-06-07,Sunday,37,2.51,1.87,0.75,83.38,1,0,1,1
U004,37,2026-06-07,Sunday,37,0.73,0.59,0.59,77.17,1,1,1,0
U005,37,2026-06-07,Sunday,37,1.11,1.23,1.0,93.83,1,0,0,0
U006,37,2026-06-07,Sunday,37,2.16,1.37,0.63,70.14,0,0,1,0
U007,37,2026-06-07,Sunday,37,4.68,4.23,0.9,88.16,0,0,1,0
U008,37,2026-06-07,Sunday,37,1.2,1.35,1.0,89.1,1,0,1,0
U009,37,2026-06-07,Sunday,37,4.08,2.78,0.68,71.3,1,0,1,2
U010,37,2026-06-07,Sunday,37,2.97,2.39,0.8,82.87,0,0,1,1
U001,37,2026-06-08,Monday,37,6.36,6.1,0.96,90.83,1,0,1,3
U002,37,2026-06-08,Monday,37,8.73,7.27,0.83,81.23,2,0,1,2
U003,37,2026-06-08,Monday,37,4.0,3.6,0.9,89.86,2,0,2,1
U004,37,2026-06-08,Monday,37,6.55,5.95,0.91,81.54,2,0,2,1
U005,37,2026-06-08,Monday,37,7.62,6.69,0.88,81.93,1,0,1,3
U006,37,2026-06-08,Monday,37,6.18,5.57,0.9,80.69,1,0,1,1
U007,37,2026-06-08,Monday,37,6.45,6.16,0.96,83.91,1,0,2,1
U008,37,2026-06-08,Monday,37,5.78,5.61,0.97,81.53,0,0,1,1
U009,37,2026-06-08,Monday,37,7.76,7.16,0.92,81.94,0,0,1,2
U010,37,2026-06-08,Monday,37,6.65,6.53,0.98,90.62,2,0,2,3
U001,37,2026-06-09,Tuesday,37,7.24,6.86,0.95,82.81,1,0,1,2
U002,37,2026-06-09,Tuesday,37,8.49,7.3,0.86,77.87,1,0,1,2
U003,37,2026-06-09,Tuesday,37,5.81,5.33,0.92,90.16,0,0,2,3
U004,37,2026-06-09,Tuesday,37,7.15,6.17,0.86,82.82,2,0,2,1
U005,37,2026-06-09,Tuesday,37,8.88,8.08,0.91,84.95,1,0,1,3
U006,37,2026-06-09,Tuesday,37,8.29,7.06,0.85,84.27,2,0,2,1
U007,37,2026-06-09,Tuesday,37,7.88,7.02,0.89,86.8,0,0,2,3
U008,37,2026-06-09,Tuesday,37,5.07,4.96,0.98,92.69,0,0,1,1
U009,37,2026-06-09,Tuesday,37,9.75,9.02,0.93,90.99,1,0,2,1
U010,37,2026-06-09,Tuesday,37,7.09,6.62,0.93,91.16,2,0,1,2
U001,37,2026-06-10,Wednesday,37,6.87,6.82,0.99,90.92,0,0,2,1
U002,37,2026-06-10,Wednesday,37,7.77,7.14,0.92,82.93,2,0,2,2
U003,37,2026-06-10,Wednesday,37,7.15,6.39,0.89,81.37,2,1,2,3
U004,37,2026-06-10,Wednesday,37,5.61,4.86,0.87,76.03,2,0,1,2
U005,37,2026-06-10,Wednesday,37,8.58,7.34,0.86,85.06,2,0,2,3
U006,37,2026-06-10,Wednesday,37,6.83,6.29,0.92,82.64,2,0,2,3
U007,37,2026-06-10,Wednesday,37,6.34,6.4,1.0,94.27,1,1,2,1
U008,37,2026-06-10,Wednesday,37,5.01,4.24,0.85,78.59,1,0,1,3
U009,37,2026-06-10,Wednesday,37,9.3,8.81,0.95,89.49,0,0,2,1
U010,37,2026-06-10,Wednesday,37,7.42,6.67,0.9,90.69,1,0,2,2
U001,37,2026-06-11,Thursday,37,7.84,6.97,0.89,79.89,0,0,1,1
U002,37,2026-06-11,Thursday,37,8.18,7.43,0.91,79.48,1,0,2,3
U003,37,2026-06-11,Thursday,37,7.08,6.27,0.89,89.28,2,0,1,3
U004,37,2026-06-11,Thursday,37,7.07,6.85,0.97,91.95,1,0,1,2
U005,37,2026-06-11,Thursday,37,7.55,7.14,0.95,85.17,0,0,1,1
U006,37,2026-06-11,Thursday,37,4.54,4.33,0.95,91.6,2,0,2,1
U007,37,2026-06-11,Thursday,37,7.78,7.85,1.0,89.18,1,0,1,3
U008,37,2026-06-11,Thursday,37,6.58,5.48,0.83,84.53,0,0,1,3
U009,37,2026-06-11,Thursday,37,6.48,5.78,0.89,85.81,1,0,2,1
U010,37,2026-06-11,Thursday,37,8.22,7.73,0.94,82.2,0,0,2,3
U001,37,2026-06-12,Friday,37,8.51,7.65,0.9,90.58,2,0,2,1
U002,37,2026-06-12,Friday,37,6.96,6.52,0.94,88.28,0,0,1,3
U003,37,2026-06-12,Friday,37,8.67,8.0,0.92,90.21,1,0,2,1
U004,37,2026-06-12,Friday,37,8.04,7.25,0.9,80.65,2,0,1,3
U005,37,2026-06-12,Friday,37,7.58,7.19,0.95,80.18,0,0,1,1
U006,37,2026-06-12,Friday,37,5.2,4.43,0.85,77.44,1,0,2,3
U007,37,2026-06-12,Friday,37,6.73,5.24,0.78,72.32,2,0,2,2
U008,37,2026-06-12,Friday,37,4.8,4.12,0.86,77.31,0,0,1,2
U009,37,2026-06-12,Friday,37,8.91,8.38,0.94,90.51,0,0,1,1
U010,37,2026-06-12,Friday,37,7.9,7.44,0.94,88.4,0,0,2,3
U001,37,2026-06-13,Saturday,37,3.31,2.17,0.66,73.19,0,0,0,2
U002,37,2026-06-13,Saturday,37,2.61,2.28,0.87,83.03,0,0,1,0
U003,37,2026-06-13,Saturday,37,2.17,2.45,1.0,84.51,1,1,0,0
U004,37,2026-06-13,Saturday,37,1.49,1.04,0.7,80.3,1,0,1,0
U005,37,2026-06-13,Saturday,37,3.04,2.04,0.67,83.21,0,0,0,2
U006,37,2026-06-13,Saturday,37,2.06,1.2,0.58,75.86,0,0,1,1
U007,37,2026-06-13,Saturday,37,3.83,2.43,0.63,72.11,0,0,1,0
U008,37,2026-06-13,Saturday,37,3.02,2.05,0.68,77.61,0,0,1,0
U009,37,2026-06-13,Saturday,37,2.45,1.71,0.7,79.76,0,0,0,2
U010,37,2026-06-13,Saturday,37,2.93,2.88,0.98,83.32,0,0,0,1
U001,38,2026-06-14,Sunday,38,1.8,1.05,0.58,76.88,0,1,0,1
U002,38,2026-06-14,Sunday,38,2.1,2.02,0.96,89.62,1,0,1,1
U003,38,2026-06-14,Sunday,38,3.11,2.39,0.77,82.75,0,0,1,1
U004,38,2026-06-14,Sunday,38,1.91,1.97,1.0,82.25,1,0,1,0
U005,38,2026-06-14,Sunday,38,3.02,2.89,0.96,92.65,0,0,1,1
U006,38,2026-06-14,Sunday,38,2.54,2.1,0.83,83.55,0,1,1,1
U007,38,2026-06-14,Sunday,38,3.84,2.44,0.64,69.78,0,0,0,1
U008,38,2026-06-14,Sunday,38,2.91,2.01,0.69,83.27,1,0,0,2
U009,38,2026-06-14,Sunday,38,1.73,1.5,0.87,85.31,0,0,1,2
U010,38,2026-06-14,Sunday,38,3.63,2.99,0.82,82.45,0,0,0,0
U001,38,2026-06-15,Monday,38,7.5,6.76,0.9,89.08,1,0,1,3
U002,38,2026-06-15,Monday,38,7.02,6.47,0.92,89.35,1,0,2,3
U003,38,2026-06-15,Monday,38,5.97,4.91,0.82,83.56,0,0,1,1
U004,38,2026-06-15,Monday,38,7.01,6.32,0.9,79.17,1,0,2,2
U005,38,2026-06-15,Monday,38,9.22,9.01,0.98,81.65,1,0,2,1
U006,38,2026-06-15,Monday,38,5.47,5.31,0.97,92.83,2,0,2,2
U007,38,2026-06-15,Monday,38,6.22,6.01,0.97,90.75,0,0,2,2
U008,38,2026-06-15,Monday,38,6.18,5.82,0.94,89.15,2,0,2,3
U009,38,2026-06-15,Monday,38,8.23,7.8,0.95,84.37,0,0,2,3
U010,38,2026-06-15,Monday,38,8.16,7.17,0.88,88.76,2,0,1,3
U001,38,2026-06-16,Tuesday,38,5.2,4.82,0.93,89.87,2,0,2,1
U002,38,2026-06-16,Tuesday,38,6.75,6.12,0.91,80.34,2,0,1,1
U003,38,2026-06-16,Tuesday,38,4.41,4.07,0.92,86.06,2,0,1,3
U004,38,2026-06-16,Tuesday,38,7.88,7.15,0.91,90.93,2,0,1,1
U005,38,2026-06-16,Tuesday,38,8.76,8.02,0.92,84.5,1,0,2,3
U006,38,2026-06-16,Tuesday,38,6.05,5.22,0.86,78.56,2,0,2,1
U007,38,2026-06-16,Tuesday,38,7.14,6.42,0.9,89.61,1,0,1,1
U008,38,2026-06-16,Tuesday,38,6.77,6.34,0.94,89.71,1,0,1,2
U009,38,2026-06-16,Tuesday,38,6.51,6.17,0.95,86.91,0,0,1,1
U010,38,2026-06-16,Tuesday,38,7.53,6.6,0.88,86.68,2,0,2,1
U001,38,2026-06-17,Wednesday,38,6.81,6.26,0.92,91.34,0,0,1,1
U002,38,2026-06-17,Wednesday,38,7.52,6.97,0.93,92.22,2,0,2,1
U003,38,2026-06-17,Wednesday,38,7.1,6.19,0.87,81.9,1,0,1,2
U004,38,2026-06-17,Wednesday,38,6.98,6.59,0.94,80.27,0,0,1,1
U005,38,2026-06-17,Wednesday,38,7.56,7.16,0.95,82.31,1,0,2,3
U006,38,2026-06-17,Wednesday,38,7.65,7.25,0.95,79.9,1,0,1,1
U007,38,2026-06-17,Wednesday,38,7.81,7.66,0.98,86.04,0,0,2,3
U008,38,2026-06-17,Wednesday,38,6.35,6.06,0.95,90.38,1,0,2,1
U009,38,2026-06-17,Wednesday,38,8.56,7.73,0.9,81.69,1,0,1,2
U010,38,2026-06-17,Wednesday,38,7.41,6.35,0.86,76.22,2,0,1,1
U001,38,2026-06-18,Thursday,38,7.65,6.81,0.89,84.0,0,0,2,3
U002,38,2026-06-18,Thursday,38,6.96,6.2,0.89,76.4,0,0,1,3
U003,38,2026-06-18,Thursday,38,8.73,8.47,0.97,90.7,0,0,2,3
U004,38,2026-06-18,Thursday,38,7.41,7.09,0.96,82.49,1,0,2,3
U005,38,2026-06-18,Thursday,38,8.02,7.36,0.92,89.82,2,0,2,3
U006,38,2026-06-18,Thursday,38,9.77,8.84,0.9,77.33,2,0,1,1
U007,38,2026-06-18,Thursday,38,9.01,7.46,0.83,75.54,1,0,2,3
U008,38,2026-06-18,Thursday,38,6.31,6.04,0.96,85.14,0,0,2,1
U009,38,2026-06-18,Thursday,38,7.41,6.18,0.83,84.57,2,1,1,2
U010,38,2026-06-18,Thursday,38,8.23,7.85,0.95,85.37,2,0,2,1
U001,38,2026-06-19,Friday,38,6.31,6.08,0.96,82.49,0,0,1,2
U002,38,2026-06-19,Friday,38,5.95,5.66,0.95,81.75,1,0,2,1
U003,38,2026-06-19,Friday,38,4.72,4.58,0.97,93.37,1,0,1,3
U004,38,2026-06-19,Friday,38,8.16,7.26,0.89,80.58,2,0,2,3
U005,38,2026-06-19,Friday,38,9.22,8.01,0.87,79.19,2,0,2,3
U006,38,2026-06-19,Friday,38,6.16,5.3,0.86,80.27,1,0,2,3
U007,38,2026-06-19,Friday,38,8.53,8.35,0.98,93.9,1,0,1,3
U008,38,2026-06-19,Friday,38,6.46,5.93,0.92,83.79,2,0,1,1
U009,38,2026-06-19,Friday,38,7.24,6.96,0.96,82.68,1,0,2,3
U010,38,2026-06-19,Friday,38,6.59,6.45,0.98,84.39,2,0,1,1
U001,38,2026-06-20,Saturday,38,1.82,1.61,0.88,76.59,0,0,0,0
U002,38,2026-06-20,Saturday,38,2.85,2.09,0.73,71.99,1,0,1,1
U003,38,2026-06-20,Saturday,38,2.88,2.53,0.88,87.34,0,0,0,0
U004,38,2026-06-20,Saturday,38,3.42,2.45,0.72,79.14,1,0,0,1
U005,38,2026-06-20,Saturday,38,1.87,1.86,0.99,81.65,0,0,0,0
U006,38,2026-06-20,Saturday,38,2.38,2.16,0.91,76.9,0,0,0,2
U007,38,2026-06-20,Saturday,38,1.96,1.67,0.85,89.54,0,0,0,2
U008,38,2026-06-20,Saturday,38,3.51,2.79,0.79,84.49,1,0,0,2
U009,38,2026-06-20,Saturday,38,2.4,2.16,0.9,90.0,1,0,0,1
U010,38,2026-06-20,Saturday,38,3.04,2.55,0.84,81.9,1,0,0,2
U001,39,2026-06-21,Sunday,39,3.47,2.7,0.78,75.26,0,0,0,1
U002,39,2026-06-21,Sunday,39,3.07,1.81,0.59,78.29,1,0,1,1
U003,39,2026-06-21,Sunday,39,4.09,2.99,0.73,74.24,0,0,1,1
U004,39,2026-06-21,Sunday,39,3.0,2.19,0.73,76.37,1,0,1,2
U005,39,2026-06-21,Sunday,39,3.63,2.16,0.6,71.61,0,0,0,1
U006,39,2026-06-21,Sunday,39,1.6,0.97,0.61,72.64,0,0,1,1
U007,39,2026-06-21,Sunday,39,2.95,2.47,0.84,87.41,0,0,0,1
U008,39,2026-06-21,Sunday,39,3.15,2.02,0.64,67.44,1,0,0,0
U009,39,2026-06-21,Sunday,39,1.59,0.5,0.4,71.74,1,0,0,1
U010,39,2026-06-21,Sunday,39,1.94,1.93,0.99,92.0,0,0,1,2
U001,39,2026-06-22,Monday,39,9.23,8.64,0.94,84.79,1,0,1,1
U002,39,2026-06-22,Monday,39,5.71,6.26,1.0,90.67,0,1,1,1
U003,39,2026-06-22,Monday,39,5.01,5.21,1.0,85.37,1,0,1,3
U004,39,2026-06-22,Monday,39,7.15,7.07,0.99,90.79,2,0,1,3
U005,39,2026-06-22,Monday,39,7.59,7.1,0.94,89.85,0,0,1,1
U006,39,2026-06-22,Monday,39,8.97,7.75,0.86,80.78,2,0,1,3
U007,39,2026-06-22,Monday,39,7.19,6.03,0.84,86.81,2,0,1,3
U008,39,2026-06-22,Monday,39,7.47,6.79,0.91,77.55,2,0,1,1
U009,39,2026-06-22,Monday,39,10.39,9.46,0.91,81.32,0,0,1,1
U010,39,2026-06-22,Monday,39,6.95,6.31,0.91,77.39,0,0,2,3
U001,39,2026-06-23,Tuesday,39,7.49,6.62,0.88,86.84,2,0,1,3
U002,39,2026-06-23,Tuesday,39,7.54,7.0,0.93,91.24,0,0,2,1
U003,39,2026-06-23,Tuesday,39,5.93,4.93,0.83,81.26,0,0,1,1
U004,39,2026-06-23,Tuesday,39,6.72,5.92,0.88,87.85,2,0,1,3
U005,39,2026-06-23,Tuesday,39,7.69,7.69,1.0,94.06,0,0,1,2
U006,39,2026-06-23,Tuesday,39,5.03,4.65,0.92,81.17,2,0,2,2
U007,39,2026-06-23,Tuesday,39,8.6,7.79,0.91,81.32,2,1,1,3
U008,39,2026-06-23,Tuesday,39,5.76,5.38,0.93,87.66,0,0,1,1
U009,39,2026-06-23,Tuesday,39,9.91,9.22,0.93,86.2,1,0,2,3
U010,39,2026-06-23,Tuesday,39,5.39,5.42,1.0,90.85,0,0,1,1
U001,39,2026-06-24,Wednesday,39,7.22,6.7,0.93,86.88,1,0,2,3
U002,39,2026-06-24,Wednesday,39,9.88,9.15,0.93,81.49,0,0,2,1
U003,39,2026-06-24,Wednesday,39,7.71,6.94,0.9,83.13,2,0,2,1
U004,39,2026-06-24,Wednesday,39,9.43,8.14,0.86,79.92,1,0,2,1
U005,39,2026-06-24,Wednesday,39,9.5,8.61,0.91,83.01,2,0,2,2
U006,39,2026-06-24,Wednesday,39,7.03,6.07,0.86,75.91,1,0,2,1
U007,39,2026-06-24,Wednesday,39,6.52,5.53,0.85,88.99,0,0,1,2
U008,39,2026-06-24,Wednesday,39,6.18,5.47,0.89,76.77,1,1,1,3
U009,39,2026-06-24,Wednesday,39,6.35,5.93,0.93,81.66,1,1,2,1
U010,39,2026-06-24,Wednesday,39,6.91,6.33,0.92,83.61,1,0,1,1
U001,39,2026-06-25,Thursday,39,8.29,8.0,0.97,86.82,0,0,2,1
U002,39,2026-06-25,Thursday,39,7.68,6.95,0.9,87.71,1,0,1,2
U003,39,2026-06-25,Thursday,39,5.57,4.84,0.87,81.5,0,0,2,1
U004,39,2026-06-25,Thursday,39,7.92,7.4,0.93,89.14,1,0,2,1
U005,39,2026-06-25,Thursday,39,6.53,5.59,0.86,86.88,2,0,1,1
U006,39,2026-06-25,Thursday,39,7.05,7.38,1.0,89.62,0,0,1,3
U007,39,2026-06-25,Thursday,39,7.67,7.7,1.0,88.32,2,0,2,1
U008,39,2026-06-25,Thursday,39,5.68,5.75,1.0,86.29,1,1,2,1
U009,39,2026-06-25,Thursday,39,6.81,6.24,0.92,89.31,2,0,1,2
U010,39,2026-06-25,Thursday,39,7.49,7.34,0.98,93.67,1,0,1,2
U001,39,2026-06-26,Friday,39,6.17,5.93,0.96,92.24,2,0,1,2
U002,39,2026-06-26,Friday,39,5.94,5.09,0.86,85.52,0,0,2,3
U003,39,2026-06-26,Friday,39,7.02,5.78,0.82,83.0,0,0,1,3
U004,39,2026-06-26,Friday,39,8.42,7.37,0.88,87.76,2,0,1,3
U005,39,2026-06-26,Friday,39,6.99,7.06,1.0,91.26,1,0,1,1
U006,39,2026-06-26,Friday,39,6.93,6.26,0.9,91.09,0,0,2,1
U007,39,2026-06-26,Friday,39,5.59,5.49,0.98,86.2,0,0,1,2
U008,39,2026-06-26,Friday,39,6.98,6.36,0.91,83.45,1,0,1,1
U009,39,2026-06-26,Friday,39,8.53,7.2,0.84,78.48,0,0,1,1
U010,39,2026-06-26,Friday,39,6.12,5.66,0.92,83.87,1,1,1,3
U001,39,2026-06-27,Saturday,39,1.39,0.65,0.47,66.12,0,0,0,1
U002,39,2026-06-27,Saturday,39,3.62,3.16,0.87,84.57,1,0,1,2
U003,39,2026-06-27,Saturday,39,3.55,2.7,0.76,75.07,0,0,0,0
U004,39,2026-06-27,Saturday,39,3.19,2.95,0.92,85.22,1,0,1,1
U005,39,2026-06-27,Saturday,39,1.19,1.55,1.0,85.64,1,0,1,0
U006,39,2026-06-27,Saturday,39,3.84,2.66,0.69,73.87,0,0,1,0
U007,39,2026-06-27,Saturday,39,2.37,1.6,0.68,72.66,1,0,0,2
U008,39,2026-06-27,Saturday,39,1.49,0.5,0.4,64.39,0,0,0,0
U009,39,2026-06-27,Saturday,39,3.39,2.52,0.74,73.03,0,0,1,1
U010,39,2026-06-27,Saturday,39,1.85,1.11,0.6,79.36,0,0,1,1
U001,40,2026-06-28,Sunday,40,1.39,0.72,0.52,74.06,1,0,1,2
U002,40,2026-06-28,Sunday,40,1.9,1.53,0.81,74.71,1,0,0,0
U003,40,2026-06-28,Sunday,40,3.62,3.17,0.88,84.37,0,0,0,2
U004,40,2026-06-28,Sunday,40,1.8,1.79,0.99,89.14,1,0,1,0
U005,40,2026-06-28,Sunday,40,3.22,2.66,0.83,76.79,0,0,1,2
U006,40,2026-06-28,Sunday,40,3.29,2.46,0.75,80.69,0,0,1,1
U007,40,2026-06-28,Sunday,40,2.73,1.29,0.47,66.01,0,0,1,2
U008,40,2026-06-28,Sunday,40,2.84,1.78,0.63,71.66,1,0,1,2
U009,40,2026-06-28,Sunday,40,2.66,2.04,0.77,77.28,1,0,1,0
U010,40,2026-06-28,Sunday,40,3.29,2.67,0.81,77.06,0,0,1,2
U001,40,2026-06-29,Monday,40,7.23,7.29,1.0,94.39,1,0,2,1
U002,40,2026-06-29,Monday,40,7.24,6.84,0.94,82.47,1,0,2,1
U003,40,2026-06-29,Monday,40,6.69,6.04,0.9,89.9,1,0,1,1
U004,40,2026-06-29,Monday,40,8.14,7.29,0.9,88.06,2,0,2,3
U005,40,2026-06-29,Monday,40,8.11,7.88,0.97,88.89,2,0,2,2
U006,40,2026-06-29,Monday,40,5.92,4.82,0.81,79.61,2,0,1,3
U007,40,2026-06-29,Monday,40,8.61,8.24,0.96,85.75,1,0,2,1
U008,40,2026-06-29,Monday,40,6.85,6.02,0.88,77.53,1,0,1,3
U009,40,2026-06-29,Monday,40,7.6,7.66,1.0,85.53,2,0,1,2
U010,40,2026-06-29,Monday,40,6.1,5.63,0.92,91.97,1,0,1,2
U001,40,2026-06-30,Tuesday,40,6.21,5.74,0.92,78.2,1,0,2,3
U002,40,2026-06-30,Tuesday,40,6.41,6.65,1.0,81.96,1,0,2,2
U003,40,2026-06-30,Tuesday,40,5.96,5.47,0.92,89.31,2,0,1,3
U004,40,2026-06-30,Tuesday,40,9.2,8.76,0.95,81.71,0,1,1,3
U005,40,2026-06-30,Tuesday,40,8.23,8.27,1.0,84.78,2,0,2,2
U006,40,2026-06-30,Tuesday,40,6.85,6.05,0.88,77.04,0,0,2,3
U007,40,2026-06-30,Tuesday,40,5.34,4.44,0.83,86.5,0,0,2,1
U008,40,2026-06-30,Tuesday,40,5.76,5.77,1.0,82.04,1,0,2,1
U009,40,2026-06-30,Tuesday,40,8.24,7.85,0.95,79.23,0,0,2,3
U010,40,2026-06-30,Tuesday,40,6.66,5.71,0.86,87.81,1,0,1,3
U001,40,2026-07-01,Wednesday,40,5.36,5.78,1.0,82.89,0,0,2,3
U002,40,2026-07-01,Wednesday,40,8.13,7.25,0.89,87.75,1,0,2,1
U003,40,2026-07-01,Wednesday,40,5.06,4.67,0.92,78.49,2,1,1,3
U004,40,2026-07-01,Wednesday,40,7.28,6.4,0.88,87.76,0,0,2,1
U005,40,2026-07-01,Wednesday,40,10.43,9.49,0.91,90.47,2,0,2,3
U006,40,2026-07-01,Wednesday,40,6.33,6.25,0.99,91.08,2,0,2,3
U007,40,2026-07-01,Wednesday,40,8.46,7.31,0.86,87.02,2,0,1,1
U008,40,2026-07-01,Wednesday,40,5.88,5.22,0.89,76.29,1,0,1,3
U009,40,2026-07-01,Wednesday,40,6.12,5.59,0.91,85.44,1,0,1,1
U010,40,2026-07-01,Wednesday,40,7.13,6.56,0.92,90.38,2,0,1,3
U001,40,2026-07-02,Thursday,40,7.07,6.34,0.9,89.09,0,0,1,2
U002,40,2026-07-02,Thursday,40,8.27,7.52,0.91,79.36,2,0,1,2
U003,40,2026-07-02,Thursday,40,5.26,4.54,0.86,88.8,2,0,2,1
U004,40,2026-07-02,Thursday,40,4.89,3.91,0.8,87.83,0,1,1,1
U005,40,2026-07-02,Thursday,40,8.1,7.63,0.94,87.58,2,0,1,3
U006,40,2026-07-02,Thursday,40,4.31,4.1,0.95,82.03,2,0,1,2
U007,40,2026-07-02,Thursday,40,9.71,8.2,0.84,78.33,0,0,2,2
U008,40,2026-07-02,Thursday,40,7.25,6.22,0.86,80.81,0,0,1,2
U009,40,2026-07-02,Thursday,40,6.95,6.88,0.99,80.51,0,1,2,1
U010,40,2026-07-02,Thursday,40,6.28,5.45,0.87,83.64,1,1,1,2
U001,40,2026-07-03,Friday,40,8.21,7.07,0.86,75.97,0,0,2,3
U002,40,2026-07-03,Friday,40,7.74,6.87,0.89,81.67,1,0,2,3
U003,40,2026-07-03,Friday,40,6.22,6.19,1.0,88.11,0,0,1,3
U004,40,2026-07-03,Friday,40,7.36,6.52,0.89,86.43,2,0,2,2
U005,40,2026-07-03,Friday,40,10.05,9.33,0.93,87.14,0,0,2,2
U006,40,2026-07-03,Friday,40,4.66,4.93,1.0,93.53,2,0,1,3
U007,40,2026-07-03,Friday,40,7.63,7.93,1.0,90.99,1,0,1,1
U008,40,2026-07-03,Friday,40,7.04,6.22,0.88,83.75,2,0,2,2
U009,40,2026-07-03,Friday,40,7.43,6.39,0.86,80.34,1,0,2,1
U010,40,2026-07-03,Friday,40,9.11,8.12,0.89,83.58,0,0,1,2
U001,40,2026-07-04,Saturday,40,2.26,1.54,0.68,72.84,0,0,0,2
U002,40,2026-07-04,Saturday,40,3.49,2.57,0.74,72.8,1,0,1,1
U003,40,2026-07-04,Saturday,40,2.29,1.4,0.61,72.3,0,0,0,1
U004,40,2026-07-04,Saturday,40,2.47,2.17,0.88,82.52,1,0,0,1
U005,40,2026-07-04,Saturday,40,3.79,2.92,0.77,75.72,0,1,0,0
U006,40,2026-07-04,Saturday,40,2.37,1.97,0.83,78.97,0,0,1,2
U007,40,2026-07-04,Saturday,40,2.98,2.26,0.76,83.44,0,0,0,1
U008,40,2026-07-04,Saturday,40,2.17,0.88,0.41,64.13,0,1,1,2
U009,40,2026-07-04,Saturday,40,1.96,1.85,0.94,84.66,0,0,0,2
U010,40,2026-07-04,Saturday,40,3.1,2.24,0.72,76.07,1,0,0,2
U001,41,2026-07-05,Sunday,41,2.97,2.91,0.98,83.95,1,0,1,1
U002,41,2026-07-05,Sunday,41,0.42,0.5,0.5,69.38,0,0,0,1
U003,41,2026-07-05,Sunday,41,3.72,2.77,0.74,82.18,1,0,1,0
U004,41,2026-07-05,Sunday,41,4.19,3.33,0.79,73.69,1,0,0,1
U005,41,2026-07-05,Sunday,41,2.8,1.84,0.66,82.58,1,0,0,1
U006,41,2026-07-05,Sunday,41,1.81,1.83,1.0,87.29,0,0,1,1
U007,41,2026-07-05,Sunday,41,3.43,2.4,0.7,71.78,0,1,1,2
U008,41,2026-07-05,Sunday,41,2.7,2.02,0.75,81.86,1,0,1,0
U009,41,2026-07-05,Sunday,41,1.18,0.5,0.42,72.09,1,0,1,0
U010,41,2026-07-05,Sunday,41,1.42,1.31,0.92,89.35,0,0,0,1
U001,41,2026-07-06,Monday,41,5.69,5.26,0.92,85.53,1,0,2,3
U002,41,2026-07-06,Monday,41,6.71,6.18,0.92,87.56,0,0,2,2
U003,41,2026-07-06,Monday,41,7.24,6.2,0.86,81.82,1,0,1,2
U004,41,2026-07-06,Monday,41,6.52,6.0,0.92,87.57,1,0,2,1
U005,41,2026-07-06,Monday,41,9.18,8.94,0.97,92.35,2,0,1,1
U006,41,2026-07-06,Monday,41,8.04,7.43,0.92,87.84,1,0,2,3
U007,41,2026-07-06,Monday,41,8.93,8.3,0.93,82.51,1,1,2,2
U008,41,2026-07-06,Monday,41,5.18,5.25,1.0,92.06,1,0,1,3
U009,41,2026-07-06,Monday,41,7.52,6.71,0.89,81.44,0,0,2,1
U010,41,2026-07-06,Monday,41,6.73,5.52,0.82,82.83,0,0,1,1
U001,41,2026-07-07,Tuesday,41,8.23,7.1,0.86,80.85,0,0,2,2
U002,41,2026-07-07,Tuesday,41,7.11,6.94,0.98,80.5,0,0,1,3
U003,41,2026-07-07,Tuesday,41,4.38,3.9,0.89,76.16,2,0,2,1
U004,41,2026-07-07,Tuesday,41,7.03,6.73,0.96,83.41,0,0,2,1
U005,41,2026-07-07,Tuesday,41,9.63,9.17,0.95,88.08,1,0,1,1
U006,41,2026-07-07,Tuesday,41,6.95,6.72,0.97,83.84,2,0,1,3
U007,41,2026-07-07,Tuesday,41,8.63,8.04,0.93,82.38,1,0,2,1
U008,41,2026-07-07,Tuesday,41,5.69,5.04,0.89,79.1,1,0,1,3
U009,41,2026-07-07,Tuesday,41,9.17,8.81,0.96,88.57,0,0,2,2
U010,41,2026-07-07,Tuesday,41,8.19,6.46,0.79,75.0,2,0,1,3
U001,41,2026-07-08,Wednesday,41,7.62,7.07,0.93,84.38,1,0,1,1
U002,41,2026-07-08,Wednesday,41,8.01,7.03,0.88,79.95,2,0,2,3
U003,41,2026-07-08,Wednesday,41,5.66,5.48,0.97,86.98,0,0,2,2
U004,41,2026-07-08,Wednesday,41,6.77,5.79,0.86,78.14,2,0,1,1
U005,41,2026-07-08,Wednesday,41,7.09,7.1,1.0,85.05,0,0,2,2
U006,41,2026-07-08,Wednesday,41,5.02,4.4,0.88,83.99,1,1,1,3
U007,41,2026-07-08,Wednesday,41,8.05,7.38,0.92,78.35,0,0,2,2
U008,41,2026-07-08,Wednesday,41,5.5,5.19,0.94,87.03,2,0,1,3
U009,41,2026-07-08,Wednesday,41,7.74,7.21,0.93,82.25,0,0,1,3
U010,41,2026-07-08,Wednesday,41,7.75,6.88,0.89,84.85,0,1,1,2
U001,41,2026-07-09,Thursday,41,8.23,7.48,0.91,83.3,2,0,2,3
U002,41,2026-07-09,Thursday,41,5.46,5.45,1.0,80.06,2,0,2,2
U003,41,2026-07-09,Thursday,41,8.89,7.72,0.87,85.18,1,1,1,1
U004,41,2026-07-09,Thursday,41,8.35,6.73,0.81,83.31,0,0,1,3
U005,41,2026-07-09,Thursday,41,8.59,7.82,0.91,86.17,0,0,1,2
U006,41,2026-07-09,Thursday,41,7.62,6.57,0.86,76.34,0,0,2,3
U007,41,2026-07-09,Thursday,41,7.47,6.9,0.92,87.89,0,0,2,3
U008,41,2026-07-09,Thursday,41,5.93,4.6,0.78,72.85,1,0,1,3
U009,41,2026-07-09,Thursday,41,6.35,5.73,0.9,84.09,1,0,2,1
U010,41,2026-07-09,Thursday,41,7.89,7.41,0.94,85.24,1,0,2,1
U001,41,2026-07-10,Friday,41,4.75,3.62,0.76,71.6,1,0,2,1
U002,41,2026-07-10,Friday,41,7.76,7.22,0.93,91.16,0,0,2,1
U003,41,2026-07-10,Friday,41,5.84,5.38,0.92,88.49,1,0,1,1
U004,41,2026-07-10,Friday,41,6.34,6.09,0.96,81.44,2,0,2,2
U005,41,2026-07-10,Friday,41,9.23,8.53,0.92,86.48,2,0,2,3
U006,41,2026-07-10,Friday,41,6.25,5.14,0.82,78.19,1,0,1,1
U007,41,2026-07-10,Friday,41,6.24,5.37,0.86,78.79,1,0,2,1
U008,41,2026-07-10,Friday,41,8.36,7.65,0.92,87.51,2,1,2,2
U009,41,2026-07-10,Friday,41,8.79,8.25,0.94,82.75,0,0,1,3
U010,41,2026-07-10,Friday,41,5.76,5.52,0.96,86.06,1,0,1,1
U001,41,2026-07-11,Saturday,41,3.53,1.77,0.5,75.48,0,0,0,0
U002,41,2026-07-11,Saturday,41,3.44,3.19,0.93,83.84,0,0,0,1
U003,41,2026-07-11,Saturday,41,2.78,2.13,0.77,73.39,1,0,1,1
U004,41,2026-07-11,Saturday,41,2.52,2.08,0.83,79.24,0,0,1,1
U005,41,2026-07-11,Saturday,41,5.1,4.14,0.81,86.26,1,0,1,1
U006,41,2026-07-11,Saturday,41,3.65,2.76,0.76,76.91,1,1,1,1
U007,41,2026-07-11,Saturday,41,2.26,2.45,1.0,87.62,0,0,1,1
U008,41,2026-07-11,Saturday,41,1.33,0.69,0.52,77.83,1,0,0,1
U009,41,2026-07-11,Saturday,41,1.07,0.78,0.73,73.63,0,0,0,2
U010,41,2026-07-11,Saturday,41,1.17,0.5,0.43,67.86,1,0,0,1
U001,42,2026-07-12,Sunday,42,2.23,1.36,0.61,76.54,1,0,0,2
U002,42,2026-07-12,Sunday,42,2.54,2.32,0.91,89.2,1,0,1,1
U003,42,2026-07-12,Sunday,42,1.97,0.86,0.44,65.8,1,1,1,2
U004,42,2026-07-12,Sunday,42,2.86,2.6,0.91,82.8,0,0,1,0
U005,42,2026-07-12,Sunday,42,3.68,2.73,0.74,84.33,1,0,1,1
U006,42,2026-07-12,Sunday,42,2.39,1.81,0.76,75.81,0,0,0,1
U007,42,2026-07-12,Sunday,42,2.34,1.96,0.84,75.88,1,0,1,2
U008,42,2026-07-12,Sunday,42,1.27,0.7,0.55,67.16,0,0,0,0
U009,42,2026-07-12,Sunday,42,3.28,2.01,0.61,73.78,1,0,1,0
U010,42,2026-07-12,Sunday,42,3.25,2.52,0.78,77.02,1,0,0,0
U001,42,2026-07-13,Monday,42,7.63,7.16,0.94,80.29,2,0,1,1
U002,42,2026-07-13,Monday,42,8.38,7.85,0.94,83.74,2,0,1,1
U003,42,2026-07-13,Monday,42,4.39,4.11,0.94,88.45,2,0,1,1
U004,42,2026-07-13,Monday,42,4.35,4.37,1.0,94.32,0,0,2,1
U005,42,2026-07-13,Monday,42,8.59,8.17,0.95,82.88,0,0,1,1
U006,42,2026-07-13,Monday,42,8.9,7.85,0.88,86.55,1,0,2,2
U007,42,2026-07-13,Monday,42,6.56,6.14,0.94,88.32,1,0,2,1
U008,42,2026-07-13,Monday,42,4.71,4.13,0.88,88.96,0,0,2,3
U009,42,2026-07-13,Monday,42,6.47,5.75,0.89,82.24,0,0,1,2
U010,42,2026-07-13,Monday,42,7.93,6.47,0.82,76.11,0,0,2,3
U001,42,2026-07-14,Tuesday,42,7.18,6.77,0.94,88.41,2,0,2,2
U002,42,2026-07-14,Tuesday,42,6.54,5.79,0.89,82.23,0,0,1,3
U003,42,2026-07-14,Tuesday,42,4.46,4.14,0.93,85.71,2,1,1,1
U004,42,2026-07-14,Tuesday,42,7.78,6.5,0.84,82.44,1,0,2,1
U005,42,2026-07-14,Tuesday,42,7.48,6.15,0.82,85.32,2,0,1,2
U006,42,2026-07-14,Tuesday,42,6.47,6.17,0.95,83.85,2,0,2,1
U007,42,2026-07-14,Tuesday,42,8.08,7.66,0.95,78.61,2,0,2,3
U008,42,2026-07-14,Tuesday,42,7.33,6.59,0.9,83.17,1,0,2,1
U009,42,2026-07-14,Tuesday,42,7.53,6.96,0.92,79.4,0,0,1,2
U010,42,2026-07-14,Tuesday,42,6.58,6.07,0.92,78.66,1,0,2,2
U001,42,2026-07-15,Wednesday,42,6.65,5.93,0.89,86.92,2,0,2,1
U002,42,2026-07-15,Wednesday,42,8.55,7.44,0.87,86.36,1,0,2,3
U003,42,2026-07-15,Wednesday,42,7.34,6.82,0.93,90.64,0,0,1,1
U004,42,2026-07-15,Wednesday,42,8.02,6.73,0.84,74.84,1,0,2,3
U005,42,2026-07-15,Wednesday,42,8.9,8.23,0.92,85.1,1,0,2,3
U006,42,2026-07-15,Wednesday,42,8.0,7.47,0.93,84.33,0,0,2,3
U007,42,2026-07-15,Wednesday,42,8.34,6.91,0.83,85.8,2,1,1,2
U008,42,2026-07-15,Wednesday,42,5.41,4.68,0.87,79.94,0,1,2,2
U009,42,2026-07-15,Wednesday,42,9.17,7.67,0.84,88.63,2,0,1,2
U010,42,2026-07-15,Wednesday,42,7.25,7.14,0.98,93.75,2,0,2,3
U001,42,2026-07-16,Thursday,42,8.38,7.96,0.95,80.53,0,0,1,1
U002,42,2026-07-16,Thursday,42,8.59,7.67,0.89,82.91,2,0,1,1
U003,42,2026-07-16,Thursday,42,7.18,6.71,0.93,91.49,1,0,1,3
U004,42,2026-07-16,Thursday,42,7.46,7.16,0.96,86.12,2,0,1,2
U005,42,2026-07-16,Thursday,42,7.58,6.94,0.92,92.17,2,0,1,3
U006,42,2026-07-16,Thursday,42,7.75,6.86,0.89,86.53,1,0,1,1
U007,42,2026-07-16,Thursday,42,7.52,7.23,0.96,88.75,1,0,2,2
U008,42,2026-07-16,Thursday,42,4.54,3.68,0.81,76.18,0,0,1,3
U009,42,2026-07-16,Thursday,42,8.38,8.01,0.96,84.8,2,0,2,1
U010,42,2026-07-16,Thursday,42,6.0,5.07,0.85,82.57,2,0,2,1
U001,42,2026-07-17,Friday,42,7.23,6.4,0.89,77.81,0,0,1,2
U002,42,2026-07-17,Friday,42,8.19,7.77,0.95,79.03,0,0,2,2
U003,42,2026-07-17,Friday,42,8.6,8.25,0.96,87.44,0,0,1,3
U004,42,2026-07-17,Friday,42,6.85,6.58,0.96,92.72,0,0,2,1
U005,42,2026-07-17,Friday,42,6.68,6.24,0.93,77.77,0,0,2,2
U006,42,2026-07-17,Friday,42,5.81,5.13,0.88,86.12,2,0,2,3
U007,42,2026-07-17,Friday,42,5.55,4.62,0.83,80.68,1,0,1,1
U008,42,2026-07-17,Friday,42,5.94,5.27,0.89,89.7,0,0,2,2
U009,42,2026-07-17,Friday,42,7.94,7.28,0.92,86.67,1,0,1,1
U010,42,2026-07-17,Friday,42,3.61,3.58,0.99,81.75,0,0,1,1
U001,42,2026-07-18,Saturday,42,1.59,0.94,0.59,68.53,0,0,0,2
U002,42,2026-07-18,Saturday,42,0.82,0.9,0.9,81.32,0,0,0,0
U003,42,2026-07-18,Saturday,42,2.07,0.81,0.4,62.91,1,0,1,2
U004,42,2026-07-18,Saturday,42,1.63,1.55,0.95,78.69,0,0,0,1
U005,42,2026-07-18,Saturday,42,0.43,0.69,0.69,80.47,0,0,0,0
U006,42,2026-07-18,Saturday,42,2.08,1.43,0.69,69.41,1,0,0,2
U007,42,2026-07-18,Saturday,42,1.21,0.75,0.62,71.26,1,0,0,1
U008,42,2026-07-18,Saturday,42,1.79,1.39,0.78,75.8,0,1,1,1
U009,42,2026-07-18,Saturday,42,1.36,0.5,0.4,69.52,0,0,0,0
U010,42,2026-07-18,Saturday,42,2.89,1.63,0.56,75.22,1,1,0,2
U001,43,2026-07-19,Sunday,43,1.86,1.38,0.74,81.8,0,0,1,2
U002,43,2026-07-19,Sunday,43,1.79,0.5,0.4,61.61,0,0,1,1
U003,43,2026-07-19,Sunday,43,2.47,1.9,0.77,86.04,0,0,0,1
U004,43,2026-07-19,Sunday,43,4.12,3.8,0.92,86.48,1,0,0,1
U005,43,2026-07-19,Sunday,43,2.28,1.39,0.61,75.71,0,0,0,0
U006,43,2026-07-19,Sunday,43,3.15,2.7,0.86,75.57,1,0,0,1
U007,43,2026-07-19,Sunday,43,1.44,0.9,0.62,79.55,0,1,0,1
U008,43,2026-07-19,Sunday,43,3.06,1.89,0.62,72.88,0,1,1,1
U009,43,2026-07-19,Sunday,43,2.02,1.72,0.85,85.18,0,0,1,1
U010,43,2026-07-19,Sunday,43,2.64,2.41,0.91,83.35,0,1,0,1
U001,43,2026-07-20,Monday,43,5.52,5.23,0.95,84.51,2,0,2,2
U002,43,2026-07-20,Monday,43,5.44,5.09,0.94,82.5,0,0,2,2
U003,43,2026-07-20,Monday,43,4.32,4.24,0.98,83.35,1,0,1,3
U004,43,2026-07-20,Monday,43,6.18,6.06,0.98,90.15,1,1,1,2
U005,43,2026-07-20,Monday,43,4.93,4.47,0.91,91.62,0,0,1,1
U006,43,2026-07-20,Monday,43,6.26,5.74,0.92,80.95,0,0,1,2
U007,43,2026-07-20,Monday,43,5.82,5.32,0.91,88.09,1,0,2,1
U008,43,2026-07-20,Monday,43,4.66,3.69,0.79,76.94,2,0,2,3
U009,43,2026-07-20,Monday,43,6.26,5.53,0.88,89.82,1,0,1,2
U010,43,2026-07-20,Monday,43,8.34,7.58,0.91,79.53,1,0,1,1
U001,43,2026-07-21,Tuesday,43,6.97,6.81,0.98,80.36,0,0,1,1
U002,43,2026-07-21,Tuesday,43,5.25,5.25,1.0,94.66,1,0,2,3
U003,43,2026-07-21,Tuesday,43,5.55,4.76,0.86,84.51,1,0,1,2
U004,43,2026-07-21,Tuesday,43,3.9,3.23,0.83,84.39,0,0,1,1
U005,43,2026-07-21,Tuesday,43,8.78,8.5,0.97,88.19,1,0,2,2
U006,43,2026-07-21,Tuesday,43,5.68,5.29,0.93,83.54,1,0,1,2
U007,43,2026-07-21,Tuesday,43,7.82,7.77,0.99,93.02,0,0,2,1
U008,43,2026-07-21,Tuesday,43,5.45,4.92,0.9,77.96,0,0,2,2
U009,43,2026-07-21,Tuesday,43,8.06,7.41,0.92,85.99,1,0,1,2
U010,43,2026-07-21,Tuesday,43,7.88,7.02,0.89,83.54,2,0,2,3
U001,43,2026-07-22,Wednesday,43,6.31,5.38,0.85,76.97,1,0,1,2
U002,43,2026-07-22,Wednesday,43,9.9,8.73,0.88,83.92,1,0,2,1
U003,43,2026-07-22,Wednesday,43,8.65,8.06,0.93,84.26,2,0,2,1
U004,43,2026-07-22,Wednesday,43,5.97,5.31,0.89,88.55,0,0,2,2
U005,43,2026-07-22,Wednesday,43,9.09,8.25,0.91,77.46,0,0,2,1
U006,43,2026-07-22,Wednesday,43,6.71,6.65,0.99,87.99,2,1,2,3
U007,43,2026-07-22,Wednesday,43,5.65,4.99,0.88,87.77,1,0,2,1
U008,43,2026-07-22,Wednesday,43,5.83,4.41,0.76,84.96,2,0,2,2
U009,43,2026-07-22,Wednesday,43,8.33,8.12,0.97,84.16,2,0,1,2
U010,43,2026-07-22,Wednesday,43,4.66,4.12,0.88,78.98,0,0,1,3
U001,43,2026-07-23,Thursday,43,9.07,7.84,0.86,86.76,2,0,1,2
U002,43,2026-07-23,Thursday,43,8.5,7.17,0.84,87.76,2,0,2,2
U003,43,2026-07-23,Thursday,43,5.5,5.69,1.0,86.83,1,0,2,3
U004,43,2026-07-23,Thursday,43,7.4,5.83,0.79,80.02,2,0,1,1
U005,43,2026-07-23,Thursday,43,8.83,7.71,0.87,86.2,0,0,2,2
U006,43,2026-07-23,Thursday,43,7.43,6.28,0.85,86.51,1,0,2,1
U007,43,2026-07-23,Thursday,43,7.35,5.99,0.81,79.01,1,0,2,1
U008,43,2026-07-23,Thursday,43,8.26,7.61,0.92,84.38,2,0,2,3
U009,43,2026-07-23,Thursday,43,6.82,6.34,0.93,82.53,1,0,2,1
U010,43,2026-07-23,Thursday,43,8.76,8.19,0.93,81.49,2,0,2,2
U001,43,2026-07-24,Friday,43,9.92,8.61,0.87,84.16,2,0,1,3
U002,43,2026-07-24,Friday,43,8.33,6.99,0.84,88.02,0,1,2,2
U003,43,2026-07-24,Friday,43,7.22,7.02,0.97,82.94,0,0,2,2
U004,43,2026-07-24,Friday,43,7.4,7.29,0.99,92.27,1,0,2,1
U005,43,2026-07-24,Friday,43,8.73,7.66,0.88,82.8,1,0,1,1
U006,43,2026-07-24,Friday,43,6.62,5.65,0.85,81.46,1,0,1,2
U007,43,2026-07-24,Friday,43,6.44,6.31,0.98,91.96,1,0,2,1
U008,43,2026-07-24,Friday,43,6.5,5.47,0.84,75.57,0,0,1,3
U009,43,2026-07-24,Friday,43,8.47,7.17,0.85,81.02,0,0,1,1
U010,43,2026-07-24,Friday,43,5.95,5.31,0.89,87.74,0,1,2,1
U001,43,2026-07-25,Saturday,43,2.8,2.04,0.73,79.45,0,0,1,0
U002,43,2026-07-25,Saturday,43,3.78,2.38,0.63,69.44,1,0,0,2
U003,43,2026-07-25,Saturday,43,3.56,2.47,0.69,76.07,0,0,1,0
U004,43,2026-07-25,Saturday,43,2.88,1.91,0.66,75.46,0,0,1,0
U005,43,2026-07-25,Saturday,43,2.77,2.67,0.96,80.04,0,0,1,1
U006,43,2026-07-25,Saturday,43,2.1,1.66,0.79,78.91,1,1,0,1
U007,43,2026-07-25,Saturday,43,3.04,2.38,0.78,74.89,0,0,1,0
U008,43,2026-07-25,Saturday,43,3.37,2.96,0.88,82.92,1,0,1,1
U009,43,2026-07-25,Saturday,43,3.94,3.12,0.79,77.54,1,0,0,0
U010,43,2026-07-25,Saturday,43,1.98,1.71,0.86,86.42,0,0,1,1
U001,44,2026-07-26,Sunday,44,3.33,2.53,0.76,82.27,0,0,0,0
U002,44,2026-07-26,Sunday,44,4.05,3.19,0.79,72.68,1,0,1,1
U003,44,2026-07-26,Sunday,44,2.65,2.26,0.85,83.45,0,0,0,2
U004,44,2026-07-26,Sunday,44,3.61,2.63,0.73,79.02,0,0,1,0
U005,44,2026-07-26,Sunday,44,2.72,2.29,0.84,83.92,1,0,1,2
U006,44,2026-07-26,Sunday,44,2.34,1.77,0.76,85.91,1,1,0,1
U007,44,2026-07-26,Sunday,44,3.21,2.36,0.74,81.49,0,0,0,0
U008,44,2026-07-26,Sunday,44,1.82,1.45,0.8,82.8,0,0,1,0
U009,44,2026-07-26,Sunday,44,2.71,1.11,0.41,70.0,1,0,0,1
U010,44,2026-07-26,Sunday,44,3.15,2.12,0.67,75.84,0,1,1,2
U001,44,2026-07-27,Monday,44,6.42,5.93,0.92,82.27,1,0,2,1
U002,44,2026-07-27,Monday,44,5.58,5.5,0.99,94.35,1,0,1,3
U003,44,2026-07-27,Monday,44,5.78,5.51,0.95,90.78,0,0,2,2
U004,44,2026-07-27,Monday,44,6.05,5.7,0.94,89.76,1,0,1,1
U005,44,2026-07-27,Monday,44,7.96,7.31,0.92,85.16,1,0,1,2
U006,44,2026-07-27,Monday,44,6.73,5.77,0.86,82.01,0,0,2,1
U007,44,2026-07-27,Monday,44,8.15,7.06,0.87,81.8,1,0,2,1
U008,44,2026-07-27,Monday,44,5.95,5.24,0.88,87.95,0,0,1,2
U009,44,2026-07-27,Monday,44,6.57,6.22,0.95,88.01,2,0,1,2
U010,44,2026-07-27,Monday,44,7.23,6.61,0.91,89.96,1,1,1,2
U001,44,2026-07-28,Tuesday,44,5.55,4.97,0.9,83.51,1,0,2,1
U002,44,2026-07-28,Tuesday,44,7.26,7.0,0.96,88.86,2,0,1,3
U003,44,2026-07-28,Tuesday,44,4.18,3.08,0.74,84.3,0,0,2,3
U004,44,2026-07-28,Tuesday,44,6.21,6.27,1.0,87.88,2,0,1,3
U005,44,2026-07-28,Tuesday,44,10.09,9.17,0.91,82.46,1,0,2,1
U006,44,2026-07-28,Tuesday,44,6.4,6.29,0.98,92.24,0,0,1,3
U007,44,2026-07-28,Tuesday,44,4.25,3.45,0.81,80.89,0,1,2,1
U008,44,2026-07-28,Tuesday,44,5.81,5.52,0.95,92.7,0,0,2,2
U009,44,2026-07-28,Tuesday,44,7.56,6.66,0.88,76.94,1,0,1,3
U010,44,2026-07-28,Tuesday,44,6.87,6.74,0.98,84.15,2,0,2,3
U001,44,2026-07-29,Wednesday,44,6.16,6.07,0.99,84.76,1,0,1,3
U002,44,2026-07-29,Wednesday,44,7.88,7.45,0.95,80.01,0,0,1,1
U003,44,2026-07-29,Wednesday,44,7.1,6.71,0.95,86.63,0,0,2,3
U004,44,2026-07-29,Wednesday,44,6.73,5.88,0.87,77.42,1,0,2,1
U005,44,2026-07-29,Wednesday,44,8.49,8.22,0.97,91.93,1,0,1,2
U006,44,2026-07-29,Wednesday,44,4.61,4.09,0.89,87.32,2,0,2,2
U007,44,2026-07-29,Wednesday,44,6.71,6.45,0.96,91.54,2,0,1,2
U008,44,2026-07-29,Wednesday,44,5.42,4.57,0.84,85.74,2,0,1,3
U009,44,2026-07-29,Wednesday,44,7.36,6.39,0.87,86.1,2,0,2,2
U010,44,2026-07-29,Wednesday,44,6.91,6.42,0.93,89.55,1,0,2,1
U001,44,2026-07-30,Thursday,44,6.66,6.09,0.91,83.85,0,0,1,1
U002,44,2026-07-30,Thursday,44,7.04,6.71,0.95,85.26,1,0,1,1
U003,44,2026-07-30,Thursday,44,4.42,3.62,0.82,83.81,2,0,1,3
U004,44,2026-07-30,Thursday,44,5.63,5.56,0.99,90.59,2,0,2,1
U005,44,2026-07-30,Thursday,44,9.05,8.59,0.95,90.08,0,0,1,3
U006,44,2026-07-30,Thursday,44,7.13,6.52,0.91,86.25,0,0,2,3
U007,44,2026-07-30,Thursday,44,8.82,7.42,0.84,81.86,0,0,2,3
U008,44,2026-07-30,Thursday,44,5.67,6.07,1.0,86.39,1,0,1,1
U009,44,2026-07-30,Thursday,44,5.22,4.86,0.93,79.88,2,0,2,3
U010,44,2026-07-30,Thursday,44,7.94,7.18,0.9,79.05,2,0,1,1
U001,44,2026-07-31,Friday,44,5.01,4.35,0.87,79.53,1,0,2,3
U002,44,2026-07-31,Friday,44,7.15,6.79,0.95,88.55,2,0,1,2
U003,44,2026-07-31,Friday,44,6.49,6.01,0.93,91.69,0,0,1,2
U004,44,2026-07-31,Friday,44,7.27,6.27,0.86,79.66,0,0,1,1
U005,44,2026-07-31,Friday,44,7.57,6.68,0.88,83.72,0,0,1,3
U006,44,2026-07-31,Friday,44,4.85,4.23,0.87,81.07,0,0,2,3
U007,44,2026-07-31,Friday,44,5.55,4.75,0.86,82.08,2,0,2,1
U008,44,2026-07-31,Friday,44,6.63,5.72,0.86,83.06,0,0,1,2
U009,44,2026-07-31,Friday,44,7.6,6.27,0.82,88.38,1,1,1,2
U010,44,2026-07-31,Friday,44,6.96,6.68,0.96,87.13,1,0,2,3
U001,44,2026-08-01,Saturday,44,2.94,1.53,0.52,66.36,0,0,1,1
U002,44,2026-08-01,Saturday,44,0.49,0.5,0.5,66.45,0,0,0,1
U003,44,2026-08-01,Saturday,44,2.67,2.23,0.84,88.55,0,1,0,1
U004,44,2026-08-01,Saturday,44,2.39,1.67,0.7,76.67,1,0,0,1
U005,44,2026-08-01,Saturday,44,1.89,2.01,1.0,92.71,1,1,0,0
U006,44,2026-08-01,Saturday,44,5.2,3.38,0.65,80.52,1,0,1,1
U007,44,2026-08-01,Saturday,44,0.98,0.7,0.7,73.1,1,0,0,0
U008,44,2026-08-01,Saturday,44,1.8,1.18,0.66,71.47,0,1,1,1
U009,44,2026-08-01,Saturday,44,3.46,2.76,0.8,83.82,0,0,1,1
U010,44,2026-08-01,Saturday,44,2.69,2.17,0.81,77.87,0,0,0,2
U001,45,2026-08-02,Sunday,45,1.27,0.9,0.71,72.37,1,0,0,0
U002,45,2026-08-02,Sunday,45,5.01,4.19,0.84,87.39,0,0,0,0
U003,45,2026-08-02,Sunday,45,0.86,0.56,0.56,79.08,1,0,0,0
U004,45,2026-08-02,Sunday,45,2.47,2.3,0.93,77.61,1,0,0,2
U005,45,2026-08-02,Sunday,45,2.51,1.7,0.68,72.5,0,0,1,1
U006,45,2026-08-02,Sunday,45,0.77,0.53,0.53,77.99,0,0,0,1
U007,45,2026-08-02,Sunday,45,3.31,2.75,0.83,87.01,1,0,0,1
U008,45,2026-08-02,Sunday,45,2.07,1.84,0.89,81.79,1,0,0,0
U009,45,2026-08-02,Sunday,45,3.79,2.77,0.73,84.65,1,0,0,1
U010,45,2026-08-02,Sunday,45,1.33,0.81,0.61,69.51,0,0,0,1
U001,45,2026-08-03,Monday,45,5.26,4.89,0.93,87.82,0,0,2,1
U002,45,2026-08-03,Monday,45,6.14,5.9,0.96,88.99,2,0,1,1
U003,45,2026-08-03,Monday,45,5.62,5.4,0.96,92.2,1,0,2,1
U004,45,2026-08-03,Monday,45,6.22,5.8,0.93,88.86,0,0,2,3
U005,45,2026-08-03,Monday,45,6.97,6.84,0.98,80.77,0,0,1,3
U006,45,2026-08-03,Monday,45,4.56,4.05,0.89,86.14,0,0,1,1
U007,45,2026-08-03,Monday,45,7.98,6.63,0.83,81.03,1,0,2,1
U008,45,2026-08-03,Monday,45,6.35,5.53,0.87,81.79,1,0,2,2
U009,45,2026-08-03,Monday,45,6.43,5.63,0.88,80.86,0,0,2,2
U010,45,2026-08-03,Monday,45,7.63,6.99,0.92,84.3,2,0,2,1
U001,45,2026-08-04,Tuesday,45,6.29,5.76,0.92,90.42,2,0,2,2
U002,45,2026-08-04,Tuesday,45,6.3,6.04,0.96,93.51,1,1,1,3
U003,45,2026-08-04,Tuesday,45,5.61,5.13,0.91,86.63,2,0,1,1
U004,45,2026-08-04,Tuesday,45,4.35,4.32,0.99,91.55,1,0,2,2
U005,45,2026-08-04,Tuesday,45,9.93,9.08,0.91,86.58,1,1,2,2
U006,45,2026-08-04,Tuesday,45,5.57,4.81,0.86,77.91,2,0,2,2
U007,45,2026-08-04,Tuesday,45,9.66,8.44,0.87,78.65,0,0,2,3
U008,45,2026-08-04,Tuesday,45,6.86,6.28,0.92,78.22,1,0,1,3
U009,45,2026-08-04,Tuesday,45,7.38,6.98,0.95,89.94,1,0,1,2
U010,45,2026-08-04,Tuesday,45,6.25,5.68,0.91,81.81,2,0,1,3
U001,45,2026-08-05,Wednesday,45,7.49,7.21,0.96,83.97,0,0,1,1
U002,45,2026-08-05,Wednesday,45,5.45,5.67,1.0,94.56,0,0,1,3
U003,45,2026-08-05,Wednesday,45,5.3,4.58,0.86,82.1,1,0,2,2
U004,45,2026-08-05,Wednesday,45,6.26,5.87,0.94,92.4,2,0,2,3
U005,45,2026-08-05,Wednesday,45,6.77,6.09,0.9,88.14,1,0,1,3
U006,45,2026-08-05,Wednesday,45,5.38,5.59,1.0,84.87,0,0,1,2
U007,45,2026-08-05,Wednesday,45,8.18,6.84,0.84,84.83,2,0,1,2
U008,45,2026-08-05,Wednesday,45,4.65,4.41,0.95,89.16,2,0,2,2
U009,45,2026-08-05,Wednesday,45,7.79,7.76,1.0,87.86,1,0,1,3
U010,45,2026-08-05,Wednesday,45,8.17,7.27,0.89,88.58,2,0,1,3
U001,45,2026-08-06,Thursday,45,4.65,4.19,0.9,90.33,2,0,1,3
U002,45,2026-08-06,Thursday,45,6.36,6.11,0.96,86.31,0,0,1,2
U003,45,2026-08-06,Thursday,45,6.5,6.17,0.95,91.64,0,0,2,1
U004,45,2026-08-06,Thursday,45,6.76,6.73,1.0,89.84,1,0,1,3
U005,45,2026-08-06,Thursday,45,6.42,6.03,0.94,79.31,2,0,1,1
U006,45,2026-08-06,Thursday,45,5.78,5.58,0.97,84.41,0,0,1,1
U007,45,2026-08-06,Thursday,45,7.11,6.44,0.91,90.82,2,0,2,2
U008,45,2026-08-06,Thursday,45,6.98,6.35,0.91,80.63,1,0,1,3
U009,45,2026-08-06,Thursday,45,5.63,5.27,0.94,87.74,1,0,2,2
U010,45,2026-08-06,Thursday,45,6.22,5.24,0.84,76.46,2,0,2,3
U001,45,2026-08-07,Friday,45,7.17,6.46,0.9,88.82,0,0,1,2
U002,45,2026-08-07,Friday,45,4.17,3.61,0.87,86.45,2,1,1,1
U003,45,2026-08-07,Friday,45,5.59,4.69,0.84,77.8,2,0,1,2
U004,45,2026-08-07,Friday,45,8.45,7.3,0.86,88.07,2,0,1,3
U005,45,2026-08-07,Friday,45,6.48,5.89,0.91,80.19,0,1,1,3
U006,45,2026-08-07,Friday,45,8.64,8.24,0.95,90.13,0,0,2,1
U007,45,2026-08-07,Friday,45,6.16,5.68,0.92,81.67,2,0,2,2
U008,45,2026-08-07,Friday,45,5.85,5.37,0.92,87.96,2,0,2,1
U009,45,2026-08-07,Friday,45,7.98,6.61,0.83,83.45,2,0,2,3
U010,45,2026-08-07,Friday,45,7.46,6.76,0.91,89.4,2,0,1,3
U001,45,2026-08-08,Saturday,45,2.69,2.03,0.75,72.42,0,0,1,0
U002,45,2026-08-08,Saturday,45,0.89,0.81,0.81,86.31,0,0,1,1
U003,45,2026-08-08,Saturday,45,3.96,2.97,0.75,72.83,1,0,1,0
U004,45,2026-08-08,Saturday,45,2.41,2.33,0.97,90.99,1,0,0,0
U005,45,2026-08-08,Saturday,45,1.66,1.0,0.6,75.08,1,0,1,0
U006,45,2026-08-08,Saturday,45,2.4,1.36,0.57,79.91,1,0,1,0
U007,45,2026-08-08,Saturday,45,1.53,0.5,0.4,62.4,1,0,1,2
U008,45,2026-08-08,Saturday,45,1.82,1.44,0.79,74.37,0,0,0,2
U009,45,2026-08-08,Saturday,45,3.35,2.96,0.88,86.21,1,1,1,0
U010,45,2026-08-08,Saturday,45,3.11,2.22,0.71,84.46,0,1,1,1
U001,46,2026-08-09,Sunday,46,3.83,3.23,0.84,86.67,0,0,0,1
U002,46,2026-08-09,Sunday,46,1.08,1.11,1.0,92.75,0,0,0,2
U003,46,2026-08-09,Sunday,46,1.58,1.21,0.77,74.35,1,0,0,1
U004,46,2026-08-09,Sunday,46,4.52,3.27,0.72,72.43,1,0,0,1
U005,46,2026-08-09,Sunday,46,3.16,2.64,0.84,75.09,1,0,1,1
U006,46,2026-08-09,Sunday,46,3.63,2.66,0.73,74.54,1,1,1,1
U007,46,2026-08-09,Sunday,46,2.12,1.42,0.67,71.47,0,0,1,2
U008,46,2026-08-09,Sunday,46,0.9,0.59,0.59,77.01,1,0,0,1
U009,46,2026-08-09,Sunday,46,1.88,1.92,1.0,91.24,1,0,1,1
U010,46,2026-08-09,Sunday,46,3.48,3.12,0.9,82.91,0,0,0,1
U001,46,2026-08-10,Monday,46,6.2,5.19,0.84,81.63,1,0,2,3
U002,46,2026-08-10,Monday,46,6.09,6.03,0.99,92.91,0,0,1,3
U003,46,2026-08-10,Monday,46,8.16,7.01,0.86,83.99,2,0,2,3
U004,46,2026-08-10,Monday,46,4.95,4.9,0.99,80.11,1,1,1,2
U005,46,2026-08-10,Monday,46,5.28,4.8,0.91,78.75,0,0,1,3
U006,46,2026-08-10,Monday,46,3.15,2.96,0.94,84.87,2,0,2,3
U007,46,2026-08-10,Monday,46,6.67,5.44,0.82,82.17,2,0,1,3
U008,46,2026-08-10,Monday,46,7.7,7.25,0.94,90.76,2,0,1,2
U009,46,2026-08-10,Monday,46,5.97,5.81,0.97,79.09,0,0,2,3
U010,46,2026-08-10,Monday,46,8.9,8.02,0.9,89.54,0,0,2,2
U001,46,2026-08-11,Tuesday,46,9.59,8.71,0.91,81.58,2,0,2,1
U002,46,2026-08-11,Tuesday,46,7.31,7.16,0.98,90.35,1,0,1,1
U003,46,2026-08-11,Tuesday,46,6.22,5.78,0.93,91.44,2,0,1,3
U004,46,2026-08-11,Tuesday,46,7.16,6.48,0.91,81.75,2,0,1,2
U005,46,2026-08-11,Tuesday,46,7.99,6.95,0.87,88.4,0,0,2,3
U006,46,2026-08-11,Tuesday,46,5.83,6.1,1.0,87.95,0,0,1,2
U007,46,2026-08-11,Tuesday,46,7.55,7.3,0.97,85.32,2,0,2,1
U008,46,2026-08-11,Tuesday,46,3.99,3.9,0.98,88.41,0,0,1,1
U009,46,2026-08-11,Tuesday,46,7.16,6.57,0.92,79.67,1,0,1,1
U010,46,2026-08-11,Tuesday,46,7.29,6.89,0.95,80.09,0,1,1,1
U001,46,2026-08-12,Wednesday,46,6.05,5.48,0.91,91.22,1,0,1,3
U002,46,2026-08-12,Wednesday,46,6.29,4.91,0.78,73.98,1,0,1,2
U003,46,2026-08-12,Wednesday,46,6.63,6.6,1.0,81.62,0,0,2,2
U004,46,2026-08-12,Wednesday,46,5.58,5.56,1.0,90.43,0,0,2,1
U005,46,2026-08-12,Wednesday,46,8.57,7.4,0.86,88.68,0,0,2,3
U006,46,2026-08-12,Wednesday,46,8.06,6.72,0.83,88.43,0,0,2,2
U007,46,2026-08-12,Wednesday,46,7.75,6.83,0.88,82.82,0,0,2,3
U008,46,2026-08-12,Wednesday,46,6.15,5.71,0.93,87.23,1,0,1,1
U009,46,2026-08-12,Wednesday,46,8.96,8.76,0.98,90.03,0,0,1,1
U010,46,2026-08-12,Wednesday,46,6.75,5.96,0.88,77.51,1,1,1,2
U001,46,2026-08-13,Thursday,46,6.09,5.34,0.88,76.95,0,1,2,1
U002,46,2026-08-13,Thursday,46,7.2,6.86,0.95,90.34,0,0,2,2
U003,46,2026-08-13,Thursday,46,5.08,4.24,0.83,78.93,2,0,2,3
U004,46,2026-08-13,Thursday,46,6.11,5.82,0.95,79.27,0,0,2,1
U005,46,2026-08-13,Thursday,46,7.76,7.24,0.93,91.6,1,0,1,2
U006,46,2026-08-13,Thursday,46,6.37,5.67,0.89,78.38,1,0,1,3
U007,46,2026-08-13,Thursday,46,7.77,7.16,0.92,81.4,0,1,2,2
U008,46,2026-08-13,Thursday,46,3.47,3.01,0.87,89.64,2,0,2,1
U009,46,2026-08-13,Thursday,46,7.69,6.63,0.86,82.65,0,0,2,2
U010,46,2026-08-13,Thursday,46,6.97,6.0,0.86,83.94,1,1,2,3
U001,46,2026-08-14,Friday,46,6.73,5.09,0.76,76.22,1,0,1,3
U002,46,2026-08-14,Friday,46,5.58,5.35,0.96,81.25,0,0,2,3
U003,46,2026-08-14,Friday,46,7.54,6.62,0.88,76.1,0,0,1,1
U004,46,2026-08-14,Friday,46,6.83,6.06,0.89,80.7,0,0,1,3
U005,46,2026-08-14,Friday,46,8.69,7.46,0.86,80.4,2,0,2,1
U006,46,2026-08-14,Friday,46,8.6,7.84,0.91,90.33,2,0,2,2
U007,46,2026-08-14,Friday,46,6.34,5.52,0.87,89.09,2,0,2,3
U008,46,2026-08-14,Friday,46,5.93,4.72,0.8,82.38,1,0,2,2
U009,46,2026-08-14,Friday,46,6.78,4.89,0.72,72.32,2,0,1,2
U010,46,2026-08-14,Friday,46,7.66,7.61,0.99,88.9,1,0,1,3
U001,46,2026-08-15,Saturday,46,2.29,1.42,0.62,75.06,1,0,0,1
U002,46,2026-08-15,Saturday,46,2.64,2.23,0.84,76.27,1,0,0,0
U003,46,2026-08-15,Saturday,46,1.88,1.95,1.0,89.75,0,0,1,1
U004,46,2026-08-15,Saturday,46,1.41,0.75,0.53,77.33,0,0,1,0
U005,46,2026-08-15,Saturday,46,1.68,1.26,0.75,76.82,0,0,1,0
U006,46,2026-08-15,Saturday,46,1.26,1.03,0.82,74.42,0,0,0,1
U007,46,2026-08-15,Saturday,46,2.27,1.67,0.74,76.59,0,0,1,0
U008,46,2026-08-15,Saturday,46,2.63,2.43,0.92,85.56,1,0,0,0
U009,46,2026-08-15,Saturday,46,2.38,0.98,0.41,71.24,0,0,0,2
U010,46,2026-08-15,Saturday,46,1.69,1.51,0.89,84.85,1,0,0,2
U001,47,2026-08-16,Sunday,47,2.21,1.9,0.86,84.53,0,0,0,1
U002,47,2026-08-16,Sunday,47,1.98,1.52,0.77,74.85,0,0,1,0
U003,47,2026-08-16,Sunday,47,2.51,1.9,0.76,84.36,0,0,0,0
U004,47,2026-08-16,Sunday,47,2.92,2.84,0.97,85.76,0,0,0,1
U005,47,2026-08-16,Sunday,47,1.43,0.99,0.69,77.4,1,0,1,0
U006,47,2026-08-16,Sunday,47,3.05,1.92,0.63,79.83,1,0,1,0
U007,47,2026-08-16,Sunday,47,2.0,1.49,0.74,75.21,0,0,1,0
U008,47,2026-08-16,Sunday,47,2.87,2.44,0.85,87.46,1,0,0,0
U009,47,2026-08-16,Sunday,47,1.71,1.3,0.76,84.67,0,0,0,2
U010,47,2026-08-16,Sunday,47,2.5,1.79,0.72,73.73,1,0,1,1
U001,47,2026-08-17,Monday,47,7.7,6.28,0.82,82.14,0,0,2,1
U002,47,2026-08-17,Monday,47,6.82,6.43,0.94,84.37,2,0,1,2
U003,47,2026-08-17,Monday,47,2.72,2.47,0.91,90.25,2,0,1,2
U004,47,2026-08-17,Monday,47,7.06,7.08,1.0,91.66,0,1,2,3
U005,47,2026-08-17,Monday,47,6.12,5.28,0.86,88.65,1,0,2,2
U006,47,2026-08-17,Monday,47,7.68,6.92,0.9,85.09,2,0,2,1
U007,47,2026-08-17,Monday,47,6.94,6.73,0.97,88.15,2,0,2,1
U008,47,2026-08-17,Monday,47,7.43,6.31,0.85,79.35,1,0,1,2
U009,47,2026-08-17,Monday,47,7.72,7.02,0.91,87.35,2,0,1,3
U010,47,2026-08-17,Monday,47,5.54,5.71,1.0,84.73,0,0,1,1
U001,47,2026-08-18,Tuesday,47,7.35,7.01,0.95,85.32,1,0,1,1
U002,47,2026-08-18,Tuesday,47,5.98,5.61,0.94,83.24,1,0,1,1
U003,47,2026-08-18,Tuesday,47,7.69,7.06,0.92,86.16,1,0,1,2
U004,47,2026-08-18,Tuesday,47,8.81,7.45,0.85,75.14,2,0,1,3
U005,47,2026-08-18,Tuesday,47,8.81,7.63,0.87,77.46,2,0,1,3
U006,47,2026-08-18,Tuesday,47,7.33,6.05,0.83,87.83,0,0,1,2
U007,47,2026-08-18,Tuesday,47,7.45,7.09,0.95,82.09,2,0,2,2
U008,47,2026-08-18,Tuesday,47,4.9,4.75,0.97,84.63,1,0,1,1
U009,47,2026-08-18,Tuesday,47,6.37,6.14,0.96,90.56,0,0,1,2
U010,47,2026-08-18,Tuesday,47,6.67,6.21,0.93,88.54,2,1,2,3
U001,47,2026-08-19,Wednesday,47,6.6,5.41,0.82,75.52,1,0,1,3
U002,47,2026-08-19,Wednesday,47,9.79,8.99,0.92,85.38,0,0,2,3
U003,47,2026-08-19,Wednesday,47,6.08,5.37,0.88,83.34,2,0,1,2
U004,47,2026-08-19,Wednesday,47,7.32,6.77,0.92,90.61,1,0,1,2
U005,47,2026-08-19,Wednesday,47,6.18,5.24,0.85,84.97,2,0,1,1
U006,47,2026-08-19,Wednesday,47,7.42,6.9,0.93,86.17,0,0,2,3
U007,47,2026-08-19,Wednesday,47,7.09,5.78,0.82,84.09,2,0,2,1
U008,47,2026-08-19,Wednesday,47,5.6,5.15,0.92,77.33,0,0,1,2
U009,47,2026-08-19,Wednesday,47,8.06,7.74,0.96,87.39,2,0,2,1
U010,47,2026-08-19,Wednesday,47,5.91,5.45,0.92,79.54,0,0,2,1
U001,47,2026-08-20,Thursday,47,5.85,5.7,0.97,84.15,2,0,2,2
U002,47,2026-08-20,Thursday,47,7.28,6.67,0.92,91.86,2,0,1,2
U003,47,2026-08-20,Thursday,47,6.07,5.9,0.97,90.46,1,0,2,3
U004,47,2026-08-20,Thursday,47,4.54,4.13,0.91,82.66,2,0,1,2
U005,47,2026-08-20,Thursday,47,8.46,7.54,0.89,80.14,2,0,1,2
U006,47,2026-08-20,Thursday,47,6.83,6.23,0.91,90.54,0,0,1,1
U007,47,2026-08-20,Thursday,47,8.01,7.2,0.9,77.11,2,0,2,2
U008,47,2026-08-20,Thursday,47,6.23,5.78,0.93,90.15,2,0,2,1
U009,47,2026-08-20,Thursday,47,6.0,5.66,0.94,87.65,0,0,2,3
U010,47,2026-08-20,Thursday,47,6.16,5.69,0.92,83.47,2,0,1,1
U001,47,2026-08-21,Friday,47,7.82,7.2,0.92,82.91,1,0,1,3
U002,47,2026-08-21,Friday,47,6.71,6.77,1.0,90.35,1,0,1,2
U003,47,2026-08-21,Friday,47,7.19,6.45,0.9,86.36,0,0,2,1
U004,47,2026-08-21,Friday,47,5.02,5.05,1.0,80.92,2,0,2,2
U005,47,2026-08-21,Friday,47,8.62,7.94,0.92,87.56,2,0,2,1
U006,47,2026-08-21,Friday,47,7.72,6.89,0.89,79.09,0,0,1,1
U007,47,2026-08-21,Friday,47,6.72,6.12,0.91,87.12,2,0,1,3
U008,47,2026-08-21,Friday,47,6.71,6.03,0.9,89.61,2,0,2,3
U009,47,2026-08-21,Friday,47,8.02,7.55,0.94,86.44,1,0,2,3
U010,47,2026-08-21,Friday,47,7.09,6.46,0.91,79.93,0,0,1,1
U001,47,2026-08-22,Saturday,47,1.97,1.62,0.82,81.73,0,0,0,1
U002,47,2026-08-22,Saturday,47,2.01,0.95,0.47,73.85,1,0,0,2
U003,47,2026-08-22,Saturday,47,2.66,1.53,0.58,79.06,1,0,1,2
U004,47,2026-08-22,Saturday,47,3.1,1.32,0.43,62.42,0,0,0,0
U005,47,2026-08-22,Saturday,47,1.3,1.34,1.0,92.74,1,0,1,1
U006,47,2026-08-22,Saturday,47,2.99,2.48,0.83,78.93,0,0,0,1
U007,47,2026-08-22,Saturday,47,2.29,1.97,0.86,86.66,1,0,0,1
U008,47,2026-08-22,Saturday,47,2.37,1.81,0.76,74.67,0,0,0,2
U009,47,2026-08-22,Saturday,47,2.43,2.08,0.86,78.15,1,0,0,1
U010,47,2026-08-22,Saturday,47,2.8,2.24,0.8,87.53,1,0,0,2
U001,48,2026-08-23,Sunday,48,2.78,2.34,0.84,82.72,1,0,0,2
U002,48,2026-08-23,Sunday,48,2.84,1.78,0.63,73.85,1,0,0,0
U003,48,2026-08-23,Sunday,48,1.93,1.46,0.76,81.51,0,0,0,1
U004,48,2026-08-23,Sunday,48,3.14,2.96,0.94,80.84,0,0,1,1
U005,48,2026-08-23,Sunday,48,1.51,0.76,0.5,71.5,0,1,0,0
U006,48,2026-08-23,Sunday,48,3.21,2.63,0.82,82.92,1,0,0,0
U007,48,2026-08-23,Sunday,48,2.06,1.99,0.97,84.1,0,0,0,2
U008,48,2026-08-23,Sunday,48,2.41,1.53,0.63,67.71,1,0,0,2
U009,48,2026-08-23,Sunday,48,3.98,3.31,0.83,82.97,1,0,1,2
U010,48,2026-08-23,Sunday,48,2.95,2.68,0.91,86.46,1,1,0,2
U001,48,2026-08-24,Monday,48,7.01,6.04,0.86,88.92,2,0,1,1
U002,48,2026-08-24,Monday,48,7.93,7.28,0.92,77.94,2,0,2,2
U003,48,2026-08-24,Monday,48,5.39,4.83,0.9,86.05,2,0,1,1
U004,48,2026-08-24,Monday,48,6.26,5.33,0.85,81.42,2,0,2,3
U005,48,2026-08-24,Monday,48,5.88,5.52,0.94,78.04,2,1,1,2
U006,48,2026-08-24,Monday,48,5.08,4.58,0.9,81.67,2,0,2,2
U007,48,2026-08-24,Monday,48,5.1,4.46,0.87,76.8,0,0,1,2
U008,48,2026-08-24,Monday,48,6.24,5.68,0.91,82.78,0,0,2,3
U009,48,2026-08-24,Monday,48,6.18,5.72,0.93,78.22,2,0,2,3
U010,48,2026-08-24,Monday,48,8.43,7.18,0.85,89.09,0,0,2,3
U001,48,2026-08-25,Tuesday,48,4.25,3.42,0.8,86.66,0,0,1,2
U002,48,2026-08-25,Tuesday,48,8.31,7.45,0.9,82.37,0,0,1,3
U003,48,2026-08-25,Tuesday,48,4.84,4.78,0.99,83.04,0,0,2,3
U004,48,2026-08-25,Tuesday,48,8.01,6.85,0.86,82.1,0,0,1,3
U005,48,2026-08-25,Tuesday,48,9.38,9.09,0.97,80.33,2,0,2,3
U006,48,2026-08-25,Tuesday,48,7.13,6.75,0.95,87.28,0,0,2,1
U007,48,2026-08-25,Tuesday,48,7.62,7.11,0.93,84.73,0,0,2,2
U008,48,2026-08-25,Tuesday,48,7.49,6.2,0.83,76.73,1,0,2,3
U009,48,2026-08-25,Tuesday,48,6.99,6.1,0.87,82.71,2,0,1,1
U010,48,2026-08-25,Tuesday,48,6.91,5.94,0.86,84.54,0,1,1,2
U001,48,2026-08-26,Wednesday,48,8.14,6.95,0.85,80.97,1,0,1,2
U002,48,2026-08-26,Wednesday,48,5.97,5.68,0.95,86.52,2,0,1,1
U003,48,2026-08-26,Wednesday,48,4.39,4.09,0.93,77.93,0,1,2,2
U004,48,2026-08-26,Wednesday,48,6.53,6.25,0.96,79.59,1,0,2,3
U005,48,2026-08-26,Wednesday,48,9.36,8.02,0.86,83.45,2,0,2,3
U006,48,2026-08-26,Wednesday,48,6.95,5.67,0.82,79.71,0,0,2,2
U007,48,2026-08-26,Wednesday,48,6.4,6.17,0.96,82.88,0,0,1,3
U008,48,2026-08-26,Wednesday,48,5.23,4.15,0.79,85.65,2,0,1,1
U009,48,2026-08-26,Wednesday,48,5.66,4.83,0.85,87.81,0,0,2,1
U010,48,2026-08-26,Wednesday,48,8.75,7.47,0.85,81.61,2,0,2,3
U001,48,2026-08-27,Thursday,48,8.11,6.73,0.83,86.49,0,0,1,3
U002,48,2026-08-27,Thursday,48,8.01,7.67,0.96,86.51,0,1,2,1
U003,48,2026-08-27,Thursday,48,6.94,6.64,0.96,89.97,1,0,2,2
U004,48,2026-08-27,Thursday,48,4.79,4.89,1.0,87.0,2,0,2,3
U005,48,2026-08-27,Thursday,48,6.15,5.94,0.97,87.09,0,0,2,2
U006,48,2026-08-27,Thursday,48,6.44,6.52,1.0,90.13,2,0,1,1
U007,48,2026-08-27,Thursday,48,5.95,6.0,1.0,85.45,0,0,2,2
U008,48,2026-08-27,Thursday,48,4.65,3.95,0.85,80.25,0,1,1,3
U009,48,2026-08-27,Thursday,48,8.35,7.81,0.94,78.69,2,0,1,1
U010,48,2026-08-27,Thursday,48,7.95,7.26,0.91,89.23,2,0,1,1
U001,48,2026-08-28,Friday,48,5.21,4.61,0.88,85.41,2,0,1,2
U002,48,2026-08-28,Friday,48,7.14,6.79,0.95,87.86,2,1,1,3
U003,48,2026-08-28,Friday,48,5.92,5.5,0.93,79.33,2,0,1,1
U004,48,2026-08-28,Friday,48,6.02,5.49,0.91,90.2,1,0,2,2
U005,48,2026-08-28,Friday,48,7.25,6.25,0.86,89.91,1,0,1,3
U006,48,2026-08-28,Friday,48,7.02,6.21,0.88,86.27,1,0,1,3
U007,48,2026-08-28,Friday,48,7.74,7.21,0.93,83.17,2,0,1,1
U008,48,2026-08-28,Friday,48,6.87,5.19,0.76,78.66,2,0,1,3
U009,48,2026-08-28,Friday,48,7.98,7.59,0.95,82.01,1,0,1,1
U010,48,2026-08-28,Friday,48,6.2,5.63,0.91,84.99,2,1,2,1
U001,48,2026-08-29,Saturday,48,0.47,0.5,0.5,70.51,0,0,0,1
U002,48,2026-08-29,Saturday,48,1.54,1.55,1.0,81.86,0,0,1,1
U003,48,2026-08-29,Saturday,48,3.7,2.76,0.75,76.28,1,0,0,0
U004,48,2026-08-29,Saturday,48,2.94,1.84,0.63,78.31,0,0,1,1
U005,48,2026-08-29,Saturday,48,2.73,2.14,0.78,86.57,1,0,0,1
U006,48,2026-08-29,Saturday,48,3.69,3.86,1.0,93.06,1,0,1,2
U007,48,2026-08-29,Saturday,48,2.83,2.0,0.71,75.39,0,0,0,0
U008,48,2026-08-29,Saturday,48,1.59,1.53,0.96,80.95,0,0,1,1
U009,48,2026-08-29,Saturday,48,2.77,1.91,0.69,81.61,0,0,0,2
U010,48,2026-08-29,Saturday,48,3.35,2.39,0.71,70.58,0,0,1,0
U001,49,2026-08-30,Sunday,49,3.19,3.21,1.0,88.11,1,0,0,1
U002,49,2026-08-30,Sunday,49,3.48,2.14,0.61,76.03,0,0,1,1
U003,49,2026-08-30,Sunday,49,2.24,1.84,0.82,88.17,1,0,0,0
U004,49,2026-08-30,Sunday,49,2.27,1.34,0.59,74.33,0,1,1,2
U005,49,2026-08-30,Sunday,49,2.34,1.87,0.8,78.99,1,0,1,1
U006,49,2026-08-30,Sunday,49,4.4,3.96,0.9,79.09,1,0,0,1
U007,49,2026-08-30,Sunday,49,1.65,1.18,0.72,80.75,0,0,0,0
U008,49,2026-08-30,Sunday,49,2.83,1.3,0.46,73.28,0,0,0,1
U009,49,2026-08-30,Sunday,49,1.73,1.44,0.83,80.43,0,0,1,1
U010,49,2026-08-30,Sunday,49,2.28,2.06,0.9,91.09,0,0,1,1
U001,49,2026-08-31,Monday,49,7.87,7.34,0.93,91.41,2,0,2,2
U002,49,2026-08-31,Monday,49,7.43,6.64,0.89,79.37,0,0,2,3
U003,49,2026-08-31,Monday,49,5.17,4.51,0.87,83.02,0,0,1,1
U004,49,2026-08-31,Monday,49,6.97,6.1,0.88,78.56,2,0,2,3
U005,49,2026-08-31,Monday,49,5.2,4.82,0.93,88.15,1,0,1,2
U006,49,2026-08-31,Monday,49,6.02,5.51,0.92,81.91,0,0,2,2
U007,49,2026-08-31,Monday,49,7.25,6.24,0.86,85.93,2,0,2,3
U008,49,2026-08-31,Monday,49,4.24,3.83,0.9,90.72,0,0,1,2
U009,49,2026-08-31,Monday,49,8.86,8.02,0.91,86.84,1,0,1,2
U010,49,2026-08-31,Monday,49,6.08,5.27,0.87,89.0,0,0,1,3
U001,49,2026-09-01,Tuesday,49,6.7,6.14,0.92,83.3,0,0,1,2
U002,49,2026-09-01,Tuesday,49,6.68,5.85,0.88,82.0,1,0,1,1
U003,49,2026-09-01,Tuesday,49,5.67,5.07,0.89,77.37,2,0,2,2
U004,49,2026-09-01,Tuesday,49,9.46,8.15,0.86,84.74,1,0,1,3
U005,49,2026-09-01,Tuesday,49,6.26,5.8,0.93,91.67,2,0,1,1
U006,49,2026-09-01,Tuesday,49,7.62,6.26,0.82,87.08,1,0,2,2
U007,49,2026-09-01,Tuesday,49,9.33,9.16,0.98,90.51,2,0,2,1
U008,49,2026-09-01,Tuesday,49,5.78,4.96,0.86,85.37,0,0,1,1
U009,49,2026-09-01,Tuesday,49,7.38,6.5,0.88,83.37,2,0,2,2
U010,49,2026-09-01,Tuesday,49,7.54,6.5,0.86,78.59,1,0,1,3
U001,49,2026-09-02,Wednesday,49,6.08,5.56,0.91,86.73,1,0,1,2
U002,49,2026-09-02,Wednesday,49,7.31,6.1,0.83,85.45,2,0,1,1
U003,49,2026-09-02,Wednesday,49,6.47,6.38,0.99,83.49,0,0,1,1
U004,49,2026-09-02,Wednesday,49,6.07,5.96,0.98,88.1,2,0,2,2
U005,49,2026-09-02,Wednesday,49,8.58,7.45,0.87,76.58,0,0,2,1
U006,49,2026-09-02,Wednesday,49,4.35,3.85,0.89,81.26,0,0,2,3
U007,49,2026-09-02,Wednesday,49,6.25,5.42,0.87,84.25,2,0,2,3
U008,49,2026-09-02,Wednesday,49,6.96,6.75,0.97,88.31,1,0,2,3
U009,49,2026-09-02,Wednesday,49,6.28,5.93,0.94,86.72,0,0,1,1
U010,49,2026-09-02,Wednesday,49,7.59,6.61,0.87,82.76,2,0,1,1
U001,49,2026-09-03,Thursday,49,9.1,8.2,0.9,82.75,1,1,2,1
U002,49,2026-09-03,Thursday,49,6.94,6.3,0.91,83.87,1,0,1,1
U003,49,2026-09-03,Thursday,49,6.53,6.01,0.92,86.4,2,0,1,1
U004,49,2026-09-03,Thursday,49,6.19,5.61,0.91,82.26,2,0,2,2
U005,49,2026-09-03,Thursday,49,7.56,7.49,0.99,92.45,0,0,2,1
U006,49,2026-09-03,Thursday,49,7.58,6.37,0.84,79.79,2,0,1,3
U007,49,2026-09-03,Thursday,49,6.29,6.06,0.96,90.05,0,0,1,1
U008,49,2026-09-03,Thursday,49,6.2,5.17,0.83,77.51,2,0,1,1
U009,49,2026-09-03,Thursday,49,8.73,7.66,0.88,78.6,2,0,1,3
U010,49,2026-09-03,Thursday,49,8.94,7.62,0.85,74.94,1,0,1,2
U001,49,2026-09-04,Friday,49,5.51,4.8,0.87,75.53,1,0,1,3
U002,49,2026-09-04,Friday,49,7.49,6.6,0.88,78.93,2,0,2,2
U003,49,2026-09-04,Friday,49,8.31,7.5,0.9,84.41,1,1,2,2
U004,49,2026-09-04,Friday,49,8.41,7.75,0.92,85.2,2,0,2,2
U005,49,2026-09-04,Friday,49,6.98,7.07,1.0,93.92,2,0,2,3
U006,49,2026-09-04,Friday,49,6.61,5.94,0.9,79.71,0,1,2,1
U007,49,2026-09-04,Friday,49,3.78,3.28,0.87,89.28,1,0,1,3
U008,49,2026-09-04,Friday,49,7.15,6.58,0.92,90.2,1,0,2,1
U009,49,2026-09-04,Friday,49,5.55,5.14,0.93,87.83,2,0,1,1
U010,49,2026-09-04,Friday,49,6.07,5.25,0.86,78.39,1,0,2,2
U001,49,2026-09-05,Saturday,49,2.21,1.88,0.85,88.79,1,0,0,1
U002,49,2026-09-05,Saturday,49,3.61,2.88,0.8,75.0,1,0,0,1
U003,49,2026-09-05,Saturday,49,3.27,2.4,0.73,76.1,0,0,0,1
U004,49,2026-09-05,Saturday,49,2.43,2.26,0.93,89.76,1,0,1,0
U005,49,2026-09-05,Saturday,49,2.58,1.66,0.64,81.09,1,0,1,2
U006,49,2026-09-05,Saturday,49,2.21,1.42,0.64,78.73,1,0,0,0
U007,49,2026-09-05,Saturday,49,3.03,2.85,0.94,86.01,0,1,1,0
U008,49,2026-09-05,Saturday,49,2.16,1.78,0.82,80.54,0,0,1,0
U009,49,2026-09-05,Saturday,49,3.6,2.81,0.78,78.14,0,1,0,0
U010,49,2026-09-05,Saturday,49,2.3,1.52,0.66,76.01,0,0,1,2
U001,50,2026-09-06,Sunday,50,2.76,2.18,0.79,76.37,0,0,1,2
U002,50,2026-09-06,Sunday,50,1.8,0.68,0.4,64.77,0,1,1,0
U003,50,2026-09-06,Sunday,50,3.61,2.3,0.64,81.2,1,0,1,1
U004,50,2026-09-06,Sunday,50,1.75,1.02,0.58,69.93,1,0,0,0
U005,50,2026-09-06,Sunday,50,2.98,2.05,0.69,80.36,1,0,1,1
U006,50,2026-09-06,Sunday,50,3.8,3.0,0.79,82.17,0,1,1,1
U007,50,2026-09-06,Sunday,50,1.96,1.79,0.91,89.69,1,0,0,0
U008,50,2026-09-06,Sunday,50,2.21,1.33,0.6,72.97,0,0,1,2
U009,50,2026-09-06,Sunday,50,2.5,1.86,0.74,78.5,0,0,0,0
U010,50,2026-09-06,Sunday,50,3.03,1.77,0.58,78.97,0,0,1,0
U001,50,2026-09-07,Monday,50,5.67,5.14,0.91,91.69,0,0,2,1
U002,50,2026-09-07,Monday,50,8.16,7.49,0.92,88.25,0,0,2,1
U003,50,2026-09-07,Monday,50,5.93,5.88,0.99,93.3,0,0,1,2
U004,50,2026-09-07,Monday,50,5.07,4.41,0.87,88.93,0,0,2,3
U005,50,2026-09-07,Monday,50,5.58,5.25,0.94,83.85,1,0,1,2
U006,50,2026-09-07,Monday,50,7.3,5.81,0.8,77.64,2,0,2,2
U007,50,2026-09-07,Monday,50,6.59,6.21,0.94,88.28,0,0,1,1
U008,50,2026-09-07,Monday,50,4.09,3.86,0.94,80.1,0,0,2,1
U009,50,2026-09-07,Monday,50,6.5,5.98,0.92,80.73,0,0,1,2
U010,50,2026-09-07,Monday,50,6.27,5.87,0.94,80.33,2,0,1,3
U001,50,2026-09-08,Tuesday,50,8.14,6.89,0.85,83.65,1,0,1,2
U002,50,2026-09-08,Tuesday,50,7.37,6.47,0.88,78.2,2,0,2,3
U003,50,2026-09-08,Tuesday,50,5.32,4.96,0.93,78.82,1,0,2,1
U004,50,2026-09-08,Tuesday,50,4.81,4.25,0.88,87.72,1,0,2,3
U005,50,2026-09-08,Tuesday,50,7.13,6.22,0.87,79.72,2,0,2,1
U006,50,2026-09-08,Tuesday,50,5.77,4.95,0.86,84.36,2,0,1,2
U007,50,2026-09-08,Tuesday,50,7.34,7.2,0.98,93.8,0,0,2,1
U008,50,2026-09-08,Tuesday,50,5.53,5.56,1.0,94.99,2,0,2,1
U009,50,2026-09-08,Tuesday,50,6.99,6.47,0.93,80.23,1,0,2,2
U010,50,2026-09-08,Tuesday,50,8.09,7.38,0.91,88.11,1,0,2,2
U001,50,2026-09-09,Wednesday,50,5.19,4.77,0.92,87.92,1,0,1,2
U002,50,2026-09-09,Wednesday,50,6.2,5.35,0.86,89.42,2,1,1,1
U003,50,2026-09-09,Wednesday,50,6.3,6.11,0.97,83.0,1,0,1,1
U004,50,2026-09-09,Wednesday,50,4.39,3.98,0.91,85.53,0,0,2,2
U005,50,2026-09-09,Wednesday,50,7.82,7.66,0.98,92.21,2,0,1,3
U006,50,2026-09-09,Wednesday,50,5.21,5.2,1.0,84.26,2,1,1,3
U007,50,2026-09-09,Wednesday,50,7.46,6.09,0.82,82.21,2,0,1,1
U008,50,2026-09-09,Wednesday,50,6.71,6.06,0.9,85.4,1,0,1,2
U009,50,2026-09-09,Wednesday,50,6.97,6.77,0.97,86.36,2,0,2,3
U010,50,2026-09-09,Wednesday,50,6.75,5.95,0.88,89.68,1,0,2,1
U001,50,2026-09-10,Thursday,50,7.67,6.9,0.9,83.6,0,0,2,1
U002,50,2026-09-10,Thursday,50,6.61,6.29,0.95,84.79,2,0,1,1
U003,50,2026-09-10,Thursday,50,6.16,5.03,0.82,79.54,1,0,1,1
U004,50,2026-09-10,Thursday,50,5.24,4.57,0.87,77.63,1,0,1,3
U005,50,2026-09-10,Thursday,50,6.55,6.33,0.97,91.8,2,1,2,3
U006,50,2026-09-10,Thursday,50,7.24,6.34,0.88,86.52,1,0,2,3
U007,50,2026-09-10,Thursday,50,7.3,5.92,0.81,82.81,2,0,1,3
U008,50,2026-09-10,Thursday,50,4.53,3.96,0.87,84.86,2,0,1,2
U009,50,2026-09-10,Thursday,50,9.69,8.93,0.92,85.55,1,0,2,1
U010,50,2026-09-10,Thursday,50,6.01,5.82,0.97,80.47,2,0,2,3
U001,50,2026-09-11,Friday,50,6.24,5.01,0.8,73.1,0,0,1,2
U002,50,2026-09-11,Friday,50,7.47,6.72,0.9,77.98,2,0,1,2
U003,50,2026-09-11,Friday,50,5.08,4.46,0.88,80.04,0,0,2,3
U004,50,2026-09-11,Friday,50,4.65,4.26,0.92,91.8,0,0,2,3
U005,50,2026-09-11,Friday,50,9.14,8.34,0.91,81.06,2,0,1,3
U006,50,2026-09-11,Friday,50,7.12,6.69,0.94,90.74,2,0,2,2
U007,50,2026-09-11,Friday,50,6.89,6.08,0.88,76.25,1,0,1,3
U008,50,2026-09-11,Friday,50,4.3,4.13,0.96,85.0,0,0,2,2
U009,50,2026-09-11,Friday,50,9.38,8.7,0.93,82.71,2,0,1,1
U010,50,2026-09-11,Friday,50,5.38,4.87,0.91,83.31,1,0,2,2
U001,50,2026-09-12,Saturday,50,2.53,2.15,0.85,81.22,1,0,1,2
U002,50,2026-09-12,Saturday,50,2.92,2.62,0.9,81.32,1,0,1,0
U003,50,2026-09-12,Saturday,50,1.06,0.5,0.47,62.42,1,0,1,2
U004,50,2026-09-12,Saturday,50,3.95,2.69,0.68,70.87,1,0,1,2
U005,50,2026-09-12,Saturday,50,2.84,2.41,0.85,86.9,1,0,0,2
U006,50,2026-09-12,Saturday,50,2.86,1.88,0.66,80.58,0,0,0,1
U007,50,2026-09-12,Saturday,50,2.6,2.0,0.77,77.67,0,0,1,0
U008,50,2026-09-12,Saturday,50,2.96,2.41,0.81,81.04,1,0,1,1
U009,50,2026-09-12,Saturday,50,2.48,2.17,0.88,90.24,0,0,0,1
U010,50,2026-09-12,Saturday,50,2.49,1.8,0.72,73.11,0,1,1,0
U001,51,2026-09-13,Sunday,51,2.79,2.54,0.91,87.2,0,0,1,0
U002,51,2026-09-13,Sunday,51,1.66,1.56,0.94,86.55,0,0,0,2
U003,51,2026-09-13,Sunday,51,4.72,3.37,0.71,71.77,0,0,1,2
U004,51,2026-09-13,Sunday,51,3.23,2.68,0.83,77.22,1,0,1,1
U005,51,2026-09-13,Sunday,51,2.92,2.73,0.93,81.72,1,0,0,1
U006,51,2026-09-13,Sunday,51,1.6,1.42,0.89,76.49,1,0,1,1
U007,51,2026-09-13,Sunday,51,2.04,1.15,0.56,75.4,0,0,0,0
U008,51,2026-09-13,Sunday,51,2.79,2.44,0.87,82.73,1,0,0,1
U009,51,2026-09-13,Sunday,51,1.72,1.17,0.68,76.23,1,0,1,2
U010,51,2026-09-13,Sunday,51,3.81,2.96,0.78,74.08,1,0,1,2
U001,51,2026-09-14,Monday,51,7.68,7.17,0.93,88.09,0,0,1,3
U002,51,2026-09-14,Monday,51,6.58,6.35,0.97,85.71,2,0,1,3
U003,51,2026-09-14,Monday,51,8.01,7.2,0.9,82.16,2,0,2,1
U004,51,2026-09-14,Monday,51,5.08,4.33,0.85,82.91,1,0,2,2
U005,51,2026-09-14,Monday,51,9.2,8.66,0.94,90.61,0,0,2,2
U006,51,2026-09-14,Monday,51,6.58,5.78,0.88,87.15,2,0,2,2
U007,51,2026-09-14,Monday,51,7.03,6.83,0.97,86.89,1,0,1,2
U008,51,2026-09-14,Monday,51,6.0,4.94,0.82,86.88,1,0,1,2
U009,51,2026-09-14,Monday,51,7.18,6.73,0.94,85.27,0,0,2,2
U010,51,2026-09-14,Monday,51,7.17,6.29,0.88,82.96,2,0,2,3
U001,51,2026-09-15,Tuesday,51,7.37,6.17,0.84,87.06,0,0,2,1
U002,51,2026-09-15,Tuesday,51,6.67,5.89,0.88,88.4,1,0,1,1
U003,51,2026-09-15,Tuesday,51,6.22,5.72,0.92,79.25,0,0,1,3
U004,51,2026-09-15,Tuesday,51,7.43,6.49,0.87,80.88,0,1,2,2
U005,51,2026-09-15,Tuesday,51,7.16,5.91,0.83,83.76,1,1,2,2
U006,51,2026-09-15,Tuesday,51,6.22,5.23,0.84,82.73,1,0,2,3
U007,51,2026-09-15,Tuesday,51,7.81,7.36,0.94,83.59,0,0,2,2
U008,51,2026-09-15,Tuesday,51,3.58,3.39,0.95,91.12,2,0,2,2
U009,51,2026-09-15,Tuesday,51,7.48,6.51,0.87,87.88,1,0,1,2
U010,51,2026-09-15,Tuesday,51,8.87,8.79,0.99,88.14,2,0,1,1
U001,51,2026-09-16,Wednesday,51,5.76,5.59,0.97,83.74,2,0,1,3
U002,51,2026-09-16,Wednesday,51,7.69,7.13,0.93,91.89,2,0,2,1
U003,51,2026-09-16,Wednesday,51,6.66,6.5,0.98,86.37,0,0,2,1
U004,51,2026-09-16,Wednesday,51,6.01,5.45,0.91,79.3,0,0,2,2
U005,51,2026-09-16,Wednesday,51,5.24,5.11,0.98,85.93,2,0,2,3
U006,51,2026-09-16,Wednesday,51,5.35,5.4,1.0,93.5,2,0,2,1
U007,51,2026-09-16,Wednesday,51,7.06,6.63,0.94,84.94,0,0,1,3
U008,51,2026-09-16,Wednesday,51,4.9,4.26,0.87,84.89,0,0,1,3
U009,51,2026-09-16,Wednesday,51,8.98,7.92,0.88,76.67,2,0,2,3
U010,51,2026-09-16,Wednesday,51,8.37,7.08,0.85,81.35,0,0,1,2
U001,51,2026-09-17,Thursday,51,6.01,5.44,0.91,82.73,2,0,1,1
U002,51,2026-09-17,Thursday,51,6.11,6.22,1.0,94.74,0,0,1,1
U003,51,2026-09-17,Thursday,51,5.03,5.18,1.0,87.94,0,0,1,2
U004,51,2026-09-17,Thursday,51,6.39,5.69,0.89,84.53,2,0,1,2
U005,51,2026-09-17,Thursday,51,9.37,8.9,0.95,80.75,2,0,1,2
U006,51,2026-09-17,Thursday,51,5.9,5.33,0.9,81.32,0,0,2,1
U007,51,2026-09-17,Thursday,51,7.12,5.72,0.8,85.56,1,0,1,2
U008,51,2026-09-17,Thursday,51,3.63,3.22,0.89,83.84,1,0,2,2
U009,51,2026-09-17,Thursday,51,8.12,7.12,0.88,89.93,1,0,2,2
U010,51,2026-09-17,Thursday,51,6.08,5.21,0.86,79.58,1,0,2,1
U001,51,2026-09-18,Friday,51,6.69,5.45,0.81,86.88,1,1,2,2
U002,51,2026-09-18,Friday,51,7.44,6.88,0.92,86.93,2,0,2,2
U003,51,2026-09-18,Friday,51,6.47,5.29,0.82,86.19,2,0,2,1
U004,51,2026-09-18,Friday,51,7.28,6.42,0.88,85.03,1,1,2,3
U005,51,2026-09-18,Friday,51,10.7,9.59,0.9,88.83,0,0,2,1
U006,51,2026-09-18,Friday,51,7.18,5.84,0.81,81.99,0,0,2,2
U007,51,2026-09-18,Friday,51,6.19,6.36,1.0,92.58,2,0,1,2
U008,51,2026-09-18,Friday,51,4.84,4.52,0.93,86.04,2,0,2,2
U009,51,2026-09-18,Friday,51,7.57,7.17,0.95,85.14,0,0,2,2
U010,51,2026-09-18,Friday,51,6.68,5.99,0.9,85.68,0,0,2,2
U001,51,2026-09-19,Saturday,51,2.65,1.72,0.65,81.2,0,0,1,0
U002,51,2026-09-19,Saturday,51,1.17,1.15,0.98,90.78,0,0,0,2
U003,51,2026-09-19,Saturday,51,1.56,0.82,0.53,72.23,0,0,0,1
U004,51,2026-09-19,Saturday,51,0.83,1.01,1.0,87.69,1,0,1,2
U005,51,2026-09-19,Saturday,51,2.37,2.49,1.0,91.97,1,0,1,1
U006,51,2026-09-19,Saturday,51,3.62,2.83,0.78,72.77,0,0,0,2
U007,51,2026-09-19,Saturday,51,2.31,1.33,0.58,78.82,1,1,0,1
U008,51,2026-09-19,Saturday,51,2.89,2.44,0.84,80.97,1,1,0,1
U009,51,2026-09-19,Saturday,51,3.2,1.88,0.59,72.54,1,0,1,1
U010,51,2026-09-19,Saturday,51,3.53,2.71,0.77,73.69,1,0,1,1
U001,52,2026-09-20,Sunday,52,2.55,2.08,0.82,87.14,0,0,1,1
U002,52,2026-09-20,Sunday,52,3.05,2.46,0.81,83.37,1,0,1,2
U003,52,2026-09-20,Sunday,52,3.48,2.8,0.8,73.45,0,0,1,1
U004,52,2026-09-20,Sunday,52,2.59,2.43,0.94,86.25,1,0,0,1
U005,52,2026-09-20,Sunday,52,0.67,0.52,0.52,64.1,1,0,1,1
U006,52,2026-09-20,Sunday,52,3.83,3.03,0.79,82.7,1,0,1,1
U007,52,2026-09-20,Sunday,52,1.91,1.55,0.81,88.09,1,0,0,0
U008,52,2026-09-20,Sunday,52,1.14,0.5,0.44,74.71,1,0,1,0
U009,52,2026-09-20,Sunday,52,2.55,1.67,0.65,75.41,0,0,1,0
U010,52,2026-09-20,Sunday,52,3.72,2.83,0.76,77.47,1,1,1,2
U001,52,2026-09-21,Monday,52,5.84,5.38,0.92,80.4,1,0,1,1
U002,52,2026-09-21,Monday,52,7.2,6.4,0.89,79.28,0,0,2,3
U003,52,2026-09-21,Monday,52,6.67,5.09,0.76,81.48,1,0,2,2
U004,52,2026-09-21,Monday,52,2.61,2.95,1.0,86.13,0,0,1,1
U005,52,2026-09-21,Monday,52,8.39,7.29,0.87,80.09,2,0,1,2
U006,52,2026-09-21,Monday,52,3.75,2.84,0.76,78.87,2,0,2,3
U007,52,2026-09-21,Monday,52,6.03,5.73,0.95,84.21,2,0,2,2
U008,52,2026-09-21,Monday,52,5.01,4.4,0.88,85.99,1,0,1,1
U009,52,2026-09-21,Monday,52,7.44,6.91,0.93,86.21,0,0,2,1
U010,52,2026-09-21,Monday,52,6.49,5.38,0.83,89.04,1,0,1,2
U001,52,2026-09-22,Tuesday,52,5.78,5.83,1.0,88.07,1,0,2,1
U002,52,2026-09-22,Tuesday,52,6.37,5.85,0.92,80.13,1,0,2,1
U003,52,2026-09-22,Tuesday,52,4.92,4.71,0.96,84.07,2,1,1,3
U004,52,2026-09-22,Tuesday,52,5.9,5.89,1.0,87.46,2,1,1,1
U005,52,2026-09-22,Tuesday,52,6.66,6.41,0.96,85.4,1,0,2,2
U006,52,2026-09-22,Tuesday,52,6.0,5.77,0.96,78.7,0,0,2,3
U007,52,2026-09-22,Tuesday,52,7.64,7.54,0.99,87.39,0,0,2,3
U008,52,2026-09-22,Tuesday,52,5.67,5.74,1.0,85.32,1,0,2,2
U009,52,2026-09-22,Tuesday,52,5.7,5.4,0.95,79.88,2,0,1,2
U010,52,2026-09-22,Tuesday,52,7.96,6.67,0.84,88.59,1,0,1,2
U001,52,2026-09-23,Wednesday,52,8.06,7.55,0.94,86.55,1,0,1,2
U002,52,2026-09-23,Wednesday,52,8.25,7.71,0.93,90.05,1,0,2,3
U003,52,2026-09-23,Wednesday,52,8.61,8.46,0.98,79.46,1,0,1,3
U004,52,2026-09-23,Wednesday,52,7.58,6.44,0.85,75.38,2,0,1,3
U005,52,2026-09-23,Wednesday,52,5.91,5.34,0.9,86.52,1,1,1,2
U006,52,2026-09-23,Wednesday,52,6.8,5.81,0.85,80.63,2,0,2,1
U007,52,2026-09-23,Wednesday,52,7.12,6.52,0.92,83.55,1,1,1,1
U008,52,2026-09-23,Wednesday,52,4.68,4.15,0.89,84.05,1,0,2,2
U009,52,2026-09-23,Wednesday,52,6.76,6.71,0.99,90.5,2,0,2,3
U010,52,2026-09-23,Wednesday,52,7.44,6.74,0.91,84.12,2,0,2,2
U001,52,2026-09-24,Thursday,52,6.48,6.12,0.94,80.21,2,1,2,1
U002,52,2026-09-24,Thursday,52,7.24,6.8,0.94,82.68,0,0,2,1
U003,52,2026-09-24,Thursday,52,6.05,5.7,0.94,92.6,1,0,2,1
U004,52,2026-09-24,Thursday,52,7.0,6.07,0.87,90.31,0,0,1,1
U005,52,2026-09-24,Thursday,52,7.55,7.28,0.96,79.85,1,0,1,3
U006,52,2026-09-24,Thursday,52,7.21,6.63,0.92,85.22,2,0,2,1
U007,52,2026-09-24,Thursday,52,7.48,7.08,0.95,84.1,0,0,1,3
U008,52,2026-09-24,Thursday,52,7.16,6.59,0.92,80.72,1,0,2,1
U009,52,2026-09-24,Thursday,52,8.05,7.03,0.87,77.74,1,0,1,3
U010,52,2026-09-24,Thursday,52,8.14,7.02,0.86,82.0,2,0,1,2
U001,52,2026-09-25,Friday,52,4.64,4.53,0.98,84.57,2,0,1,2
U002,52,2026-09-25,Friday,52,5.68,4.71,0.83,75.88,1,0,1,3
U003,52,2026-09-25,Friday,52,5.39,4.92,0.91,77.27,0,0,2,3
U004,52,2026-09-25,Friday,52,6.04,5.16,0.85,78.16,1,0,1,3
U005,52,2026-09-25,Friday,52,9.3,8.23,0.88,87.37,0,0,2,2
U006,52,2026-09-25,Friday,52,5.88,5.93,1.0,88.71,1,0,2,2
U007,52,2026-09-25,Friday,52,6.56,6.15,0.94,80.17,1,1,2,3
U008,52,2026-09-25,Friday,52,5.72,5.52,0.97,81.24,0,0,1,3
U009,52,2026-09-25,Friday,52,7.66,7.09,0.93,90.09,2,0,1,3
U010,52,2026-09-25,Friday,52,6.02,4.85,0.81,85.78,2,0,2,3
U001,52,2026-09-26,Saturday,52,2.56,1.63,0.64,69.21,1,0,1,1
U002,52,2026-09-26,Saturday,52,1.6,1.34,0.84,75.69,1,1,1,0
U003,52,2026-09-26,Saturday,52,2.58,2.23,0.86,87.91,0,0,1,1
U004,52,2026-09-26,Saturday,52,4.17,3.52,0.84,78.57,1,0,0,2
U005,52,2026-09-26,Saturday,52,1.91,1.76,0.92,80.96,0,0,0,0
U006,52,2026-09-26,Saturday,52,3.49,3.01,0.86,83.23,1,0,1,1
U007,52,2026-09-26,Saturday,52,2.25,1.5,0.67,68.89,1,0,0,0
U008,52,2026-09-26,Saturday,52,2.55,1.43,0.56,69.77,0,0,1,2
U009,52,2026-09-26,Saturday,52,3.12,3.09,0.99,85.85,1,0,0,2
U010,52,2026-09-26,Saturday,52,2.17,1.93,0.89,84.59,0,0,0,2
U001,53,2026-09-27,Sunday,53,1.75,0.71,0.41,70.9,1,0,0,0
U002,53,2026-09-27,Sunday,53,3.58,3.08,0.86,84.96,1,0,0,1
U003,53,2026-09-27,Sunday,53,1.13,1.21,1.0,94.72,1,0,1,1
U004,53,2026-09-27,Sunday,53,2.53,2.13,0.84,82.32,1,0,0,1
U005,53,2026-09-27,Sunday,53,3.13,2.22,0.71,77.57,0,1,0,1
U006,53,2026-09-27,Sunday,53,2.94,2.62,0.89,86.92,1,0,1,1
U007,53,2026-09-27,Sunday,53,3.36,2.61,0.78,77.41,1,0,0,2
U008,53,2026-09-27,Sunday,53,3.5,2.82,0.81,78.77,1,0,1,2
U009,53,2026-09-27,Sunday,53,1.52,0.5,0.4,61.85,1,0,1,2
U010,53,2026-09-27,Sunday,53,2.68,2.51,0.94,85.52,1,0,1,2
U001,53,2026-09-28,Monday,53,6.26,5.5,0.88,83.99,2,0,1,3
U002,53,2026-09-28,Monday,53,6.13,6.02,0.98,80.07,0,0,2,2
U003,53,2026-09-28,Monday,53,5.43,4.83,0.89,85.9,0,0,1,2
U004,53,2026-09-28,Monday,53,6.25,5.75,0.92,81.34,0,0,1,3
U005,53,2026-09-28,Monday,53,5.05,4.75,0.94,88.3,2,0,1,3
U006,53,2026-09-28,Monday,53,4.61,4.14,0.9,78.28,1,0,1,3
U007,53,2026-09-28,Monday,53,6.94,6.35,0.91,87.04,1,0,2,2
U008,53,2026-09-28,Monday,53,5.27,4.71,0.89,87.33,2,0,2,3
U009,53,2026-09-28,Monday,53,6.8,6.06,0.89,82.12,2,0,2,2
U010,53,2026-09-28,Monday,53,6.11,5.36,0.88,80.21,1,0,2,1
