user_id,week,date,day_of_week,week_number,tasks_planned,tasks_completed,tasks_pending,productive_hours,work_hours,focus_hours,distraction_hours,task_completion_rate,productivity_score,deep_work_sessions
U001,1,2025-09-28,Sunday,1,2,1,1,2.08,2.24,2.02,0.22,50.0,54.2,0
U002,1,2025-09-28,Sunday,1,2,1,1,2.64,2.9,2.55,0.35,50.0,57.35,0
U003,1,2025-09-28,Sunday,1,1,0,1,2.19,2.69,2.03,0.66,0.0,42.32,0
U004,1,2025-09-28,Sunday,1,3,2,1,2.27,2.59,2.17,0.42,66.67,59.44,0
U005,1,2025-09-28,Sunday,1,3,2,1,3.33,3.6,3.24,0.36,66.67,65.4,0
U006,1,2025-09-28,Sunday,1,3,2,1,0.92,1.02,0.87,0.2,66.67,51.84,1
U007,1,2025-09-28,Sunday,1,2,1,1,0.92,1.02,0.87,0.2,50.0,47.67,0
U008,1,2025-09-28,Sunday,1,1,0,1,1.02,1.3,0.93,0.37,0.0,35.74,1
U009,1,2025-09-28,Sunday,1,1,0,1,2.02,2.31,1.93,0.38,0.0,41.36,0
U010,1,2025-09-28,Sunday,1,2,1,1,2.72,2.94,2.65,0.29,50.0,57.8,1
U001,1,2025-09-29,Monday,1,4,3,1,3.43,3.71,3.34,0.37,75.0,68.04,4
U002,1,2025-09-29,Monday,1,4,3,1,5.77,6.56,5.51,1.05,75.0,81.21,2
U003,1,2025-09-29,Monday,1,8,6,2,5.08,5.55,4.92,0.63,75.0,77.33,3
U004,1,2025-09-29,Monday,1,6,5,1,4.81,5.34,4.64,0.7,83.33,77.89,4
U005,1,2025-09-29,Monday,1,4,3,1,6.38,6.91,6.2,0.71,75.0,84.64,4
U006,1,2025-09-29,Monday,1,6,5,1,5.04,5.9,4.75,1.15,83.33,79.18,1
U007,1,2025-09-29,Monday,1,5,4,1,6.1,6.68,5.91,0.77,80.0,84.31,2
U008,1,2025-09-29,Monday,1,8,6,2,5.94,7.26,5.5,1.76,75.0,82.16,2
U009,1,2025-09-29,Monday,1,4,3,1,5.36,5.95,5.16,0.79,75.0,78.9,3
U010,1,2025-09-29,Monday,1,5,4,1,4.23,4.67,4.09,0.58,80.0,73.79,1
U001,1,2025-09-30,Tuesday,1,6,5,1,6.82,7.63,6.55,1.08,83.33,89.2,3
U002,1,2025-09-30,Tuesday,1,8,6,2,3.56,3.93,3.43,0.5,75.0,68.78,2
U003,1,2025-09-30,Tuesday,1,6,4,2,5.54,6.28,5.29,0.99,66.67,77.83,4
U004,1,2025-09-30,Tuesday,1,5,3,2,5.14,6.27,4.77,1.5,60.0,73.91,3
U005,1,2025-09-30,Tuesday,1,4,3,1,5.51,6.68,5.12,1.56,75.0,79.74,3
U006,1,2025-09-30,Tuesday,1,6,4,2,4.67,5.46,4.4,1.06,66.67,72.94,4
U007,1,2025-09-30,Tuesday,1,7,5,2,4.49,5.31,4.21,1.1,71.43,73.11,2
U008,1,2025-09-30,Tuesday,1,8,6,2,5.46,6.34,5.17,1.17,75.0,79.46,4
U009,1,2025-09-30,Tuesday,1,5,4,1,5.34,5.81,5.18,0.63,80.0,80.04,2
U010,1,2025-09-30,Tuesday,1,6,4,2,5.12,5.82,4.88,0.94,66.67,75.47,2
U001,1,2025-10-01,Wednesday,1,8,7,1,5.32,5.98,5.1,0.88,87.5,81.8,3
U002,1,2025-10-01,Wednesday,1,7,6,1,5.75,6.22,5.6,0.62,85.71,83.77,1
U003,1,2025-10-01,Wednesday,1,5,4,1,3.36,4.13,3.11,1.02,80.0,68.9,4
U004,1,2025-10-01,Wednesday,1,7,4,3,4.57,5.71,4.19,1.52,57.14,69.99,2
U005,1,2025-10-01,Wednesday,1,4,3,1,6.01,6.71,5.78,0.93,75.0,82.56,4
U006,1,2025-10-01,Wednesday,1,8,7,1,5.04,5.85,4.77,1.08,87.5,80.22,3
U007,1,2025-10-01,Wednesday,1,8,7,1,6.57,7.41,6.29,1.12,87.5,88.83,3
U008,1,2025-10-01,Wednesday,1,5,3,2,3.7,4.82,3.33,1.49,60.0,65.81,3
U009,1,2025-10-01,Wednesday,1,7,6,1,6.6,7.25,6.38,0.87,85.71,88.55,4
U010,1,2025-10-01,Wednesday,1,5,4,1,5.28,5.77,5.12,0.65,80.0,79.7,1
U001,1,2025-10-02,Thursday,1,4,3,1,3.75,4.05,3.65,0.4,75.0,69.84,2
U002,1,2025-10-02,Thursday,1,5,4,1,5.98,6.47,5.82,0.65,80.0,83.64,4
U003,1,2025-10-02,Thursday,1,6,5,1,6.42,6.95,6.25,0.7,83.33,86.94,3
U004,1,2025-10-02,Thursday,1,5,4,1,5.23,5.9,5.01,0.89,80.0,79.42,2
U005,1,2025-10-02,Thursday,1,5,4,1,5.87,6.34,5.71,0.63,80.0,83.02,2
U006,1,2025-10-02,Thursday,1,8,7,1,4.75,5.36,4.54,0.82,87.5,78.59,4
U007,1,2025-10-02,Thursday,1,4,3,1,6.1,6.67,5.91,0.76,75.0,83.06,2
U008,1,2025-10-02,Thursday,1,6,4,2,5.12,6.25,4.74,1.51,66.67,75.47,2
U009,1,2025-10-02,Thursday,1,5,4,1,7.34,7.93,7.14,0.79,80.0,91.29,1
U010,1,2025-10-02,Thursday,1,5,4,1,5.35,6.11,5.1,1.01,80.0,80.09,4
U001,1,2025-10-03,Friday,1,7,5,2,4.64,5.41,4.39,1.02,71.43,73.96,2
U002,1,2025-10-03,Friday,1,7,6,1,8.82,9.53,8.58,0.95,85.71,98.0,1
U003,1,2025-10-03,Friday,1,5,3,2,4.34,5.0,4.12,0.88,60.0,69.41,2
U004,1,2025-10-03,Friday,1,7,5,2,4.62,5.42,4.36,1.06,71.43,73.84,3
U005,1,2025-10-03,Friday,1,4,3,1,5.43,6.13,5.19,0.94,75.0,79.29,3
U006,1,2025-10-03,Friday,1,7,6,1,5.09,5.68,4.89,0.79,85.71,80.06,4
U007,1,2025-10-03,Friday,1,7,5,2,4.36,4.91,4.18,0.73,71.43,72.38,4
U008,1,2025-10-03,Friday,1,6,4,2,4.6,5.3,4.37,0.93,66.67,72.54,1
U009,1,2025-10-03,Friday,1,4,3,1,6.79,7.35,6.6,0.75,75.0,86.94,1
U010,1,2025-10-03,Friday,1,6,5,1,5.54,6.0,5.39,0.61,83.33,82.0,2
U001,1,2025-10-04,Saturday,1,1,0,1,1.02,1.08,0.97,0.2,0.0,35.74,1
U002,1,2025-10-04,Saturday,1,3,2,1,1.93,2.09,1.88,0.21,66.67,57.52,1
U003,1,2025-10-04,Saturday,1,2,1,1,1.16,1.32,1.1,0.22,50.0,49.02,1
U004,1,2025-10-04,Saturday,1,3,2,1,1.48,1.63,1.43,0.2,66.67,54.99,0
U005,1,2025-10-04,Saturday,1,2,1,1,1.83,2.07,1.75,0.32,50.0,52.79,1
U006,1,2025-10-04,Saturday,1,1,0,1,1.98,2.2,1.91,0.29,0.0,41.14,1
U007,1,2025-10-04,Saturday,1,3,2,1,2.74,2.96,2.66,0.3,66.67,62.08,0
U008,1,2025-10-04,Saturday,1,2,1,1,2.82,3.18,2.7,0.48,50.0,58.36,0
U009,1,2025-10-04,Saturday,1,1,0,1,1.6,1.72,1.55,0.2,0.0,39.0,1
U010,1,2025-10-04,Saturday,1,3,2,1,1.7,1.85,1.65,0.2,66.67,56.23,1
U001,2,2025-10-05,Sunday,2,1,0,1,0.7,0.78,0.65,0.2,0.0,33.94,0
U002,2,2025-10-05,Sunday,2,3,2,1,0.98,1.05,0.93,0.2,66.67,52.18,1
U003,2,2025-10-05,Sunday,2,3,2,1,1.61,1.9,1.51,0.39,66.67,55.72,1
U004,2,2025-10-05,Sunday,2,1,0,1,1.43,1.57,1.38,0.2,0.0,38.04,0
U005,2,2025-10-05,Sunday,2,2,1,1,2.98,3.35,2.86,0.49,50.0,59.26,1
U006,2,2025-10-05,Sunday,2,2,1,1,0.46,0.5,0.41,0.2,50.0,45.09,0
U007,2,2025-10-05,Sunday,2,1,0,1,1.85,2.0,1.8,0.2,0.0,40.41,1
U008,2,2025-10-05,Sunday,2,3,2,1,1.73,1.98,1.65,0.33,66.67,56.4,0
U009,2,2025-10-05,Sunday,2,2,1,1,2.69,2.95,2.6,0.35,50.0,57.63,0
U010,2,2025-10-05,Sunday,2,1,0,1,3.42,3.97,3.24,0.73,0.0,49.24,0
U001,2,2025-10-06,Monday,2,6,4,2,5.36,5.8,5.22,0.58,66.67,76.82,2
U002,2,2025-10-06,Monday,2,6,5,1,6.2,6.75,6.02,0.73,83.33,85.71,1
U003,2,2025-10-06,Monday,2,6,4,2,5.02,5.98,4.7,1.28,66.67,74.91,4
U004,2,2025-10-06,Monday,2,8,6,2,4.61,5.11,4.44,0.67,75.0,74.68,1
U005,2,2025-10-06,Monday,2,4,3,1,6.3,6.81,6.13,0.68,75.0,84.19,3
U006,2,2025-10-06,Monday,2,8,6,2,5.53,5.99,5.38,0.61,75.0,79.86,3
U007,2,2025-10-06,Monday,2,8,7,1,7.26,7.96,7.03,0.93,87.5,92.71,3
U008,2,2025-10-06,Monday,2,7,6,1,3.78,4.37,3.58,0.79,85.71,72.69,3
U009,2,2025-10-06,Monday,2,4,3,1,7.23,8.19,6.91,1.28,75.0,89.42,1
U010,2,2025-10-06,Monday,2,6,5,1,4.57,5.37,4.31,1.06,83.33,76.54,2
U001,2,2025-10-07,Tuesday,2,5,4,1,4.23,4.61,4.1,0.51,80.0,73.79,3
U002,2,2025-10-07,Tuesday,2,4,3,1,5.33,5.77,5.19,0.58,75.0,78.73,2
U003,2,2025-10-07,Tuesday,2,4,3,1,3.2,3.84,2.99,0.85,75.0,66.75,1
U004,2,2025-10-07,Tuesday,2,4,3,1,5.11,5.99,4.82,1.17,75.0,77.49,4
U005,2,2025-10-07,Tuesday,2,6,5,1,5.69,6.44,5.44,1.0,83.33,82.84,4
U006,2,2025-10-07,Tuesday,2,8,6,2,4.38,4.88,4.21,0.67,75.0,73.39,4
U007,2,2025-10-07,Tuesday,2,5,3,2,5.38,5.97,5.18,0.79,60.0,75.26,2
U008,2,2025-10-07,Tuesday,2,8,6,2,4.77,5.6,4.49,1.11,75.0,75.58,2
U009,2,2025-10-07,Tuesday,2,4,3,1,5.62,6.08,5.47,0.61,75.0,80.36,4
U010,2,2025-10-07,Tuesday,2,8,5,3,4.67,5.52,4.39,1.13,62.5,71.89,4
U001,2,2025-10-08,Wednesday,2,6,5,1,3.61,3.9,3.51,0.39,83.33,71.14,4
U002,2,2025-10-08,Wednesday,2,8,7,1,6.61,7.14,6.43,0.71,87.5,89.06,4
U003,2,2025-10-08,Wednesday,2,7,5,2,4.15,4.97,3.87,1.1,71.43,71.2,2
U004,2,2025-10-08,Wednesday,2,8,6,2,5.41,6.11,5.18,0.93,75.0,79.18,2
U005,2,2025-10-08,Wednesday,2,7,6,1,4.62,5.0,4.5,0.5,85.71,77.41,1
U006,2,2025-10-08,Wednesday,2,7,6,1,3.74,4.04,3.64,0.4,85.71,72.47,1
U007,2,2025-10-08,Wednesday,2,6,4,2,4.11,4.76,3.89,0.87,66.67,69.79,1
U008,2,2025-10-08,Wednesday,2,6,4,2,4.17,4.76,3.97,0.79,66.67,70.12,4
U009,2,2025-10-08,Wednesday,2,7,5,2,8.3,9.71,7.83,1.88,71.43,94.55,2
U010,2,2025-10-08,Wednesday,2,7,4,3,3.15,3.82,2.93,0.89,57.14,62.0,2
U001,2,2025-10-09,Thursday,2,4,3,1,6.58,7.25,6.36,0.89,75.0,85.76,4
U002,2,2025-10-09,Thursday,2,8,7,1,5.06,5.55,4.9,0.65,87.5,80.34,1
U003,2,2025-10-09,Thursday,2,8,6,2,5.81,6.7,5.51,1.19,75.0,81.43,1
U004,2,2025-10-09,Thursday,2,8,6,2,5.35,5.95,5.15,0.8,75.0,78.84,1
U005,2,2025-10-09,Thursday,2,5,4,1,5.89,6.37,5.73,0.64,80.0,83.13,2
U006,2,2025-10-09,Thursday,2,5,4,1,5.09,6.01,4.78,1.23,80.0,78.63,3
U007,2,2025-10-09,Thursday,2,5,4,1,4.15,4.77,3.94,0.83,80.0,73.34,4
U008,2,2025-10-09,Thursday,2,7,6,1,4.95,5.85,4.65,1.2,85.71,79.27,3
U009,2,2025-10-09,Thursday,2,8,7,1,5.35,5.79,5.21,0.58,87.5,81.97,2
U010,2,2025-10-09,Thursday,2,8,6,2,4.77,5.56,4.51,1.05,75.0,75.58,1
U001,2,2025-10-10,Friday,2,6,4,2,5.92,6.57,5.71,0.86,66.67,79.97,4
U002,2,2025-10-10,Friday,2,4,3,1,4.29,4.64,4.18,0.46,75.0,72.88,3
U003,2,2025-10-10,Friday,2,8,6,2,3.9,4.28,3.77,0.51,75.0,70.69,2
U004,2,2025-10-10,Friday,2,8,6,2,5.36,6.09,5.12,0.97,75.0,78.9,1
U005,2,2025-10-10,Friday,2,6,5,1,5.57,6.02,5.42,0.6,83.33,82.16,4
U006,2,2025-10-10,Friday,2,4,2,2,4.37,5.01,4.15,0.86,50.0,67.08,4
U007,2,2025-10-10,Friday,2,8,7,1,4.63,5.01,4.51,0.5,87.5,77.92,1
U008,2,2025-10-10,Friday,2,8,5,3,4.19,5.33,3.81,1.52,62.5,69.19,4
U009,2,2025-10-10,Friday,2,5,3,2,3.74,4.26,3.57,0.69,60.0,66.04,2
U010,2,2025-10-10,Friday,2,8,7,1,5.71,6.18,5.55,0.63,87.5,83.99,4
U001,2,2025-10-11,Saturday,2,2,1,1,1.64,1.86,1.57,0.29,50.0,51.73,1
U002,2,2025-10-11,Saturday,2,3,2,1,0.5,0.5,0.45,0.2,66.67,49.48,1
U003,2,2025-10-11,Saturday,2,2,1,1,2.33,2.61,2.24,0.37,50.0,55.61,0
U004,2,2025-10-11,Saturday,2,1,0,1,1.22,1.56,1.11,0.45,0.0,36.86,0
U005,2,2025-10-11,Saturday,2,1,0,1,1.68,1.81,1.63,0.2,0.0,39.45,1
U006,2,2025-10-11,Saturday,2,2,1,1,1.28,1.5,1.21,0.29,50.0,49.7,0
U007,2,2025-10-11,Saturday,2,2,1,1,1.78,2.23,1.63,0.6,50.0,52.51,0
U008,2,2025-10-11,Saturday,2,2,1,1,0.71,0.86,0.66,0.2,50.0,46.49,1
U009,2,2025-10-11,Saturday,2,1,0,1,3.05,3.58,2.88,0.7,0.0,47.16,1
U010,2,2025-10-11,Saturday,2,2,1,1,1.33,1.53,1.27,0.26,50.0,49.98,1
U001,3,2025-10-12,Sunday,3,1,0,1,1.34,1.58,1.26,0.32,0.0,37.54,1
U002,3,2025-10-12,Sunday,3,1,0,1,1.25,1.33,1.2,0.2,0.0,37.03,0
U003,3,2025-10-12,Sunday,3,3,2,1,2.85,3.2,2.73,0.47,66.67,62.7,0
U004,3,2025-10-12,Sunday,3,1,0,1,1.44,1.61,1.38,0.23,0.0,38.1,0
U005,3,2025-10-12,Sunday,3,3,2,1,1.87,2.04,1.81,0.23,66.67,57.19,1
U006,3,2025-10-12,Sunday,3,2,1,1,1.61,1.96,1.5,0.46,50.0,51.56,0
U007,3,2025-10-12,Sunday,3,3,2,1,1.29,1.46,1.24,0.22,66.67,53.92,0
U008,3,2025-10-12,Sunday,3,1,0,1,1.54,1.89,1.43,0.46,0.0,38.66,0
U009,3,2025-10-12,Sunday,3,2,1,1,1.4,1.53,1.35,0.2,50.0,50.38,0
U010,3,2025-10-12,Sunday,3,2,1,1,1.1,1.23,1.05,0.2,50.0,48.69,0
U001,3,2025-10-13,Monday,3,6,5,1,5.14,5.56,5.0,0.56,83.33,79.74,2
U002,3,2025-10-13,Monday,3,4,3,1,6.8,7.36,6.62,0.74,75.0,87.0,2
U003,3,2025-10-13,Monday,3,4,3,1,4.47,4.83,4.35,0.48,75.0,73.89,3
U004,3,2025-10-13,Monday,3,7,6,1,5.55,6.26,5.31,0.95,85.71,82.65,1
U005,3,2025-10-13,Monday,3,8,6,2,7.76,8.4,7.55,0.85,75.0,92.4,3
U006,3,2025-10-13,Monday,3,7,5,2,4.29,4.8,4.12,0.68,71.43,71.99,3
U007,3,2025-10-13,Monday,3,4,3,1,6.2,6.94,5.95,0.99,75.0,83.62,2
U008,3,2025-10-13,Monday,3,7,5,2,3.34,4.11,3.08,1.03,71.43,66.64,3
U009,3,2025-10-13,Monday,3,8,6,2,7.7,8.74,7.35,1.39,75.0,92.06,1
U010,3,2025-10-13,Monday,3,5,4,1,4.42,4.81,4.29,0.52,80.0,74.86,2
U001,3,2025-10-14,Tuesday,3,4,3,1,5.33,5.8,5.18,0.62,75.0,78.73,4
U002,3,2025-10-14,Tuesday,3,8,7,1,5.78,6.25,5.62,0.63,87.5,84.39,4
U003,3,2025-10-14,Tuesday,3,4,3,1,3.18,3.49,3.08,0.41,75.0,66.64,1
U004,3,2025-10-14,Tuesday,3,7,6,1,5.16,5.72,4.97,0.75,85.71,80.45,3
U005,3,2025-10-14,Tuesday,3,8,7,1,7.77,8.4,7.56,0.84,87.5,95.58,2
U006,3,2025-10-14,Tuesday,3,5,3,2,5.42,6.79,4.97,1.82,60.0,75.49,4
U007,3,2025-10-14,Tuesday,3,6,5,1,7.61,8.39,7.35,1.04,83.33,93.64,1
U008,3,2025-10-14,Tuesday,3,6,5,1,3.51,4.22,3.28,0.94,83.33,70.58,2
U009,3,2025-10-14,Tuesday,3,7,6,1,4.85,5.75,4.55,1.2,85.71,78.71,3
U010,3,2025-10-14,Tuesday,3,4,3,1,5.78,6.41,5.57,0.84,75.0,81.26,4
U001,3,2025-10-15,Wednesday,3,6,5,1,5.53,6.14,5.33,0.81,83.33,81.94,1
U002,3,2025-10-15,Wednesday,3,4,2,2,5.86,6.73,5.57,1.16,50.0,75.46,3
U003,3,2025-10-15,Wednesday,3,6,4,2,4.58,5.29,4.34,0.95,66.67,72.43,4
U004,3,2025-10-15,Wednesday,3,8,6,2,4.55,5.51,4.23,1.28,75.0,74.34,2
U005,3,2025-10-15,Wednesday,3,4,3,1,4.94,5.35,4.8,0.55,75.0,76.54,4
U006,3,2025-10-15,Wednesday,3,6,4,2,6.62,7.79,6.23,1.56,66.67,83.91,2
U007,3,2025-10-15,Wednesday,3,7,5,2,5.09,5.5,4.95,0.55,71.43,76.49,2
U008,3,2025-10-15,Wednesday,3,8,6,2,2.32,2.81,2.16,0.65,75.0,61.8,1
U009,3,2025-10-15,Wednesday,3,6,5,1,5.37,6.22,5.08,1.14,83.33,81.04,3
U010,3,2025-10-15,Wednesday,3,6,5,1,6.38,6.9,6.21,0.69,83.33,86.72,3
U001,3,2025-10-16,Thursday,3,8,6,2,4.96,5.37,4.83,0.54,75.0,76.65,1
U002,3,2025-10-16,Thursday,3,4,3,1,6.01,6.54,5.84,0.7,75.0,82.56,2
U003,3,2025-10-16,Thursday,3,6,5,1,4.44,4.8,4.32,0.48,83.33,75.81,1
U004,3,2025-10-16,Thursday,3,8,7,1,6.46,6.98,6.28,0.7,87.5,88.21,1
U005,3,2025-10-16,Thursday,3,6,5,1,6.71,7.25,6.53,0.72,83.33,88.58,4
U006,3,2025-10-16,Thursday,3,8,5,3,3.51,4.29,3.25,1.04,62.5,65.37,4
U007,3,2025-10-16,Thursday,3,5,3,2,6.86,7.69,6.58,1.11,60.0,83.59,3
U008,3,2025-10-16,Thursday,3,8,7,1,2.56,2.9,2.45,0.45,87.5,66.28,2
U009,3,2025-10-16,Thursday,3,6,5,1,5.85,6.32,5.69,0.63,83.33,83.74,3
U010,3,2025-10-16,Thursday,3,6,4,2,5.62,6.56,5.31,1.25,66.67,78.28,1
U001,3,2025-10-17,Friday,3,5,4,1,6.44,6.97,6.27,0.7,80.0,86.22,2
U002,3,2025-10-17,Friday,3,5,4,1,5.79,6.26,5.63,0.63,80.0,82.57,4
U003,3,2025-10-17,Friday,3,7,5,2,4.24,5.16,3.93,1.23,71.43,71.71,3
U004,3,2025-10-17,Friday,3,6,4,2,4.0,4.6,3.8,0.8,66.67,69.17,3
U005,3,2025-10-17,Friday,3,6,5,1,5.3,5.73,5.16,0.57,83.33,80.64,3
U006,3,2025-10-17,Friday,3,7,5,2,4.65,5.57,4.35,1.22,71.43,74.01,4
U007,3,2025-10-17,Friday,3,4,3,1,4.83,5.44,4.63,0.81,75.0,75.92,4
U008,3,2025-10-17,Friday,3,6,4,2,4.94,5.89,4.62,1.27,66.67,74.45,2
U009,3,2025-10-17,Friday,3,8,6,2,5.21,5.68,5.06,0.62,75.0,78.06,2
U010,3,2025-10-17,Friday,3,8,7,1,4.86,5.26,4.73,0.53,87.5,79.21,2
U001,3,2025-10-18,Saturday,3,1,0,1,3.29,3.56,3.2,0.36,0.0,48.51,0
U002,3,2025-10-18,Saturday,3,1,0,1,1.39,1.55,1.33,0.22,0.0,37.82,0
U003,3,2025-10-18,Saturday,3,2,1,1,2.65,3.18,2.48,0.7,50.0,57.41,1
U004,3,2025-10-18,Saturday,3,3,2,1,2.2,2.42,2.12,0.3,66.67,59.04,1
U005,3,2025-10-18,Saturday,3,3,2,1,1.74,1.93,1.68,0.25,66.67,56.45,1
U006,3,2025-10-18,Saturday,3,2,1,1,2.04,2.49,1.89,0.6,50.0,53.98,1
U007,3,2025-10-18,Saturday,3,2,1,1,2.45,2.68,2.37,0.31,50.0,56.28,0
U008,3,2025-10-18,Saturday,3,3,2,1,1.4,1.58,1.34,0.24,66.67,54.54,1
U009,3,2025-10-18,Saturday,3,1,0,1,1.93,2.09,1.88,0.21,0.0,40.86,1
U010,3,2025-10-18,Saturday,3,3,2,1,1.9,2.06,1.85,0.21,66.67,57.36,1
U001,4,2025-10-19,Sunday,4,1,0,1,2.12,2.31,2.06,0.25,0.0,41.92,0
U002,4,2025-10-19,Sunday,4,3,2,1,1.53,1.64,1.48,0.2,66.67,55.27,1
U003,4,2025-10-19,Sunday,4,1,0,1,1.41,1.63,1.33,0.3,0.0,37.93,0
U004,4,2025-10-19,Sunday,4,2,1,1,2.42,2.73,2.32,0.41,50.0,56.11,1
U005,4,2025-10-19,Sunday,4,3,2,1,2.81,3.16,2.69,0.47,66.67,62.47,1
U006,4,2025-10-19,Sunday,4,1,0,1,2.43,2.67,2.35,0.32,0.0,43.67,1
U007,4,2025-10-19,Sunday,4,1,0,1,1.37,1.56,1.31,0.25,0.0,37.71,0
U008,4,2025-10-19,Sunday,4,3,2,1,3.6,4.49,3.3,1.19,66.67,66.92,0
U009,4,2025-10-19,Sunday,4,3,2,1,2.32,2.51,2.26,0.25,66.67,59.72,0
U010,4,2025-10-19,Sunday,4,1,0,1,1.73,1.87,1.68,0.2,0.0,39.73,1
U001,4,2025-10-20,Monday,4,4,3,1,6.11,6.95,5.83,1.12,75.0,83.12,4
U002,4,2025-10-20,Monday,4,8,7,1,5.78,6.24,5.62,0.62,87.5,84.39,1
U003,4,2025-10-20,Monday,4,7,6,1,5.45,6.5,5.1,1.4,85.71,82.08,4
U004,4,2025-10-20,Monday,4,7,5,2,5.6,6.67,5.24,1.43,71.43,79.36,1
U005,4,2025-10-20,Monday,4,6,5,1,6.63,7.22,6.43,0.79,83.33,88.13,3
U006,4,2025-10-20,Monday,4,4,3,1,4.39,4.85,4.23,0.62,75.0,73.44,3
U007,4,2025-10-20,Monday,4,6,5,1,6.41,6.93,6.24,0.69,83.33,86.89,4
U008,4,2025-10-20,Monday,4,7,5,2,3.15,3.81,2.93,0.88,71.43,65.58,4
U009,4,2025-10-20,Monday,4,8,7,1,8.47,9.15,8.24,0.91,87.5,98.0,1
U010,4,2025-10-20,Monday,4,8,6,2,4.87,5.48,4.67,0.81,75.0,76.14,1
U001,4,2025-10-21,Tuesday,4,6,4,2,4.97,5.61,4.76,0.85,66.67,74.62,2
U002,4,2025-10-21,Tuesday,4,8,6,2,5.49,5.93,5.34,0.59,75.0,79.63,2
U003,4,2025-10-21,Tuesday,4,7,5,2,5.98,7.04,5.63,1.41,71.43,81.5,1
U004,4,2025-10-21,Tuesday,4,4,3,1,9.06,10.16,8.69,1.47,75.0,98.0,2
U005,4,2025-10-21,Tuesday,4,4,3,1,7.61,8.22,7.4,0.82,75.0,91.56,3
U006,4,2025-10-21,Tuesday,4,6,5,1,6.61,7.29,6.38,0.91,83.33,88.01,2
U007,4,2025-10-21,Tuesday,4,8,6,2,5.58,6.47,5.29,1.18,75.0,80.14,4
U008,4,2025-10-21,Tuesday,4,6,5,1,4.25,4.98,4.0,0.98,83.33,74.74,3
U009,4,2025-10-21,Tuesday,4,5,4,1,7.36,8.13,7.1,1.03,80.0,91.4,2
U010,4,2025-10-21,Tuesday,4,5,4,1,4.77,5.26,4.61,0.65,80.0,76.83,2
U001,4,2025-10-22,Wednesday,4,6,5,1,6.22,7.3,5.86,1.44,83.33,85.82,1
U002,4,2025-10-22,Wednesday,4,7,5,2,5.51,5.96,5.36,0.6,71.43,78.85,2
U003,4,2025-10-22,Wednesday,4,8,7,1,4.96,5.49,4.78,0.71,87.5,79.78,1
U004,4,2025-10-22,Wednesday,4,6,4,2,6.47,7.21,6.22,0.99,66.67,83.06,2
U005,4,2025-10-22,Wednesday,4,5,3,2,6.2,7.07,5.91,1.16,60.0,79.88,4
U006,4,2025-10-22,Wednesday,4,4,3,1,4.41,5.14,4.16,0.98,75.0,73.56,3
U007,4,2025-10-22,Wednesday,4,5,4,1,5.22,5.76,5.04,0.72,80.0,79.36,4
U008,4,2025-10-22,Wednesday,4,6,4,2,4.36,5.42,4.01,1.41,66.67,71.19,2
U009,4,2025-10-22,Wednesday,4,7,6,1,6.0,6.52,5.82,0.7,85.71,85.18,3
U010,4,2025-10-22,Wednesday,4,8,5,3,6.4,7.54,6.02,1.52,62.5,81.62,2
U001,4,2025-10-23,Thursday,4,6,4,2,5.57,6.27,5.34,0.93,66.67,78.0,1
U002,4,2025-10-23,Thursday,4,8,6,2,4.47,4.83,4.35,0.48,75.0,73.89,3
U003,4,2025-10-23,Thursday,4,8,7,1,4.4,4.84,4.26,0.58,87.5,76.62,3
U004,4,2025-10-23,Thursday,4,4,3,1,3.72,4.02,3.62,0.4,75.0,69.67,1
U005,4,2025-10-23,Thursday,4,6,5,1,5.18,5.6,5.04,0.56,83.33,79.97,4
U006,4,2025-10-23,Thursday,4,4,3,1,6.26,7.23,5.94,1.29,75.0,83.96,2
U007,4,2025-10-23,Thursday,4,5,4,1,6.42,6.94,6.25,0.69,80.0,86.11,1
U008,4,2025-10-23,Thursday,4,4,3,1,3.45,4.33,3.16,1.17,75.0,68.16,4
U009,4,2025-10-23,Thursday,4,4,3,1,7.91,8.74,7.63,1.11,75.0,93.24,2
U010,4,2025-10-23,Thursday,4,7,4,3,5.16,6.04,4.86,1.18,57.14,73.31,1
U001,4,2025-10-24,Friday,4,5,3,2,5.87,6.86,5.54,1.32,60.0,78.02,3
U002,4,2025-10-24,Friday,4,4,2,2,4.61,5.49,4.32,1.17,50.0,68.43,1
U003,4,2025-10-24,Friday,4,8,7,1,3.94,4.46,3.77,0.69,87.5,74.04,4
U004,4,2025-10-24,Friday,4,5,4,1,3.43,3.71,3.33,0.38,80.0,69.29,3
U005,4,2025-10-24,Friday,4,8,7,1,8.72,9.45,8.48,0.97,87.5,98.0,1
U006,4,2025-10-24,Friday,4,5,3,2,5.89,6.82,5.58,1.24,60.0,78.13,3
U007,4,2025-10-24,Friday,4,5,3,2,3.82,4.23,3.68,0.55,60.0,66.49,4
U008,4,2025-10-24,Friday,4,7,4,3,3.4,4.03,3.19,0.84,57.14,63.41,1
U009,4,2025-10-24,Friday,4,4,3,1,5.14,5.55,5.0,0.55,75.0,77.66,2
U010,4,2025-10-24,Friday,4,8,6,2,5.18,5.94,4.93,1.01,75.0,77.89,3
U001,4,2025-10-25,Saturday,4,1,0,1,2.06,2.22,2.0,0.22,0.0,41.59,1
U002,4,2025-10-25,Saturday,4,3,2,1,1.7,1.83,1.65,0.2,66.67,56.23,1
U003,4,2025-10-25,Saturday,4,1,0,1,2.19,2.37,2.13,0.24,0.0,42.32,0
U004,4,2025-10-25,Saturday,4,2,1,1,2.06,2.42,1.94,0.48,50.0,54.09,1
U005,4,2025-10-25,Saturday,4,3,2,1,1.44,1.54,1.39,0.2,66.67,54.77,1
U006,4,2025-10-25,Saturday,4,2,1,1,2.16,2.47,2.06,0.41,50.0,54.65,0
U007,4,2025-10-25,Saturday,4,2,1,1,1.36,1.47,1.31,0.2,50.0,50.15,0
U008,4,2025-10-25,Saturday,4,2,1,1,2.36,2.75,2.23,0.52,50.0,55.77,0
U009,4,2025-10-25,Saturday,4,1,0,1,1.79,1.97,1.73,0.24,0.0,40.07,0
U010,4,2025-10-25,Saturday,4,3,2,1,2.15,2.32,2.09,0.23,66.67,58.76,0
U001,5,2025-10-26,Sunday,5,2,1,1,1.15,1.33,1.09,0.24,50.0,48.97,0
U002,5,2025-10-26,Sunday,5,3,2,1,0.86,1.02,0.81,0.21,66.67,51.5,0
U003,5,2025-10-26,Sunday,5,3,2,1,1.75,1.99,1.67,0.32,66.67,56.51,1
U004,5,2025-10-26,Sunday,5,1,0,1,1.44,1.66,1.36,0.3,0.0,38.1,0
U005,5,2025-10-26,Sunday,5,3,2,1,0.99,1.04,0.94,0.2,66.67,52.24,1
U006,5,2025-10-26,Sunday,5,3,2,1,1.69,1.92,1.61,0.31,66.67,56.17,0
U007,5,2025-10-26,Sunday,5,1,0,1,0.75,0.84,0.7,0.2,0.0,34.22,0
U008,5,2025-10-26,Sunday,5,1,0,1,1.59,1.88,1.49,0.39,0.0,38.94,0
U009,5,2025-10-26,Sunday,5,3,2,1,2.39,2.62,2.31,0.31,66.67,60.11,0
U010,5,2025-10-26,Sunday,5,1,0,1,1.59,1.71,1.54,0.2,0.0,38.94,1
U001,5,2025-10-27,Monday,5,5,4,1,5.57,6.18,5.37,0.81,80.0,81.33,4
U002,5,2025-10-27,Monday,5,8,7,1,5.13,5.54,4.99,0.55,87.5,80.73,3
U003,5,2025-10-27,Monday,5,7,6,1,7.29,8.26,6.96,1.3,85.71,92.43,1
U004,5,2025-10-27,Monday,5,6,5,1,5.84,6.93,5.48,1.45,83.33,83.68,2
U005,5,2025-10-27,Monday,5,7,6,1,4.49,4.85,4.37,0.48,85.71,76.68,3
U006,5,2025-10-27,Monday,5,5,4,1,6.85,7.6,6.6,1.0,80.0,88.53,2
U007,5,2025-10-27,Monday,5,8,7,1,6.88,7.72,6.6,1.12,87.5,90.58,1
U008,5,2025-10-27,Monday,5,8,6,2,4.22,4.72,4.05,0.67,75.0,72.49,1
U009,5,2025-10-27,Monday,5,6,4,2,3.86,4.18,3.76,0.42,66.67,68.38,4
U010,5,2025-10-27,Monday,5,8,6,2,4.97,5.72,4.72,1.0,75.0,76.71,3
U001,5,2025-10-28,Tuesday,5,4,3,1,4.8,5.19,4.67,0.52,75.0,75.75,4
U002,5,2025-10-28,Tuesday,5,4,3,1,5.5,5.94,5.35,0.59,75.0,79.69,4
U003,5,2025-10-28,Tuesday,5,8,7,1,4.66,5.03,4.53,0.5,87.5,78.09,3
U004,5,2025-10-28,Tuesday,5,8,5,3,4.29,5.31,3.95,1.36,62.5,69.76,2
U005,5,2025-10-28,Tuesday,5,7,5,2,5.88,6.68,5.62,1.06,71.43,80.93,2
U006,5,2025-10-28,Tuesday,5,6,5,1,3.75,4.33,3.56,0.77,83.33,71.93,4
U007,5,2025-10-28,Tuesday,5,4,3,1,4.81,5.2,4.68,0.52,75.0,75.81,1
U008,5,2025-10-28,Tuesday,5,5,4,1,4.02,4.59,3.83,0.76,80.0,72.61,3
U009,5,2025-10-28,Tuesday,5,5,4,1,4.02,4.34,3.91,0.43,80.0,72.61,3
U010,5,2025-10-28,Tuesday,5,4,3,1,5.15,5.69,4.97,0.72,75.0,77.72,3
U001,5,2025-10-29,Wednesday,5,8,7,1,6.07,7.06,5.74,1.32,87.5,86.02,3
U002,5,2025-10-29,Wednesday,5,5,4,1,6.26,6.77,6.09,0.68,80.0,85.21,2
U003,5,2025-10-29,Wednesday,5,8,5,3,3.72,4.6,3.43,1.17,62.5,66.55,3
U004,5,2025-10-29,Wednesday,5,4,3,1,4.13,4.47,4.02,0.45,75.0,71.98,1
U005,5,2025-10-29,Wednesday,5,8,7,1,7.46,8.11,7.25,0.86,87.5,93.84,3
U006,5,2025-10-29,Wednesday,5,5,3,2,4.93,5.66,4.69,0.97,60.0,72.73,3
U007,5,2025-10-29,Wednesday,5,8,6,2,4.83,5.22,4.7,0.52,75.0,75.92,1
U008,5,2025-10-29,Wednesday,5,5,3,2,5.45,6.4,5.13,1.27,60.0,75.66,3
U009,5,2025-10-29,Wednesday,5,4,3,1,7.49,8.12,7.28,0.84,75.0,90.88,2
U010,5,2025-10-29,Wednesday,5,6,4,2,4.79,5.44,4.58,0.86,66.67,73.61,2
U001,5,2025-10-30,Thursday,5,5,3,2,5.36,6.1,5.11,0.99,60.0,75.15,1
U002,5,2025-10-30,Thursday,5,6,4,2,6.97,7.53,6.78,0.75,66.67,85.87,3
U003,5,2025-10-30,Thursday,5,4,3,1,4.23,4.91,4.01,0.9,75.0,72.54,4
U004,5,2025-10-30,Thursday,5,8,5,3,4.6,5.54,4.29,1.25,62.5,71.5,1
U005,5,2025-10-30,Thursday,5,6,4,2,6.56,7.13,6.37,0.76,66.67,83.57,3
U006,5,2025-10-30,Thursday,5,7,5,2,4.4,5.31,4.1,1.21,71.43,72.61,2
U007,5,2025-10-30,Thursday,5,4,3,1,4.12,4.56,3.98,0.58,75.0,71.92,4
U008,5,2025-10-30,Thursday,5,7,5,2,3.2,3.85,2.98,0.87,71.43,65.86,3
U009,5,2025-10-30,Thursday,5,6,5,1,7.28,7.88,7.08,0.8,83.33,91.78,2
U010,5,2025-10-30,Thursday,5,7,5,2,6.52,7.32,6.25,1.07,71.43,84.53,2
U001,5,2025-10-31,Friday,5,8,6,2,4.98,5.54,4.8,0.74,75.0,76.76,4
U002,5,2025-10-31,Friday,5,7,6,1,5.98,6.47,5.82,0.65,85.71,85.06,2
U003,5,2025-10-31,Friday,5,8,7,1,6.77,7.4,6.56,0.84,87.5,89.96,4
U004,5,2025-10-31,Friday,5,5,3,2,5.22,5.99,4.97,1.02,60.0,74.36,1
U005,5,2025-10-31,Friday,5,8,6,2,5.05,5.46,4.91,0.55,75.0,77.16,2
U006,5,2025-10-31,Friday,5,8,7,1,2.17,2.42,2.09,0.33,87.5,64.08,3
U007,5,2025-10-31,Friday,5,4,3,1,4.91,5.4,4.75,0.65,75.0,76.37,2
U008,5,2025-10-31,Friday,5,5,3,2,4.31,5.2,4.02,1.18,60.0,69.24,4
U009,5,2025-10-31,Friday,5,6,5,1,6.34,6.91,6.15,0.76,83.33,86.49,1
U010,5,2025-10-31,Friday,5,5,4,1,5.62,6.2,5.43,0.77,80.0,81.61,2
U001,5,2025-11-01,Saturday,5,3,2,1,0.97,1.07,0.92,0.2,66.67,52.12,0
U002,5,2025-11-01,Saturday,5,3,2,1,2.02,2.19,1.97,0.22,66.67,58.03,0
U003,5,2025-11-01,Saturday,5,3,2,1,1.75,2.06,1.65,0.41,66.67,56.51,1
U004,5,2025-11-01,Saturday,5,1,0,1,2.04,2.21,1.99,0.22,0.0,41.48,0
U005,5,2025-11-01,Saturday,5,2,1,1,1.52,1.63,1.47,0.2,50.0,51.05,0
U006,5,2025-11-01,Saturday,5,2,1,1,2.27,2.63,2.15,0.48,50.0,55.27,1
U007,5,2025-11-01,Saturday,5,3,2,1,1.59,1.72,1.54,0.2,66.67,55.61,0
U008,5,2025-11-01,Saturday,5,3,2,1,2.19,2.44,2.1,0.34,66.67,58.99,0
U009,5,2025-11-01,Saturday,5,1,0,1,2.86,3.11,2.78,0.33,0.0,46.09,1
U010,5,2025-11-01,Saturday,5,3,2,1,1.65,1.83,1.59,0.24,66.67,55.95,0
U001,6,2025-11-02,Sunday,6,3,2,1,1.39,1.5,1.34,0.2,66.67,54.49,1
U002,6,2025-11-02,Sunday,6,3,2,1,1.85,2.0,1.8,0.2,66.67,57.07,0
U003,6,2025-11-02,Sunday,6,1,0,1,1.4,1.61,1.33,0.28,0.0,37.88,1
U004,6,2025-11-02,Sunday,6,2,1,1,1.49,1.82,1.38,0.44,50.0,50.88,0
U005,6,2025-11-02,Sunday,6,3,2,1,3.1,3.36,3.02,0.34,66.67,64.11,1
U006,6,2025-11-02,Sunday,6,2,1,1,1.29,1.41,1.24,0.2,50.0,49.76,1
U007,6,2025-11-02,Sunday,6,1,0,1,2.53,2.73,2.46,0.27,0.0,44.23,0
U008,6,2025-11-02,Sunday,6,1,0,1,2.4,2.95,2.21,0.74,0.0,43.5,1
U009,6,2025-11-02,Sunday,6,3,2,1,0.92,0.97,0.87,0.2,66.67,51.84,1
U010,6,2025-11-02,Sunday,6,3,2,1,2.17,2.35,2.11,0.24,66.67,58.87,0
U001,6,2025-11-03,Monday,6,4,3,1,6.42,6.95,6.25,0.7,75.0,84.86,3
U002,6,2025-11-03,Monday,6,6,5,1,5.29,5.72,5.15,0.57,83.33,80.59,4
U003,6,2025-11-03,Monday,6,5,4,1,6.41,6.93,6.24,0.69,80.0,86.06,2
U004,6,2025-11-03,Monday,6,8,6,2,5.45,5.99,5.27,0.72,75.0,79.41,3
U005,6,2025-11-03,Monday,6,8,6,2,6.91,7.54,6.7,0.84,75.0,87.62,2
U006,6,2025-11-03,Monday,6,4,3,1,4.57,5.38,4.3,1.08,75.0,74.46,1
U007,6,2025-11-03,Monday,6,8,6,2,7.46,8.24,7.2,1.04,75.0,90.71,2
U008,6,2025-11-03,Monday,6,8,6,2,3.3,3.88,3.11,0.77,75.0,67.31,2
U009,6,2025-11-03,Monday,6,5,4,1,6.69,7.23,6.51,0.72,80.0,87.63,2
U010,6,2025-11-03,Monday,6,4,3,1,5.19,5.67,5.03,0.64,75.0,77.94,1
U001,6,2025-11-04,Tuesday,6,7,5,2,3.45,3.73,3.36,0.37,71.43,67.26,1
U002,6,2025-11-04,Tuesday,6,8,7,1,5.95,6.43,5.79,0.64,87.5,85.34,2
U003,6,2025-11-04,Tuesday,6,5,3,2,3.45,3.99,3.27,0.72,60.0,64.41,1
U004,6,2025-11-04,Tuesday,6,5,4,1,4.5,4.96,4.35,0.61,80.0,75.31,3
U005,6,2025-11-04,Tuesday,6,6,5,1,6.95,7.51,6.76,0.75,83.33,89.93,3
U006,6,2025-11-04,Tuesday,6,7,6,1,5.63,6.32,5.4,0.92,85.71,83.1,4
U007,6,2025-11-04,Tuesday,6,5,4,1,5.81,6.28,5.65,0.63,80.0,82.68,2
U008,6,2025-11-04,Tuesday,6,7,6,1,4.26,4.89,4.05,0.84,85.71,75.39,2
U009,6,2025-11-04,Tuesday,6,6,5,1,6.7,7.24,6.52,0.72,83.33,88.52,1
U010,6,2025-11-04,Tuesday,6,4,3,1,6.14,7.08,5.82,1.26,75.0,83.29,4
U001,6,2025-11-05,Wednesday,6,7,6,1,6.67,7.21,6.49,0.72,85.71,88.95,3
U002,6,2025-11-05,Wednesday,6,7,6,1,5.62,6.16,5.44,0.72,85.71,83.04,1
U003,6,2025-11-05,Wednesday,6,6,4,2,3.86,5.1,3.45,1.65,66.67,68.38,2
U004,6,2025-11-05,Wednesday,6,6,4,2,5.44,6.45,5.1,1.35,66.67,77.27,4
U005,6,2025-11-05,Wednesday,6,4,3,1,6.38,6.91,6.21,0.7,75.0,84.64,3
U006,6,2025-11-05,Wednesday,6,7,5,2,5.21,5.82,5.0,0.82,71.43,77.16,1
U007,6,2025-11-05,Wednesday,6,7,6,1,4.97,5.5,4.8,0.7,85.71,79.38,3
U008,6,2025-11-05,Wednesday,6,5,3,2,6.72,7.52,6.45,1.07,60.0,82.8,2
U009,6,2025-11-05,Wednesday,6,7,6,1,7.18,7.76,6.98,0.78,85.71,91.81,3
U010,6,2025-11-05,Wednesday,6,8,6,2,5.19,5.8,4.98,0.82,75.0,77.94,1
U001,6,2025-11-06,Thursday,6,6,5,1,5.18,5.6,5.04,0.56,83.33,79.97,3
U002,6,2025-11-06,Thursday,6,6,5,1,6.0,6.58,5.8,0.78,83.33,84.58,3
U003,6,2025-11-06,Thursday,6,8,6,2,4.62,5.39,4.36,1.03,75.0,74.74,1
U004,6,2025-11-06,Thursday,6,4,3,1,5.34,5.78,5.2,0.58,75.0,78.79,3
U005,6,2025-11-06,Thursday,6,4,3,1,4.65,5.04,4.52,0.52,75.0,74.91,4
U006,6,2025-11-06,Thursday,6,6,4,2,4.56,5.7,4.18,1.52,66.67,72.32,2
U007,6,2025-11-06,Thursday,6,6,5,1,7.4,8.01,7.19,0.82,83.33,92.46,1
U008,6,2025-11-06,Thursday,6,6,3,3,6.56,8.55,5.9,2.65,50.0,79.4,3
U009,6,2025-11-06,Thursday,6,4,3,1,8.09,8.74,7.87,0.87,75.0,94.26,2
U010,6,2025-11-06,Thursday,6,5,3,2,3.69,4.19,3.52,0.67,60.0,65.76,4
U001,6,2025-11-07,Friday,6,5,3,2,5.91,6.88,5.59,1.29,60.0,78.24,3
U002,6,2025-11-07,Friday,6,8,7,1,7.64,8.26,7.43,0.83,87.5,94.85,2
U003,6,2025-11-07,Friday,6,8,6,2,3.79,4.32,3.62,0.7,75.0,70.07,3
U004,6,2025-11-07,Friday,6,8,7,1,5.57,6.08,5.4,0.68,87.5,83.21,1
U005,6,2025-11-07,Friday,6,8,7,1,5.9,6.38,5.74,0.64,87.5,85.06,2
U006,6,2025-11-07,Friday,6,5,3,2,4.34,5.25,4.04,1.21,60.0,69.41,4
U007,6,2025-11-07,Friday,6,8,7,1,5.55,6.0,5.4,0.6,87.5,83.09,3
U008,6,2025-11-07,Friday,6,5,4,1,4.16,4.97,3.89,1.08,80.0,73.4,4
U009,6,2025-11-07,Friday,6,7,5,2,6.8,7.77,6.48,1.29,71.43,86.11,1
U010,6,2025-11-07,Friday,6,6,5,1,5.82,6.56,5.57,0.99,83.33,83.57,3
U001,6,2025-11-08,Saturday,6,2,1,1,2.04,2.2,1.98,0.22,50.0,53.98,1
U002,6,2025-11-08,Saturday,6,3,2,1,0.97,1.02,0.92,0.2,66.67,52.12,0
U003,6,2025-11-08,Saturday,6,1,0,1,0.63,0.73,0.58,0.2,0.0,33.54,0
U004,6,2025-11-08,Saturday,6,3,2,1,1.49,1.6,1.44,0.2,66.67,55.05,0
U005,6,2025-11-08,Saturday,6,1,0,1,0.84,0.89,0.79,0.2,0.0,34.73,1
U006,6,2025-11-08,Saturday,6,1,0,1,2.24,2.55,2.14,0.41,0.0,42.6,1
U007,6,2025-11-08,Saturday,6,1,0,1,1.64,1.92,1.54,0.38,0.0,39.23,0
U008,6,2025-11-08,Saturday,6,2,1,1,2.57,3.33,2.32,1.01,50.0,56.96,0
U009,6,2025-11-08,Saturday,6,3,2,1,2.7,2.92,2.63,0.29,66.67,61.86,1
U010,6,2025-11-08,Saturday,6,3,2,1,0.89,1.0,0.84,0.2,66.67,51.67,0
U001,7,2025-11-09,Sunday,7,1,0,1,3.05,3.3,2.97,0.33,0.0,47.16,0
U002,7,2025-11-09,Sunday,7,2,1,1,3.15,3.4,3.06,0.34,50.0,60.22,1
U003,7,2025-11-09,Sunday,7,2,1,1,1.07,1.24,1.02,0.22,50.0,48.52,1
U004,7,2025-11-09,Sunday,7,1,0,1,2.38,2.84,2.23,0.61,0.0,43.39,0
U005,7,2025-11-09,Sunday,7,3,2,1,2.98,3.32,2.86,0.46,66.67,63.43,1
U006,7,2025-11-09,Sunday,7,2,1,1,1.21,1.38,1.16,0.22,50.0,49.31,1
U007,7,2025-11-09,Sunday,7,1,0,1,0.8,0.84,0.75,0.2,0.0,34.5,1
U008,7,2025-11-09,Sunday,7,1,0,1,1.36,1.67,1.26,0.41,0.0,37.65,1
U009,7,2025-11-09,Sunday,7,1,0,1,2.35,2.66,2.24,0.42,0.0,43.22,0
U010,7,2025-11-09,Sunday,7,2,1,1,2.95,3.4,2.8,0.6,50.0,59.09,1
U001,7,2025-11-10,Monday,7,7,6,1,4.56,4.97,4.42,0.55,85.71,77.08,3
U002,7,2025-11-10,Monday,7,7,6,1,6.37,6.89,6.2,0.69,85.71,87.26,3
U003,7,2025-11-10,Monday,7,6,4,2,5.22,6.66,4.74,1.92,66.67,76.03,3
U004,7,2025-11-10,Monday,7,5,4,1,4.63,5.19,4.45,0.74,80.0,76.04,1
U005,7,2025-11-10,Monday,7,8,7,1,4.09,4.53,3.95,0.58,87.5,74.88,2
U006,7,2025-11-10,Monday,7,4,3,1,5.42,6.05,5.21,0.84,75.0,79.24,2
U007,7,2025-11-10,Monday,7,4,3,1,6.26,6.77,6.09,0.68,75.0,83.96,4
U008,7,2025-11-10,Monday,7,7,6,1,5.97,6.62,5.75,0.87,85.71,85.01,4
U009,7,2025-11-10,Monday,7,5,4,1,6.17,7.15,5.85,1.3,80.0,84.71,2
U010,7,2025-11-10,Monday,7,4,3,1,5.91,6.82,5.61,1.21,75.0,81.99,1
U001,7,2025-11-11,Tuesday,7,8,6,2,5.21,5.68,5.06,0.62,75.0,78.06,3
U002,7,2025-11-11,Tuesday,7,4,3,1,7.02,7.84,6.74,1.1,75.0,88.24,4
U003,7,2025-11-11,Tuesday,7,7,5,2,4.7,5.17,4.54,0.63,71.43,74.3,4
U004,7,2025-11-11,Tuesday,7,4,3,1,4.6,5.23,4.39,0.84,75.0,74.62,2
U005,7,2025-11-11,Tuesday,7,8,7,1,7.96,8.6,7.74,0.86,87.5,96.65,1
U006,7,2025-11-11,Tuesday,7,6,4,2,3.0,3.51,2.83,0.68,66.67,63.54,4
U007,7,2025-11-11,Tuesday,7,6,5,1,6.62,7.15,6.44,0.71,83.33,88.07,3
U008,7,2025-11-11,Tuesday,7,4,3,1,4.17,4.91,3.92,0.99,75.0,72.21,4
U009,7,2025-11-11,Tuesday,7,5,4,1,5.04,5.53,4.88,0.65,80.0,78.35,2
U010,7,2025-11-11,Tuesday,7,8,7,1,5.99,6.93,5.67,1.26,87.5,85.57,2
U001,7,2025-11-12,Wednesday,7,5,4,1,5.1,5.6,4.93,0.67,80.0,78.69,4
U002,7,2025-11-12,Wednesday,7,7,6,1,5.3,5.73,5.16,0.57,85.71,81.24,3
U003,7,2025-11-12,Wednesday,7,6,5,1,5.0,5.49,4.83,0.66,83.33,78.96,2
U004,7,2025-11-12,Wednesday,7,7,6,1,4.98,5.51,4.8,0.71,85.71,79.44,1
U005,7,2025-11-12,Wednesday,7,6,5,1,5.43,6.02,5.23,0.79,83.33,81.38,2
U006,7,2025-11-12,Wednesday,7,6,4,2,5.04,6.1,4.69,1.41,66.67,75.02,3
U007,7,2025-11-12,Wednesday,7,4,3,1,4.61,4.98,4.48,0.5,75.0,74.68,1
U008,7,2025-11-12,Wednesday,7,6,4,2,4.49,5.39,4.19,1.2,66.67,71.92,3
U009,7,2025-11-12,Wednesday,7,5,4,1,6.99,7.56,6.8,0.76,80.0,89.32,4
U010,7,2025-11-12,Wednesday,7,5,4,1,5.22,5.92,4.98,0.94,80.0,79.36,3
U001,7,2025-11-13,Thursday,7,4,3,1,4.94,5.76,4.66,1.1,75.0,76.54,2
U002,7,2025-11-13,Thursday,7,7,6,1,6.11,6.91,5.84,1.07,85.71,85.8,3
U003,7,2025-11-13,Thursday,7,6,4,2,4.72,5.76,4.38,1.38,66.67,73.22,3
U004,7,2025-11-13,Thursday,7,5,4,1,6.42,6.95,6.25,0.7,80.0,86.11,3
U005,7,2025-11-13,Thursday,7,6,4,2,7.34,7.93,7.14,0.79,66.67,87.95,1
U006,7,2025-11-13,Thursday,7,7,6,1,5.42,6.1,5.19,0.91,85.71,81.91,2
U007,7,2025-11-13,Thursday,7,8,6,2,5.27,5.82,5.09,0.73,75.0,78.39,1
U008,7,2025-11-13,Thursday,7,5,3,2,3.69,4.42,3.44,0.98,60.0,65.76,1
U009,7,2025-11-13,Thursday,7,7,5,2,7.54,8.15,7.34,0.81,71.43,90.27,3
U010,7,2025-11-13,Thursday,7,7,6,1,4.64,5.02,4.52,0.5,85.71,77.53,4
U001,7,2025-11-14,Friday,7,4,3,1,5.99,6.52,5.81,0.71,75.0,82.44,2
U002,7,2025-11-14,Friday,7,8,7,1,6.34,6.85,6.17,0.68,87.5,87.54,2
U003,7,2025-11-14,Friday,7,8,7,1,3.31,3.81,3.15,0.66,87.5,70.49,3
U004,7,2025-11-14,Friday,7,4,3,1,4.93,5.7,4.68,1.02,75.0,76.48,2
U005,7,2025-11-14,Friday,7,8,6,2,5.04,5.45,4.91,0.54,75.0,77.1,3
U006,7,2025-11-14,Friday,7,6,5,1,4.13,4.58,3.98,0.6,83.33,74.06,2
U007,7,2025-11-14,Friday,7,7,5,2,7.01,7.76,6.76,1.0,71.43,87.29,4
U008,7,2025-11-14,Friday,7,7,5,2,4.63,5.64,4.3,1.34,71.43,73.9,1
U009,7,2025-11-14,Friday,7,8,6,2,3.48,4.19,3.25,0.94,75.0,68.33,3
U010,7,2025-11-14,Friday,7,7,6,1,4.93,5.33,4.8,0.53,85.71,79.16,2
U001,7,2025-11-15,Saturday,7,2,1,1,2.1,2.27,2.04,0.23,50.0,54.31,1
U002,7,2025-11-15,Saturday,7,1,0,1,0.64,0.66,0.59,0.2,0.0,33.6,0
U003,7,2025-11-15,Saturday,7,3,2,1,0.46,0.5,0.41,0.2,66.67,49.25,1
U004,7,2025-11-15,Saturday,7,2,1,1,1.17,1.3,1.12,0.2,50.0,49.08,0
U005,7,2025-11-15,Saturday,7,3,2,1,2.77,2.99,2.69,0.3,66.67,62.25,1
U006,7,2025-11-15,Saturday,7,2,1,1,2.08,2.37,1.98,0.39,50.0,54.2,1
U007,7,2025-11-15,Saturday,7,3,2,1,1.76,2.07,1.66,0.41,66.67,56.57,1
U008,7,2025-11-15,Saturday,7,2,1,1,1.52,1.79,1.43,0.36,50.0,51.05,1
U009,7,2025-11-15,Saturday,7,1,0,1,2.26,2.44,2.2,0.24,0.0,42.71,1
U010,7,2025-11-15,Saturday,7,2,1,1,2.55,2.76,2.48,0.28,50.0,56.84,0
U001,8,2025-11-16,Sunday,8,1,0,1,2.32,2.51,2.26,0.25,0.0,43.05,1
U002,8,2025-11-16,Sunday,8,1,0,1,1.55,1.72,1.49,0.23,0.0,38.72,1
U003,8,2025-11-16,Sunday,8,1,0,1,1.79,2.04,1.71,0.33,0.0,40.07,0
U004,8,2025-11-16,Sunday,8,2,1,1,1.72,1.88,1.67,0.21,50.0,52.17,0
U005,8,2025-11-16,Sunday,8,1,0,1,2.46,2.96,2.3,0.66,0.0,43.84,0
U006,8,2025-11-16,Sunday,8,2,1,1,2.92,3.36,2.78,0.58,50.0,58.92,0
U007,8,2025-11-16,Sunday,8,1,0,1,0.86,0.9,0.81,0.2,0.0,34.84,0
U008,8,2025-11-16,Sunday,8,2,1,1,2.17,2.67,2.0,0.67,50.0,54.71,0
U009,8,2025-11-16,Sunday,8,1,0,1,2.6,2.91,2.49,0.42,0.0,44.62,1
U010,8,2025-11-16,Sunday,8,3,2,1,2.89,3.21,2.78,0.43,66.67,62.92,1
U001,8,2025-11-17,Monday,8,6,5,1,4.27,4.61,4.15,0.46,83.33,74.85,4
U002,8,2025-11-17,Monday,8,6,5,1,7.24,7.82,7.04,0.78,83.33,91.56,1
U003,8,2025-11-17,Monday,8,5,4,1,4.09,4.75,3.87,0.88,80.0,73.01,1
U004,8,2025-11-17,Monday,8,4,3,1,3.22,3.72,3.05,0.67,75.0,66.86,1
U005,8,2025-11-17,Monday,8,5,4,1,7.33,8.28,7.01,1.27,80.0,91.23,3
U006,8,2025-11-17,Monday,8,8,6,2,4.88,5.69,4.61,1.08,75.0,76.2,1
U007,8,2025-11-17,Monday,8,6,5,1,6.25,6.76,6.08,0.68,83.33,85.99,3
U008,8,2025-11-17,Monday,8,8,5,3,2.75,3.46,2.52,0.94,62.5,61.09,1
U009,8,2025-11-17,Monday,8,7,6,1,6.17,6.8,5.96,0.84,85.71,86.13,1
U010,8,2025-11-17,Monday,8,5,4,1,4.72,5.12,4.59,0.53,80.0,76.55,1
U001,8,2025-11-18,Tuesday,8,6,5,1,5.45,6.27,5.17,1.1,83.33,81.49,4
U002,8,2025-11-18,Tuesday,8,6,4,2,7.12,7.7,6.93,0.77,66.67,86.72,2
U003,8,2025-11-18,Tuesday,8,8,6,2,4.62,5.27,4.41,0.86,75.0,74.74,2
U004,8,2025-11-18,Tuesday,8,6,5,1,5.75,6.22,5.6,0.62,83.33,83.18,2
U005,8,2025-11-18,Tuesday,8,8,6,2,5.66,6.6,5.34,1.26,75.0,80.59,2
U006,8,2025-11-18,Tuesday,8,7,5,2,3.81,4.42,3.6,0.82,71.43,69.29,3
U007,8,2025-11-18,Tuesday,8,8,6,2,5.08,5.54,4.92,0.62,75.0,77.33,4
U008,8,2025-11-18,Tuesday,8,5,3,2,4.47,5.37,4.17,1.2,60.0,70.14,3
U009,8,2025-11-18,Tuesday,8,6,5,1,6.13,7.18,5.78,1.4,83.33,85.31,3
U010,8,2025-11-18,Tuesday,8,7,5,2,4.16,4.5,4.04,0.46,71.43,71.26,1
U001,8,2025-11-19,Wednesday,8,4,3,1,6.77,7.46,6.54,0.92,75.0,86.83,4
U002,8,2025-11-19,Wednesday,8,5,4,1,5.98,6.6,5.77,0.83,80.0,83.64,1
U003,8,2025-11-19,Wednesday,8,8,4,4,3.53,4.53,3.2,1.33,50.0,62.36,2
U004,8,2025-11-19,Wednesday,8,8,7,1,4.75,5.52,4.5,1.02,87.5,78.59,1
U005,8,2025-11-19,Wednesday,8,5,4,1,8.36,9.21,8.07,1.14,80.0,97.03,3
U006,8,2025-11-19,Wednesday,8,5,3,2,4.7,5.85,4.32,1.53,60.0,71.44,3
U007,8,2025-11-19,Wednesday,8,8,6,2,6.13,6.81,5.91,0.9,75.0,83.23,4
U008,8,2025-11-19,Wednesday,8,4,2,2,5.23,6.47,4.82,1.65,50.0,71.92,4
U009,8,2025-11-19,Wednesday,8,5,4,1,6.89,7.45,6.71,0.74,80.0,88.76,2
U010,8,2025-11-19,Wednesday,8,7,6,1,4.56,4.97,4.42,0.55,85.71,77.08,3
U001,8,2025-11-20,Thursday,8,5,4,1,6.62,7.15,6.44,0.71,80.0,87.24,1
U002,8,2025-11-20,Thursday,8,4,3,1,5.97,6.45,5.81,0.64,75.0,82.33,3
U003,8,2025-11-20,Thursday,8,5,4,1,4.28,4.81,4.1,0.71,80.0,74.08,2
U004,8,2025-11-20,Thursday,8,5,3,2,5.48,6.54,5.13,1.41,60.0,75.83,2
U005,8,2025-11-20,Thursday,8,7,6,1,5.67,6.13,5.52,0.61,85.71,83.32,2
U006,8,2025-11-20,Thursday,8,8,5,3,4.76,5.5,4.52,0.98,62.5,72.4,3
U007,8,2025-11-20,Thursday,8,6,5,1,3.93,4.25,3.82,0.43,83.33,72.94,3
U008,8,2025-11-20,Thursday,8,5,3,2,5.15,6.12,4.82,1.3,60.0,73.97,4
U009,8,2025-11-20,Thursday,8,6,4,2,6.49,7.65,6.1,1.55,66.67,83.17,4
U010,8,2025-11-20,Thursday,8,8,7,1,5.02,5.43,4.89,0.54,87.5,80.11,2
U001,8,2025-11-21,Friday,8,6,5,1,3.54,3.99,3.39,0.6,83.33,70.75,3
U002,8,2025-11-21,Friday,8,6,5,1,6.48,7.01,6.31,0.7,83.33,87.28,2
U003,8,2025-11-21,Friday,8,4,3,1,4.5,5.21,4.27,0.94,75.0,74.06,2
U004,8,2025-11-21,Friday,8,5,3,2,4.26,4.94,4.03,0.91,60.0,68.96,2
U005,8,2025-11-21,Friday,8,8,7,1,6.71,7.27,6.52,0.75,87.5,89.62,4
U006,8,2025-11-21,Friday,8,8,7,1,4.59,5.36,4.34,1.02,87.5,77.69,3
U007,8,2025-11-21,Friday,8,8,6,2,5.09,5.69,4.89,0.8,75.0,77.38,1
U008,8,2025-11-21,Friday,8,5,4,1,5.55,6.14,5.35,0.79,80.0,81.22,4
U009,8,2025-11-21,Friday,8,4,3,1,6.29,7.14,6.0,1.14,75.0,84.13,2
U010,8,2025-11-21,Friday,8,8,6,2,5.64,6.58,5.33,1.25,75.0,80.47,4
U001,8,2025-11-22,Saturday,8,3,2,1,1.49,1.66,1.43,0.23,66.67,55.05,0
U002,8,2025-11-22,Saturday,8,1,0,1,1.81,1.96,1.76,0.2,0.0,40.18,0
U003,8,2025-11-22,Saturday,8,3,2,1,1.41,1.63,1.34,0.29,66.67,54.6,1
U004,8,2025-11-22,Saturday,8,3,2,1,1.0,1.14,0.95,0.2,66.67,52.29,0
U005,8,2025-11-22,Saturday,8,3,2,1,0.5,0.5,0.45,0.2,66.67,49.48,1
U006,8,2025-11-22,Saturday,8,2,1,1,2.24,2.48,2.16,0.32,50.0,55.1,1
U007,8,2025-11-22,Saturday,8,1,0,1,0.71,0.73,0.66,0.2,0.0,33.99,0
U008,8,2025-11-22,Saturday,8,3,2,1,2.62,3.17,2.44,0.73,66.67,61.41,1
U009,8,2025-11-22,Saturday,8,1,0,1,0.49,0.5,0.44,0.2,0.0,32.76,0
U010,8,2025-11-22,Saturday,8,3,2,1,1.63,1.91,1.54,0.37,66.67,55.84,1
U001,9,2025-11-23,Sunday,9,2,1,1,1.07,1.23,1.02,0.21,50.0,48.52,0
U002,9,2025-11-23,Sunday,9,2,1,1,0.82,0.86,0.77,0.2,50.0,47.11,1
U003,9,2025-11-23,Sunday,9,1,0,1,1.97,2.19,1.9,0.29,0.0,41.08,1
U004,9,2025-11-23,Sunday,9,3,2,1,1.28,1.37,1.23,0.2,66.67,53.87,0
U005,9,2025-11-23,Sunday,9,2,1,1,2.25,2.43,2.19,0.24,50.0,55.16,1
U006,9,2025-11-23,Sunday,9,1,0,1,2.52,2.72,2.45,0.27,0.0,44.17,0
U007,9,2025-11-23,Sunday,9,1,0,1,0.5,0.5,0.45,0.2,0.0,32.81,0
U008,9,2025-11-23,Sunday,9,3,2,1,2.84,3.11,2.75,0.36,66.67,62.64,1
U009,9,2025-11-23,Sunday,9,1,0,1,1.71,1.87,1.66,0.21,0.0,39.62,1
U010,9,2025-11-23,Sunday,9,2,1,1,2.55,2.75,2.48,0.27,50.0,56.84,0
U001,9,2025-11-24,Monday,9,6,5,1,5.7,6.16,5.54,0.62,83.33,82.89,1
U002,9,2025-11-24,Monday,9,6,4,2,6.81,7.37,6.63,0.74,66.67,84.97,4
U003,9,2025-11-24,Monday,9,8,7,1,5.27,5.95,5.04,0.91,87.5,81.52,1
U004,9,2025-11-24,Monday,9,4,3,1,6.99,7.93,6.67,1.26,75.0,88.07,3
U005,9,2025-11-24,Monday,9,4,3,1,6.79,7.34,6.61,0.73,75.0,86.94,2
U006,9,2025-11-24,Monday,9,6,5,1,4.8,5.26,4.65,0.61,83.33,77.83,4
U007,9,2025-11-24,Monday,9,5,3,2,6.24,7.29,5.89,1.4,60.0,80.1,4
U008,9,2025-11-24,Monday,9,7,6,1,4.76,5.28,4.59,0.69,85.71,78.2,4
U009,9,2025-11-24,Monday,9,7,5,2,7.31,7.96,7.09,0.87,71.43,88.98,1
U010,9,2025-11-24,Monday,9,4,2,2,5.35,6.34,5.02,1.32,50.0,72.59,2
U001,9,2025-11-25,Tuesday,9,6,4,2,5.71,6.38,5.48,0.9,66.67,78.79,3
U002,9,2025-11-25,Tuesday,9,8,6,2,5.36,5.8,5.22,0.58,75.0,78.9,2
U003,9,2025-11-25,Tuesday,9,6,4,2,4.23,5.27,3.88,1.39,66.67,70.46,2
U004,9,2025-11-25,Tuesday,9,7,5,2,5.76,6.59,5.48,1.11,71.43,80.26,4
U005,9,2025-11-25,Tuesday,9,4,3,1,5.7,6.23,5.52,0.71,75.0,80.81,3
U006,9,2025-11-25,Tuesday,9,7,5,2,4.81,5.89,4.45,1.44,71.43,74.91,4
U007,9,2025-11-25,Tuesday,9,6,4,2,7.12,7.7,6.93,0.77,66.67,86.72,4
U008,9,2025-11-25,Tuesday,9,6,4,2,4.43,5.23,4.16,1.07,66.67,71.59,1
U009,9,2025-11-25,Tuesday,9,6,4,2,6.56,7.24,6.33,0.91,66.67,83.57,2
U010,9,2025-11-25,Tuesday,9,5,4,1,6.0,6.56,5.82,0.74,80.0,83.75,1
U001,9,2025-11-26,Wednesday,9,7,6,1,5.11,5.52,4.97,0.55,85.71,80.17,3
U002,9,2025-11-26,Wednesday,9,8,7,1,6.65,7.19,6.47,0.72,87.5,89.28,4
U003,9,2025-11-26,Wednesday,9,6,4,2,3.06,3.56,2.89,0.67,66.67,63.88,1
U004,9,2025-11-26,Wednesday,9,8,6,2,6.26,6.88,6.06,0.82,75.0,83.96,2
U005,9,2025-11-26,Wednesday,9,4,3,1,6.71,7.26,6.53,0.73,75.0,86.49,4
U006,9,2025-11-26,Wednesday,9,6,4,2,3.32,4.0,3.09,0.91,66.67,65.34,4
U007,9,2025-11-26,Wednesday,9,5,4,1,4.93,5.54,4.73,0.81,80.0,77.73,2
U008,9,2025-11-26,Wednesday,9,7,4,3,5.08,6.67,4.55,2.12,57.14,72.86,1
U009,9,2025-11-26,Wednesday,9,4,3,1,6.33,6.92,6.13,0.79,75.0,84.36,2
U010,9,2025-11-26,Wednesday,9,8,6,2,6.11,6.79,5.89,0.9,75.0,83.12,3
U001,9,2025-11-27,Thursday,9,8,6,2,5.07,5.77,4.83,0.94,75.0,77.27,4
U002,9,2025-11-27,Thursday,9,8,6,2,7.32,7.91,7.12,0.79,75.0,89.93,2
U003,9,2025-11-27,Thursday,9,4,2,2,2.86,3.58,2.62,0.96,50.0,58.59,1
U004,9,2025-11-27,Thursday,9,6,4,2,5.41,6.47,5.06,1.41,66.67,77.1,4
U005,9,2025-11-27,Thursday,9,6,4,2,5.91,6.88,5.59,1.29,66.67,79.91,2
U006,9,2025-11-27,Thursday,9,5,3,2,5.92,7.22,5.49,1.73,60.0,78.3,1
U007,9,2025-11-27,Thursday,9,8,7,1,6.05,6.61,5.87,0.74,87.5,85.91,4
U008,9,2025-11-27,Thursday,9,5,4,1,2.66,3.05,2.53,0.52,80.0,64.96,1
U009,9,2025-11-27,Thursday,9,6,4,2,7.82,8.46,7.61,0.85,66.67,90.66,2
U010,9,2025-11-27,Thursday,9,5,3,2,6.28,7.58,5.85,1.73,60.0,80.33,2
U001,9,2025-11-28,Friday,9,5,4,1,6.08,6.57,5.91,0.66,80.0,84.2,2
U002,9,2025-11-28,Friday,9,8,7,1,5.26,5.69,5.12,0.57,87.5,81.46,4
U003,9,2025-11-28,Friday,9,7,6,1,4.38,5.17,4.12,1.05,85.71,76.06,2
U004,9,2025-11-28,Friday,9,5,3,2,4.14,4.73,3.94,0.79,60.0,68.29,1
U005,9,2025-11-28,Friday,9,4,3,1,6.73,7.28,6.55,0.73,75.0,86.61,2
U006,9,2025-11-28,Friday,9,6,5,1,6.5,7.76,6.08,1.68,83.33,87.39,1
U007,9,2025-11-28,Friday,9,8,7,1,5.14,5.56,5.0,0.56,87.5,80.79,3
U008,9,2025-11-28,Friday,9,6,4,2,6.88,8.57,6.32,2.25,66.67,85.37,1
U009,9,2025-11-28,Friday,9,7,6,1,9.04,10.1,8.69,1.41,85.71,98.0,3
U010,9,2025-11-28,Friday,9,4,3,1,6.3,7.1,6.04,1.06,75.0,84.19,2
U001,9,2025-11-29,Saturday,9,2,1,1,1.82,1.97,1.77,0.2,50.0,52.74,0
U002,9,2025-11-29,Saturday,9,3,2,1,3.3,3.57,3.21,0.36,66.67,65.23,0
U003,9,2025-11-29,Saturday,9,1,0,1,1.81,2.05,1.73,0.32,0.0,40.18,0
U004,9,2025-11-29,Saturday,9,3,2,1,1.36,1.61,1.28,0.33,66.67,54.32,0
U005,9,2025-11-29,Saturday,9,1,0,1,1.4,1.56,1.34,0.22,0.0,37.88,1
U006,9,2025-11-29,Saturday,9,2,1,1,1.3,1.47,1.24,0.23,50.0,49.81,1
U007,9,2025-11-29,Saturday,9,1,0,1,1.5,1.68,1.44,0.24,0.0,38.44,1
U008,9,2025-11-29,Saturday,9,3,2,1,2.15,2.83,1.93,0.9,66.67,58.76,0
U009,9,2025-11-29,Saturday,9,2,1,1,1.91,2.13,1.83,0.3,50.0,53.24,1
U010,9,2025-11-29,Saturday,9,2,1,1,1.34,1.47,1.29,0.2,50.0,50.04,1
U001,10,2025-11-30,Sunday,10,1,0,1,1.47,1.76,1.38,0.38,0.0,38.27,1
U002,10,2025-11-30,Sunday,10,2,1,1,1.76,1.9,1.71,0.2,50.0,52.4,1
U003,10,2025-11-30,Sunday,10,3,2,1,1.42,1.58,1.37,0.21,66.67,54.66,1
U004,10,2025-11-30,Sunday,10,2,1,1,2.5,2.82,2.39,0.43,50.0,56.56,1
U005,10,2025-11-30,Sunday,10,3,2,1,0.95,1.0,0.9,0.2,66.67,52.01,0
U006,10,2025-11-30,Sunday,10,1,0,1,1.96,2.24,1.87,0.37,0.0,41.02,1
U007,10,2025-11-30,Sunday,10,2,1,1,0.56,0.62,0.51,0.2,50.0,45.65,0
U008,10,2025-11-30,Sunday,10,2,1,1,0.94,1.12,0.88,0.24,50.0,47.79,0
U009,10,2025-11-30,Sunday,10,2,1,1,1.39,1.54,1.34,0.2,50.0,50.32,1
U010,10,2025-11-30,Sunday,10,3,2,1,1.49,1.71,1.42,0.29,66.67,55.05,0
U001,10,2025-12-01,Monday,10,4,3,1,7.62,8.6,7.29,1.31,75.0,91.61,1
U002,10,2025-12-01,Monday,10,7,6,1,5.79,6.33,5.61,0.72,85.71,84.0,3
U003,10,2025-12-01,Monday,10,7,5,2,4.0,4.97,3.68,1.29,71.43,70.36,3
U004,10,2025-12-01,Monday,10,5,4,1,3.92,4.36,3.78,0.58,80.0,72.05,1
U005,10,2025-12-01,Monday,10,8,6,2,7.77,8.4,7.56,0.84,75.0,92.46,1
U006,10,2025-12-01,Monday,10,4,3,1,4.96,5.87,4.65,1.22,75.0,76.65,3
U007,10,2025-12-01,Monday,10,4,3,1,5.58,6.23,5.36,0.87,75.0,80.14,2
U008,10,2025-12-01,Monday,10,7,4,3,4.51,5.48,4.19,1.29,57.14,69.65,2
U009,10,2025-12-01,Monday,10,7,6,1,6.35,6.89,6.17,0.72,85.71,87.15,4
U010,10,2025-12-01,Monday,10,6,5,1,5.13,5.63,4.96,0.67,83.33,79.69,1
U001,10,2025-12-02,Tuesday,10,6,5,1,5.1,5.62,4.93,0.69,83.33,79.52,4
U002,10,2025-12-02,Tuesday,10,5,4,1,4.67,5.05,4.54,0.51,80.0,76.27,3
U003,10,2025-12-02,Tuesday,10,8,6,2,4.17,5.01,3.89,1.12,75.0,72.21,4
U004,10,2025-12-02,Tuesday,10,6,5,1,5.53,6.04,5.36,0.68,83.33,81.94,3
U005,10,2025-12-02,Tuesday,10,8,7,1,6.51,7.34,6.23,1.11,87.5,88.49,3
U006,10,2025-12-02,Tuesday,10,4,3,1,4.52,4.99,4.36,0.63,75.0,74.17,3
U007,10,2025-12-02,Tuesday,10,5,3,2,4.61,5.16,4.43,0.73,60.0,70.93,1
U008,10,2025-12-02,Tuesday,10,8,6,2,4.09,4.89,3.83,1.06,75.0,71.76,3
U009,10,2025-12-02,Tuesday,10,8,6,2,6.48,7.01,6.31,0.7,75.0,85.2,4
U010,10,2025-12-02,Tuesday,10,8,6,2,6.54,7.42,6.25,1.17,75.0,85.54,3
U001,10,2025-12-03,Wednesday,10,6,5,1,6.61,7.14,6.43,0.71,83.33,88.01,3
U002,10,2025-12-03,Wednesday,10,5,4,1,8.45,9.13,8.22,0.91,80.0,97.53,3
U003,10,2025-12-03,Wednesday,10,5,4,1,3.63,4.11,3.47,0.64,80.0,70.42,4
U004,10,2025-12-03,Wednesday,10,6,4,2,5.69,6.52,5.41,1.11,66.67,78.67,3
U005,10,2025-12-03,Wednesday,10,5,4,1,6.25,6.76,6.08,0.68,80.0,85.16,1
U006,10,2025-12-03,Wednesday,10,8,6,2,5.7,6.52,5.42,1.1,75.0,80.81,1
U007,10,2025-12-03,Wednesday,10,8,7,1,8.19,9.08,7.89,1.19,87.5,97.94,2
U008,10,2025-12-03,Wednesday,10,8,5,3,4.68,5.62,4.36,1.26,62.5,71.95,3
U009,10,2025-12-03,Wednesday,10,8,6,2,6.51,7.33,6.23,1.1,75.0,85.37,1
U010,10,2025-12-03,Wednesday,10,5,4,1,6.7,7.24,6.52,0.72,80.0,87.69,2
U001,10,2025-12-04,Thursday,10,8,6,2,5.54,6.24,5.3,0.94,75.0,79.91,4
U002,10,2025-12-04,Thursday,10,5,4,1,5.58,6.03,5.43,0.6,80.0,81.39,4
U003,10,2025-12-04,Thursday,10,5,4,1,3.99,4.42,3.85,0.57,80.0,72.44,4
U004,10,2025-12-04,Thursday,10,6,5,1,4.87,5.27,4.74,0.53,83.33,78.23,1
U005,10,2025-12-04,Thursday,10,7,5,2,5.5,6.25,5.25,1.0,71.43,78.8,2
U006,10,2025-12-04,Thursday,10,8,6,2,4.46,5.06,4.26,0.8,75.0,73.84,1
U007,10,2025-12-04,Thursday,10,4,3,1,4.37,5.12,4.12,1.0,75.0,73.33,2
U008,10,2025-12-04,Thursday,10,4,2,2,3.56,4.39,3.29,1.1,50.0,62.52,4
U009,10,2025-12-04,Thursday,10,6,5,1,7.53,8.27,7.28,0.99,83.33,93.19,1
U010,10,2025-12-04,Thursday,10,8,6,2,3.23,3.91,3.0,0.91,75.0,66.92,1
U001,10,2025-12-05,Friday,10,6,5,1,6.82,7.56,6.57,0.99,83.33,89.2,2
U002,10,2025-12-05,Friday,10,8,6,2,5.48,6.03,5.3,0.73,75.0,79.58,1
U003,10,2025-12-05,Friday,10,6,5,1,4.9,5.3,4.77,0.53,83.33,78.39,2
U004,10,2025-12-05,Friday,10,5,4,1,5.75,6.72,5.42,1.3,80.0,82.34,1
U005,10,2025-12-05,Friday,10,6,4,2,7.51,8.23,7.27,0.96,66.67,88.91,3
U006,10,2025-12-05,Friday,10,4,2,2,5.1,5.91,4.83,1.08,50.0,71.19,1
U007,10,2025-12-05,Friday,10,5,4,1,7.15,7.73,6.96,0.77,80.0,90.22,2
U008,10,2025-12-05,Friday,10,8,6,2,4.88,5.61,4.64,0.97,75.0,76.2,1
U009,10,2025-12-05,Friday,10,7,6,1,5.87,6.34,5.71,0.63,85.71,84.45,3
U010,10,2025-12-05,Friday,10,5,4,1,6.82,7.71,6.52,1.19,80.0,88.36,3
U001,10,2025-12-06,Saturday,10,3,2,1,2.16,2.34,2.1,0.24,66.67,58.82,0
U002,10,2025-12-06,Saturday,10,2,1,1,1.68,1.86,1.62,0.24,50.0,51.95,0
U003,10,2025-12-06,Saturday,10,2,1,1,2.88,3.35,2.72,0.63,50.0,58.7,1
U004,10,2025-12-06,Saturday,10,1,0,1,2.26,2.67,2.13,0.54,0.0,42.71,1
U005,10,2025-12-06,Saturday,10,1,0,1,1.75,1.89,1.7,0.2,0.0,39.84,1
U006,10,2025-12-06,Saturday,10,2,1,1,2.98,3.22,2.9,0.32,50.0,59.26,0
U007,10,2025-12-06,Saturday,10,1,0,1,1.77,1.94,1.71,0.23,0.0,39.96,0
U008,10,2025-12-06,Saturday,10,2,1,1,2.17,2.62,2.02,0.6,50.0,54.71,1
U009,10,2025-12-06,Saturday,10,1,0,1,2.75,3.06,2.64,0.42,0.0,45.47,0
U010,10,2025-12-06,Saturday,10,1,0,1,1.81,1.96,1.76,0.2,0.0,40.18,1
U001,11,2025-12-07,Sunday,11,3,2,1,2.11,2.28,2.05,0.23,66.67,58.54,1
U002,11,2025-12-07,Sunday,11,2,1,1,1.53,1.65,1.48,0.2,50.0,51.11,0
U003,11,2025-12-07,Sunday,11,2,1,1,2.48,2.73,2.39,0.34,50.0,56.45,1
U004,11,2025-12-07,Sunday,11,2,1,1,1.35,1.52,1.29,0.23,50.0,50.09,1
U005,11,2025-12-07,Sunday,11,3,2,1,2.44,2.64,2.38,0.26,66.67,60.39,0
U006,11,2025-12-07,Sunday,11,2,1,1,1.48,1.83,1.36,0.47,50.0,50.83,0
U007,11,2025-12-07,Sunday,11,3,2,1,2.21,2.42,2.14,0.28,66.67,59.1,0
U008,11,2025-12-07,Sunday,11,2,1,1,0.98,1.24,0.89,0.35,50.0,48.01,0
U009,11,2025-12-07,Sunday,11,1,0,1,0.57,0.58,0.52,0.2,0.0,33.21,0
U010,11,2025-12-07,Sunday,11,2,1,1,0.49,0.5,0.44,0.2,50.0,45.26,0
U001,11,2025-12-08,Monday,11,7,5,2,5.87,6.38,5.7,0.68,71.43,80.88,2
U002,11,2025-12-08,Monday,11,4,3,1,5.81,6.28,5.65,0.63,75.0,81.43,1
U003,11,2025-12-08,Monday,11,5,4,1,6.5,7.03,6.33,0.7,80.0,86.56,1
U004,11,2025-12-08,Monday,11,8,7,1,3.73,4.03,3.63,0.4,87.5,72.86,3
U005,11,2025-12-08,Monday,11,8,6,2,6.51,7.27,6.26,1.01,75.0,85.37,2
U006,11,2025-12-08,Monday,11,5,4,1,7.01,7.69,6.78,0.91,80.0,89.43,1
U007,11,2025-12-08,Monday,11,7,5,2,6.39,7.08,6.16,0.92,71.43,83.8,4
U008,11,2025-12-08,Monday,11,4,3,1,4.26,4.88,4.06,0.82,75.0,72.71,3
U009,11,2025-12-08,Monday,11,5,4,1,5.87,6.35,5.71,0.64,80.0,83.02,3
U010,11,2025-12-08,Monday,11,8,7,1,5.1,5.51,4.96,0.55,87.5,80.56,2
U001,11,2025-12-09,Tuesday,11,8,6,2,5.17,6.11,4.86,1.25,75.0,77.83,4
U002,11,2025-12-09,Tuesday,11,5,4,1,8.09,8.74,7.87,0.87,80.0,95.51,1
U003,11,2025-12-09,Tuesday,11,6,4,2,3.84,4.43,3.65,0.78,66.67,68.27,4
U004,11,2025-12-09,Tuesday,11,7,5,2,4.72,5.1,4.59,0.51,71.43,74.41,4
U005,11,2025-12-09,Tuesday,11,8,6,2,6.42,6.94,6.25,0.69,75.0,84.86,4
U006,11,2025-12-09,Tuesday,11,6,5,1,4.78,5.31,4.6,0.71,83.33,77.72,1
U007,11,2025-12-09,Tuesday,11,8,6,2,5.95,6.8,5.67,1.13,75.0,82.22,1
U008,11,2025-12-09,Tuesday,11,7,4,3,4.42,5.19,4.16,1.03,57.14,69.15,4
U009,11,2025-12-09,Tuesday,11,6,5,1,6.71,7.25,6.53,0.72,83.33,88.58,1
U010,11,2025-12-09,Tuesday,11,4,3,1,4.96,5.42,4.81,0.61,75.0,76.65,2
U001,11,2025-12-10,Wednesday,11,5,4,1,5.16,5.58,5.02,0.56,80.0,79.03,1
U002,11,2025-12-10,Wednesday,11,8,7,1,6.34,6.85,6.17,0.68,87.5,87.54,3
U003,11,2025-12-10,Wednesday,11,5,4,1,2.48,2.72,2.4,0.32,80.0,63.95,1
U004,11,2025-12-10,Wednesday,11,5,3,2,5.83,7.05,5.42,1.63,60.0,77.79,2
U005,11,2025-12-10,Wednesday,11,7,6,1,8.02,8.72,7.78,0.94,85.71,96.54,1
U006,11,2025-12-10,Wednesday,11,5,4,1,4.33,4.91,4.14,0.77,80.0,74.36,2
U007,11,2025-12-10,Wednesday,11,7,6,1,8.2,8.9,7.96,0.94,85.71,97.55,2
U008,11,2025-12-10,Wednesday,11,7,6,1,5.19,5.94,4.94,1.0,85.71,80.62,1
U009,11,2025-12-10,Wednesday,11,6,5,1,5.12,5.75,4.91,0.84,83.33,79.63,2
U010,11,2025-12-10,Wednesday,11,4,3,1,4.08,4.6,3.91,0.69,75.0,71.7,4
U001,11,2025-12-11,Thursday,11,8,6,2,5.56,6.01,5.41,0.6,75.0,80.03,2
U002,11,2025-12-11,Thursday,11,6,4,2,6.17,6.75,5.97,0.78,66.67,81.37,4
U003,11,2025-12-11,Thursday,11,4,3,1,4.05,4.39,3.94,0.45,75.0,71.53,2
U004,11,2025-12-11,Thursday,11,8,7,1,4.63,5.31,4.41,0.9,87.5,77.92,2
U005,11,2025-12-11,Thursday,11,5,4,1,5.95,6.63,5.72,0.91,80.0,83.47,1
U006,11,2025-12-11,Thursday,11,5,4,1,4.7,5.19,4.54,0.65,80.0,76.44,1
U007,11,2025-12-11,Thursday,11,8,6,2,5.53,6.09,5.35,0.74,75.0,79.86,1
U008,11,2025-12-11,Thursday,11,5,4,1,6.1,6.85,5.85,1.0,80.0,84.31,3
U009,11,2025-12-11,Thursday,11,8,7,1,6.07,6.56,5.9,0.66,87.5,86.02,2
U010,11,2025-12-11,Thursday,11,8,6,2,4.09,4.45,3.97,0.48,75.0,71.76,4
U001,11,2025-12-12,Friday,11,8,6,2,5.86,6.6,5.61,0.99,75.0,81.71,2
U002,11,2025-12-12,Friday,11,8,6,2,5.54,6.23,5.31,0.92,75.0,79.91,4
U003,11,2025-12-12,Friday,11,5,4,1,5.69,6.92,5.28,1.64,80.0,82.01,3
U004,11,2025-12-12,Friday,11,6,4,2,5.91,6.52,5.71,0.81,66.67,79.91,3
U005,11,2025-12-12,Friday,11,4,3,1,7.36,7.96,7.16,0.8,75.0,90.15,1
U006,11,2025-12-12,Friday,11,8,7,1,5.21,6.02,4.94,1.08,87.5,81.18,2
U007,11,2025-12-12,Friday,11,4,3,1,6.13,6.76,5.92,0.84,75.0,83.23,4
U008,11,2025-12-12,Friday,11,7,6,1,3.73,4.22,3.56,0.66,85.71,72.41,4
U009,11,2025-12-12,Friday,11,5,4,1,6.67,7.21,6.49,0.72,80.0,87.52,3
U010,11,2025-12-12,Friday,11,6,5,1,5.6,6.11,5.43,0.68,83.33,82.33,1
U001,11,2025-12-13,Saturday,11,2,1,1,0.64,0.66,0.59,0.2,50.0,46.1,1
U002,11,2025-12-13,Saturday,11,1,0,1,3.09,3.34,3.01,0.33,0.0,47.38,0
U003,11,2025-12-13,Saturday,11,3,2,1,2.27,2.71,2.12,0.59,66.67,59.44,1
U004,11,2025-12-13,Saturday,11,1,0,1,1.11,1.18,1.06,0.2,0.0,36.24,1
U005,11,2025-12-13,Saturday,11,1,0,1,2.14,2.31,2.08,0.23,0.0,42.04,0
U006,11,2025-12-13,Saturday,11,3,2,1,1.43,1.57,1.38,0.2,66.67,54.71,0
U007,11,2025-12-13,Saturday,11,2,1,1,1.59,1.76,1.54,0.22,50.0,51.44,1
U008,11,2025-12-13,Saturday,11,3,2,1,0.81,0.93,0.76,0.2,66.67,51.22,0
U009,11,2025-12-13,Saturday,11,2,1,1,1.43,1.53,1.38,0.2,50.0,50.54,1
U010,11,2025-12-13,Saturday,11,2,1,1,2.1,2.36,2.01,0.35,50.0,54.31,1
U001,12,2025-12-14,Sunday,12,2,1,1,2.56,3.09,2.38,0.71,50.0,56.9,1
U002,12,2025-12-14,Sunday,12,2,1,1,2.46,2.66,2.39,0.27,50.0,56.34,0
U003,12,2025-12-14,Sunday,12,2,1,1,3.44,3.97,3.27,0.7,50.0,61.85,0
U004,12,2025-12-14,Sunday,12,3,2,1,0.87,1.01,0.82,0.2,66.67,51.56,0
U005,12,2025-12-14,Sunday,12,1,0,1,2.15,2.32,2.09,0.23,0.0,42.09,0
U006,12,2025-12-14,Sunday,12,1,0,1,1.18,1.32,1.13,0.2,0.0,36.64,0
U007,12,2025-12-14,Sunday,12,3,2,1,2.3,2.49,2.24,0.25,66.67,59.61,0
U008,12,2025-12-14,Sunday,12,3,2,1,1.17,1.34,1.11,0.23,66.67,53.25,1
U009,12,2025-12-14,Sunday,12,1,0,1,1.55,1.67,1.5,0.2,0.0,38.72,0
U010,12,2025-12-14,Sunday,12,1,0,1,2.09,2.26,2.03,0.23,0.0,41.76,0
U001,12,2025-12-15,Monday,12,5,4,1,4.59,4.97,4.47,0.5,80.0,75.82,2
U002,12,2025-12-15,Monday,12,7,5,2,5.91,6.39,5.75,0.64,71.43,81.1,3
U003,12,2025-12-15,Monday,12,4,3,1,5.26,6.08,4.99,1.09,75.0,78.34,2
U004,12,2025-12-15,Monday,12,6,5,1,5.97,6.89,5.66,1.23,83.33,84.41,1
U005,12,2025-12-15,Monday,12,6,5,1,8.38,9.05,8.15,0.9,83.33,97.97,2
U006,12,2025-12-15,Monday,12,7,5,2,4.87,5.69,4.59,1.1,71.43,75.25,2
U007,12,2025-12-15,Monday,12,4,3,1,3.68,4.12,3.53,0.59,75.0,69.45,1
U008,12,2025-12-15,Monday,12,4,3,1,4.62,5.27,4.4,0.87,75.0,74.74,4
U009,12,2025-12-15,Monday,12,5,4,1,6.01,6.5,5.85,0.65,80.0,83.81,4
U010,12,2025-12-15,Monday,12,5,3,2,4.83,5.48,4.61,0.87,60.0,72.17,2
U001,12,2025-12-16,Tuesday,12,6,5,1,6.63,7.4,6.37,1.03,83.33,88.13,3
U002,12,2025-12-16,Tuesday,12,4,3,1,6.98,7.54,6.79,0.75,75.0,88.01,4
U003,12,2025-12-16,Tuesday,12,5,3,2,4.5,5.32,4.22,1.1,60.0,70.31,4
U004,12,2025-12-16,Tuesday,12,5,4,1,4.15,4.58,4.01,0.57,80.0,73.34,3
U005,12,2025-12-16,Tuesday,12,7,5,2,6.0,6.69,5.77,0.92,71.43,81.61,1
U006,12,2025-12-16,Tuesday,12,6,4,2,4.55,4.92,4.43,0.49,66.67,72.26,1
U007,12,2025-12-16,Tuesday,12,8,6,2,5.68,6.24,5.49,0.75,75.0,80.7,3
U008,12,2025-12-16,Tuesday,12,7,5,2,5.02,5.94,4.71,1.23,71.43,76.09,4
U009,12,2025-12-16,Tuesday,12,6,4,2,7.63,8.54,7.33,1.21,66.67,89.59,4
U010,12,2025-12-16,Tuesday,12,7,6,1,5.68,6.43,5.43,1.0,85.71,83.38,4
U001,12,2025-12-17,Wednesday,12,7,5,2,7.04,8.27,6.63,1.64,71.43,87.46,1
U002,12,2025-12-17,Wednesday,12,6,5,1,6.88,7.44,6.7,0.74,83.33,89.53,4
U003,12,2025-12-17,Wednesday,12,6,4,2,3.79,4.13,3.68,0.45,66.67,67.99,1
U004,12,2025-12-17,Wednesday,12,8,7,1,5.05,5.46,4.91,0.55,87.5,80.28,3
U005,12,2025-12-17,Wednesday,12,8,6,2,6.12,6.7,5.92,0.78,75.0,83.17,2
U006,12,2025-12-17,Wednesday,12,8,6,2,4.71,5.09,4.58,0.51,75.0,75.24,4
U007,12,2025-12-17,Wednesday,12,6,5,1,5.39,6.0,5.19,0.81,83.33,81.15,1
U008,12,2025-12-17,Wednesday,12,6,4,2,5.41,6.68,4.98,1.7,66.67,77.1,3
U009,12,2025-12-17,Wednesday,12,8,6,2,4.58,4.95,4.46,0.49,75.0,74.51,2
U010,12,2025-12-17,Wednesday,12,4,3,1,3.93,4.62,3.7,0.92,75.0,70.86,1
U001,12,2025-12-18,Thursday,12,5,4,1,6.71,7.25,6.53,0.72,80.0,87.74,2
U002,12,2025-12-18,Thursday,12,5,4,1,7.32,7.91,7.12,0.79,80.0,91.18,4
U003,12,2025-12-18,Thursday,12,4,2,2,6.47,7.48,6.13,1.35,50.0,78.89,4
U004,12,2025-12-18,Thursday,12,4,3,1,5.16,5.97,4.89,1.08,75.0,77.78,3
U005,12,2025-12-18,Thursday,12,6,4,2,6.08,6.76,5.85,0.91,66.67,80.87,1
U006,12,2025-12-18,Thursday,12,4,3,1,5.38,6.1,5.14,0.96,75.0,79.01,1
U007,12,2025-12-18,Thursday,12,6,4,2,5.34,6.43,4.98,1.45,66.67,76.7,4
U008,12,2025-12-18,Thursday,12,5,4,1,5.37,6.13,5.11,1.02,80.0,80.21,4
U009,12,2025-12-18,Thursday,12,4,3,1,7.38,7.98,7.18,0.8,75.0,90.26,3
U010,12,2025-12-18,Thursday,12,8,6,2,5.6,6.17,5.41,0.76,75.0,80.25,4
U001,12,2025-12-19,Friday,12,8,5,3,5.49,6.46,5.17,1.29,62.5,76.51,4
U002,12,2025-12-19,Friday,12,8,7,1,5.78,6.24,5.62,0.62,87.5,84.39,1
U003,12,2025-12-19,Friday,12,6,4,2,3.27,3.85,3.08,0.77,66.67,65.06,1
U004,12,2025-12-19,Friday,12,5,4,1,3.78,4.09,3.68,0.41,80.0,71.26,1
U005,12,2025-12-19,Friday,12,5,4,1,7.16,7.86,6.92,0.94,80.0,90.28,3
U006,12,2025-12-19,Friday,12,4,3,1,3.94,4.35,3.8,0.55,75.0,70.91,3
U007,12,2025-12-19,Friday,12,7,6,1,3.63,3.92,3.53,0.39,85.71,71.85,3
U008,12,2025-12-19,Friday,12,7,5,2,4.56,5.57,4.22,1.35,71.43,73.51,4
U009,12,2025-12-19,Friday,12,5,4,1,6.64,7.37,6.4,0.97,80.0,87.35,3
U010,12,2025-12-19,Friday,12,5,4,1,6.3,6.81,6.13,0.68,80.0,85.44,1
U001,12,2025-12-20,Saturday,12,2,1,1,2.4,2.59,2.33,0.26,50.0,56.0,0
U002,12,2025-12-20,Saturday,12,1,0,1,1.99,2.16,1.94,0.22,0.0,41.19,1
U003,12,2025-12-20,Saturday,12,1,0,1,2.13,2.46,2.02,0.44,0.0,41.98,1
U004,12,2025-12-20,Saturday,12,3,2,1,1.82,2.14,1.71,0.43,66.67,56.91,0
U005,12,2025-12-20,Saturday,12,3,2,1,2.88,3.25,2.75,0.5,66.67,62.87,1
U006,12,2025-12-20,Saturday,12,2,1,1,2.19,2.43,2.11,0.32,50.0,54.82,1
U007,12,2025-12-20,Saturday,12,1,0,1,1.3,1.46,1.25,0.21,0.0,37.31,0
U008,12,2025-12-20,Saturday,12,3,2,1,1.78,1.95,1.72,0.23,66.67,56.68,1
U009,12,2025-12-20,Saturday,12,2,1,1,2.69,2.91,2.62,0.29,50.0,57.63,1
U010,12,2025-12-20,Saturday,12,3,2,1,2.78,3.19,2.64,0.55,66.67,62.31,1
U001,13,2025-12-21,Sunday,13,2,1,1,1.06,1.23,1.01,0.22,50.0,48.46,1
U002,13,2025-12-21,Sunday,13,3,2,1,2.02,2.25,1.95,0.3,66.67,58.03,1
U003,13,2025-12-21,Sunday,13,1,0,1,2.63,3.04,2.5,0.54,0.0,44.79,1
U004,13,2025-12-21,Sunday,13,3,2,1,1.99,2.16,1.93,0.23,66.67,57.86,1
U005,13,2025-12-21,Sunday,13,1,0,1,2.17,2.43,2.09,0.34,0.0,42.21,1
U006,13,2025-12-21,Sunday,13,3,2,1,1.37,1.47,1.32,0.2,66.67,54.37,0
U007,13,2025-12-21,Sunday,13,2,1,1,1.24,1.34,1.19,0.2,50.0,49.48,0
U008,13,2025-12-21,Sunday,13,3,2,1,2.25,2.65,2.12,0.53,66.67,59.32,0
U009,13,2025-12-21,Sunday,13,1,0,1,1.91,2.22,1.81,0.41,0.0,40.74,1
U010,13,2025-12-21,Sunday,13,2,1,1,1.96,2.22,1.87,0.35,50.0,53.52,0
U001,13,2025-12-22,Monday,13,6,5,1,6.75,7.67,6.44,1.23,83.33,88.8,3
U002,13,2025-12-22,Monday,13,6,4,2,5.57,6.27,5.33,0.94,66.67,78.0,4
U003,13,2025-12-22,Monday,13,4,3,1,5.13,5.95,4.86,1.09,75.0,77.61,2
U004,13,2025-12-22,Monday,13,8,6,2,5.46,6.4,5.15,1.25,75.0,79.46,2
U005,13,2025-12-22,Monday,13,4,3,1,6.34,6.92,6.15,0.77,75.0,84.41,2
U006,13,2025-12-22,Monday,13,4,3,1,7.53,8.15,7.32,0.83,75.0,91.11,1
U007,13,2025-12-22,Monday,13,6,5,1,6.99,7.56,6.8,0.76,83.33,90.15,3
U008,13,2025-12-22,Monday,13,8,5,3,4.87,5.79,4.56,1.23,62.5,73.02,4
U009,13,2025-12-22,Monday,13,6,5,1,7.39,8.04,7.17,0.87,83.33,92.4,3
U010,13,2025-12-22,Monday,13,8,7,1,6.94,7.5,6.75,0.75,87.5,90.91,3
U001,13,2025-12-23,Tuesday,13,7,5,2,4.97,5.52,4.79,0.73,71.43,75.81,3
U002,13,2025-12-23,Tuesday,13,7,6,1,6.34,7.09,6.09,1.0,85.71,87.09,2
U003,13,2025-12-23,Tuesday,13,7,6,1,5.27,5.77,5.1,0.67,85.71,81.07,4
U004,13,2025-12-23,Tuesday,13,6,5,1,4.66,5.34,4.43,0.91,83.33,77.05,2
U005,13,2025-12-23,Tuesday,13,4,3,1,7.85,8.49,7.64,0.85,75.0,92.91,3
U006,13,2025-12-23,Tuesday,13,8,6,2,6.46,7.33,6.17,1.16,75.0,85.09,1
U007,13,2025-12-23,Tuesday,13,6,5,1,5.47,5.91,5.32,0.59,83.33,81.6,3
U008,13,2025-12-23,Tuesday,13,7,5,2,3.43,4.03,3.23,0.8,71.43,67.15,1
U009,13,2025-12-23,Tuesday,13,6,5,1,6.62,7.32,6.39,0.93,83.33,88.07,2
U010,13,2025-12-23,Tuesday,13,4,3,1,5.14,5.85,4.9,0.95,75.0,77.66,1
U001,13,2025-12-24,Wednesday,13,6,5,1,8.31,9.31,7.98,1.33,83.33,97.58,2
U002,13,2025-12-24,Wednesday,13,8,7,1,6.05,6.54,5.89,0.65,87.5,85.91,1
U003,13,2025-12-24,Wednesday,13,4,3,1,5.31,6.35,4.96,1.39,75.0,78.62,4
U004,13,2025-12-24,Wednesday,13,4,2,2,4.65,5.35,4.42,0.93,50.0,68.66,1
U005,13,2025-12-24,Wednesday,13,8,7,1,7.12,7.7,6.93,0.77,87.5,91.92,1
U006,13,2025-12-24,Wednesday,13,6,5,1,5.48,6.15,5.26,0.89,83.33,81.66,1
U007,13,2025-12-24,Wednesday,13,4,3,1,6.75,7.37,6.55,0.82,75.0,86.72,1
U008,13,2025-12-24,Wednesday,13,8,6,2,5.78,6.81,5.44,1.37,75.0,81.26,4
U009,13,2025-12-24,Wednesday,13,7,6,1,4.82,5.52,4.58,0.94,85.71,78.54,3
U010,13,2025-12-24,Wednesday,13,6,4,2,4.48,4.93,4.33,0.6,66.67,71.87,3
U001,13,2025-12-25,Thursday,13,7,6,1,4.72,5.24,4.55,0.69,85.71,77.98,2
U002,13,2025-12-25,Thursday,13,5,4,1,7.36,7.96,7.16,0.8,80.0,91.4,1
U003,13,2025-12-25,Thursday,13,5,3,2,4.73,5.69,4.41,1.28,60.0,71.61,2
U004,13,2025-12-25,Thursday,13,8,6,2,4.92,5.45,4.75,0.7,75.0,76.42,1
U005,13,2025-12-25,Thursday,13,6,5,1,4.96,5.37,4.83,0.54,83.33,78.73,2
U006,13,2025-12-25,Thursday,13,8,7,1,6.54,7.32,6.28,1.04,87.5,88.66,4
U007,13,2025-12-25,Thursday,13,6,5,1,8.12,8.78,7.9,0.88,83.33,96.51,3
U008,13,2025-12-25,Thursday,13,5,3,2,5.43,6.28,5.15,1.13,60.0,75.54,2
U009,13,2025-12-25,Thursday,13,5,4,1,5.91,6.43,5.74,0.69,80.0,83.24,3
U010,13,2025-12-25,Thursday,13,7,5,2,6.44,7.44,6.11,1.33,71.43,84.08,3
U001,13,2025-12-26,Friday,13,8,6,2,5.4,6.47,5.04,1.43,75.0,79.12,1
U002,13,2025-12-26,Friday,13,7,6,1,7.51,8.16,7.29,0.87,85.71,93.67,3
U003,13,2025-12-26,Friday,13,4,3,1,3.31,4.13,3.04,1.09,75.0,67.37,2
U004,13,2025-12-26,Friday,13,5,4,1,6.55,7.26,6.31,0.95,80.0,86.84,4
U005,13,2025-12-26,Friday,13,4,3,1,5.33,5.77,5.19,0.58,75.0,78.73,4
U006,13,2025-12-26,Friday,13,7,5,2,6.03,7.03,5.7,1.33,71.43,81.78,1
U007,13,2025-12-26,Friday,13,6,5,1,5.33,6.12,5.07,1.05,83.33,80.81,1
U008,13,2025-12-26,Friday,13,8,6,2,2.44,2.96,2.27,0.69,75.0,62.48,4
U009,13,2025-12-26,Friday,13,5,4,1,5.08,5.7,4.87,0.83,80.0,78.58,3
U010,13,2025-12-26,Friday,13,5,4,1,3.47,3.75,3.38,0.37,80.0,69.52,1
U001,13,2025-12-27,Saturday,13,2,1,1,1.79,1.93,1.74,0.2,50.0,52.57,0
U002,13,2025-12-27,Saturday,13,2,1,1,2.74,2.96,2.66,0.3,50.0,57.91,0
U003,13,2025-12-27,Saturday,13,3,2,1,1.68,2.06,1.55,0.51,66.67,56.12,1
U004,13,2025-12-27,Saturday,13,3,2,1,0.89,0.99,0.84,0.2,66.67,51.67,0
U005,13,2025-12-27,Saturday,13,3,2,1,1.35,1.58,1.27,0.31,66.67,54.26,1
U006,13,2025-12-27,Saturday,13,3,2,1,2.51,2.79,2.42,0.37,66.67,60.79,0
U007,13,2025-12-27,Saturday,13,3,2,1,1.21,1.4,1.15,0.25,66.67,53.47,1
U008,13,2025-12-27,Saturday,13,3,2,1,1.97,2.14,1.92,0.22,66.67,57.75,0
U009,13,2025-12-27,Saturday,13,2,1,1,2.5,2.7,2.43,0.27,50.0,56.56,0
U010,13,2025-12-27,Saturday,13,2,1,1,0.5,0.53,0.45,0.2,50.0,45.31,0
U001,14,2025-12-28,Sunday,14,1,0,1,2.14,2.49,2.02,0.47,0.0,42.04,0
U002,14,2025-12-28,Sunday,14,1,0,1,0.5,0.5,0.45,0.2,0.0,32.81,1
U003,14,2025-12-28,Sunday,14,3,2,1,1.41,1.8,1.28,0.52,66.67,54.6,0
U004,14,2025-12-28,Sunday,14,3,2,1,2.05,2.39,1.94,0.45,66.67,58.2,1
U005,14,2025-12-28,Sunday,14,2,1,1,2.74,2.96,2.66,0.3,50.0,57.91,1
U006,14,2025-12-28,Sunday,14,3,2,1,1.25,1.33,1.2,0.2,66.67,53.7,1
U007,14,2025-12-28,Sunday,14,2,1,1,1.94,2.15,1.87,0.28,50.0,53.41,0
U008,14,2025-12-28,Sunday,14,2,1,1,1.08,1.3,1.01,0.29,50.0,48.58,0
U009,14,2025-12-28,Sunday,14,3,2,1,1.98,2.14,1.93,0.21,66.67,57.81,0
U010,14,2025-12-28,Sunday,14,3,2,1,2.0,2.38,1.87,0.51,66.67,57.92,0
U001,14,2025-12-29,Monday,14,7,6,1,7.21,7.8,7.02,0.78,85.71,91.98,2
U002,14,2025-12-29,Monday,14,4,3,1,6.86,7.42,6.68,0.74,75.0,87.34,4
U003,14,2025-12-29,Monday,14,7,6,1,4.87,5.48,4.66,0.82,85.71,78.82,4
U004,14,2025-12-29,Monday,14,5,4,1,7.02,7.59,6.83,0.76,80.0,89.49,1
U005,14,2025-12-29,Monday,14,4,3,1,4.71,5.2,4.55,0.65,75.0,75.24,1
U006,14,2025-12-29,Monday,14,6,3,3,3.25,4.07,2.98,1.09,50.0,60.78,1
U007,14,2025-12-29,Monday,14,4,3,1,6.67,7.55,6.38,1.17,75.0,86.27,3
U008,14,2025-12-29,Monday,14,6,4,2,4.35,4.81,4.2,0.61,66.67,71.14,2
U009,14,2025-12-29,Monday,14,7,6,1,6.71,7.26,6.53,0.73,85.71,89.17,4
U010,14,2025-12-29,Monday,14,6,4,2,6.25,7.23,5.92,1.31,66.67,81.82,4
U001,14,2025-12-30,Tuesday,14,8,6,2,5.84,6.66,5.57,1.09,75.0,81.6,4
U002,14,2025-12-30,Tuesday,14,4,3,1,7.7,8.32,7.49,0.83,75.0,92.06,1
U003,14,2025-12-30,Tuesday,14,6,4,2,4.78,5.6,4.51,1.09,66.67,73.56,1
U004,14,2025-12-30,Tuesday,14,5,3,2,6.05,6.79,5.8,0.99,60.0,79.03,4
U005,14,2025-12-30,Tuesday,14,5,4,1,5.7,6.16,5.54,0.62,80.0,82.06,1
U006,14,2025-12-30,Tuesday,14,6,4,2,5.06,5.64,4.87,0.77,66.67,75.13,3
U007,14,2025-12-30,Tuesday,14,6,5,1,8.43,9.23,8.16,1.07,83.33,98.0,4
U008,14,2025-12-30,Tuesday,14,8,7,1,2.99,3.43,2.84,0.59,87.5,68.69,4
U009,14,2025-12-30,Tuesday,14,5,4,1,8.05,8.7,7.83,0.87,80.0,95.28,3
U010,14,2025-12-30,Tuesday,14,5,4,1,5.55,6.48,5.24,1.24,80.0,81.22,1
U001,14,2025-12-31,Wednesday,14,7,6,1,5.56,6.01,5.41,0.6,85.71,82.7,3
U002,14,2025-12-31,Wednesday,14,5,4,1,6.12,6.62,5.96,0.66,80.0,84.42,2
U003,14,2025-12-31,Wednesday,14,5,4,1,4.77,5.3,4.59,0.71,80.0,76.83,1
U004,14,2025-12-31,Wednesday,14,4,3,1,8.47,9.33,8.18,1.15,75.0,96.39,2
U005,14,2025-12-31,Wednesday,14,4,3,1,5.39,5.83,5.25,0.58,75.0,79.07,1
U006,14,2025-12-31,Wednesday,14,7,5,2,4.62,5.55,4.31,1.24,71.43,73.84,4
U007,14,2025-12-31,Wednesday,14,4,3,1,5.59,6.19,5.39,0.8,75.0,80.19,3
U008,14,2025-12-31,Wednesday,14,5,3,2,5.16,6.1,4.85,1.25,60.0,74.03,3
U009,14,2025-12-31,Wednesday,14,7,5,2,6.28,7.35,5.92,1.43,71.43,83.18,2
U010,14,2025-12-31,Wednesday,14,8,6,2,4.12,4.9,3.86,1.04,75.0,71.92,2
U001,14,2026-01-01,Thursday,14,6,4,2,8.16,8.82,7.94,0.88,66.67,92.57,4
U002,14,2026-01-01,Thursday,14,8,7,1,7.54,8.16,7.34,0.82,87.5,94.29,1
U003,14,2026-01-01,Thursday,14,7,6,1,4.58,5.17,4.38,0.79,85.71,77.19,1
U004,14,2026-01-01,Thursday,14,6,5,1,6.16,7.4,5.75,1.65,83.33,85.48,2
U005,14,2026-01-01,Thursday,14,4,3,1,7.4,8.0,7.2,0.8,75.0,90.38,4
U006,14,2026-01-01,Thursday,14,8,6,2,5.37,6.61,4.96,1.65,75.0,78.96,4
U007,14,2026-01-01,Thursday,14,8,6,2,6.13,7.26,5.75,1.51,75.0,83.23,3
U008,14,2026-01-01,Thursday,14,5,4,1,4.21,4.88,3.98,0.9,80.0,73.68,2
U009,14,2026-01-01,Thursday,14,8,7,1,7.42,8.04,7.21,0.83,87.5,93.61,4
U010,14,2026-01-01,Thursday,14,4,3,1,5.33,5.95,5.12,0.83,75.0,78.73,1
U001,14,2026-01-02,Friday,14,4,3,1,5.99,6.48,5.83,0.65,75.0,82.44,3
U002,14,2026-01-02,Friday,14,6,4,2,4.71,5.11,4.58,0.53,66.67,73.16,4
U003,14,2026-01-02,Friday,14,6,5,1,4.59,5.45,4.3,1.15,83.33,76.65,3
U004,14,2026-01-02,Friday,14,4,3,1,5.27,6.0,5.03,0.97,75.0,78.39,3
U005,14,2026-01-02,Friday,14,6,5,1,6.08,6.57,5.91,0.66,83.33,85.03,4
U006,14,2026-01-02,Friday,14,6,5,1,6.87,7.72,6.59,1.13,83.33,89.48,4
U007,14,2026-01-02,Friday,14,7,6,1,5.5,5.95,5.35,0.6,85.71,82.36,3
U008,14,2026-01-02,Friday,14,5,3,2,3.69,4.16,3.53,0.63,60.0,65.76,1
U009,14,2026-01-02,Friday,14,5,4,1,7.36,7.95,7.16,0.79,80.0,91.4,4
U010,14,2026-01-02,Friday,14,6,4,2,5.63,6.41,5.37,1.04,66.67,78.34,3
U001,14,2026-01-03,Saturday,14,2,1,1,2.62,2.93,2.52,0.41,50.0,57.24,1
U002,14,2026-01-03,Saturday,14,3,2,1,1.43,1.53,1.38,0.2,66.67,54.71,1
U003,14,2026-01-03,Saturday,14,2,1,1,3.01,3.33,2.9,0.43,50.0,59.43,0
U004,14,2026-01-03,Saturday,14,2,1,1,2.68,3.02,2.56,0.46,50.0,57.58,0
U005,14,2026-01-03,Saturday,14,1,0,1,2.86,3.09,2.78,0.31,0.0,46.09,0
U006,14,2026-01-03,Saturday,14,2,1,1,1.26,1.6,1.15,0.45,50.0,49.59,0
U007,14,2026-01-03,Saturday,14,1,0,1,1.49,1.6,1.44,0.2,0.0,38.38,0
U008,14,2026-01-03,Saturday,14,3,2,1,1.65,1.92,1.56,0.36,66.67,55.95,0
U009,14,2026-01-03,Saturday,14,1,0,1,1.64,1.77,1.59,0.2,0.0,39.23,0
U010,14,2026-01-03,Saturday,14,3,2,1,2.04,2.38,1.92,0.46,66.67,58.14,1
U001,15,2026-01-04,Sunday,15,1,0,1,1.89,2.04,1.84,0.2,0.0,40.63,1
U002,15,2026-01-04,Sunday,15,3,2,1,1.39,1.5,1.34,0.2,66.67,54.49,1
U003,15,2026-01-04,Sunday,15,1,0,1,1.5,1.75,1.42,0.33,0.0,38.44,1
U004,15,2026-01-04,Sunday,15,2,1,1,1.3,1.5,1.23,0.27,50.0,49.81,1
U005,15,2026-01-04,Sunday,15,1,0,1,1.07,1.2,1.02,0.2,0.0,36.02,1
U006,15,2026-01-04,Sunday,15,1,0,1,1.32,1.52,1.26,0.26,0.0,37.42,0
U007,15,2026-01-04,Sunday,15,2,1,1,2.53,2.73,2.46,0.27,50.0,56.73,1
U008,15,2026-01-04,Sunday,15,3,2,1,2.02,2.46,1.88,0.58,66.67,58.03,1
U009,15,2026-01-04,Sunday,15,2,1,1,1.53,1.72,1.47,0.25,50.0,51.11,1
U010,15,2026-01-04,Sunday,15,1,0,1,1.96,2.17,1.89,0.28,0.0,41.02,0
U001,1,2026-01-05,Monday,1,6,3,3,1.97,3.84,1.34,2.15,50.0,53.92,1
U002,1,2026-01-05,Monday,1,8,4,4,4.31,7.72,3.0,3.94,50.0,55.14,2
U003,1,2026-01-05,Monday,1,6,4,2,3.97,6.0,2.28,2.46,66.67,64.35,2
U004,1,2026-01-05,Monday,1,5,2,3,2.8,6.05,1.8,3.77,40.0,47.74,2
U005,1,2026-01-05,Monday,1,5,3,2,4.76,7.12,2.72,2.54,60.0,58.98,2
U006,1,2026-01-05,Monday,1,6,3,3,6.5,10.16,3.85,4.11,50.0,65.74,3
U007,1,2026-01-05,Monday,1,5,3,2,3.74,6.76,2.11,3.08,60.0,53.6,2
U008,1,2026-01-05,Monday,1,6,4,2,4.46,8.01,2.78,4.03,66.67,63.23,3
U009,1,2026-01-05,Monday,1,6,3,3,5.68,8.69,4.24,2.77,50.0,57.68,3
U010,1,2026-01-05,Monday,1,5,4,1,3.53,7.22,2.09,4.19,80.0,68.19,1
U001,1,2026-01-06,Tuesday,1,7,4,3,4.71,6.62,2.74,2.5,57.14,65.16,2
U002,1,2026-01-06,Tuesday,1,6,3,3,3.45,6.58,2.35,3.49,50.0,48.55,2
U003,1,2026-01-06,Tuesday,1,7,4,3,4.13,6.11,2.4,2.85,57.14,46.44,3
U004,1,2026-01-06,Tuesday,1,6,5,1,4.21,7.49,2.77,3.25,83.33,63.74,2
U005,1,2026-01-06,Tuesday,1,5,2,3,2.86,5.42,1.92,2.89,40.0,45.64,3
U006,1,2026-01-06,Tuesday,1,8,4,4,4.26,8.92,2.67,5.56,50.0,49.22,3
U007,1,2026-01-06,Tuesday,1,8,3,5,5.32,7.69,4.13,2.44,37.5,53.08,3
U008,1,2026-01-06,Tuesday,1,6,4,2,5.38,9.01,3.44,3.3,66.67,67.79,2
U009,1,2026-01-06,Tuesday,1,4,3,1,2.99,6.65,2.17,3.99,75.0,59.26,2
U010,1,2026-01-06,Tuesday,1,7,3,4,3.77,7.12,2.37,3.4,42.86,51.52,1
U001,1,2026-01-07,Wednesday,1,7,3,4,3.58,5.5,1.91,2.39,42.86,53.07,1
U002,1,2026-01-07,Wednesday,1,5,3,2,5.23,9.72,3.93,4.97,60.0,62.33,4
U003,1,2026-01-07,Wednesday,1,6,4,2,5.91,9.97,4.9,4.17,66.67,63.31,4
U004,1,2026-01-07,Wednesday,1,7,6,1,5.89,7.95,4.0,2.61,85.71,75.23,3
U005,1,2026-01-07,Wednesday,1,8,5,3,4.86,6.93,3.32,2.11,62.5,62.17,2
U006,1,2026-01-07,Wednesday,1,5,3,2,4.31,5.8,2.97,1.71,60.0,57.0,3
U007,1,2026-01-07,Wednesday,1,4,2,2,4.58,8.53,3.37,4.23,50.0,48.59,4
U008,1,2026-01-07,Wednesday,1,5,2,3,3.08,6.34,1.95,3.36,40.0,45.93,1
U009,1,2026-01-07,Wednesday,1,7,4,3,4.43,7.03,2.79,3.01,57.14,51.1,2
U010,1,2026-01-07,Wednesday,1,7,4,3,6.07,10.38,3.6,4.28,57.14,60.51,2
U001,1,2026-01-08,Thursday,1,5,4,1,4.58,6.8,3.24,2.46,80.0,70.97,3
U002,1,2026-01-08,Thursday,1,6,5,1,6.52,10.33,4.45,4.14,83.33,74.53,3
U003,1,2026-01-08,Thursday,1,8,5,3,3.92,5.8,2.47,2.26,62.5,65.65,2
U004,1,2026-01-08,Thursday,1,7,5,2,4.85,8.01,3.06,3.45,71.43,70.64,1
U005,1,2026-01-08,Thursday,1,3,1,2,5.16,8.95,3.96,3.8,33.33,53.96,2
U006,1,2026-01-08,Thursday,1,7,5,2,5.04,9.14,3.97,4.2,71.43,66.95,4
U007,1,2026-01-08,Thursday,1,5,3,2,2.49,5.62,1.77,3.95,60.0,46.27,2
U008,1,2026-01-08,Thursday,1,6,6,0,4.88,7.1,2.21,2.32,100.0,84.78,2
U009,1,2026-01-08,Thursday,1,7,4,3,4.91,7.57,3.64,2.78,57.14,49.33,3
U010,1,2026-01-08,Thursday,1,9,5,4,4.94,8.37,3.36,3.23,55.56,54.59,3
U001,1,2026-01-09,Friday,1,6,5,1,3.41,4.66,2.37,1.35,83.33,78.87,1
U002,1,2026-01-09,Friday,1,4,3,1,4.84,7.65,3.15,3.5,75.0,75.09,2
U003,1,2026-01-09,Friday,1,7,7,0,2.35,5.03,1.75,2.86,100.0,72.49,2
U004,1,2026-01-09,Friday,1,9,6,3,4.42,7.44,1.92,3.29,66.67,63.98,2
U005,1,2026-01-09,Friday,1,6,4,2,3.86,7.44,2.66,3.81,66.67,59.76,2
U006,1,2026-01-09,Friday,1,4,3,1,3.47,7.15,2.41,4.34,75.0,63.28,2
U007,1,2026-01-09,Friday,1,7,4,3,3.42,7.3,2.2,3.59,57.14,53.96,2
U008,1,2026-01-09,Friday,1,4,3,1,3.99,6.72,2.25,2.75,75.0,63.68,2
U009,1,2026-01-09,Friday,1,7,5,2,4.29,6.69,2.16,2.71,71.43,70.89,2
U010,1,2026-01-09,Friday,1,4,3,1,3.72,7.89,2.56,4.27,75.0,72.18,2
U001,1,2026-01-10,Saturday,1,2,0,2,1.84,2.8,1.55,0.99,0.0,30.34,1
U002,1,2026-01-10,Saturday,1,3,2,1,1.71,2.96,1.32,1.94,66.67,58.45,1
U003,1,2026-01-10,Saturday,1,3,1,2,0.61,1.34,0.39,1.26,33.33,28.13,0
U004,1,2026-01-10,Saturday,1,5,4,1,1.81,3.57,1.1,2.27,80.0,63.17,2
U005,1,2026-01-10,Saturday,1,4,2,2,1.13,2.43,0.59,1.93,50.0,43.11,1
U006,1,2026-01-10,Saturday,1,2,0,2,1.69,2.88,1.27,2.06,0.0,22.52,1
U007,1,2026-01-10,Saturday,1,2,0,2,1.62,2.56,1.35,1.15,0.0,27.31,1
U008,1,2026-01-10,Saturday,1,3,1,2,0.46,0.93,0.26,0.33,33.33,43.99,1
U009,1,2026-01-10,Saturday,1,3,3,0,0.27,0.5,0.19,0.51,100.0,66.04,0
U010,1,2026-01-10,Saturday,1,2,2,0,0.52,1.23,0.35,0.77,100.0,69.08,1
U001,1,2026-01-11,Sunday,1,2,1,1,1.41,2.32,0.78,1.03,50.0,46.1,1
U002,1,2026-01-11,Sunday,1,3,2,1,1.39,2.17,0.95,1.62,66.67,51.7,1
U003,1,2026-01-11,Sunday,1,3,2,1,2.48,3.73,0.94,1.12,66.67,51.69,0
U004,1,2026-01-11,Sunday,1,1,0,1,0.86,1.58,0.38,0.96,0.0,10.49,0
U005,1,2026-01-11,Sunday,1,4,2,2,1.54,2.12,1.13,0.77,50.0,54.1,1
U006,1,2026-01-11,Sunday,1,2,1,1,1.63,3.26,1.05,2.01,50.0,42.56,0
U007,1,2026-01-11,Sunday,1,3,3,0,1.27,2.4,0.88,1.28,100.0,70.25,1
U008,1,2026-01-11,Sunday,1,5,2,3,1.03,1.84,0.79,1.54,40.0,43.19,1
U009,1,2026-01-11,Sunday,1,2,1,1,1.27,2.16,0.85,1.34,50.0,51.27,1
U010,1,2026-01-11,Sunday,1,3,2,1,1.43,2.46,1.02,1.2,66.67,48.05,2
U001,2,2026-01-12,Monday,2,6,5,1,4.62,7.19,2.67,2.82,83.33,79.75,2
U002,2,2026-01-12,Monday,2,3,2,1,5.2,8.7,4.28,3.59,66.67,75.72,3
U003,2,2026-01-12,Monday,2,8,6,2,5.4,8.16,3.01,3.17,75.0,64.31,3
U004,2,2026-01-12,Monday,2,7,5,2,3.4,6.21,2.27,3.3,71.43,61.68,1
U005,2,2026-01-12,Monday,2,7,3,4,4.59,7.27,3.09,2.86,42.86,49.52,2
U006,2,2026-01-12,Monday,2,6,3,3,3.89,6.95,2.63,3.15,50.0,53.72,3
U007,2,2026-01-12,Monday,2,5,3,2,3.13,5.5,1.84,2.71,60.0,53.15,2
U008,2,2026-01-12,Monday,2,8,5,3,4.65,7.64,2.75,3.31,62.5,62.88,2
U009,2,2026-01-12,Monday,2,3,2,1,3.88,6.14,2.61,2.82,66.67,53.25,1
U010,2,2026-01-12,Monday,2,8,4,4,2.74,5.21,2.43,3.18,50.0,39.3,1
U001,2,2026-01-13,Tuesday,2,6,4,2,4.93,8.58,2.74,3.57,66.67,57.42,2
U002,2,2026-01-13,Tuesday,2,11,9,2,4.32,7.06,2.82,2.35,81.82,64.68,3
U003,2,2026-01-13,Tuesday,2,7,5,2,4.13,6.89,2.55,2.86,71.43,64.67,1
U004,2,2026-01-13,Tuesday,2,9,6,3,3.3,5.31,2.38,1.97,66.67,58.03,1
U005,2,2026-01-13,Tuesday,2,7,5,2,5.02,9.01,3.65,4.2,71.43,68.61,3
U006,2,2026-01-13,Tuesday,2,6,4,2,3.44,6.45,1.97,3.12,66.67,66.27,1
U007,2,2026-01-13,Tuesday,2,7,4,3,5.16,7.43,3.14,2.96,57.14,58.57,3
U008,2,2026-01-13,Tuesday,2,6,5,1,4.7,8.99,3.38,4.47,83.33,64.71,3
U009,2,2026-01-13,Tuesday,2,6,3,3,3.27,5.61,2.49,2.22,50.0,50.91,2
U010,2,2026-01-13,Tuesday,2,8,5,3,4.02,7.08,2.51,3.16,62.5,61.74,2
U001,2,2026-01-14,Wednesday,2,7,5,2,3.27,6.02,2.47,2.91,71.43,65.93,3
U002,2,2026-01-14,Wednesday,2,5,3,2,4.6,6.87,3.48,2.77,60.0,64.79,2
U003,2,2026-01-14,Wednesday,2,7,3,4,6.1,10.69,4.27,4.68,42.86,65.62,3
U004,2,2026-01-14,Wednesday,2,5,2,3,4.8,7.49,2.87,2.9,40.0,54.94,2
U005,2,2026-01-14,Wednesday,2,5,3,2,4.11,7.92,2.87,4.48,60.0,54.68,1
U006,2,2026-01-14,Wednesday,2,9,5,4,3.7,6.77,2.55,3.24,55.56,55.33,3
U007,2,2026-01-14,Wednesday,2,7,5,2,4.33,7.37,2.98,3.3,71.43,66.33,3
U008,2,2026-01-14,Wednesday,2,7,4,3,3.71,5.83,2.3,2.38,57.14,53.28,2
U009,2,2026-01-14,Wednesday,2,7,5,2,5.01,7.15,3.48,2.67,71.43,70.15,3
U010,2,2026-01-14,Wednesday,2,4,3,1,5.76,9.34,4.58,3.5,75.0,73.44,4
U001,2,2026-01-15,Thursday,2,8,6,2,4.48,7.29,3.01,3.23,75.0,66.39,2
U002,2,2026-01-15,Thursday,2,7,3,4,4.52,7.49,3.32,2.91,42.86,58.46,3
U003,2,2026-01-15,Thursday,2,4,1,3,4.39,7.74,2.73,3.61,25.0,38.47,2
U004,2,2026-01-15,Thursday,2,9,7,2,3.63,7.42,1.6,4.09,77.78,64.24,1
U005,2,2026-01-15,Thursday,2,8,4,4,5.13,8.28,3.76,3.84,50.0,49.46,3
U006,2,2026-01-15,Thursday,2,5,4,1,4.54,7.93,2.23,3.74,80.0,73.2,2
U007,2,2026-01-15,Thursday,2,8,6,2,3.01,7.01,2.18,3.79,75.0,60.97,3
U008,2,2026-01-15,Thursday,2,7,4,3,3.57,6.61,2.56,3.45,57.14,60.69,2
U009,2,2026-01-15,Thursday,2,4,4,0,4.13,7.11,3.13,3.05,100.0,82.46,2
U010,2,2026-01-15,Thursday,2,6,5,1,3.81,7.71,2.96,4.35,83.33,69.03,3
U001,2,2026-01-16,Friday,2,6,4,2,4.58,7.66,2.92,3.28,66.67,61.87,2
U002,2,2026-01-16,Friday,2,7,3,4,3.1,5.94,1.93,2.7,42.86,58.28,1
U003,2,2026-01-16,Friday,2,5,1,4,3.12,6.48,2.09,3.24,20.0,35.7,2
U004,2,2026-01-16,Friday,2,6,4,2,2.59,5.19,2.04,3.05,66.67,57.93,2
U005,2,2026-01-16,Friday,2,7,3,4,3.99,7.5,2.6,3.62,42.86,44.72,3
U006,2,2026-01-16,Friday,2,6,3,3,4.43,7.43,3.12,2.65,50.0,54.25,3
U007,2,2026-01-16,Friday,2,7,5,2,3.35,5.46,2.64,2.06,71.43,68.94,2
U008,2,2026-01-16,Friday,2,8,4,4,6.81,9.6,4.17,2.84,50.0,69.02,3
U009,2,2026-01-16,Friday,2,8,6,2,4.95,6.57,2.92,1.8,75.0,64.3,2
U010,2,2026-01-16,Friday,2,7,4,3,4.39,6.71,3.28,2.57,57.14,58.36,3
U001,2,2026-01-17,Saturday,2,2,1,1,1.61,2.92,1.02,2.02,50.0,56.13,1
U002,2,2026-01-17,Saturday,2,3,2,1,2.57,3.99,1.97,1.87,66.67,56.79,2
U003,2,2026-01-17,Saturday,2,2,1,1,1.59,3.31,1.12,2.33,50.0,47.44,2
U004,2,2026-01-17,Saturday,2,6,4,2,1.71,4.43,0.99,2.43,66.67,57.12,1
U005,2,2026-01-17,Saturday,2,3,2,1,1.64,2.48,1.09,1.1,66.67,58.17,1
U006,2,2026-01-17,Saturday,2,5,4,1,2.14,4.03,1.39,1.75,80.0,56.43,0
U007,2,2026-01-17,Saturday,2,3,1,2,2.7,3.96,1.94,1.53,33.33,38.58,2
U008,2,2026-01-17,Saturday,2,2,1,1,1.28,1.83,1.02,1.01,50.0,44.47,2
U009,2,2026-01-17,Saturday,2,4,2,2,1.78,3.12,1.32,1.75,50.0,49.29,1
U010,2,2026-01-17,Saturday,2,2,2,0,1.43,2.42,1.0,1.29,100.0,72.43,0
U001,2,2026-01-18,Sunday,2,3,1,2,0.86,1.38,0.67,0.8,33.33,49.34,0
U002,2,2026-01-18,Sunday,2,1,1,0,1.71,2.55,0.99,0.73,100.0,70.18,0
U003,2,2026-01-18,Sunday,2,4,4,0,1.64,2.98,1.04,1.12,100.0,71.45,1
U004,2,2026-01-18,Sunday,2,3,2,1,0.31,0.5,0.2,0.34,66.67,55.76,0
U005,2,2026-01-18,Sunday,2,2,2,0,1.73,2.9,1.07,1.33,100.0,77.04,1
U006,2,2026-01-18,Sunday,2,5,3,2,1.85,3.4,1.33,1.67,60.0,52.04,0
U007,2,2026-01-18,Sunday,2,3,2,1,1.18,2.11,0.78,1.22,66.67,60.3,1
U008,2,2026-01-18,Sunday,2,1,0,1,1.36,2.27,0.83,1.24,0.0,27.82,2
U009,2,2026-01-18,Sunday,2,4,3,1,0.43,0.78,0.22,0.05,75.0,57.42,1
U010,2,2026-01-18,Sunday,2,3,3,0,1.36,3.08,1.05,1.88,100.0,68.06,2
U001,3,2026-01-19,Monday,3,6,3,3,5.46,8.42,3.56,2.76,50.0,64.34,3
U002,3,2026-01-19,Monday,3,6,3,3,4.84,7.34,3.47,2.35,50.0,60.51,2
U003,3,2026-01-19,Monday,3,5,5,0,4.71,8.01,3.64,3.56,100.0,84.81,3
U004,3,2026-01-19,Monday,3,7,5,2,4.26,7.92,2.95,4.21,71.43,57.76,3
U005,3,2026-01-19,Monday,3,7,4,3,5.11,7.96,2.91,2.88,57.14,58.29,2
U006,3,2026-01-19,Monday,3,5,2,3,3.5,6.51,2.71,3.08,40.0,46.72,1
U007,3,2026-01-19,Monday,3,6,4,2,3.74,6.69,2.23,2.98,66.67,57.2,2
U008,3,2026-01-19,Monday,3,5,3,2,5.68,9.68,4.18,4.48,60.0,61.59,3
U009,3,2026-01-19,Monday,3,8,5,3,3.85,6.81,2.6,2.6,62.5,54.98,2
U010,3,2026-01-19,Monday,3,6,3,3,5.2,9.3,3.63,4.42,50.0,54.17,3
U001,3,2026-01-20,Tuesday,3,6,4,2,3.58,7.54,2.48,4.16,66.67,54.83,3
U002,3,2026-01-20,Tuesday,3,6,4,2,4.14,5.84,2.9,2.35,66.67,62.13,2
U003,3,2026-01-20,Tuesday,3,5,5,0,4.4,8.19,3.18,4.1,100.0,79.22,2
U004,3,2026-01-20,Tuesday,3,5,3,2,4.8,6.81,2.63,2.59,60.0,53.57,1
U005,3,2026-01-20,Tuesday,3,6,4,2,3.8,6.59,2.47,3.17,66.67,66.15,2
U006,3,2026-01-20,Tuesday,3,7,4,3,5.46,9.2,3.06,3.5,57.14,62.35,3
U007,3,2026-01-20,Tuesday,3,8,5,3,5.4,8.38,3.27,3.3,62.5,65.87,1
U008,3,2026-01-20,Tuesday,3,7,4,3,3.39,6.16,2.27,2.84,57.14,59.89,2
U009,3,2026-01-20,Tuesday,3,6,4,2,3.97,6.05,2.48,2.36,66.67,60.99,1
U010,3,2026-01-20,Tuesday,3,6,3,3,4.24,8.25,2.32,4.75,50.0,57.62,2
U001,3,2026-01-21,Wednesday,3,7,6,1,2.74,4.3,1.95,1.43,85.71,71.13,2
U002,3,2026-01-21,Wednesday,3,4,4,0,3.64,7.03,2.2,3.46,100.0,77.93,2
U003,3,2026-01-21,Wednesday,3,9,7,2,3.78,7.76,2.61,3.91,77.78,66.09,2
U004,3,2026-01-21,Wednesday,3,9,6,3,4.03,8.57,2.64,5.17,66.67,58.92,2
U005,3,2026-01-21,Wednesday,3,6,4,2,4.26,7.19,3.5,3.19,66.67,60.59,2
U006,3,2026-01-21,Wednesday,3,7,4,3,5.44,8.69,3.0,3.39,57.14,68.82,2
U007,3,2026-01-21,Wednesday,3,7,4,3,6.01,9.41,3.45,3.09,57.14,59.82,2
U008,3,2026-01-21,Wednesday,3,6,4,2,5.21,8.66,3.65,3.34,66.67,62.62,3
U009,3,2026-01-21,Wednesday,3,8,5,3,3.55,5.9,1.75,2.77,62.5,57.04,1
U010,3,2026-01-21,Wednesday,3,6,4,2,3.87,6.61,2.65,3.0,66.67,57.77,1
U001,3,2026-01-22,Thursday,3,7,4,3,4.66,8.4,2.9,4.2,57.14,57.83,2
U002,3,2026-01-22,Thursday,3,8,3,5,2.99,6.87,1.8,4.62,37.5,43.82,1
U003,3,2026-01-22,Thursday,3,6,5,1,2.85,5.12,1.84,2.81,83.33,69.02,0
U004,3,2026-01-22,Thursday,3,7,5,2,4.53,7.8,2.87,3.72,71.43,61.87,3
U005,3,2026-01-22,Thursday,3,6,3,3,6.4,9.55,4.34,3.1,50.0,58.8,3
U006,3,2026-01-22,Thursday,3,5,3,2,2.96,5.38,1.78,2.51,60.0,51.67,2
U007,3,2026-01-22,Thursday,3,7,4,3,4.3,7.36,2.64,3.53,57.14,57.18,2
U008,3,2026-01-22,Thursday,3,8,6,2,6.36,9.8,4.01,3.2,75.0,73.01,4
U009,3,2026-01-22,Thursday,3,7,4,3,3.91,7.45,2.42,3.38,57.14,60.81,2
U010,3,2026-01-22,Thursday,3,8,6,2,3.97,6.73,2.75,2.92,75.0,74.31,2
U001,3,2026-01-23,Friday,3,6,4,2,4.78,7.82,2.93,2.97,66.67,65.22,3
U002,3,2026-01-23,Friday,3,5,4,1,4.29,8.74,2.65,4.83,80.0,61.88,2
U003,3,2026-01-23,Friday,3,7,5,2,4.11,7.37,2.85,2.76,71.43,74.99,3
U004,3,2026-01-23,Friday,3,7,4,3,3.78,6.36,2.57,3.14,57.14,52.57,2
U005,3,2026-01-23,Friday,3,8,5,3,5.71,11.0,4.39,5.51,62.5,64.39,4
U006,3,2026-01-23,Friday,3,5,2,3,4.99,7.63,2.63,2.81,40.0,56.97,2
U007,3,2026-01-23,Friday,3,7,5,2,3.6,6.74,1.9,3.54,71.43,54.12,2
U008,3,2026-01-23,Friday,3,8,6,2,4.0,6.22,2.35,2.55,75.0,61.63,3
U009,3,2026-01-23,Friday,3,10,5,5,4.75,9.08,3.0,4.72,50.0,60.57,3
U010,3,2026-01-23,Friday,3,6,4,2,3.22,5.49,2.09,2.62,66.67,55.26,0
U001,3,2026-01-24,Saturday,3,1,0,1,0.46,0.99,0.35,0.12,0.0,19.61,1
U002,3,2026-01-24,Saturday,3,3,3,0,0.55,0.8,0.32,0.44,100.0,63.12,0
U003,3,2026-01-24,Saturday,3,2,2,0,0.86,1.68,0.58,0.63,100.0,79.54,1
U004,3,2026-01-24,Saturday,3,3,1,2,0.51,0.73,0.38,0.67,33.33,36.76,0
U005,3,2026-01-24,Saturday,3,2,0,2,1.67,3.23,1.27,1.52,0.0,26.9,1
U006,3,2026-01-24,Saturday,3,5,2,3,2.6,4.4,1.62,1.49,40.0,55.55,2
U007,3,2026-01-24,Saturday,3,4,3,1,2.36,4.4,1.81,2.25,75.0,57.29,2
U008,3,2026-01-24,Saturday,3,5,3,2,1.75,3.31,1.3,1.95,60.0,40.95,1
U009,3,2026-01-24,Saturday,3,1,0,1,1.54,2.5,1.01,1.31,0.0,26.23,1
U010,3,2026-01-24,Saturday,3,3,1,2,1.94,3.04,1.46,1.31,33.33,35.34,1
U001,3,2026-01-25,Sunday,3,6,5,1,1.32,2.66,0.8,2.14,83.33,60.94,1
U002,3,2026-01-25,Sunday,3,4,3,1,1.85,3.17,1.12,1.67,75.0,62.69,2
U003,3,2026-01-25,Sunday,3,3,2,1,1.49,2.67,1.02,1.47,66.67,61.94,1
U004,3,2026-01-25,Sunday,3,1,0,1,2.32,4.17,1.11,2.13,0.0,28.12,1
U005,3,2026-01-25,Sunday,3,1,1,0,1.79,2.74,1.15,1.15,100.0,72.25,1
U006,3,2026-01-25,Sunday,3,1,0,1,1.03,2.01,0.63,1.3,0.0,23.5,0
U007,3,2026-01-25,Sunday,3,2,1,1,0.38,0.7,0.27,0.28,50.0,42.64,1
U008,3,2026-01-25,Sunday,3,5,4,1,0.87,1.47,0.58,0.77,80.0,64.51,0
U009,3,2026-01-25,Sunday,3,5,3,2,1.82,2.9,1.16,1.92,60.0,47.5,1
U010,3,2026-01-25,Sunday,3,3,2,1,0.67,1.1,0.42,0.83,66.67,61.53,0
U001,4,2026-01-26,Monday,4,6,4,2,4.69,8.82,4.02,4.37,66.67,71.62,3
U002,4,2026-01-26,Monday,4,4,1,3,4.58,7.22,3.54,2.51,25.0,43.34,3
U003,4,2026-01-26,Monday,4,8,6,2,5.34,8.52,4.04,3.68,75.0,80.04,4
U004,4,2026-01-26,Monday,4,4,3,1,3.64,7.44,2.29,4.34,75.0,63.56,2
U005,4,2026-01-26,Monday,4,5,3,2,4.43,7.59,2.94,2.83,60.0,68.09,2
U006,4,2026-01-26,Monday,4,7,4,3,4.37,7.48,2.39,3.41,57.14,50.59,2
U007,4,2026-01-26,Monday,4,5,2,3,4.95,7.47,3.31,2.9,40.0,63.96,2
U008,4,2026-01-26,Monday,4,6,3,3,5.07,8.05,3.57,3.27,50.0,54.82,4
U009,4,2026-01-26,Monday,4,5,3,2,7.62,10.32,4.5,2.69,60.0,68.66,3
U010,4,2026-01-26,Monday,4,9,6,3,3.93,6.63,2.39,2.87,66.67,59.56,2
U001,4,2026-01-27,Tuesday,4,5,3,2,5.08,8.99,4.26,4.06,60.0,61.02,4
U002,4,2026-01-27,Tuesday,4,7,6,1,4.02,6.86,2.66,2.68,85.71,72.99,2
U003,4,2026-01-27,Tuesday,4,7,4,3,4.22,7.19,2.93,3.66,57.14,55.09,2
U004,4,2026-01-27,Tuesday,4,5,4,1,3.97,7.38,2.42,3.96,80.0,66.79,2
U005,4,2026-01-27,Tuesday,4,6,3,3,5.48,8.45,3.21,3.54,50.0,64.14,3
U006,4,2026-01-27,Tuesday,4,7,4,3,4.07,8.41,2.73,4.87,57.14,63.21,2
U007,4,2026-01-27,Tuesday,4,5,4,1,3.94,7.25,2.39,3.11,80.0,71.61,2
U008,4,2026-01-27,Tuesday,4,7,5,2,3.9,6.75,1.97,3.04,71.43,62.7,2
U009,4,2026-01-27,Tuesday,4,4,2,2,3.21,6.01,2.01,3.29,50.0,44.98,0
U010,4,2026-01-27,Tuesday,4,9,6,3,4.27,6.94,2.61,2.3,66.67,69.97,3
U001,4,2026-01-28,Wednesday,4,6,4,2,4.93,8.89,4.13,4.14,66.67,60.28,2
U002,4,2026-01-28,Wednesday,4,4,2,2,4.29,7.78,3.17,3.7,50.0,55.71,2
U003,4,2026-01-28,Wednesday,4,3,2,1,4.37,7.75,2.8,3.76,66.67,65.69,3
U004,4,2026-01-28,Wednesday,4,10,6,4,5.05,7.61,4.22,2.95,60.0,60.76,2
U005,4,2026-01-28,Wednesday,4,7,6,1,4.53,7.69,2.18,3.1,85.71,77.13,2
U006,4,2026-01-28,Wednesday,4,5,4,1,5.1,7.92,3.6,2.67,80.0,64.89,3
U007,4,2026-01-28,Wednesday,4,4,2,2,4.51,6.92,2.93,2.45,50.0,61.39,3
U008,4,2026-01-28,Wednesday,4,5,0,5,3.7,8.15,2.57,4.63,0.0,30.3,2
U009,4,2026-01-28,Wednesday,4,5,3,2,4.83,8.97,3.41,4.68,60.0,56.44,2
U010,4,2026-01-28,Wednesday,4,9,9,0,3.44,6.94,1.96,3.32,100.0,72.3,2
U001,4,2026-01-29,Thursday,4,6,3,3,3.8,6.99,2.6,3.69,50.0,55.41,2
U002,4,2026-01-29,Thursday,4,10,7,3,3.96,6.2,2.64,2.38,70.0,72.08,3
U003,4,2026-01-29,Thursday,4,7,5,2,5.79,9.12,4.03,3.25,71.43,66.03,3
U004,4,2026-01-29,Thursday,4,8,5,3,4.19,7.61,2.9,3.79,62.5,51.43,2
U005,4,2026-01-29,Thursday,4,2,1,1,5.37,8.93,3.64,4.06,50.0,60.43,3
U006,4,2026-01-29,Thursday,4,11,8,3,5.35,8.23,3.46,3.01,72.73,75.76,3
U007,4,2026-01-29,Thursday,4,6,5,1,3.93,7.01,2.34,3.04,83.33,72.17,1
U008,4,2026-01-29,Thursday,4,9,7,2,5.25,8.02,2.93,2.62,77.78,76.6,2
U009,4,2026-01-29,Thursday,4,6,4,2,3.24,5.66,1.85,2.8,66.67,57.18,2
U010,4,2026-01-29,Thursday,4,7,5,2,4.26,6.24,3.09,2.13,71.43,58.43,1
U001,4,2026-01-30,Friday,4,7,3,4,5.68,9.28,3.89,3.69,42.86,56.56,3
U002,4,2026-01-30,Friday,4,8,6,2,5.95,8.6,4.22,2.56,75.0,74.49,4
U003,4,2026-01-30,Friday,4,8,4,4,2.46,5.46,1.64,2.86,50.0,48.69,1
U004,4,2026-01-30,Friday,4,9,6,3,4.97,8.18,3.54,3.61,66.67,63.34,2
U005,4,2026-01-30,Friday,4,3,2,1,4.53,7.57,2.86,3.17,66.67,61.1,2
U006,4,2026-01-30,Friday,4,8,5,3,4.29,6.42,2.91,2.42,62.5,64.56,2
U007,4,2026-01-30,Friday,4,8,5,3,3.95,8.21,2.76,4.47,62.5,52.03,2
U008,4,2026-01-30,Friday,4,8,4,4,4.31,8.48,2.44,4.37,50.0,55.21,2
U009,4,2026-01-30,Friday,4,8,4,4,4.04,8.36,2.48,4.66,50.0,53.64,3
U010,4,2026-01-30,Friday,4,7,4,3,4.93,9.07,3.59,4.87,57.14,58.57,3
U001,4,2026-01-31,Saturday,4,2,1,1,0.46,0.81,0.25,0.73,50.0,46.84,0
U002,4,2026-01-31,Saturday,4,3,2,1,1.49,2.25,0.98,0.63,66.67,57.72,1
U003,4,2026-01-31,Saturday,4,2,1,1,1.47,2.43,0.9,1.41,50.0,40.24,0
U004,4,2026-01-31,Saturday,4,5,3,2,0.74,1.37,0.52,0.8,60.0,51.28,1
U005,4,2026-01-31,Saturday,4,2,2,0,0.72,1.16,0.57,0.98,100.0,70.67,1
U006,4,2026-01-31,Saturday,4,2,0,2,1.0,2.09,0.72,1.14,0.0,22.54,0
U007,4,2026-01-31,Saturday,4,2,2,0,1.95,3.2,1.36,1.23,100.0,75.9,1
U008,4,2026-01-31,Saturday,4,1,0,1,0.79,1.27,0.47,0.43,0.0,23.65,0
U009,4,2026-01-31,Saturday,4,3,2,1,0.34,0.5,0.25,0.23,66.67,59.54,0
U010,4,2026-01-31,Saturday,4,3,2,1,0.96,1.38,0.71,0.61,66.67,57.11,0
U001,4,2026-02-01,Sunday,4,2,1,1,1.79,3.23,1.23,0.98,50.0,52.72,1
U002,4,2026-02-01,Sunday,4,3,1,2,1.35,2.46,0.84,1.59,33.33,33.97,1
U003,4,2026-02-01,Sunday,4,1,0,1,0.64,1.03,0.34,0.42,0.0,23.62,1
U004,4,2026-02-01,Sunday,4,5,3,2,1.89,3.29,1.2,1.18,60.0,52.67,1
U005,4,2026-02-01,Sunday,4,2,1,1,1.65,2.89,1.03,1.3,50.0,39.11,0
U006,4,2026-02-01,Sunday,4,5,2,3,2.04,3.61,1.53,1.21,40.0,49.89,1
U007,4,2026-02-01,Sunday,4,1,0,1,2.67,3.6,2.25,1.26,0.0,33.73,1
U008,4,2026-02-01,Sunday,4,3,2,1,1.07,1.94,0.63,0.95,66.67,49.73,1
U009,4,2026-02-01,Sunday,4,2,2,0,1.93,3.87,1.39,2.18,100.0,72.27,1
U010,4,2026-02-01,Sunday,4,4,4,0,2.61,4.57,1.99,2.21,100.0,78.33,2
U001,5,2026-02-02,Monday,5,4,3,1,7.18,10.21,5.62,3.21,75.0,81.6,4
U002,5,2026-02-02,Monday,5,6,4,2,4.54,7.4,3.39,2.98,66.67,70.61,2
U003,5,2026-02-02,Monday,5,6,5,1,3.94,5.87,2.29,1.96,83.33,77.25,2
U004,5,2026-02-02,Monday,5,7,4,3,4.38,7.29,3.19,3.16,57.14,67.58,3
U005,5,2026-02-02,Monday,5,6,4,2,4.16,7.68,2.81,3.68,66.67,54.1,2
U006,5,2026-02-02,Monday,5,6,5,1,3.98,6.61,2.46,2.41,83.33,70.6,2
U007,5,2026-02-02,Monday,5,7,4,3,5.65,8.45,2.99,2.87,57.14,55.64,3
U008,5,2026-02-02,Monday,5,6,4,2,4.18,5.8,2.56,1.27,66.67,59.88,2
U009,5,2026-02-02,Monday,5,5,3,2,3.9,6.25,2.28,2.68,60.0,59.09,2
U010,5,2026-02-02,Monday,5,5,3,2,3.64,7.42,2.33,3.86,60.0,63.15,2
U001,5,2026-02-03,Tuesday,5,4,3,1,4.21,7.28,2.94,3.33,75.0,62.85,3
U002,5,2026-02-03,Tuesday,5,5,4,1,5.23,7.93,3.12,3.13,80.0,80.58,3
U003,5,2026-02-03,Tuesday,5,6,3,3,5.44,9.04,3.92,4.52,50.0,58.72,3
U004,5,2026-02-03,Tuesday,5,7,4,3,3.01,7.33,2.01,4.04,57.14,52.54,3
U005,5,2026-02-03,Tuesday,5,6,4,2,3.78,7.02,2.66,3.7,66.67,59.87,2
U006,5,2026-02-03,Tuesday,5,7,6,1,3.95,5.98,2.22,2.11,85.71,67.56,1
U007,5,2026-02-03,Tuesday,5,4,2,2,4.64,7.17,3.67,2.49,50.0,48.25,2
U008,5,2026-02-03,Tuesday,5,7,5,2,4.3,7.26,2.48,3.53,71.43,66.79,2
U009,5,2026-02-03,Tuesday,5,8,4,4,5.19,8.51,3.07,3.73,50.0,58.78,2
U010,5,2026-02-03,Tuesday,5,4,3,1,4.25,6.34,2.42,1.94,75.0,61.13,1
U001,5,2026-02-04,Wednesday,5,7,5,2,3.97,6.46,3.19,3.03,71.43,71.06,3
U002,5,2026-02-04,Wednesday,5,7,5,2,4.52,7.86,2.83,4.09,71.43,63.45,2
U003,5,2026-02-04,Wednesday,5,7,5,2,5.01,7.88,2.86,2.87,71.43,71.06,3
U004,5,2026-02-04,Wednesday,5,7,5,2,4.84,7.02,3.12,2.58,71.43,73.72,4
U005,5,2026-02-04,Wednesday,5,6,4,2,3.91,7.71,2.41,3.63,66.67,62.28,1
U006,5,2026-02-04,Wednesday,5,8,5,3,4.14,7.38,2.94,3.24,62.5,56.58,2
U007,5,2026-02-04,Wednesday,5,7,4,3,5.51,8.93,3.97,4.15,57.14,69.55,3
U008,5,2026-02-04,Wednesday,5,7,5,2,4.19,8.4,2.53,4.6,71.43,61.03,2
U009,5,2026-02-04,Wednesday,5,6,3,3,5.46,9.03,4.08,3.53,50.0,60.08,3
U010,5,2026-02-04,Wednesday,5,7,5,2,3.29,7.5,2.46,4.19,71.43,54.34,3
U001,5,2026-02-05,Thursday,5,6,4,2,5.38,8.03,3.41,2.85,66.67,71.21,3
U002,5,2026-02-05,Thursday,5,6,4,2,5.66,9.02,3.65,3.28,66.67,77.3,3
U003,5,2026-02-05,Thursday,5,5,3,2,3.22,7.94,2.26,5.1,60.0,58.18,3
U004,5,2026-02-05,Thursday,5,8,5,3,4.37,7.62,3.16,2.94,62.5,62.88,3
U005,5,2026-02-05,Thursday,5,5,3,2,5.68,9.12,3.93,3.88,60.0,62.34,4
U006,5,2026-02-05,Thursday,5,7,6,1,4.03,7.16,2.63,2.97,85.71,70.88,3
U007,5,2026-02-05,Thursday,5,4,4,0,2.74,4.82,1.51,2.08,100.0,79.39,1
U008,5,2026-02-05,Thursday,5,7,5,2,4.08,7.88,2.7,3.46,71.43,62.3,2
U009,5,2026-02-05,Thursday,5,8,5,3,3.37,7.01,2.52,4.0,62.5,60.76,2
U010,5,2026-02-05,Thursday,5,8,5,3,4.65,7.79,3.09,3.6,62.5,66.74,3
U001,5,2026-02-06,Friday,5,10,8,2,5.26,7.91,3.97,2.89,80.0,75.05,4
U002,5,2026-02-06,Friday,5,9,7,2,3.28,5.69,2.16,2.9,77.78,77.36,1
U003,5,2026-02-06,Friday,5,5,4,1,4.61,8.05,3.69,3.81,80.0,71.54,3
U004,5,2026-02-06,Friday,5,7,5,2,5.29,8.38,3.59,3.14,71.43,75.04,4
U005,5,2026-02-06,Friday,5,8,4,4,4.16,6.89,2.97,2.63,50.0,65.43,3
U006,5,2026-02-06,Friday,5,7,6,1,3.57,5.65,2.5,2.55,85.71,71.14,1
U007,5,2026-02-06,Friday,5,6,6,0,5.62,8.62,3.85,3.26,100.0,73.4,3
U008,5,2026-02-06,Friday,5,6,4,2,4.46,8.31,3.35,3.67,66.67,59.01,2
U009,5,2026-02-06,Friday,5,4,3,1,3.95,6.99,2.94,3.14,75.0,59.08,2
U010,5,2026-02-06,Friday,5,6,5,1,4.04,7.5,2.56,3.34,83.33,65.85,3
U001,5,2026-02-07,Saturday,5,3,2,1,1.69,3.2,1.28,1.84,66.67,57.55,1
U002,5,2026-02-07,Saturday,5,5,3,2,0.93,1.46,0.62,0.86,60.0,53.5,1
U003,5,2026-02-07,Saturday,5,5,3,2,2.05,2.78,1.42,1.41,60.0,53.62,0
U004,5,2026-02-07,Saturday,5,4,2,2,1.92,3.54,1.42,1.7,50.0,44.83,2
U005,5,2026-02-07,Saturday,5,1,0,1,2.13,3.76,1.27,1.3,0.0,26.41,0
U006,5,2026-02-07,Saturday,5,2,1,1,0.33,0.5,0.22,0.29,50.0,44.52,0
U007,5,2026-02-07,Saturday,5,2,1,1,1.25,2.76,0.86,1.57,50.0,40.93,1
U008,5,2026-02-07,Saturday,5,4,3,1,2.61,4.48,1.73,2.17,75.0,52.88,1
U009,5,2026-02-07,Saturday,5,3,3,0,0.92,1.73,0.63,1.03,100.0,67.32,0
U010,5,2026-02-07,Saturday,5,5,4,1,1.09,1.85,0.73,0.73,80.0,61.3,1
U001,5,2026-02-08,Sunday,5,3,2,1,2.16,3.64,1.49,1.88,66.67,64.47,2
U002,5,2026-02-08,Sunday,5,2,1,1,1.65,2.43,1.12,0.99,50.0,53.22,0
U003,5,2026-02-08,Sunday,5,2,2,0,1.81,3.03,1.21,1.17,100.0,76.06,1
U004,5,2026-02-08,Sunday,5,5,4,1,3.12,5.01,1.72,1.86,80.0,58.26,1
U005,5,2026-02-08,Sunday,5,4,2,2,4.28,5.94,2.73,1.4,50.0,53.94,2
U006,5,2026-02-08,Sunday,5,1,1,0,0.96,2.06,0.64,2.01,100.0,74.18,1
U007,5,2026-02-08,Sunday,5,3,1,2,2.47,3.71,1.47,1.53,33.33,50.4,1
U008,5,2026-02-08,Sunday,5,3,2,1,1.08,2.06,0.72,1.16,66.67,53.16,2
U009,5,2026-02-08,Sunday,5,4,3,1,0.85,1.39,0.6,1.04,75.0,56.79,1
U010,5,2026-02-08,Sunday,5,1,1,0,1.57,2.98,0.9,1.76,100.0,75.47,0
U001,6,2026-02-09,Monday,6,8,5,3,3.16,5.91,1.79,3.44,62.5,58.1,2
U002,6,2026-02-09,Monday,6,7,6,1,4.68,7.71,3.44,3.5,85.71,69.8,3
U003,6,2026-02-09,Monday,6,5,3,2,4.43,6.85,2.56,3.01,60.0,54.1,2
U004,6,2026-02-09,Monday,6,7,7,0,3.43,6.01,2.1,2.65,100.0,68.28,3
U005,6,2026-02-09,Monday,6,7,6,1,4.96,8.49,2.93,3.81,85.71,74.29,2
U006,6,2026-02-09,Monday,6,8,6,2,4.09,6.67,3.2,2.86,75.0,61.24,3
U007,6,2026-02-09,Monday,6,7,5,2,4.12,7.01,2.25,2.98,71.43,61.96,1
U008,6,2026-02-09,Monday,6,5,3,2,5.15,9.11,3.76,4.28,60.0,64.98,2
U009,6,2026-02-09,Monday,6,5,3,2,5.53,9.11,3.33,4.09,60.0,62.17,3
U010,6,2026-02-09,Monday,6,6,5,1,4.26,6.77,2.85,2.74,83.33,76.32,3
U001,6,2026-02-10,Tuesday,6,9,7,2,6.79,8.35,4.71,1.87,77.78,75.15,4
U002,6,2026-02-10,Tuesday,6,5,3,2,8.32,11.41,4.99,3.19,60.0,70.47,4
U003,6,2026-02-10,Tuesday,6,5,3,2,6.18,8.62,4.06,2.65,60.0,72.42,3
U004,6,2026-02-10,Tuesday,6,7,5,2,6.89,9.43,4.02,2.72,71.43,79.82,3
U005,6,2026-02-10,Tuesday,6,5,3,2,2.36,4.93,1.76,2.62,60.0,51.9,2
U006,6,2026-02-10,Tuesday,6,7,6,1,3.01,5.7,2.21,2.93,85.71,74.24,2
U007,6,2026-02-10,Tuesday,6,9,6,3,4.18,7.2,3.19,2.92,66.67,55.85,2
U008,6,2026-02-10,Tuesday,6,10,6,4,4.84,8.02,2.86,3.44,60.0,54.52,3
U009,6,2026-02-10,Tuesday,6,4,3,1,2.77,5.35,1.83,2.87,75.0,67.59,3
U010,6,2026-02-10,Tuesday,6,7,3,4,5.25,8.74,3.97,3.55,42.86,51.16,3
U001,6,2026-02-11,Wednesday,6,8,5,3,5.67,9.33,4.06,3.72,62.5,63.35,4
U002,6,2026-02-11,Wednesday,6,6,6,0,4.9,7.53,3.35,3.02,100.0,81.43,4
U003,6,2026-02-11,Wednesday,6,6,4,2,4.62,7.74,3.55,3.36,66.67,70.01,4
U004,6,2026-02-11,Wednesday,6,6,5,1,4.45,7.6,2.57,3.42,83.33,69.66,2
U005,6,2026-02-11,Wednesday,6,6,5,1,6.02,10.37,3.53,4.44,83.33,69.15,3
U006,6,2026-02-11,Wednesday,6,6,4,2,4.08,6.8,3.14,2.78,66.67,60.26,3
U007,6,2026-02-11,Wednesday,6,4,3,1,3.61,5.52,2.11,2.02,75.0,61.42,2
U008,6,2026-02-11,Wednesday,6,5,4,1,4.68,8.08,2.88,3.69,80.0,75.09,2
U009,6,2026-02-11,Wednesday,6,8,5,3,5.71,7.98,4.23,2.13,62.5,66.64,4
U010,6,2026-02-11,Wednesday,6,5,4,1,3.84,7.5,2.16,3.54,80.0,62.33,2
U001,6,2026-02-12,Thursday,6,6,4,2,4.26,7.02,2.61,3.04,66.67,68.33,2
U002,6,2026-02-12,Thursday,6,7,6,1,4.02,7.4,3.0,3.95,85.71,65.26,3
U003,6,2026-02-12,Thursday,6,6,4,2,2.86,5.51,1.85,3.02,66.67,68.48,1
U004,6,2026-02-12,Thursday,6,8,6,2,3.48,5.96,1.93,2.51,75.0,60.97,1
U005,6,2026-02-12,Thursday,6,5,3,2,3.87,8.29,3.02,5.12,60.0,48.4,3
U006,6,2026-02-12,Thursday,6,8,7,1,3.22,7.07,2.3,3.86,87.5,65.42,2
U007,6,2026-02-12,Thursday,6,7,4,3,5.5,9.15,3.49,3.74,57.14,69.84,2
U008,6,2026-02-12,Thursday,6,9,7,2,3.32,6.76,2.23,3.56,77.78,68.17,1
U009,6,2026-02-12,Thursday,6,5,4,1,5.6,10.51,4.05,5.15,80.0,69.52,3
U010,6,2026-02-12,Thursday,6,6,5,1,4.35,7.65,3.12,3.67,83.33,72.73,3
U001,6,2026-02-13,Friday,6,2,2,0,4.14,6.68,2.4,2.98,100.0,80.81,2
U002,6,2026-02-13,Friday,6,6,4,2,4.36,7.04,2.93,2.79,66.67,66.61,2
U003,6,2026-02-13,Friday,6,6,3,3,3.73,6.97,2.68,3.45,50.0,63.04,2
U004,6,2026-02-13,Friday,6,6,5,1,4.51,7.85,3.04,3.41,83.33,68.41,2
U005,6,2026-02-13,Friday,6,4,3,1,4.54,7.44,3.12,3.09,75.0,63.36,2
U006,6,2026-02-13,Friday,6,5,4,1,4.65,6.82,3.02,2.61,80.0,75.64,2
U007,6,2026-02-13,Friday,6,8,6,2,6.17,8.87,5.12,3.26,75.0,73.48,5
U008,6,2026-02-13,Friday,6,6,3,3,3.36,6.12,2.2,3.3,50.0,48.06,1
U009,6,2026-02-13,Friday,6,7,4,3,3.41,7.76,2.38,4.58,57.14,52.74,2
U010,6,2026-02-13,Friday,6,8,5,3,4.63,7.13,3.16,3.26,62.5,66.26,1
U001,6,2026-02-14,Saturday,6,5,4,1,1.98,3.39,1.32,1.84,80.0,73.76,2
U002,6,2026-02-14,Saturday,6,1,0,1,1.18,2.79,0.72,1.69,0.0,17.36,1
U003,6,2026-02-14,Saturday,6,2,1,1,1.41,2.79,0.92,2.08,50.0,42.97,0
U004,6,2026-02-14,Saturday,6,3,1,2,2.34,3.59,1.72,1.7,33.33,44.56,3
U005,6,2026-02-14,Saturday,6,2,1,1,2.56,3.87,1.58,1.29,50.0,51.78,0
U006,6,2026-02-14,Saturday,6,1,1,0,1.65,3.18,1.21,2.3,100.0,68.97,1
U007,6,2026-02-14,Saturday,6,4,3,1,0.6,0.95,0.38,0.3,75.0,57.16,0
U008,6,2026-02-14,Saturday,6,2,0,2,2.31,4.0,1.74,2.13,0.0,21.92,1
U009,6,2026-02-14,Saturday,6,4,3,1,0.42,0.83,0.28,0.16,75.0,62.3,1
U010,6,2026-02-14,Saturday,6,3,2,1,0.61,1.17,0.45,1.03,66.67,55.67,0
U001,6,2026-02-15,Sunday,6,4,3,1,1.91,2.8,1.57,0.83,75.0,70.13,1
U002,6,2026-02-15,Sunday,6,3,1,2,1.28,2.16,0.96,0.73,33.33,34.47,1
U003,6,2026-02-15,Sunday,6,5,4,1,1.09,1.94,0.83,0.8,80.0,58.67,0
U004,6,2026-02-15,Sunday,6,3,2,1,1.51,2.6,0.94,1.55,66.67,53.71,1
U005,6,2026-02-15,Sunday,6,4,2,2,1.58,2.48,1.09,0.91,50.0,51.11,1
U006,6,2026-02-15,Sunday,6,4,2,2,1.53,3.15,0.95,1.65,50.0,46.61,1
U007,6,2026-02-15,Sunday,6,3,2,1,1.34,3.69,0.92,2.32,66.67,54.38,2
U008,6,2026-02-15,Sunday,6,6,5,1,1.7,2.37,1.32,1.31,83.33,64.88,0
U009,6,2026-02-15,Sunday,6,2,2,0,1.68,3.33,1.13,2.65,100.0,73.9,1
U010,6,2026-02-15,Sunday,6,4,4,0,1.37,2.64,0.95,1.57,100.0,65.54,0
U001,7,2026-02-16,Monday,7,5,4,1,5.14,9.58,3.77,5.23,80.0,65.56,3
U002,7,2026-02-16,Monday,7,6,5,1,5.16,8.54,4.03,4.03,83.33,82.3,4
U003,7,2026-02-16,Monday,7,9,9,0,3.63,7.36,2.62,4.3,100.0,81.12,3
U004,7,2026-02-16,Monday,7,6,4,2,5.4,8.12,3.52,3.19,66.67,66.45,2
U005,7,2026-02-16,Monday,7,6,6,0,3.65,8.1,2.38,4.95,100.0,80.35,2
U006,7,2026-02-16,Monday,7,5,3,2,3.35,6.38,2.58,3.29,60.0,58.14,2
U007,7,2026-02-16,Monday,7,8,6,2,3.41,8.14,2.58,4.67,75.0,55.62,2
U008,7,2026-02-16,Monday,7,9,6,3,3.24,5.7,2.03,3.34,66.67,59.45,1
U009,7,2026-02-16,Monday,7,5,2,3,4.79,8.12,2.83,2.98,40.0,57.72,2
U010,7,2026-02-16,Monday,7,6,3,3,5.57,8.22,4.07,2.87,50.0,57.65,3
U001,7,2026-02-17,Tuesday,7,6,5,1,3.66,5.93,2.22,2.89,83.33,73.92,1
U002,7,2026-02-17,Tuesday,7,3,2,1,2.25,3.71,1.49,1.54,66.67,51.16,0
U003,7,2026-02-17,Tuesday,7,7,4,3,4.79,7.36,2.82,3.22,57.14,67.23,3
U004,7,2026-02-17,Tuesday,7,7,4,3,5.03,7.2,3.16,1.84,57.14,60.38,2
U005,7,2026-02-17,Tuesday,7,10,7,3,4.35,7.41,3.45,3.56,70.0,63.1,4
U006,7,2026-02-17,Tuesday,7,11,8,3,4.79,7.75,3.47,2.95,72.73,62.19,2
U007,7,2026-02-17,Tuesday,7,8,6,2,3.76,6.59,2.3,2.65,75.0,61.32,1
U008,7,2026-02-17,Tuesday,7,8,5,3,4.03,6.76,2.54,2.9,62.5,72.07,2
U009,7,2026-02-17,Tuesday,7,5,2,3,3.93,6.22,2.54,2.68,40.0,43.11,1
U010,7,2026-02-17,Tuesday,7,7,5,2,4.37,7.58,3.36,3.26,71.43,66.17,2
U001,7,2026-02-18,Wednesday,7,7,5,2,4.0,6.32,2.92,2.43,71.43,63.07,3
U002,7,2026-02-18,Wednesday,7,6,4,2,2.31,4.97,1.33,3.29,66.67,58.41,2
U003,7,2026-02-18,Wednesday,7,6,5,1,4.61,7.81,3.11,3.65,83.33,77.46,3
U004,7,2026-02-18,Wednesday,7,7,4,3,4.34,6.93,2.75,3.02,57.14,71.17,2
U005,7,2026-02-18,Wednesday,7,6,5,1,4.12,7.44,2.28,3.91,83.33,57.28,1
U006,7,2026-02-18,Wednesday,7,7,4,3,3.06,7.23,1.71,4.41,57.14,57.36,1
U007,7,2026-02-18,Wednesday,7,7,5,2,3.22,5.97,1.63,3.44,71.43,56.44,1
U008,7,2026-02-18,Wednesday,7,5,3,2,4.05,6.96,2.58,2.79,60.0,63.95,2
U009,7,2026-02-18,Wednesday,7,4,3,1,4.3,6.94,3.3,2.97,75.0,68.43,2
U010,7,2026-02-18,Wednesday,7,7,4,3,3.53,6.34,1.67,2.98,57.14,54.83,2
U001,7,2026-02-19,Thursday,7,7,5,2,4.69,7.61,3.17,3.05,71.43,62.98,2
U002,7,2026-02-19,Thursday,7,6,4,2,6.39,9.32,3.93,2.93,66.67,65.85,4
U003,7,2026-02-19,Thursday,7,8,6,2,1.95,5.11,1.67,3.53,75.0,58.84,1
U004,7,2026-02-19,Thursday,7,5,4,1,4.71,8.38,3.66,3.95,80.0,67.77,3
U005,7,2026-02-19,Thursday,7,6,4,2,6.05,9.92,4.33,4.03,66.67,67.75,3
U006,7,2026-02-19,Thursday,7,5,3,2,3.83,5.93,1.96,2.45,60.0,54.5,1
U007,7,2026-02-19,Thursday,7,8,5,3,3.87,8.32,2.27,4.03,62.5,51.83,1
U008,7,2026-02-19,Thursday,7,5,4,1,5.14,7.7,4.06,2.66,80.0,74.53,3
U009,7,2026-02-19,Thursday,7,8,6,2,3.5,6.37,2.5,2.94,75.0,74.88,2
U010,7,2026-02-19,Thursday,7,4,2,2,5.86,9.49,4.14,4.21,50.0,69.94,4
U001,7,2026-02-20,Friday,7,8,4,4,2.73,4.42,1.76,2.12,50.0,56.7,1
U002,7,2026-02-20,Friday,7,9,5,4,3.59,8.69,2.14,6.06,55.56,41.09,1
U003,7,2026-02-20,Friday,7,5,4,1,6.32,9.8,3.49,3.44,80.0,88.78,4
U004,7,2026-02-20,Friday,7,5,3,2,4.3,7.42,2.88,3.33,60.0,56.48,3
U005,7,2026-02-20,Friday,7,7,4,3,5.31,9.34,3.5,3.91,57.14,64.46,2
U006,7,2026-02-20,Friday,7,8,4,4,6.11,10.65,4.19,4.72,50.0,61.02,3
U007,7,2026-02-20,Friday,7,9,5,4,4.62,7.06,3.34,2.68,55.56,64.89,3
U008,7,2026-02-20,Friday,7,9,6,3,3.67,6.79,2.53,3.33,66.67,56.95,1
U009,7,2026-02-20,Friday,7,7,6,1,6.57,11.05,3.52,5.09,85.71,72.26,3
U010,7,2026-02-20,Friday,7,10,7,3,3.99,6.49,2.41,2.29,70.0,66.57,2
U001,7,2026-02-21,Saturday,7,1,0,1,1.32,2.2,0.85,0.8,0.0,35.1,1
U002,7,2026-02-21,Saturday,7,2,1,1,0.78,1.62,0.47,1.16,50.0,44.35,1
U003,7,2026-02-21,Saturday,7,5,4,1,1.89,3.79,1.3,1.78,80.0,64.97,2
U004,7,2026-02-21,Saturday,7,5,3,2,1.03,1.82,0.73,0.82,60.0,54.16,1
U005,7,2026-02-21,Saturday,7,3,3,0,1.88,2.83,1.14,0.7,100.0,61.52,1
U006,7,2026-02-21,Saturday,7,1,0,1,1.16,1.91,0.68,1.15,0.0,24.77,1
U007,7,2026-02-21,Saturday,7,4,2,2,3.21,4.81,1.97,1.21,50.0,54.94,2
U008,7,2026-02-21,Saturday,7,3,1,2,1.08,1.74,0.79,1.23,33.33,41.68,0
U009,7,2026-02-21,Saturday,7,3,1,2,0.77,1.29,0.48,0.58,33.33,31.46,0
U010,7,2026-02-21,Saturday,7,4,2,2,2.87,4.11,1.57,1.87,50.0,51.41,1
U001,7,2026-02-22,Sunday,7,3,1,2,2.6,3.82,1.85,1.64,33.33,45.57,1
U002,7,2026-02-22,Sunday,7,3,2,1,1.87,3.25,1.3,1.54,66.67,60.85,2
U003,7,2026-02-22,Sunday,7,4,2,2,3.18,5.19,2.04,2.55,50.0,47.05,2
U004,7,2026-02-22,Sunday,7,2,2,0,2.06,3.5,1.45,1.31,100.0,78.56,1
U005,7,2026-02-22,Sunday,7,1,1,0,1.04,1.58,0.7,0.2,100.0,70.24,0
U006,7,2026-02-22,Sunday,7,3,3,0,0.98,1.57,0.68,1.15,100.0,69.71,0
U007,7,2026-02-22,Sunday,7,4,2,2,1.54,2.46,0.9,0.67,50.0,42.75,0
U008,7,2026-02-22,Sunday,7,3,3,0,0.72,1.39,0.49,0.35,100.0,73.39,0
U009,7,2026-02-22,Sunday,7,3,1,2,1.5,2.23,1.01,1.5,33.33,39.86,1
U010,7,2026-02-22,Sunday,7,1,0,1,2.14,2.91,1.33,0.79,0.0,28.29,0
U001,8,2026-02-23,Monday,8,8,7,1,3.38,5.89,2.07,2.74,87.5,67.13,1
U002,8,2026-02-23,Monday,8,7,6,1,4.21,8.55,3.04,4.44,85.71,75.04,2
U003,8,2026-02-23,Monday,8,8,5,3,2.93,5.48,1.76,3.03,62.5,56.27,2
U004,8,2026-02-23,Monday,8,6,5,1,6.2,8.8,4.23,2.61,83.33,76.61,4
U005,8,2026-02-23,Monday,8,7,5,2,5.82,7.43,3.62,1.78,71.43,77.6,3
U006,8,2026-02-23,Monday,8,5,2,3,5.89,10.04,4.1,4.28,40.0,49.2,2
U007,8,2026-02-23,Monday,8,6,5,1,4.92,8.05,3.15,3.23,83.33,67.48,2
U008,8,2026-02-23,Monday,8,8,5,3,5.28,8.78,4.49,3.17,62.5,69.88,4
U009,8,2026-02-23,Monday,8,7,4,3,4.34,7.26,2.68,3.1,57.14,59.03,3
U010,8,2026-02-23,Monday,8,6,5,1,5.08,8.63,3.52,3.84,83.33,68.48,3
U001,8,2026-02-24,Tuesday,8,7,4,3,5.6,8.83,3.9,3.68,57.14,66.78,3
U002,8,2026-02-24,Tuesday,8,6,4,2,3.87,6.93,2.48,2.57,66.67,64.4,2
U003,8,2026-02-24,Tuesday,8,7,6,1,5.43,8.47,2.9,3.45,85.71,82.68,3
U004,8,2026-02-24,Tuesday,8,7,5,2,4.89,10.62,3.17,5.56,71.43,71.17,3
U005,8,2026-02-24,Tuesday,8,5,5,0,4.84,7.34,3.13,2.09,100.0,82.17,2
U006,8,2026-02-24,Tuesday,8,7,4,3,4.68,7.58,3.26,2.43,57.14,68.16,2
U007,8,2026-02-24,Tuesday,8,6,5,1,3.58,6.95,1.57,3.14,83.33,61.22,2
U008,8,2026-02-24,Tuesday,8,7,5,2,5.98,8.07,4.3,2.13,71.43,72.85,3
U009,8,2026-02-24,Tuesday,8,7,5,2,4.6,7.02,3.37,3.02,71.43,71.87,4
U010,8,2026-02-24,Tuesday,8,7,5,2,4.8,8.04,3.4,3.49,71.43,63.61,2
U001,8,2026-02-25,Wednesday,8,5,3,2,3.11,6.0,2.31,3.11,60.0,66.77,3
U002,8,2026-02-25,Wednesday,8,11,9,2,5.18,8.4,3.7,3.46,81.82,80.24,3
U003,8,2026-02-25,Wednesday,8,8,7,1,5.91,9.21,3.6,3.44,87.5,79.85,3
U004,8,2026-02-25,Wednesday,8,5,4,1,4.01,7.33,2.55,3.29,80.0,69.7,3
U005,8,2026-02-25,Wednesday,8,3,2,1,4.68,6.36,3.17,1.53,66.67,72.16,2
U006,8,2026-02-25,Wednesday,8,7,5,2,3.56,6.0,2.03,2.64,71.43,62.59,2
U007,8,2026-02-25,Wednesday,8,6,4,2,4.65,7.12,3.16,2.8,66.67,74.52,3
U008,8,2026-02-25,Wednesday,8,6,3,3,3.87,6.12,2.39,2.59,50.0,48.54,3
U009,8,2026-02-25,Wednesday,8,8,6,2,2.08,3.76,1.58,1.4,75.0,58.49,1
U010,8,2026-02-25,Wednesday,8,7,5,2,6.61,8.79,3.87,2.42,71.43,80.18,4
U001,8,2026-02-26,Thursday,8,6,4,2,4.28,8.08,2.82,4.23,66.67,63.33,3
U002,8,2026-02-26,Thursday,8,7,4,3,3.74,6.12,2.8,2.48,57.14,64.34,2
U003,8,2026-02-26,Thursday,8,7,6,1,4.85,7.26,3.49,2.16,85.71,73.85,4
U004,8,2026-02-26,Thursday,8,9,6,3,3.77,6.46,2.66,2.28,66.67,67.62,3
U005,8,2026-02-26,Thursday,8,6,4,2,6.14,9.24,4.85,3.6,66.67,72.86,4
U006,8,2026-02-26,Thursday,8,5,3,2,3.21,5.86,1.78,2.77,60.0,61.73,2
U007,8,2026-02-26,Thursday,8,6,5,1,7.07,10.36,5.3,3.19,83.33,80.74,4
U008,8,2026-02-26,Thursday,8,6,5,1,5.09,8.02,3.2,3.34,83.33,73.25,2
U009,8,2026-02-26,Thursday,8,6,4,2,5.33,7.99,3.09,2.7,66.67,58.91,3
U010,8,2026-02-26,Thursday,8,7,5,2,5.22,9.21,2.77,4.55,71.43,67.39,2
U001,8,2026-02-27,Friday,8,6,3,3,5.75,8.35,4.05,2.76,50.0,60.97,4
U002,8,2026-02-27,Friday,8,7,5,2,5.59,8.2,4.16,3.18,71.43,78.47,4
U003,8,2026-02-27,Friday,8,5,3,2,3.41,5.9,2.25,2.44,60.0,54.51,2
U004,8,2026-02-27,Friday,8,10,7,3,4.03,7.02,2.95,2.99,70.0,61.24,3
U005,8,2026-02-27,Friday,8,6,3,3,3.47,5.97,2.2,2.93,50.0,55.33,3
U006,8,2026-02-27,Friday,8,7,5,2,3.73,8.13,2.45,4.31,71.43,64.21,2
U007,8,2026-02-27,Friday,8,6,5,1,4.79,8.09,4.15,3.54,83.33,71.3,4
U008,8,2026-02-27,Friday,8,6,4,2,3.13,6.4,2.04,3.72,66.67,54.13,1
U009,8,2026-02-27,Friday,8,6,5,1,6.88,9.44,3.61,2.43,83.33,75.65,3
U010,8,2026-02-27,Friday,8,7,5,2,3.83,6.93,2.04,3.07,71.43,69.37,1
U001,8,2026-02-28,Saturday,8,3,1,2,1.36,2.66,0.94,1.63,33.33,45.17,0
U002,8,2026-02-28,Saturday,8,3,1,2,2.04,2.84,1.37,0.82,33.33,41.78,1
U003,8,2026-02-28,Saturday,8,3,2,1,0.33,0.5,0.25,0.47,66.67,61.0,1
U004,8,2026-02-28,Saturday,8,1,1,0,0.7,1.63,0.51,1.42,100.0,68.93,0
U005,8,2026-02-28,Saturday,8,2,1,1,1.23,1.79,0.7,0.47,50.0,44.86,0
U006,8,2026-02-28,Saturday,8,5,3,2,1.77,2.64,1.22,0.98,60.0,52.9,1
U007,8,2026-02-28,Saturday,8,3,1,2,1.85,2.74,1.09,0.85,33.33,46.46,0
U008,8,2026-02-28,Saturday,8,3,1,2,1.07,2.05,0.78,1.02,33.33,36.06,1
U009,8,2026-02-28,Saturday,8,5,3,2,0.82,1.4,0.6,0.72,60.0,47.62,1
U010,8,2026-02-28,Saturday,8,4,3,1,1.99,2.89,1.34,0.81,75.0,60.17,2
U001,8,2026-03-01,Sunday,8,3,3,0,0.83,1.52,0.5,1.22,100.0,67.55,0
U002,8,2026-03-01,Sunday,8,4,2,2,1.16,1.87,0.85,0.95,50.0,55.23,0
U003,8,2026-03-01,Sunday,8,5,4,1,1.79,2.91,1.05,1.04,80.0,57.86,0
U004,8,2026-03-01,Sunday,8,1,1,0,0.28,0.5,0.16,0.35,100.0,68.61,0
U005,8,2026-03-01,Sunday,8,5,4,1,0.81,1.52,0.58,1.53,80.0,53.29,0
U006,8,2026-03-01,Sunday,8,2,1,1,1.2,2.19,0.81,1.3,50.0,44.84,1
U007,8,2026-03-01,Sunday,8,3,1,2,1.36,2.51,1.01,1.33,33.33,37.65,1
U008,8,2026-03-01,Sunday,8,3,3,0,1.73,3.15,1.06,1.47,100.0,73.58,1
U009,8,2026-03-01,Sunday,8,1,0,1,0.97,1.77,0.71,1.01,0.0,31.02,1
U010,8,2026-03-01,Sunday,8,4,2,2,1.63,2.21,1.23,0.33,50.0,45.83,1
U001,9,2026-03-02,Monday,9,5,4,1,4.59,7.89,3.17,3.53,80.0,70.4,3
U002,9,2026-03-02,Monday,9,3,3,0,4.47,6.78,3.02,3.08,100.0,75.52,2
U003,9,2026-03-02,Monday,9,5,4,1,5.49,9.61,3.97,4.7,80.0,77.2,3
U004,9,2026-03-02,Monday,9,9,5,4,6.67,8.79,3.88,2.61,55.56,75.12,3
U005,9,2026-03-02,Monday,9,6,5,1,4.49,7.95,3.49,4.04,83.33,64.72,2
U006,9,2026-03-02,Monday,9,4,4,0,3.81,7.47,2.68,3.79,100.0,76.85,3
U007,9,2026-03-02,Monday,9,7,5,2,3.63,8.14,2.27,4.76,71.43,58.15,2
U008,9,2026-03-02,Monday,9,7,4,3,4.56,8.07,3.16,2.69,57.14,56.47,2
U009,9,2026-03-02,Monday,9,8,5,3,4.97,7.14,3.63,2.17,62.5,71.27,4
U010,9,2026-03-02,Monday,9,4,1,3,4.91,6.91,3.03,2.49,25.0,47.89,3
U001,9,2026-03-03,Tuesday,9,5,3,2,4.28,7.48,2.89,3.37,60.0,63.95,2
U002,9,2026-03-03,Tuesday,9,6,4,2,5.82,9.01,3.68,3.55,66.67,65.81,2
U003,9,2026-03-03,Tuesday,9,5,4,1,3.8,6.06,3.3,2.49,80.0,75.51,3
U004,9,2026-03-03,Tuesday,9,8,6,2,4.01,6.77,2.78,2.48,75.0,69.78,1
U005,9,2026-03-03,Tuesday,9,5,3,2,5.25,7.34,3.73,1.47,60.0,69.12,3
U006,9,2026-03-03,Tuesday,9,7,5,2,5.02,8.55,3.67,3.41,71.43,68.89,3
U007,9,2026-03-03,Tuesday,9,8,6,2,6.72,10.67,3.93,4.4,75.0,80.26,4
U008,9,2026-03-03,Tuesday,9,4,4,0,5.21,8.66,3.59,3.96,100.0,84.03,3
U009,9,2026-03-03,Tuesday,9,9,7,2,3.65,8.12,2.4,5.33,77.78,56.0,2
U010,9,2026-03-03,Tuesday,9,7,6,1,4.33,6.71,2.96,2.93,85.71,78.36,3
U001,9,2026-03-04,Wednesday,9,7,6,1,3.43,6.02,2.69,2.53,85.71,69.64,3
U002,9,2026-03-04,Wednesday,9,7,4,3,3.54,5.78,2.09,2.56,57.14,51.86,1
U003,9,2026-03-04,Wednesday,9,9,6,3,3.94,7.02,2.59,3.43,66.67,65.43,2
U004,9,2026-03-04,Wednesday,9,7,6,1,4.13,7.81,2.33,3.99,85.71,69.69,2
U005,9,2026-03-04,Wednesday,9,5,4,1,6.0,10.34,3.96,3.85,80.0,70.69,3
U006,9,2026-03-04,Wednesday,9,7,7,0,4.55,7.67,2.65,2.9,100.0,81.43,2
U007,9,2026-03-04,Wednesday,9,4,4,0,5.72,9.44,2.91,4.13,100.0,90.72,2
U008,9,2026-03-04,Wednesday,9,4,3,1,4.91,7.65,3.4,2.71,75.0,77.04,4
U009,9,2026-03-04,Wednesday,9,4,4,0,5.35,8.66,3.11,3.58,100.0,88.8,2
U010,9,2026-03-04,Wednesday,9,4,2,2,4.28,6.96,2.85,3.19,50.0,57.27,2
U001,9,2026-03-05,Thursday,9,9,6,3,4.11,6.56,2.68,1.97,66.67,69.94,2
U002,9,2026-03-05,Thursday,9,8,7,1,4.15,6.63,1.96,2.48,87.5,65.68,1
U003,9,2026-03-05,Thursday,9,8,8,0,4.93,6.86,3.39,2.14,100.0,85.18,2
U004,9,2026-03-05,Thursday,9,7,5,2,5.46,7.65,4.16,2.41,71.43,68.74,3
U005,9,2026-03-05,Thursday,9,5,4,1,4.54,7.15,2.38,3.37,80.0,77.11,3
U006,9,2026-03-05,Thursday,9,7,5,2,4.0,6.96,2.88,3.29,71.43,64.83,2
U007,9,2026-03-05,Thursday,9,5,3,2,4.15,7.77,2.42,4.05,60.0,57.41,2
U008,9,2026-03-05,Thursday,9,9,8,1,4.82,7.51,3.17,3.03,88.89,74.29,1
U009,9,2026-03-05,Thursday,9,10,7,3,4.62,8.28,3.57,3.74,70.0,62.68,2
U010,9,2026-03-05,Thursday,9,4,2,2,3.46,7.85,2.25,4.31,50.0,48.44,2
U001,9,2026-03-06,Friday,9,9,8,1,5.55,8.9,4.0,3.6,88.89,76.79,4
U002,9,2026-03-06,Friday,9,8,8,0,5.04,7.56,2.55,2.32,100.0,75.33,1
U003,9,2026-03-06,Friday,9,5,4,1,3.53,7.4,2.47,4.36,80.0,58.32,2
U004,9,2026-03-06,Friday,9,7,5,2,5.6,8.75,3.78,3.36,71.43,68.19,3
U005,9,2026-03-06,Friday,9,6,6,0,6.66,9.8,5.18,3.27,100.0,90.99,4
U006,9,2026-03-06,Friday,9,6,4,2,4.31,7.02,2.51,2.99,66.67,70.53,3
U007,9,2026-03-06,Friday,9,7,6,1,4.27,6.94,2.74,2.48,85.71,76.96,3
U008,9,2026-03-06,Friday,9,8,5,3,4.77,7.68,3.56,2.99,62.5,66.84,2
U009,9,2026-03-06,Friday,9,8,6,2,3.39,6.79,2.23,3.94,75.0,61.45,2
U010,9,2026-03-06,Friday,9,7,4,3,3.7,5.65,2.43,1.53,57.14,76.09,2
U001,9,2026-03-07,Saturday,9,4,3,1,1.59,2.63,1.03,0.87,75.0,60.73,2
U002,9,2026-03-07,Saturday,9,3,2,1,1.08,1.91,0.82,1.56,66.67,60.64,1
U003,9,2026-03-07,Saturday,9,3,2,1,2.38,4.0,1.77,1.47,66.67,61.16,2
U004,9,2026-03-07,Saturday,9,4,2,2,0.29,0.5,0.18,0.15,50.0,46.84,0
U005,9,2026-03-07,Saturday,9,4,3,1,1.23,1.87,1.0,0.74,75.0,67.44,1
U006,9,2026-03-07,Saturday,9,1,0,1,1.45,2.51,0.91,1.19,0.0,27.8,0
U007,9,2026-03-07,Saturday,9,4,3,1,1.64,2.89,1.06,1.15,75.0,58.48,1
U008,9,2026-03-07,Saturday,9,4,2,2,1.99,3.61,1.39,1.93,50.0,57.07,1
U009,9,2026-03-07,Saturday,9,5,4,1,2.47,3.98,1.67,1.07,80.0,57.32,1
U010,9,2026-03-07,Saturday,9,2,2,0,1.2,1.85,0.78,0.71,100.0,76.67,2
U001,9,2026-03-08,Sunday,9,2,2,0,2.43,4.4,1.68,2.19,100.0,77.27,1
U002,9,2026-03-08,Sunday,9,1,1,0,2.32,3.83,1.39,2.14,100.0,77.23,2
U003,9,2026-03-08,Sunday,9,3,1,2,1.88,3.15,1.06,0.88,33.33,44.65,1
U004,9,2026-03-08,Sunday,9,5,5,0,1.16,1.87,0.93,1.25,100.0,66.81,0
U005,9,2026-03-08,Sunday,9,3,2,1,2.59,4.3,1.54,1.32,66.67,68.95,1
U006,9,2026-03-08,Sunday,9,2,2,0,2.38,4.13,1.72,1.86,100.0,78.99,1
U007,9,2026-03-08,Sunday,9,3,2,1,2.32,3.18,1.62,0.61,66.67,67.7,2
U008,9,2026-03-08,Sunday,9,4,4,0,2.58,4.08,1.82,1.33,100.0,76.48,1
U009,9,2026-03-08,Sunday,9,5,3,2,3.03,5.5,2.53,2.24,60.0,61.07,3
U010,9,2026-03-08,Sunday,9,2,1,1,0.59,0.97,0.46,0.71,50.0,46.42,1
U001,10,2026-03-09,Monday,10,6,4,2,3.8,6.41,2.84,2.53,66.67,67.24,2
U002,10,2026-03-09,Monday,10,9,6,3,5.2,7.93,3.84,3.1,66.67,66.19,4
U003,10,2026-03-09,Monday,10,6,4,2,3.48,7.28,2.41,3.77,66.67,60.93,2
U004,10,2026-03-09,Monday,10,4,3,1,6.21,8.51,4.47,2.38,75.0,75.84,3
U005,10,2026-03-09,Monday,10,8,5,3,5.42,8.76,2.93,3.28,62.5,66.72,3
U006,10,2026-03-09,Monday,10,7,5,2,3.94,7.91,2.4,4.35,71.43,70.1,1
U007,10,2026-03-09,Monday,10,8,6,2,5.3,7.7,3.43,2.37,75.0,71.62,3
U008,10,2026-03-09,Monday,10,6,5,1,5.16,6.91,2.82,1.78,83.33,79.6,1
U009,10,2026-03-09,Monday,10,7,6,1,4.56,6.83,3.72,2.62,85.71,75.39,3
U010,10,2026-03-09,Monday,10,8,6,2,5.64,8.76,4.25,3.44,75.0,63.68,5
U001,10,2026-03-10,Tuesday,10,8,6,2,3.68,5.51,2.09,2.24,75.0,58.53,1
U002,10,2026-03-10,Tuesday,10,5,2,3,4.71,6.6,2.96,2.37,40.0,50.84,2
U003,10,2026-03-10,Tuesday,10,4,3,1,3.9,6.81,2.81,3.55,75.0,61.43,3
U004,10,2026-03-10,Tuesday,10,6,4,2,4.92,7.87,3.61,2.79,66.67,63.52,3
U005,10,2026-03-10,Tuesday,10,9,7,2,5.19,6.82,3.02,1.51,77.78,81.8,3
U006,10,2026-03-10,Tuesday,10,7,5,2,6.03,9.65,4.97,3.52,71.43,68.41,4
U007,10,2026-03-10,Tuesday,10,5,5,0,5.53,9.91,3.61,4.53,100.0,94.57,3
U008,10,2026-03-10,Tuesday,10,7,7,0,5.31,7.62,3.59,2.67,100.0,81.48,3
U009,10,2026-03-10,Tuesday,10,5,5,0,4.18,7.65,2.91,3.64,100.0,78.24,4
U010,10,2026-03-10,Tuesday,10,8,6,2,3.93,7.59,2.68,4.28,75.0,64.17,2
U001,10,2026-03-11,Wednesday,10,7,7,0,4.65,6.66,2.78,1.8,100.0,78.09,2
U002,10,2026-03-11,Wednesday,10,8,6,2,2.83,6.2,1.77,3.21,75.0,63.97,3
U003,10,2026-03-11,Wednesday,10,8,6,2,3.63,5.45,2.53,2.02,75.0,62.01,1
U004,10,2026-03-11,Wednesday,10,6,5,1,5.17,8.91,3.72,4.18,83.33,81.4,4
U005,10,2026-03-11,Wednesday,10,7,5,2,4.39,7.48,3.01,3.59,71.43,70.48,2
U006,10,2026-03-11,Wednesday,10,8,6,2,3.58,5.57,2.41,1.91,75.0,66.37,2
U007,10,2026-03-11,Wednesday,10,6,6,0,6.75,10.17,4.3,3.53,100.0,86.86,3
U008,10,2026-03-11,Wednesday,10,6,4,2,4.71,7.81,3.48,3.71,66.67,58.3,3
U009,10,2026-03-11,Wednesday,10,9,8,1,5.4,7.81,3.35,2.12,88.89,85.41,3
U010,10,2026-03-11,Wednesday,10,5,3,2,4.24,6.78,2.89,2.96,60.0,48.34,2
U001,10,2026-03-12,Thursday,10,8,7,1,3.53,6.82,2.57,3.26,87.5,64.05,2
U002,10,2026-03-12,Thursday,10,9,5,4,3.54,6.09,2.09,2.91,55.56,56.64,2
U003,10,2026-03-12,Thursday,10,6,5,1,4.46,7.34,2.94,3.29,83.33,75.34,2
U004,10,2026-03-12,Thursday,10,8,5,3,3.46,5.41,3.12,2.3,62.5,65.84,2
U005,10,2026-03-12,Thursday,10,6,4,2,4.22,6.43,2.4,2.83,66.67,66.62,2
U006,10,2026-03-12,Thursday,10,7,5,2,3.79,6.58,2.37,2.83,71.43,71.61,3
U007,10,2026-03-12,Thursday,10,8,7,1,4.12,6.86,2.78,2.72,87.5,70.8,1
U008,10,2026-03-12,Thursday,10,6,3,3,4.36,8.4,2.92,4.17,50.0,54.32,3
U009,10,2026-03-12,Thursday,10,8,6,2,3.39,6.08,1.42,2.5,75.0,56.35,1
U010,10,2026-03-12,Thursday,10,7,6,1,5.69,8.53,4.06,3.15,85.71,67.11,4
U001,10,2026-03-13,Friday,10,8,6,2,4.3,7.66,2.71,3.74,75.0,65.24,2
U002,10,2026-03-13,Friday,10,5,3,2,2.98,5.42,2.36,3.15,60.0,59.32,2
U003,10,2026-03-13,Friday,10,5,5,0,4.39,6.74,3.23,2.17,100.0,80.76,2
U004,10,2026-03-13,Friday,10,6,5,1,5.11,10.73,3.52,5.8,83.33,77.75,3
U005,10,2026-03-13,Friday,10,5,4,1,4.82,7.47,3.53,2.98,80.0,59.55,2
U006,10,2026-03-13,Friday,10,6,5,1,4.57,7.29,2.84,2.87,83.33,71.56,2
U007,10,2026-03-13,Friday,10,7,5,2,6.03,8.82,4.23,2.71,71.43,72.48,3
U008,10,2026-03-13,Friday,10,9,6,3,4.15,6.74,3.04,2.25,66.67,65.08,4
U009,10,2026-03-13,Friday,10,10,7,3,5.07,6.73,2.86,1.71,70.0,67.67,1
U010,10,2026-03-13,Friday,10,5,3,2,3.8,6.15,2.5,2.65,60.0,59.87,2
U001,10,2026-03-14,Saturday,10,7,5,2,2.15,4.23,1.53,2.19,71.43,41.07,1
U002,10,2026-03-14,Saturday,10,3,1,2,1.24,2.06,0.8,0.75,33.33,33.27,0
U003,10,2026-03-14,Saturday,10,4,4,0,1.94,3.18,1.37,1.36,100.0,78.05,0
U004,10,2026-03-14,Saturday,10,3,2,1,1.57,2.23,0.93,0.58,66.67,57.61,1
U005,10,2026-03-14,Saturday,10,3,2,1,0.27,0.5,0.15,0.03,66.67,54.29,1
U006,10,2026-03-14,Saturday,10,6,3,3,2.27,3.24,1.56,0.85,50.0,47.14,1
U007,10,2026-03-14,Saturday,10,4,3,1,1.2,1.68,0.72,0.65,75.0,65.84,0
U008,10,2026-03-14,Saturday,10,4,3,1,1.78,3.43,1.43,2.31,75.0,61.65,0
U009,10,2026-03-14,Saturday,10,2,2,0,2.45,3.98,1.56,1.85,100.0,72.03,1
U010,10,2026-03-14,Saturday,10,4,3,1,1.37,2.1,0.91,0.91,75.0,69.32,1
U001,10,2026-03-15,Sunday,10,1,0,1,4.52,6.87,2.54,3.31,0.0,31.53,1
U002,10,2026-03-15,Sunday,10,6,5,1,3.75,6.62,1.98,3.08,83.33,71.73,2
U003,10,2026-03-15,Sunday,10,2,1,1,1.52,3.17,1.22,2.02,50.0,52.81,1
U004,10,2026-03-15,Sunday,10,1,0,1,0.59,1.34,0.42,0.84,0.0,24.57,0
U005,10,2026-03-15,Sunday,10,2,2,0,0.66,1.07,0.45,0.83,100.0,64.71,0
U006,10,2026-03-15,Sunday,10,3,2,1,0.84,1.29,0.44,1.25,66.67,51.14,0
U007,10,2026-03-15,Sunday,10,3,2,1,0.27,0.5,0.16,0.21,66.67,55.25,0
U008,10,2026-03-15,Sunday,10,5,4,1,1.23,1.91,0.75,0.77,80.0,59.47,1
U009,10,2026-03-15,Sunday,10,3,1,2,1.4,2.23,1.05,0.95,33.33,40.86,1
U010,10,2026-03-15,Sunday,10,2,1,1,0.56,1.06,0.36,0.49,50.0,50.56,0
U001,11,2026-03-16,Monday,11,9,6,3,4.1,6.22,2.47,2.73,66.67,57.15,2
U002,11,2026-03-16,Monday,11,4,3,1,6.17,9.13,3.56,3.07,75.0,70.05,2
U003,11,2026-03-16,Monday,11,7,6,1,3.8,6.8,2.1,2.62,85.71,69.14,0
U004,11,2026-03-16,Monday,11,8,6,2,5.17,9.29,3.18,4.12,75.0,63.44,2
U005,11,2026-03-16,Monday,11,7,6,1,4.74,8.0,2.97,3.07,85.71,62.24,3
U006,11,2026-03-16,Monday,11,4,3,1,3.73,6.06,2.84,2.02,75.0,70.69,2
U007,11,2026-03-16,Monday,11,7,5,2,4.95,9.09,3.78,4.37,71.43,67.03,2
U008,11,2026-03-16,Monday,11,8,7,1,4.93,7.85,3.49,2.56,87.5,79.81,4
U009,11,2026-03-16,Monday,11,10,7,3,2.96,5.85,2.11,2.84,70.0,63.64,1
U010,11,2026-03-16,Monday,11,6,4,2,4.31,8.17,2.1,4.14,66.67,58.0,1
U001,11,2026-03-17,Tuesday,11,6,5,1,5.42,10.14,3.34,4.79,83.33,72.21,3
U002,11,2026-03-17,Tuesday,11,7,6,1,5.98,8.66,4.61,2.84,85.71,71.05,4
U003,11,2026-03-17,Tuesday,11,9,6,3,6.63,9.56,4.17,2.79,66.67,70.9,4
U004,11,2026-03-17,Tuesday,11,6,4,2,4.86,7.45,2.08,2.73,66.67,60.31,1
U005,11,2026-03-17,Tuesday,11,6,4,2,5.38,8.41,2.53,2.73,66.67,69.77,3
U006,11,2026-03-17,Tuesday,11,9,7,2,4.55,8.11,3.13,3.51,77.78,61.38,2
U007,11,2026-03-17,Tuesday,11,4,4,0,4.75,6.75,3.19,2.43,100.0,84.96,3
U008,11,2026-03-17,Tuesday,11,10,6,4,4.03,6.07,2.99,2.3,60.0,62.55,2
U009,11,2026-03-17,Tuesday,11,6,5,1,4.43,8.45,3.23,4.15,83.33,71.08,3
U010,11,2026-03-17,Tuesday,11,4,3,1,4.03,7.15,2.65,3.7,75.0,67.92,3
U001,11,2026-03-18,Wednesday,11,7,5,2,5.03,7.9,3.37,3.31,71.43,65.35,3
U002,11,2026-03-18,Wednesday,11,6,5,1,3.59,5.47,2.16,2.46,83.33,72.95,2
U003,11,2026-03-18,Wednesday,11,9,7,2,4.1,6.94,2.86,3.63,77.78,63.87,2
U004,11,2026-03-18,Wednesday,11,7,6,1,4.18,7.18,2.83,3.0,85.71,73.4,2
U005,11,2026-03-18,Wednesday,11,7,7,0,3.34,5.59,2.01,2.58,100.0,74.76,2
U006,11,2026-03-18,Wednesday,11,7,5,2,5.3,9.72,4.1,4.3,71.43,68.13,3
U007,11,2026-03-18,Wednesday,11,3,2,1,4.21,6.51,2.64,3.13,66.67,69.39,2
U008,11,2026-03-18,Wednesday,11,8,7,1,5.32,7.85,3.81,3.13,87.5,79.17,1
U009,11,2026-03-18,Wednesday,11,6,5,1,6.11,10.47,3.3,4.65,83.33,75.08,3
U010,11,2026-03-18,Wednesday,11,8,6,2,5.67,9.16,3.31,3.81,75.0,77.81,2
U001,11,2026-03-19,Thursday,11,9,6,3,5.67,10.32,4.09,4.63,66.67,66.86,3
U002,11,2026-03-19,Thursday,11,6,5,1,4.06,6.67,3.01,2.64,83.33,68.22,1
U003,11,2026-03-19,Thursday,11,8,6,2,4.35,7.91,3.01,3.61,75.0,65.65,1
U004,11,2026-03-19,Thursday,11,7,4,3,7.25,9.79,5.73,3.01,57.14,73.06,4
U005,11,2026-03-19,Thursday,11,8,6,2,4.06,6.07,2.48,2.27,75.0,65.83,3
U006,11,2026-03-19,Thursday,11,8,7,1,4.16,6.32,2.82,1.54,87.5,69.21,3
U007,11,2026-03-19,Thursday,11,5,4,1,5.57,7.5,3.8,2.63,80.0,73.79,3
U008,11,2026-03-19,Thursday,11,8,6,2,3.34,7.13,2.17,4.21,75.0,53.1,1
U009,11,2026-03-19,Thursday,11,9,8,1,3.38,5.63,2.14,2.07,88.89,78.79,2
U010,11,2026-03-19,Thursday,11,6,6,0,5.22,7.7,3.43,2.57,100.0,76.74,2
U001,11,2026-03-20,Friday,11,7,6,1,3.0,5.12,1.64,2.17,85.71,69.48,1
U002,11,2026-03-20,Friday,11,7,5,2,4.48,7.87,2.72,3.86,71.43,62.52,2
U003,11,2026-03-20,Friday,11,8,5,3,4.52,7.72,3.05,3.73,62.5,60.53,2
U004,11,2026-03-20,Friday,11,6,4,2,4.12,7.03,2.78,3.39,66.67,60.8,2
U005,11,2026-03-20,Friday,11,8,6,2,4.9,8.88,3.25,4.73,75.0,60.42,2
U006,11,2026-03-20,Friday,11,6,5,1,5.91,10.21,3.59,4.35,83.33,69.24,3
U007,11,2026-03-20,Friday,11,6,5,1,5.02,9.25,3.52,4.81,83.33,69.85,4
U008,11,2026-03-20,Friday,11,9,7,2,4.86,8.28,3.44,3.8,77.78,72.79,3
U009,11,2026-03-20,Friday,11,8,6,2,6.93,9.3,4.07,2.66,75.0,83.63,4
U010,11,2026-03-20,Friday,11,6,4,2,4.14,7.24,2.98,3.51,66.67,63.78,2
U001,11,2026-03-21,Saturday,11,3,2,1,2.16,3.22,1.37,0.96,66.67,52.64,1
U002,11,2026-03-21,Saturday,11,1,0,1,1.1,1.93,0.56,1.08,0.0,29.17,0
U003,11,2026-03-21,Saturday,11,5,5,0,1.64,2.67,1.06,1.45,100.0,73.25,0
U004,11,2026-03-21,Saturday,11,1,1,0,1.75,3.3,1.12,2.06,100.0,76.06,1
U005,11,2026-03-21,Saturday,11,3,2,1,0.87,1.71,0.73,1.56,66.67,57.02,0
U006,11,2026-03-21,Saturday,11,9,7,2,2.42,4.39,1.73,1.63,77.78,70.51,2
U007,11,2026-03-21,Saturday,11,2,2,0,1.2,1.79,0.91,0.91,100.0,71.44,0
U008,11,2026-03-21,Saturday,11,4,3,1,1.59,2.88,1.12,1.58,75.0,59.45,0
U009,11,2026-03-21,Saturday,11,3,2,1,1.17,2.26,0.76,0.83,66.67,55.74,0
U010,11,2026-03-21,Saturday,11,1,1,0,0.34,0.5,0.27,0.27,100.0,63.38,0
U001,11,2026-03-22,Sunday,11,3,0,3,2.9,4.29,1.94,1.53,0.0,34.57,2
U002,11,2026-03-22,Sunday,11,2,2,0,2.14,2.86,1.46,1.05,100.0,74.27,1
U003,11,2026-03-22,Sunday,11,4,2,2,0.25,0.5,0.15,0.38,50.0,45.59,0
U004,11,2026-03-22,Sunday,11,4,2,2,1.87,3.17,1.17,1.9,50.0,41.57,1
U005,11,2026-03-22,Sunday,11,4,2,2,2.23,3.57,1.45,1.35,50.0,38.67,2
U006,11,2026-03-22,Sunday,11,2,1,1,0.91,1.67,0.75,1.18,50.0,57.55,2
U007,11,2026-03-22,Sunday,11,5,4,1,2.2,4.06,1.31,1.92,80.0,67.53,1
U008,11,2026-03-22,Sunday,11,1,1,0,2.72,4.75,1.9,1.66,100.0,73.14,2
U009,11,2026-03-22,Sunday,11,3,1,2,1.68,2.84,1.07,1.45,33.33,36.21,0
U010,11,2026-03-22,Sunday,11,2,1,1,1.54,3.08,1.23,2.57,50.0,51.42,1
U001,12,2026-03-23,Monday,12,7,4,3,2.77,5.03,1.9,2.79,57.14,45.12,2
U002,12,2026-03-23,Monday,12,5,3,2,4.59,6.87,3.19,2.46,60.0,60.24,2
U003,12,2026-03-23,Monday,12,9,7,2,3.7,5.76,3.23,2.21,77.78,67.77,3
U004,12,2026-03-23,Monday,12,7,5,2,2.67,4.51,1.86,1.92,71.43,68.57,2
U005,12,2026-03-23,Monday,12,9,7,2,3.69,6.87,2.18,3.1,77.78,63.59,2
U006,12,2026-03-23,Monday,12,5,5,0,6.78,9.19,4.55,2.46,100.0,92.73,3
U007,12,2026-03-23,Monday,12,6,3,3,3.02,5.9,1.63,2.88,50.0,50.92,1
U008,12,2026-03-23,Monday,12,9,8,1,5.81,8.46,4.27,2.71,88.89,81.41,2
U009,12,2026-03-23,Monday,12,7,6,1,2.97,5.3,2.05,2.43,85.71,81.19,2
U010,12,2026-03-23,Monday,12,9,6,3,4.49,7.77,3.33,3.94,66.67,64.27,2
U001,12,2026-03-24,Tuesday,12,5,5,0,3.62,7.45,1.98,4.21,100.0,66.38,1
U002,12,2026-03-24,Tuesday,12,9,7,2,3.09,5.62,2.25,2.87,77.78,58.04,1
U003,12,2026-03-24,Tuesday,12,7,6,1,4.07,7.32,3.12,3.55,85.71,79.8,3
U004,12,2026-03-24,Tuesday,12,10,10,0,5.41,8.55,3.53,3.51,100.0,80.08,3
U005,12,2026-03-24,Tuesday,12,7,5,2,5.48,8.84,3.72,3.74,71.43,72.05,2
U006,12,2026-03-24,Tuesday,12,6,4,2,4.49,6.81,3.05,2.32,66.67,63.46,3
U007,12,2026-03-24,Tuesday,12,9,9,0,4.91,8.23,2.94,3.37,100.0,73.1,2
U008,12,2026-03-24,Tuesday,12,6,3,3,4.38,6.6,3.17,1.79,50.0,58.94,3
U009,12,2026-03-24,Tuesday,12,6,5,1,4.17,6.09,2.76,2.1,83.33,72.39,1
U010,12,2026-03-24,Tuesday,12,6,4,2,4.06,7.54,2.69,3.83,66.67,58.32,3
U001,12,2026-03-25,Wednesday,12,5,4,1,4.68,7.36,2.56,2.66,80.0,69.12,2
U002,12,2026-03-25,Wednesday,12,7,5,2,5.03,7.72,3.42,2.6,71.43,65.4,3
U003,12,2026-03-25,Wednesday,12,7,5,2,4.94,8.09,3.62,3.64,71.43,63.06,2
U004,12,2026-03-25,Wednesday,12,8,7,1,3.72,7.5,2.48,3.71,87.5,62.56,1
U005,12,2026-03-25,Wednesday,12,6,5,1,5.49,8.01,3.47,2.61,83.33,71.29,2
U006,12,2026-03-25,Wednesday,12,8,5,3,3.72,7.04,2.52,2.94,62.5,60.28,2
U007,12,2026-03-25,Wednesday,12,9,8,1,3.74,5.76,1.95,2.0,88.89,65.99,1
U008,12,2026-03-25,Wednesday,12,8,6,2,5.81,8.89,4.3,3.09,75.0,79.55,4
U009,12,2026-03-25,Wednesday,12,6,5,1,4.88,8.51,3.04,4.31,83.33,69.18,3
U010,12,2026-03-25,Wednesday,12,8,8,0,4.28,7.16,3.29,3.12,100.0,85.16,2
U001,12,2026-03-26,Thursday,12,7,6,1,5.31,8.86,2.66,3.77,85.71,75.72,3
U002,12,2026-03-26,Thursday,12,7,6,1,5.1,8.39,3.28,3.22,85.71,74.32,3
U003,12,2026-03-26,Thursday,12,7,5,2,5.0,7.73,4.18,2.24,71.43,67.49,3
U004,12,2026-03-26,Thursday,12,8,7,1,5.89,8.12,3.98,2.62,87.5,87.24,2
U005,12,2026-03-26,Thursday,12,9,8,1,4.04,6.21,2.84,2.48,88.89,86.19,3
U006,12,2026-03-26,Thursday,12,8,6,2,5.59,7.91,4.15,2.51,75.0,72.93,4
U007,12,2026-03-26,Thursday,12,7,7,0,6.32,10.05,4.33,3.74,100.0,82.49,2
U008,12,2026-03-26,Thursday,12,6,4,2,3.75,7.87,3.11,3.84,66.67,73.98,3
U009,12,2026-03-26,Thursday,12,5,5,0,4.11,6.49,3.02,3.16,100.0,89.99,3
U010,12,2026-03-26,Thursday,12,8,6,2,4.56,6.46,2.99,1.88,75.0,79.16,3
U001,12,2026-03-27,Friday,12,6,6,0,5.38,7.57,3.4,2.52,100.0,85.79,3
U002,12,2026-03-27,Friday,12,10,8,2,7.22,10.42,4.7,3.76,80.0,77.84,4
U003,12,2026-03-27,Friday,12,6,4,2,4.7,7.46,3.26,3.03,66.67,71.13,2
U004,12,2026-03-27,Friday,12,6,5,1,3.96,7.86,2.63,3.98,83.33,65.75,2
U005,12,2026-03-27,Friday,12,7,5,2,4.28,7.16,2.75,3.17,71.43,62.3,3
U006,12,2026-03-27,Friday,12,6,4,2,3.94,6.67,2.16,2.95,66.67,75.32,3
U007,12,2026-03-27,Friday,12,9,7,2,5.5,8.52,3.8,3.25,77.78,66.84,3
U008,12,2026-03-27,Friday,12,9,7,2,4.28,8.05,2.8,4.04,77.78,62.83,3
U009,12,2026-03-27,Friday,12,5,4,1,4.21,6.41,2.15,2.33,80.0,58.45,0
U010,12,2026-03-27,Friday,12,6,5,1,5.21,8.49,2.71,3.27,83.33,77.4,2
U001,12,2026-03-28,Saturday,12,3,2,1,0.9,1.37,0.56,0.87,66.67,55.84,1
U002,12,2026-03-28,Saturday,12,4,4,0,0.39,0.6,0.28,0.38,100.0,71.35,0
U003,12,2026-03-28,Saturday,12,3,1,2,5.6,6.94,4.18,0.99,33.33,54.6,4
U004,12,2026-03-28,Saturday,12,6,4,2,2.38,4.25,1.59,1.73,66.67,55.94,1
U005,12,2026-03-28,Saturday,12,3,3,0,1.39,2.13,1.03,0.79,100.0,82.29,0
U006,12,2026-03-28,Saturday,12,5,4,1,1.75,2.56,1.11,1.6,80.0,52.09,1
U007,12,2026-03-28,Saturday,12,5,3,2,1.32,2.21,0.85,1.34,60.0,54.72,1
U008,12,2026-03-28,Saturday,12,6,4,2,1.14,1.78,0.84,1.36,66.67,63.29,1
U009,12,2026-03-28,Saturday,12,4,2,2,1.03,1.63,0.72,1.09,50.0,48.48,1
U010,12,2026-03-28,Saturday,12,1,0,1,3.59,4.89,2.73,1.26,0.0,33.09,2
U001,12,2026-03-29,Sunday,12,3,3,0,0.97,1.5,0.67,0.9,100.0,69.76,1
U002,12,2026-03-29,Sunday,12,3,3,0,1.92,3.25,1.22,1.67,100.0,76.97,0
U003,12,2026-03-29,Sunday,12,1,0,1,2.14,3.44,1.43,1.55,0.0,25.3,0
U004,12,2026-03-29,Sunday,12,5,4,1,2.32,4.39,1.54,2.23,80.0,62.95,2
U005,12,2026-03-29,Sunday,12,4,3,1,1.17,1.75,0.64,0.53,75.0,57.68,1
U006,12,2026-03-29,Sunday,12,5,3,2,1.73,3.25,1.11,2.0,60.0,47.44,2
U007,12,2026-03-29,Sunday,12,3,2,1,3.12,4.3,2.07,1.01,66.67,59.32,2
U008,12,2026-03-29,Sunday,12,2,2,0,0.3,0.5,0.27,0.0,100.0,73.09,0
U009,12,2026-03-29,Sunday,12,3,3,0,0.76,1.13,0.42,0.76,100.0,65.39,0
U010,12,2026-03-29,Sunday,12,1,0,1,1.24,2.36,0.7,1.25,0.0,23.29,0
U001,27,2026-03-30,Monday,27,4,3,1,5.96,6.56,5.76,0.8,75.0,82.28,3
U002,27,2026-03-30,Monday,27,8,6,2,5.78,6.26,5.62,0.64,75.0,81.26,4
U003,27,2026-03-30,Monday,27,7,5,2,5.15,5.96,4.88,1.08,71.43,76.83,2
U004,27,2026-03-30,Monday,27,7,6,1,5.36,6.02,5.14,0.88,85.71,81.58,4
U005,27,2026-03-30,Monday,27,8,6,2,5.96,6.67,5.72,0.95,75.0,82.28,2
U006,27,2026-03-30,Monday,27,8,7,1,6.86,7.42,6.68,0.74,87.5,90.46,2
U007,27,2026-03-30,Monday,27,6,5,1,6.66,7.59,6.35,1.24,83.33,88.3,1
U008,27,2026-03-30,Monday,27,5,3,2,5.26,6.64,4.8,1.84,60.0,74.59,2
U009,27,2026-03-30,Monday,27,7,6,1,8.02,8.67,7.8,0.87,85.71,96.54,2
U010,27,2026-03-30,Monday,27,8,6,2,5.79,6.41,5.59,0.82,75.0,81.32,2
U001,27,2026-03-31,Tuesday,27,5,4,1,7.33,8.22,7.03,1.19,80.0,91.23,3
U002,27,2026-03-31,Tuesday,27,7,5,2,6.57,7.19,6.36,0.83,71.43,84.81,3
U003,27,2026-03-31,Tuesday,27,4,3,1,3.87,4.46,3.67,0.79,75.0,70.52,1
U004,27,2026-03-31,Tuesday,27,5,4,1,5.13,6.09,4.81,1.28,80.0,78.86,2
U005,27,2026-03-31,Tuesday,27,4,3,1,6.33,7.25,6.02,1.23,75.0,84.36,1
U006,27,2026-03-31,Tuesday,27,5,3,2,4.63,5.7,4.27,1.43,60.0,71.04,2
U007,27,2026-03-31,Tuesday,27,8,7,1,4.98,5.58,4.78,0.8,87.5,79.89,4
U008,27,2026-03-31,Tuesday,27,6,4,2,3.94,4.71,3.69,1.02,66.67,68.83,1
U009,27,2026-03-31,Tuesday,27,7,6,1,6.35,6.87,6.18,0.69,85.71,87.15,4
U010,27,2026-03-31,Tuesday,27,7,6,1,7.38,8.19,7.11,1.08,85.71,92.94,2
U001,27,2026-04-01,Wednesday,27,4,2,2,7.04,8.28,6.63,1.65,50.0,82.1,4
U002,27,2026-04-01,Wednesday,27,5,4,1,5.85,6.32,5.69,0.63,80.0,82.91,4
U003,27,2026-04-01,Wednesday,27,5,4,1,6.74,7.32,6.55,0.77,80.0,87.91,2
U004,27,2026-04-01,Wednesday,27,5,4,1,5.05,5.82,4.79,1.03,80.0,78.41,1
U005,27,2026-04-01,Wednesday,27,6,4,2,6.66,7.41,6.41,1.0,66.67,84.13,2
U006,27,2026-04-01,Wednesday,27,4,3,1,4.95,5.56,4.74,0.82,75.0,76.59,3
U007,27,2026-04-01,Wednesday,27,5,4,1,7.05,7.62,6.86,0.76,80.0,89.66,3
U008,27,2026-04-01,Wednesday,27,8,5,3,4.3,5.1,4.04,1.06,62.5,69.81,4
U009,27,2026-04-01,Wednesday,27,7,6,1,6.86,7.42,6.68,0.74,85.71,90.02,1
U010,27,2026-04-01,Wednesday,27,8,7,1,5.09,5.77,4.86,0.91,87.5,80.51,3
U001,27,2026-04-02,Thursday,27,8,7,1,6.66,7.26,6.46,0.8,87.5,89.34,1
U002,27,2026-04-02,Thursday,27,6,5,1,6.18,6.77,5.98,0.79,83.33,85.59,3
U003,27,2026-04-02,Thursday,27,6,4,2,6.01,6.71,5.78,0.93,66.67,80.47,4
U004,27,2026-04-02,Thursday,27,4,3,1,4.97,5.38,4.84,0.54,75.0,76.71,3
U005,27,2026-04-02,Thursday,27,6,4,2,7.84,8.55,7.6,0.95,66.67,90.77,1
U006,27,2026-04-02,Thursday,27,7,4,3,5.3,6.55,4.89,1.66,57.14,74.1,3
U007,27,2026-04-02,Thursday,27,6,4,2,5.25,5.89,5.04,0.85,66.67,76.2,1
U008,27,2026-04-02,Thursday,27,6,4,2,3.42,4.27,3.13,1.14,66.67,65.91,2
U009,27,2026-04-02,Thursday,27,7,5,2,7.4,8.31,7.1,1.21,71.43,89.48,2
U010,27,2026-04-02,Thursday,27,7,5,2,6.72,7.51,6.46,1.05,71.43,85.66,2
U001,27,2026-04-03,Friday,27,7,6,1,8.3,9.03,8.06,0.97,85.71,98.0,3
U002,27,2026-04-03,Friday,27,7,6,1,6.05,6.54,5.89,0.65,85.71,85.46,1
U003,27,2026-04-03,Friday,27,4,3,1,5.54,6.24,5.3,0.94,75.0,79.91,3
U004,27,2026-04-03,Friday,27,7,5,2,6.9,7.58,6.67,0.91,71.43,86.67,3
U005,27,2026-04-03,Friday,27,8,6,2,8.81,9.52,8.57,0.95,75.0,98.0,3
U006,27,2026-04-03,Friday,27,5,4,1,6.21,6.89,5.98,0.91,80.0,84.93,4
U007,27,2026-04-03,Friday,27,4,3,1,6.14,6.82,5.92,0.9,75.0,83.29,2
U008,27,2026-04-03,Friday,27,7,5,2,5.08,5.98,4.78,1.2,71.43,76.43,1
U009,27,2026-04-03,Friday,27,4,3,1,7.22,7.94,6.98,0.96,75.0,89.36,2
U010,27,2026-04-03,Friday,27,6,5,1,5.25,5.81,5.07,0.74,83.33,80.36,2
U001,27,2026-04-04,Saturday,27,2,1,1,2.57,2.88,2.47,0.41,50.0,56.96,1
U002,27,2026-04-04,Saturday,27,2,1,1,2.4,2.6,2.34,0.26,50.0,56.0,0
U003,27,2026-04-04,Saturday,27,3,2,1,2.12,2.52,1.98,0.54,66.67,58.59,0
U004,27,2026-04-04,Saturday,27,2,1,1,2.06,2.23,2.01,0.22,50.0,54.09,1
U005,27,2026-04-04,Saturday,27,2,1,1,2.93,3.27,2.81,0.46,50.0,58.98,1
U006,27,2026-04-04,Saturday,27,3,2,1,0.86,0.96,0.81,0.2,66.67,51.5,0
U007,27,2026-04-04,Saturday,27,2,1,1,2.07,2.28,2.0,0.28,50.0,54.14,1
U008,27,2026-04-04,Saturday,27,3,2,1,1.6,1.88,1.51,0.37,66.67,55.67,1
U009,27,2026-04-04,Saturday,27,1,0,1,2.75,3.01,2.67,0.34,0.0,45.47,0
U010,27,2026-04-04,Saturday,27,3,2,1,1.71,1.85,1.66,0.2,66.67,56.29,1
U001,28,2026-04-05,Sunday,28,3,2,1,3.04,3.54,2.88,0.66,66.67,63.77,1
U002,28,2026-04-05,Sunday,28,3,2,1,2.64,3.05,2.51,0.54,66.67,61.52,1
U003,28,2026-04-05,Sunday,28,2,1,1,1.6,1.87,1.51,0.36,50.0,51.5,1
U004,28,2026-04-05,Sunday,28,3,2,1,1.06,1.23,1.0,0.23,66.67,52.63,0
U005,28,2026-04-05,Sunday,28,2,1,1,1.37,1.47,1.32,0.2,50.0,50.21,0
U006,28,2026-04-05,Sunday,28,1,0,1,0.81,0.88,0.76,0.2,0.0,34.56,1
U007,28,2026-04-05,Sunday,28,3,2,1,1.84,2.01,1.78,0.23,66.67,57.02,0
U008,28,2026-04-05,Sunday,28,3,2,1,1.02,1.22,0.96,0.26,66.67,52.41,1
U009,28,2026-04-05,Sunday,28,2,1,1,2.63,2.84,2.56,0.28,50.0,57.29,0
U010,28,2026-04-05,Sunday,28,3,2,1,0.87,1.03,0.82,0.21,66.67,51.56,0
U001,28,2026-04-06,Monday,28,4,3,1,7.87,8.81,7.55,1.26,75.0,93.02,2
U002,28,2026-04-06,Monday,28,7,6,1,7.14,7.72,6.95,0.77,85.71,91.59,2
U003,28,2026-04-06,Monday,28,5,4,1,7.19,8.53,6.74,1.79,80.0,90.44,2
U004,28,2026-04-06,Monday,28,7,5,2,5.1,5.51,4.96,0.55,71.43,76.55,4
U005,28,2026-04-06,Monday,28,4,3,1,6.19,6.69,6.02,0.67,75.0,83.57,3
U006,28,2026-04-06,Monday,28,5,4,1,5.4,5.89,5.24,0.65,80.0,80.38,4
U007,28,2026-04-06,Monday,28,5,4,1,6.66,7.54,6.37,1.17,80.0,87.46,1
U008,28,2026-04-06,Monday,28,6,4,2,6.39,7.67,5.97,1.7,66.67,82.61,1
U009,28,2026-04-06,Monday,28,6,5,1,4.79,5.18,4.66,0.52,83.33,77.78,4
U010,28,2026-04-06,Monday,28,7,6,1,5.21,5.81,5.01,0.8,85.71,80.73,4
U001,28,2026-04-07,Tuesday,28,6,5,1,4.3,4.86,4.11,0.75,83.33,75.02,1
U002,28,2026-04-07,Tuesday,28,5,4,1,7.64,8.26,7.43,0.83,80.0,92.97,4
U003,28,2026-04-07,Tuesday,28,6,5,1,3.6,4.24,3.39,0.85,83.33,71.08,1
U004,28,2026-04-07,Tuesday,28,6,5,1,5.41,6.12,5.17,0.95,83.33,81.26,3
U005,28,2026-04-07,Tuesday,28,7,6,1,5.47,5.91,5.32,0.59,85.71,82.2,3
U006,28,2026-04-07,Tuesday,28,5,4,1,5.13,5.79,4.91,0.88,80.0,78.86,3
U007,28,2026-04-07,Tuesday,28,7,6,1,6.51,7.04,6.34,0.7,85.71,88.05,4
U008,28,2026-04-07,Tuesday,28,7,5,2,5.5,6.09,5.31,0.78,71.43,78.8,4
U009,28,2026-04-07,Tuesday,28,6,5,1,8.5,9.4,8.2,1.2,83.33,98.0,2
U010,28,2026-04-07,Tuesday,28,4,3,1,6.89,7.54,6.68,0.86,75.0,87.51,3
U001,28,2026-04-08,Wednesday,28,7,6,1,7.5,8.11,7.3,0.81,85.71,93.61,4
U002,28,2026-04-08,Wednesday,28,6,4,2,5.69,6.31,5.48,0.83,66.67,78.67,3
U003,28,2026-04-08,Wednesday,28,5,3,2,6.65,7.4,6.4,1.0,60.0,82.41,1
U004,28,2026-04-08,Wednesday,28,8,6,2,5.29,6.08,5.03,1.05,75.0,78.51,4
U005,28,2026-04-08,Wednesday,28,7,5,2,6.85,7.5,6.64,0.86,71.43,86.39,4
U006,28,2026-04-08,Wednesday,28,4,3,1,6.43,7.05,6.22,0.83,75.0,84.92,4
U007,28,2026-04-08,Wednesday,28,5,4,1,6.07,6.72,5.85,0.87,80.0,84.14,1
U008,28,2026-04-08,Wednesday,28,8,6,2,4.34,5.2,4.06,1.14,75.0,73.16,1
U009,28,2026-04-08,Wednesday,28,4,3,1,6.0,6.49,5.84,0.65,75.0,82.5,2
U010,28,2026-04-08,Wednesday,28,6,5,1,6.87,7.99,6.5,1.49,83.33,89.48,2
U001,28,2026-04-09,Thursday,28,8,7,1,5.79,6.26,5.63,0.63,87.5,84.44,4
U002,28,2026-04-09,Thursday,28,5,4,1,7.2,7.78,7.0,0.78,80.0,90.5,1
U003,28,2026-04-09,Thursday,28,4,2,2,6.21,7.31,5.84,1.47,50.0,77.43,1
U004,28,2026-04-09,Thursday,28,6,5,1,5.13,5.82,4.9,0.92,83.33,79.69,2
U005,28,2026-04-09,Thursday,28,5,4,1,8.31,8.99,8.09,0.9,80.0,96.74,1
U006,28,2026-04-09,Thursday,28,5,4,1,7.17,7.75,6.98,0.77,80.0,90.33,2
U007,28,2026-04-09,Thursday,28,7,6,1,6.05,6.55,5.89,0.66,85.71,85.46,4
U008,28,2026-04-09,Thursday,28,5,3,2,3.78,4.66,3.49,1.17,60.0,66.26,2
U009,28,2026-04-09,Thursday,28,8,7,1,7.1,7.75,6.89,0.86,87.5,91.81,4
U010,28,2026-04-09,Thursday,28,6,5,1,6.54,7.18,6.32,0.86,83.33,87.62,1
U001,28,2026-04-10,Friday,28,7,6,1,6.33,6.84,6.16,0.68,85.71,87.03,2
U002,28,2026-04-10,Friday,28,5,4,1,7.4,8.0,7.2,0.8,80.0,91.62,1
U003,28,2026-04-10,Friday,28,5,3,2,4.43,5.19,4.18,1.01,60.0,69.92,2
U004,28,2026-04-10,Friday,28,6,4,2,6.5,7.98,6.0,1.98,66.67,83.23,3
U005,28,2026-04-10,Friday,28,5,3,2,7.03,7.83,6.76,1.07,60.0,84.54,3
U006,28,2026-04-10,Friday,28,6,4,2,6.18,6.68,6.01,0.67,66.67,81.43,1
U007,28,2026-04-10,Friday,28,5,4,1,6.38,7.05,6.16,0.89,80.0,85.89,1
U008,28,2026-04-10,Friday,28,8,5,3,5.03,5.92,4.73,1.19,62.5,73.92,1
U009,28,2026-04-10,Friday,28,7,6,1,8.5,9.36,8.21,1.15,85.71,98.0,3
U010,28,2026-04-10,Friday,28,8,6,2,6.42,7.27,6.14,1.13,75.0,84.86,4
U001,28,2026-04-11,Saturday,28,2,1,1,1.47,1.67,1.41,0.26,50.0,50.77,1
U002,28,2026-04-11,Saturday,28,1,0,1,1.29,1.38,1.24,0.2,0.0,37.26,1
U003,28,2026-04-11,Saturday,28,1,0,1,1.78,2.03,1.7,0.33,0.0,40.01,0
U004,28,2026-04-11,Saturday,28,1,0,1,2.38,2.61,2.3,0.31,0.0,43.39,1
U005,28,2026-04-11,Saturday,28,2,1,1,0.47,0.5,0.42,0.2,50.0,45.14,0
U006,28,2026-04-11,Saturday,28,3,2,1,2.52,2.81,2.42,0.39,66.67,60.84,0
U007,28,2026-04-11,Saturday,28,3,2,1,2.04,2.21,1.99,0.22,66.67,58.14,0
U008,28,2026-04-11,Saturday,28,1,0,1,2.87,3.36,2.7,0.66,0.0,46.14,0
U009,28,2026-04-11,Saturday,28,1,0,1,1.8,1.95,1.75,0.2,0.0,40.12,1
U010,28,2026-04-11,Saturday,28,2,1,1,1.58,1.78,1.52,0.26,50.0,51.39,1
U001,29,2026-04-12,Sunday,29,2,1,1,1.72,1.85,1.67,0.2,50.0,52.17,1
U002,29,2026-04-12,Sunday,29,2,1,1,2.4,2.59,2.33,0.26,50.0,56.0,0
U003,29,2026-04-12,Sunday,29,3,1,2,1.35,1.73,1.23,0.5,33.33,45.93,1
U004,29,2026-04-12,Sunday,29,2,1,1,1.3,1.65,1.19,0.46,50.0,49.81,0
U005,29,2026-04-12,Sunday,29,2,1,1,1.9,2.06,1.85,0.21,50.0,53.19,1
U006,29,2026-04-12,Sunday,29,1,0,1,1.26,1.4,1.21,0.2,0.0,37.09,0
U007,29,2026-04-12,Sunday,29,1,0,1,1.2,1.28,1.15,0.2,0.0,36.75,1
U008,29,2026-04-12,Sunday,29,1,0,1,2.72,3.27,2.54,0.73,0.0,45.3,1
U009,29,2026-04-12,Sunday,29,1,0,1,2.31,2.5,2.25,0.25,0.0,42.99,0
U010,29,2026-04-12,Sunday,29,2,1,1,3.29,3.56,3.2,0.36,50.0,61.01,1
U001,29,2026-04-13,Monday,29,4,3,1,5.72,6.49,5.46,1.03,75.0,80.92,4
U002,29,2026-04-13,Monday,29,7,5,2,6.76,7.44,6.54,0.9,71.43,85.88,1
U003,29,2026-04-13,Monday,29,7,6,1,5.17,6.17,4.84,1.33,85.71,80.51,2
U004,29,2026-04-13,Monday,29,8,5,3,6.09,7.15,5.73,1.42,62.5,79.88,4
U005,29,2026-04-13,Monday,29,7,4,3,5.55,6.68,5.18,1.5,57.14,75.5,1
U006,29,2026-04-13,Monday,29,8,5,3,4.99,5.98,4.66,1.32,62.5,73.69,1
U007,29,2026-04-13,Monday,29,7,6,1,6.02,6.59,5.83,0.76,85.71,85.29,3
U008,29,2026-04-13,Monday,29,7,4,3,3.86,4.88,3.52,1.36,57.14,66.0,2
U009,29,2026-04-13,Monday,29,5,4,1,5.93,6.41,5.77,0.64,80.0,83.36,1
U010,29,2026-04-13,Monday,29,8,6,2,6.83,8.06,6.42,1.64,75.0,87.17,2
U001,29,2026-04-14,Tuesday,29,5,4,1,5.72,6.53,5.45,1.08,80.0,82.17,3
U002,29,2026-04-14,Tuesday,29,6,5,1,9.0,9.73,8.76,0.97,83.33,98.0,3
U003,29,2026-04-14,Tuesday,29,7,5,2,5.52,6.2,5.3,0.9,71.43,78.91,2
U004,29,2026-04-14,Tuesday,29,4,3,1,5.98,6.87,5.68,1.19,75.0,82.39,3
U005,29,2026-04-14,Tuesday,29,4,3,1,6.94,7.5,6.75,0.75,75.0,87.79,2
U006,29,2026-04-14,Tuesday,29,4,3,1,4.45,4.81,4.33,0.48,75.0,73.78,2
U007,29,2026-04-14,Tuesday,29,6,5,1,5.5,5.94,5.35,0.59,83.33,81.77,3
U008,29,2026-04-14,Tuesday,29,5,4,1,5.42,6.33,5.11,1.22,80.0,80.49,2
U009,29,2026-04-14,Tuesday,29,4,3,1,8.41,9.48,8.05,1.43,75.0,96.06,3
U010,29,2026-04-14,Tuesday,29,8,5,3,5.91,6.99,5.55,1.44,62.5,78.87,3
U001,29,2026-04-15,Wednesday,29,6,5,1,5.47,5.91,5.32,0.59,83.33,81.6,4
U002,29,2026-04-15,Wednesday,29,7,6,1,6.29,7.1,6.02,1.08,85.71,86.81,3
U003,29,2026-04-15,Wednesday,29,7,5,2,5.98,7.16,5.59,1.57,71.43,81.5,2
U004,29,2026-04-15,Wednesday,29,6,5,1,6.61,7.77,6.22,1.55,83.33,88.01,2
U005,29,2026-04-15,Wednesday,29,6,5,1,6.87,7.46,6.67,0.79,83.33,89.48,3
U006,29,2026-04-15,Wednesday,29,7,5,2,6.79,7.44,6.58,0.86,71.43,86.05,3
U007,29,2026-04-15,Wednesday,29,5,4,1,7.53,8.14,7.33,0.81,80.0,92.36,2
U008,29,2026-04-15,Wednesday,29,4,3,1,5.77,6.64,5.48,1.16,75.0,81.21,2
U009,29,2026-04-15,Wednesday,29,7,6,1,6.34,7.23,6.05,1.18,85.71,87.09,1
U010,29,2026-04-15,Wednesday,29,7,6,1,7.24,7.82,7.04,0.78,85.71,92.15,2
U001,29,2026-04-16,Thursday,29,4,3,1,6.4,6.92,6.23,0.69,75.0,84.75,3
U002,29,2026-04-16,Thursday,29,5,4,1,8.36,9.03,8.13,0.9,80.0,97.03,4
U003,29,2026-04-16,Thursday,29,4,2,2,4.83,5.83,4.49,1.34,50.0,69.67,3
U004,29,2026-04-16,Thursday,29,8,6,2,5.6,6.1,5.43,0.67,75.0,80.25,2
U005,29,2026-04-16,Thursday,29,8,7,1,6.67,7.21,6.49,0.72,87.5,89.39,3
U006,29,2026-04-16,Thursday,29,4,3,1,5.46,5.97,5.29,0.68,75.0,79.46,3
U007,29,2026-04-16,Thursday,29,7,6,1,4.47,4.92,4.32,0.6,85.71,76.57,3
U008,29,2026-04-16,Thursday,29,7,6,1,5.27,6.06,5.01,1.05,85.71,81.07,4
U009,29,2026-04-16,Thursday,29,7,6,1,7.17,8.05,6.87,1.18,85.71,91.76,3
U010,29,2026-04-16,Thursday,29,6,5,1,5.84,6.31,5.68,0.63,83.33,83.68,3
U001,29,2026-04-17,Friday,29,8,7,1,7.83,8.47,7.62,0.85,87.5,95.92,3
U002,29,2026-04-17,Friday,29,6,5,1,6.15,6.73,5.96,0.77,83.33,85.43,4
U003,29,2026-04-17,Friday,29,5,4,1,5.13,6.11,4.8,1.31,80.0,78.86,2
U004,29,2026-04-17,Friday,29,7,5,2,6.54,7.15,6.33,0.82,71.43,84.64,3
U005,29,2026-04-17,Friday,29,8,6,2,7.45,8.33,7.16,1.17,75.0,90.66,3
U006,29,2026-04-17,Friday,29,5,4,1,6.01,6.52,5.84,0.68,80.0,83.81,2
U007,29,2026-04-17,Friday,29,5,4,1,6.04,6.77,5.8,0.97,80.0,83.97,3
U008,29,2026-04-17,Friday,29,7,6,1,3.65,4.29,3.43,0.86,85.71,71.96,1
U009,29,2026-04-17,Friday,29,4,3,1,7.09,7.86,6.84,1.02,75.0,88.63,2
U010,29,2026-04-17,Friday,29,6,5,1,5.46,6.04,5.27,0.77,83.33,81.55,3
U001,29,2026-04-18,Saturday,29,3,2,1,1.96,2.13,1.9,0.23,66.67,57.69,1
U002,29,2026-04-18,Saturday,29,3,2,1,1.61,1.81,1.55,0.26,66.67,55.72,0
U003,29,2026-04-18,Saturday,29,1,0,1,1.46,1.84,1.33,0.51,0.0,38.21,1
U004,29,2026-04-18,Saturday,29,2,1,1,1.44,1.54,1.39,0.2,50.0,50.6,0
U005,29,2026-04-18,Saturday,29,3,2,1,1.45,1.65,1.39,0.26,66.67,54.82,1
U006,29,2026-04-18,Saturday,29,2,1,1,2.6,2.93,2.49,0.44,50.0,57.12,1
U007,29,2026-04-18,Saturday,29,3,2,1,2.77,3.11,2.65,0.46,66.67,62.25,0
U008,29,2026-04-18,Saturday,29,1,0,1,1.6,1.87,1.51,0.36,0.0,39.0,1
U009,29,2026-04-18,Saturday,29,2,1,1,1.98,2.18,1.91,0.27,50.0,53.64,0
U010,29,2026-04-18,Saturday,29,1,0,1,1.47,1.63,1.42,0.21,0.0,38.27,1
U001,30,2026-04-19,Sunday,30,2,1,1,2.08,2.37,1.98,0.39,50.0,54.2,1
U002,30,2026-04-19,Sunday,30,3,2,1,1.04,1.24,0.98,0.26,66.67,52.52,0
U003,30,2026-04-19,Sunday,30,2,1,1,1.3,1.49,1.24,0.25,50.0,49.81,0
U004,30,2026-04-19,Sunday,30,3,2,1,2.25,2.57,2.15,0.42,66.67,59.32,0
U005,30,2026-04-19,Sunday,30,1,0,1,0.64,0.68,0.59,0.2,0.0,33.6,1
U006,30,2026-04-19,Sunday,30,3,2,1,1.21,1.38,1.15,0.23,66.67,53.47,0
U007,30,2026-04-19,Sunday,30,3,2,1,1.22,1.4,1.16,0.24,66.67,53.53,0
U008,30,2026-04-19,Sunday,30,3,2,1,1.87,2.38,1.7,0.68,66.67,57.19,1
U009,30,2026-04-19,Sunday,30,3,2,1,1.76,1.9,1.71,0.2,66.67,56.57,1
U010,30,2026-04-19,Sunday,30,2,1,1,1.57,1.75,1.51,0.24,50.0,51.33,0
U001,30,2026-04-20,Monday,30,5,3,2,5.47,6.25,5.21,1.04,60.0,75.77,3
U002,30,2026-04-20,Monday,30,5,4,1,7.54,8.16,7.34,0.82,80.0,92.41,2
U003,30,2026-04-20,Monday,30,7,5,2,5.32,5.83,5.15,0.68,71.43,77.78,3
U004,30,2026-04-20,Monday,30,5,3,2,4.46,5.11,4.24,0.87,60.0,70.09,2
U005,30,2026-04-20,Monday,30,5,4,1,6.99,7.79,6.72,1.07,80.0,89.32,2
U006,30,2026-04-20,Monday,30,6,4,2,6.67,7.64,6.34,1.3,66.67,84.19,4
U007,30,2026-04-20,Monday,30,4,3,1,5.4,6.37,5.08,1.29,75.0,79.12,3
U008,30,2026-04-20,Monday,30,6,4,2,3.14,4.02,2.85,1.17,66.67,64.33,3
U009,30,2026-04-20,Monday,30,5,3,2,9.2,10.38,8.8,1.58,60.0,96.75,3
U010,30,2026-04-20,Monday,30,6,4,2,5.64,6.69,5.29,1.4,66.67,78.39,3
U001,30,2026-04-21,Tuesday,30,8,7,1,6.73,7.5,6.47,1.03,87.5,89.73,2
U002,30,2026-04-21,Tuesday,30,8,7,1,9.3,10.46,8.92,1.54,87.5,98.0,1
U003,30,2026-04-21,Tuesday,30,8,5,3,5.15,6.48,4.71,1.77,62.5,74.59,2
U004,30,2026-04-21,Tuesday,30,7,5,2,6.38,7.26,6.08,1.18,71.43,83.75,4
U005,30,2026-04-21,Tuesday,30,4,3,1,7.58,8.19,7.37,0.82,75.0,91.39,4
U006,30,2026-04-21,Tuesday,30,4,3,1,3.67,4.19,3.5,0.69,75.0,69.39,2
U007,30,2026-04-21,Tuesday,30,7,6,1,5.56,6.25,5.33,0.92,85.71,82.7,3
U008,30,2026-04-21,Tuesday,30,5,4,1,4.0,4.86,3.71,1.15,80.0,72.5,3
U009,30,2026-04-21,Tuesday,30,5,4,1,6.5,7.02,6.32,0.7,80.0,86.56,3
U010,30,2026-04-21,Tuesday,30,6,4,2,5.37,6.13,5.11,1.02,66.67,76.87,3
U001,30,2026-04-22,Wednesday,30,7,6,1,5.35,6.17,5.07,1.1,85.71,81.52,4
U002,30,2026-04-22,Wednesday,30,8,7,1,7.22,7.94,6.98,0.96,87.5,92.49,4
U003,30,2026-04-22,Wednesday,30,8,7,1,4.32,5.02,4.08,0.94,87.5,76.17,3
U004,30,2026-04-22,Wednesday,30,4,3,1,5.6,6.06,5.45,0.61,75.0,80.25,1
U005,30,2026-04-22,Wednesday,30,4,3,1,8.56,9.25,8.33,0.92,75.0,96.9,4
U006,30,2026-04-22,Wednesday,30,6,4,2,5.77,6.66,5.47,1.19,66.67,79.12,1
U007,30,2026-04-22,Wednesday,30,4,3,1,7.79,8.42,7.58,0.84,75.0,92.57,3
U008,30,2026-04-22,Wednesday,30,4,3,1,4.08,4.89,3.81,1.08,75.0,71.7,4
U009,30,2026-04-22,Wednesday,30,8,7,1,5.13,5.58,4.98,0.6,87.5,80.73,1
U010,30,2026-04-22,Wednesday,30,8,6,2,6.09,6.59,5.93,0.66,75.0,83.01,1
U001,30,2026-04-23,Thursday,30,5,4,1,5.55,6.02,5.39,0.63,80.0,81.22,2
U002,30,2026-04-23,Thursday,30,8,6,2,5.25,5.68,5.11,0.57,75.0,78.28,1
U003,30,2026-04-23,Thursday,30,5,4,1,6.06,6.74,5.83,0.91,80.0,84.09,2
U004,30,2026-04-23,Thursday,30,4,3,1,7.03,7.73,6.79,0.94,75.0,88.29,4
U005,30,2026-04-23,Thursday,30,6,5,1,8.29,8.96,8.06,0.9,83.33,97.46,4
U006,30,2026-04-23,Thursday,30,8,6,2,3.89,4.4,3.72,0.68,75.0,70.63,4
U007,30,2026-04-23,Thursday,30,5,4,1,6.88,7.44,6.7,0.74,80.0,88.7,3
U008,30,2026-04-23,Thursday,30,7,6,1,6.04,7.23,5.64,1.59,85.71,85.4,4
U009,30,2026-04-23,Thursday,30,6,4,2,6.33,7.18,6.04,1.14,66.67,82.27,3
U010,30,2026-04-23,Thursday,30,6,5,1,4.02,4.41,3.89,0.52,83.33,73.44,1
U001,30,2026-04-24,Friday,30,5,4,1,4.87,5.28,4.73,0.55,80.0,77.39,2
U002,30,2026-04-24,Friday,30,4,3,1,5.87,6.35,5.71,0.64,75.0,81.77,2
U003,30,2026-04-24,Friday,30,8,5,3,4.5,5.29,4.24,1.05,62.5,70.94,4
U004,30,2026-04-24,Friday,30,8,7,1,5.62,6.09,5.46,0.63,87.5,83.49,2
U005,30,2026-04-24,Friday,30,6,4,2,6.32,7.11,6.06,1.05,66.67,82.22,4
U006,30,2026-04-24,Friday,30,6,4,2,6.31,7.76,5.83,1.93,66.67,82.16,4
U007,30,2026-04-24,Friday,30,6,5,1,7.34,7.93,7.14,0.79,83.33,92.12,4
U008,30,2026-04-24,Friday,30,5,3,2,3.77,4.89,3.4,1.49,60.0,66.21,3
U009,30,2026-04-24,Friday,30,4,3,1,6.81,7.37,6.63,0.74,75.0,87.06,1
U010,30,2026-04-24,Friday,30,5,4,1,7.92,8.57,7.71,0.86,80.0,94.55,4
U001,30,2026-04-25,Saturday,30,2,1,1,2.29,2.7,2.15,0.55,50.0,55.38,0
U002,30,2026-04-25,Saturday,30,2,1,1,2.92,3.17,2.84,0.33,50.0,58.92,0
U003,30,2026-04-25,Saturday,30,1,0,1,2.82,3.23,2.68,0.55,0.0,45.86,0
U004,30,2026-04-25,Saturday,30,3,2,1,1.84,2.17,1.73,0.44,66.67,57.02,0
U005,30,2026-04-25,Saturday,30,3,2,1,2.76,2.98,2.68,0.3,66.67,62.19,1
U006,30,2026-04-25,Saturday,30,1,0,1,2.34,2.6,2.26,0.34,0.0,43.16,0
U007,30,2026-04-25,Saturday,30,2,1,1,1.69,1.84,1.64,0.2,50.0,52.01,1
U008,30,2026-04-25,Saturday,30,2,1,1,1.64,1.77,1.59,0.2,50.0,51.73,1
U009,30,2026-04-25,Saturday,30,2,1,1,1.99,2.24,1.91,0.33,50.0,53.69,0
U010,30,2026-04-25,Saturday,30,2,1,1,1.83,2.04,1.76,0.28,50.0,52.79,0
U001,31,2026-04-26,Sunday,31,1,0,1,1.63,1.86,1.55,0.31,0.0,39.17,0
U002,31,2026-04-26,Sunday,31,1,0,1,1.56,1.68,1.51,0.2,0.0,38.77,0
U003,31,2026-04-26,Sunday,31,3,2,1,2.13,2.45,2.03,0.42,66.67,58.65,0
U004,31,2026-04-26,Sunday,31,2,1,1,0.66,0.74,0.61,0.2,50.0,46.21,1
U005,31,2026-04-26,Sunday,31,3,2,1,2.47,2.9,2.33,0.57,66.67,60.56,1
U006,31,2026-04-26,Sunday,31,2,1,1,1.73,2.07,1.62,0.45,50.0,52.23,1
U007,31,2026-04-26,Sunday,31,1,0,1,1.83,2.09,1.75,0.34,0.0,40.29,0
U008,31,2026-04-26,Sunday,31,1,0,1,1.93,2.28,1.81,0.47,0.0,40.86,1
U009,31,2026-04-26,Sunday,31,3,2,1,3.67,3.97,3.57,0.4,66.67,67.31,0
U010,31,2026-04-26,Sunday,31,1,0,1,1.93,2.13,1.86,0.27,0.0,40.86,1
U001,31,2026-04-27,Monday,31,4,3,1,5.96,6.45,5.79,0.66,75.0,82.28,3
U002,31,2026-04-27,Monday,31,4,3,1,6.52,7.07,6.34,0.73,75.0,85.42,3
U003,31,2026-04-27,Monday,31,5,4,1,6.1,7.22,5.73,1.49,80.0,84.31,1
U004,31,2026-04-27,Monday,31,6,5,1,5.26,6.27,4.93,1.34,83.33,80.42,1
U005,31,2026-04-27,Monday,31,5,3,2,7.59,8.65,7.24,1.41,60.0,87.69,2
U006,31,2026-04-27,Monday,31,8,6,2,4.29,5.24,3.98,1.26,75.0,72.88,4
U007,31,2026-04-27,Monday,31,7,6,1,7.09,7.75,6.87,0.88,85.71,91.31,1
U008,31,2026-04-27,Monday,31,4,3,1,4.33,5.06,4.08,0.98,75.0,73.11,3
U009,31,2026-04-27,Monday,31,7,6,1,6.33,6.84,6.16,0.68,85.71,87.03,3
U010,31,2026-04-27,Monday,31,8,6,2,4.77,5.16,4.64,0.52,75.0,75.58,2
U001,31,2026-04-28,Tuesday,31,6,4,2,7.72,8.66,7.41,1.25,66.67,90.09,3
U002,31,2026-04-28,Tuesday,31,7,5,2,7.25,7.84,7.06,0.78,71.43,88.64,3
U003,31,2026-04-28,Tuesday,31,6,4,2,5.87,6.95,5.51,1.44,66.67,79.69,4
U004,31,2026-04-28,Tuesday,31,5,4,1,7.25,7.84,7.06,0.78,80.0,90.78,1
U005,31,2026-04-28,Tuesday,31,4,3,1,6.78,7.33,6.6,0.73,75.0,86.89,4
U006,31,2026-04-28,Tuesday,31,7,4,3,5.26,6.91,4.71,2.2,57.14,73.87,3
U007,31,2026-04-28,Tuesday,31,8,6,2,7.33,8.4,6.97,1.43,75.0,89.98,4
U008,31,2026-04-28,Tuesday,31,5,3,2,4.42,5.31,4.12,1.19,60.0,69.86,2
U009,31,2026-04-28,Tuesday,31,8,6,2,7.1,7.92,6.83,1.09,75.0,88.69,2
U010,31,2026-04-28,Tuesday,31,7,5,2,3.16,3.7,2.98,0.72,71.43,65.63,4
U001,31,2026-04-29,Wednesday,31,8,6,2,5.6,6.3,5.37,0.93,75.0,80.25,4
U002,31,2026-04-29,Wednesday,31,7,6,1,7.42,8.02,7.22,0.8,85.71,93.16,1
U003,31,2026-04-29,Wednesday,31,4,3,1,4.09,4.54,3.94,0.6,75.0,71.76,2
U004,31,2026-04-29,Wednesday,31,5,4,1,6.14,7.24,5.77,1.47,80.0,84.54,4
U005,31,2026-04-29,Wednesday,31,6,5,1,8.7,9.4,8.46,0.94,83.33,98.0,3
U006,31,2026-04-29,Wednesday,31,4,3,1,4.8,5.6,4.53,1.07,75.0,75.75,1
U007,31,2026-04-29,Wednesday,31,5,4,1,8.13,9.29,7.74,1.55,80.0,95.73,2
U008,31,2026-04-29,Wednesday,31,5,4,1,5.25,5.7,5.1,0.6,80.0,79.53,4
U009,31,2026-04-29,Wednesday,31,5,4,1,6.57,7.56,6.24,1.32,80.0,86.96,3
U010,31,2026-04-29,Wednesday,31,5,4,1,6.62,7.52,6.32,1.2,80.0,87.24,2
U001,31,2026-04-30,Thursday,31,5,4,1,6.16,6.66,5.99,0.67,80.0,84.65,3
U002,31,2026-04-30,Thursday,31,6,5,1,5.12,5.53,4.98,0.55,83.33,79.63,1
U003,31,2026-04-30,Thursday,31,8,7,1,5.42,6.27,5.13,1.14,87.5,82.36,4
U004,31,2026-04-30,Thursday,31,4,3,1,4.34,5.09,4.09,1.0,75.0,73.16,4
U005,31,2026-04-30,Thursday,31,6,5,1,7.33,7.96,7.12,0.84,83.33,92.06,2
U006,31,2026-04-30,Thursday,31,8,6,2,3.86,4.18,3.76,0.42,75.0,70.46,2
U007,31,2026-04-30,Thursday,31,6,5,1,7.3,8.18,7.01,1.17,83.33,91.89,4
U008,31,2026-04-30,Thursday,31,5,4,1,5.12,5.91,4.86,1.05,80.0,78.8,4
U009,31,2026-04-30,Thursday,31,8,6,2,5.7,6.37,5.48,0.89,75.0,80.81,4
U010,31,2026-04-30,Thursday,31,8,7,1,5.49,5.95,5.34,0.61,87.5,82.76,4
U001,31,2026-05-01,Friday,31,4,3,1,4.92,5.32,4.79,0.53,75.0,76.42,2
U002,31,2026-05-01,Friday,31,8,6,2,8.41,9.09,8.18,0.91,75.0,96.06,4
U003,31,2026-05-01,Friday,31,7,5,2,4.61,5.46,4.33,1.13,71.43,73.79,4
U004,31,2026-05-01,Friday,31,7,6,1,6.91,7.47,6.72,0.75,85.71,90.3,2
U005,31,2026-05-01,Friday,31,7,5,2,6.28,7.33,5.93,1.4,71.43,83.18,4
U006,31,2026-05-01,Friday,31,4,3,1,6.4,7.24,6.12,1.12,75.0,84.75,4
U007,31,2026-05-01,Friday,31,5,4,1,6.14,6.86,5.9,0.96,80.0,84.54,2
U008,31,2026-05-01,Friday,31,8,6,2,4.75,5.39,4.53,0.86,75.0,75.47,4
U009,31,2026-05-01,Friday,31,5,4,1,7.95,8.59,7.73,0.86,80.0,94.72,4
U010,31,2026-05-01,Friday,31,6,5,1,4.81,5.61,4.54,1.07,83.33,77.89,4
U001,31,2026-05-02,Saturday,31,3,2,1,1.09,1.16,1.04,0.2,66.67,52.8,0
U002,31,2026-05-02,Saturday,31,2,1,1,3.01,3.25,2.93,0.32,50.0,59.43,0
U003,31,2026-05-02,Saturday,31,1,0,1,1.41,1.84,1.27,0.57,0.0,37.93,0
U004,31,2026-05-02,Saturday,31,2,1,1,1.73,2.02,1.64,0.38,50.0,52.23,1
U005,31,2026-05-02,Saturday,31,3,2,1,1.63,1.76,1.58,0.2,66.67,55.84,0
U006,31,2026-05-02,Saturday,31,3,2,1,0.64,0.68,0.59,0.2,66.67,50.27,1
U007,31,2026-05-02,Saturday,31,3,2,1,1.37,1.47,1.32,0.2,66.67,54.37,1
U008,31,2026-05-02,Saturday,31,3,2,1,2.05,2.52,1.9,0.62,66.67,58.2,0
U009,31,2026-05-02,Saturday,31,1,0,1,2.51,2.71,2.44,0.27,0.0,44.12,1
U010,31,2026-05-02,Saturday,31,1,0,1,0.7,0.77,0.65,0.2,0.0,33.94,0
U001,32,2026-05-03,Sunday,32,3,2,1,2.11,2.28,2.05,0.23,66.67,58.54,0
U002,32,2026-05-03,Sunday,32,2,1,1,1.8,1.94,1.75,0.2,50.0,52.62,1
U003,32,2026-05-03,Sunday,32,2,1,1,2.27,2.7,2.13,0.57,50.0,55.27,0
U004,32,2026-05-03,Sunday,32,2,1,1,1.51,1.76,1.43,0.33,50.0,50.99,1
U005,32,2026-05-03,Sunday,32,1,0,1,1.98,2.29,1.88,0.41,0.0,41.14,1
U006,32,2026-05-03,Sunday,32,2,1,1,1.69,1.97,1.6,0.37,50.0,52.01,0
U007,32,2026-05-03,Sunday,32,2,1,1,3.14,3.43,3.04,0.39,50.0,60.16,0
U008,32,2026-05-03,Sunday,32,3,2,1,1.77,2.08,1.67,0.41,66.67,56.62,1
U009,32,2026-05-03,Sunday,32,2,1,1,2.48,2.72,2.4,0.32,50.0,56.45,0
U010,32,2026-05-03,Sunday,32,1,0,1,1.39,1.49,1.34,0.2,0.0,37.82,1
U001,32,2026-05-04,Monday,32,8,7,1,6.2,6.7,6.03,0.67,87.5,86.75,1
U002,32,2026-05-04,Monday,32,8,6,2,6.82,7.6,6.56,1.04,75.0,87.11,4
U003,32,2026-05-04,Monday,32,4,3,1,4.98,5.7,4.74,0.96,75.0,76.76,2
U004,32,2026-05-04,Monday,32,8,6,2,4.47,5.4,4.16,1.24,75.0,73.89,2
U005,32,2026-05-04,Monday,32,6,5,1,6.29,7.29,5.96,1.33,83.33,86.21,4
U006,32,2026-05-04,Monday,32,4,2,2,5.51,6.45,5.19,1.26,50.0,73.49,2
U007,32,2026-05-04,Monday,32,7,5,2,4.98,5.39,4.85,0.54,71.43,75.87,3
U008,32,2026-05-04,Monday,32,8,6,2,5.27,6.42,4.89,1.53,75.0,78.39,1
U009,32,2026-05-04,Monday,32,7,6,1,7.52,8.13,7.32,0.81,85.71,93.73,3
U010,32,2026-05-04,Monday,32,5,4,1,6.57,7.3,6.33,0.97,80.0,86.96,1
U001,32,2026-05-05,Tuesday,32,4,3,1,5.31,6.23,5.01,1.22,75.0,78.62,1
U002,32,2026-05-05,Tuesday,32,4,3,1,6.55,7.49,6.24,1.25,75.0,85.59,3
U003,32,2026-05-05,Tuesday,32,4,3,1,3.84,4.15,3.74,0.41,75.0,70.35,2
U004,32,2026-05-05,Tuesday,32,7,6,1,5.51,5.96,5.36,0.6,85.71,82.42,3
U005,32,2026-05-05,Tuesday,32,8,6,2,7.65,8.27,7.44,0.83,75.0,91.78,1
U006,32,2026-05-05,Tuesday,32,4,3,1,4.58,5.47,4.29,1.18,75.0,74.51,1
U007,32,2026-05-05,Tuesday,32,8,6,2,5.7,6.91,5.3,1.61,75.0,80.81,1
U008,32,2026-05-05,Tuesday,32,7,5,2,4.96,5.96,4.63,1.33,71.43,75.76,3
U009,32,2026-05-05,Tuesday,32,5,4,1,7.57,8.51,7.26,1.25,80.0,92.58,4
U010,32,2026-05-05,Tuesday,32,5,4,1,6.47,7.03,6.29,0.74,80.0,86.39,1
U001,32,2026-05-06,Wednesday,32,7,6,1,8.6,9.3,8.37,0.93,85.71,98.0,4
U002,32,2026-05-06,Wednesday,32,5,4,1,8.91,9.63,8.67,0.96,80.0,98.0,3
U003,32,2026-05-06,Wednesday,32,4,3,1,7.49,8.12,7.28,0.84,75.0,90.88,3
U004,32,2026-05-06,Wednesday,32,7,6,1,5.1,5.51,4.96,0.55,85.71,80.11,4
U005,32,2026-05-06,Wednesday,32,7,6,1,6.37,6.95,6.18,0.77,85.71,87.26,4
U006,32,2026-05-06,Wednesday,32,5,4,1,5.99,6.48,5.83,0.65,80.0,83.69,3
U007,32,2026-05-06,Wednesday,32,6,4,2,6.71,7.63,6.4,1.23,66.67,84.41,3
U008,32,2026-05-06,Wednesday,32,7,6,1,5.81,6.79,5.48,1.31,85.71,84.11,1
U009,32,2026-05-06,Wednesday,32,6,5,1,7.0,7.57,6.81,0.76,83.33,90.21,1
U010,32,2026-05-06,Wednesday,32,8,7,1,5.8,6.37,5.61,0.76,87.5,84.5,2
U001,32,2026-05-07,Thursday,32,6,5,1,6.23,6.73,6.06,0.67,83.33,85.88,1
U002,32,2026-05-07,Thursday,32,6,4,2,8.54,9.39,8.26,1.13,66.67,94.7,4
U003,32,2026-05-07,Thursday,32,4,2,2,4.97,5.86,4.68,1.18,50.0,70.46,1
U004,32,2026-05-07,Thursday,32,7,6,1,6.0,6.5,5.84,0.66,85.71,85.18,1
U005,32,2026-05-07,Thursday,32,7,6,1,8.29,8.96,8.06,0.9,85.71,98.0,4
U006,32,2026-05-07,Thursday,32,5,3,2,5.15,5.83,4.93,0.9,60.0,73.97,3
U007,32,2026-05-07,Thursday,32,7,5,2,6.24,7.2,5.92,1.28,71.43,82.96,4
U008,32,2026-05-07,Thursday,32,6,4,2,4.23,5.5,3.81,1.69,66.67,70.46,3
U009,32,2026-05-07,Thursday,32,8,7,1,6.92,7.6,6.69,0.91,87.5,90.8,4
U010,32,2026-05-07,Thursday,32,6,5,1,6.6,7.43,6.32,1.11,83.33,87.96,1
U001,32,2026-05-08,Friday,32,6,5,1,7.08,7.96,6.78,1.18,83.33,90.66,3
U002,32,2026-05-08,Friday,32,4,3,1,6.19,6.69,6.02,0.67,75.0,83.57,1
U003,32,2026-05-08,Friday,32,6,4,2,5.3,6.02,5.06,0.96,66.67,76.48,3
U004,32,2026-05-08,Friday,32,5,4,1,6.08,6.61,5.9,0.71,80.0,84.2,3
U005,32,2026-05-08,Friday,32,6,5,1,6.38,7.12,6.14,0.98,83.33,86.72,2
U006,32,2026-05-08,Friday,32,4,3,1,4.29,4.88,4.09,0.79,75.0,72.88,1
U007,32,2026-05-08,Friday,32,8,5,3,5.3,6.1,5.04,1.06,62.5,75.44,3
U008,32,2026-05-08,Friday,32,4,2,2,5.15,6.59,4.67,1.92,50.0,71.47,4
U009,32,2026-05-08,Friday,32,5,4,1,6.85,7.42,6.66,0.76,80.0,88.53,3
U010,32,2026-05-08,Friday,32,7,5,2,7.88,8.77,7.59,1.18,71.43,92.18,1
U001,32,2026-05-09,Saturday,32,3,2,1,1.99,2.15,1.94,0.21,66.67,57.86,0
U002,32,2026-05-09,Saturday,32,3,2,1,2.38,2.58,2.32,0.26,66.67,60.06,0
U003,32,2026-05-09,Saturday,32,2,1,1,1.53,1.78,1.45,0.33,50.0,51.11,0
U004,32,2026-05-09,Saturday,32,2,1,1,1.45,1.76,1.35,0.41,50.0,50.66,1
U005,32,2026-05-09,Saturday,32,2,1,1,2.88,3.11,2.8,0.31,50.0,58.7,1
U006,32,2026-05-09,Saturday,32,3,2,1,0.82,0.91,0.77,0.2,66.67,51.28,0
U007,32,2026-05-09,Saturday,32,1,0,1,1.35,1.44,1.3,0.2,0.0,37.59,1
U008,32,2026-05-09,Saturday,32,2,1,1,2.39,3.08,2.16,0.92,50.0,55.94,1
U009,32,2026-05-09,Saturday,32,2,1,1,1.49,1.63,1.44,0.2,50.0,50.88,0
U010,32,2026-05-09,Saturday,32,1,0,1,1.76,1.97,1.69,0.28,0.0,39.9,1
U001,33,2026-05-10,Sunday,33,3,2,1,2.15,2.32,2.09,0.23,66.67,58.76,1
U002,33,2026-05-10,Sunday,33,3,2,1,1.55,1.67,1.5,0.2,66.67,55.39,1
U003,33,2026-05-10,Sunday,33,3,2,1,1.85,2.12,1.76,0.36,66.67,57.07,0
U004,33,2026-05-10,Sunday,33,2,1,1,1.54,1.78,1.46,0.32,50.0,51.16,0
U005,33,2026-05-10,Sunday,33,2,1,1,2.35,2.54,2.29,0.25,50.0,55.72,1
U006,33,2026-05-10,Sunday,33,2,1,1,1.62,1.9,1.53,0.37,50.0,51.61,1
U007,33,2026-05-10,Sunday,33,1,0,1,0.92,1.03,0.87,0.2,0.0,35.17,0
U008,33,2026-05-10,Sunday,33,1,0,1,1.58,1.78,1.51,0.27,0.0,38.89,0
U009,33,2026-05-10,Sunday,33,3,2,1,0.5,0.5,0.45,0.2,66.67,49.48,0
U010,33,2026-05-10,Sunday,33,2,1,1,2.72,2.96,2.64,0.32,50.0,57.8,0
U001,33,2026-05-11,Monday,33,5,3,2,5.69,7.05,5.24,1.81,60.0,77.01,1
U002,33,2026-05-11,Monday,33,6,5,1,5.49,6.03,5.31,0.72,83.33,81.71,3
U003,33,2026-05-11,Monday,33,5,4,1,5.57,6.47,5.27,1.2,80.0,81.33,1
U004,33,2026-05-11,Monday,33,5,3,2,4.65,5.49,4.37,1.12,60.0,71.16,2
U005,33,2026-05-11,Monday,33,8,6,2,7.13,8.26,6.75,1.51,75.0,88.86,3
U006,33,2026-05-11,Monday,33,4,3,1,6.34,7.68,5.89,1.79,75.0,84.41,4
U007,33,2026-05-11,Monday,33,4,3,1,5.49,5.93,5.34,0.59,75.0,79.63,4
U008,33,2026-05-11,Monday,33,6,4,2,5.07,6.12,4.72,1.4,66.67,75.19,3
U009,33,2026-05-11,Monday,33,6,5,1,5.2,5.62,5.06,0.56,83.33,80.08,2
U010,33,2026-05-11,Monday,33,4,3,1,7.57,8.18,7.36,0.82,75.0,91.33,3
U001,33,2026-05-12,Tuesday,33,5,4,1,6.8,7.51,6.56,0.95,80.0,88.25,2
U002,33,2026-05-12,Tuesday,33,8,7,1,6.99,7.56,6.8,0.76,87.5,91.19,1
U003,33,2026-05-12,Tuesday,33,8,6,2,5.73,6.52,5.47,1.05,75.0,80.98,4
U004,33,2026-05-12,Tuesday,33,6,5,1,5.22,5.74,5.05,0.69,83.33,80.19,4
U005,33,2026-05-12,Tuesday,33,4,3,1,6.12,6.91,5.86,1.05,75.0,83.17,4
U006,33,2026-05-12,Tuesday,33,7,5,2,5.23,5.87,5.02,0.85,71.43,77.28,4
U007,33,2026-05-12,Tuesday,33,7,6,1,6.26,6.84,6.07,0.77,85.71,86.64,2
U008,33,2026-05-12,Tuesday,33,6,5,1,4.92,5.79,4.63,1.16,83.33,78.51,2
U009,33,2026-05-12,Tuesday,33,8,6,2,5.65,6.65,5.32,1.33,75.0,80.53,4
U010,33,2026-05-12,Tuesday,33,8,7,1,8.28,8.95,8.05,0.9,87.5,98.0,3
U001,33,2026-05-13,Wednesday,33,6,4,2,7.5,8.45,7.18,1.27,66.67,88.86,1
U002,33,2026-05-13,Wednesday,33,7,5,2,7.24,7.82,7.04,0.78,71.43,88.58,2
U003,33,2026-05-13,Wednesday,33,5,4,1,5.79,6.36,5.6,0.76,80.0,82.57,2
U004,33,2026-05-13,Wednesday,33,7,6,1,4.53,5.11,4.34,0.77,85.71,76.91,1
U005,33,2026-05-13,Wednesday,33,8,6,2,9.07,9.81,8.83,0.98,75.0,98.0,2
U006,33,2026-05-13,Wednesday,33,5,4,1,3.59,3.88,3.49,0.39,80.0,70.19,4
U007,33,2026-05-13,Wednesday,33,5,4,1,6.61,7.34,6.37,0.97,80.0,87.18,3
U008,33,2026-05-13,Wednesday,33,8,5,3,3.17,3.82,2.96,0.86,62.5,63.46,3
U009,33,2026-05-13,Wednesday,33,5,4,1,5.52,5.97,5.37,0.6,80.0,81.05,1
U010,33,2026-05-13,Wednesday,33,7,5,2,4.4,5.14,4.15,0.99,71.43,72.61,4
U001,33,2026-05-14,Thursday,33,8,7,1,8.07,8.77,7.84,0.93,87.5,97.27,4
U002,33,2026-05-14,Thursday,33,7,5,2,5.54,6.02,5.38,0.64,71.43,79.02,4
U003,33,2026-05-14,Thursday,33,6,5,1,5.15,6.1,4.83,1.27,83.33,79.8,3
U004,33,2026-05-14,Thursday,33,5,4,1,6.25,6.98,6.01,0.97,80.0,85.16,1
U005,33,2026-05-14,Thursday,33,7,5,2,6.52,7.48,6.2,1.28,71.43,84.53,1
U006,33,2026-05-14,Thursday,33,4,3,1,5.49,6.56,5.14,1.42,75.0,79.63,3
U007,33,2026-05-14,Thursday,33,7,6,1,6.25,6.91,6.03,0.88,85.71,86.58,2
U008,33,2026-05-14,Thursday,33,6,3,3,5.07,6.31,4.65,1.66,50.0,71.02,1
U009,33,2026-05-14,Thursday,33,6,5,1,6.35,6.88,6.17,0.71,83.33,86.55,3
U010,33,2026-05-14,Thursday,33,6,5,1,5.27,6.09,4.99,1.1,83.33,80.48,1
U001,33,2026-05-15,Friday,33,4,3,1,5.23,5.8,5.04,0.76,75.0,78.17,1
U002,33,2026-05-15,Friday,33,5,4,1,8.8,9.51,8.56,0.95,80.0,98.0,3
U003,33,2026-05-15,Friday,33,5,4,1,5.89,6.67,5.63,1.04,80.0,83.13,1
U004,33,2026-05-15,Friday,33,7,5,2,5.41,6.36,5.09,1.27,71.43,78.29,3
U005,33,2026-05-15,Friday,33,5,4,1,6.42,6.95,6.25,0.7,80.0,86.11,3
U006,33,2026-05-15,Friday,33,4,3,1,4.4,5.07,4.18,0.89,75.0,73.5,1
U007,33,2026-05-15,Friday,33,5,4,1,6.3,7.36,5.95,1.41,80.0,85.44,4
U008,33,2026-05-15,Friday,33,7,4,3,4.18,5.45,3.76,1.69,57.14,67.8,4
U009,33,2026-05-15,Friday,33,5,4,1,4.54,5.3,4.28,1.02,80.0,75.54,2
U010,33,2026-05-15,Friday,33,5,4,1,5.73,6.28,5.55,0.73,80.0,82.23,2
U001,33,2026-05-16,Saturday,33,3,2,1,2.71,3.06,2.59,0.47,66.67,61.91,1
U002,33,2026-05-16,Saturday,33,2,1,1,2.17,2.55,2.04,0.51,50.0,54.71,0
U003,33,2026-05-16,Saturday,33,2,1,1,1.81,2.19,1.68,0.51,50.0,52.68,1
U004,33,2026-05-16,Saturday,33,1,0,1,2.27,2.63,2.15,0.48,0.0,42.77,0
U005,33,2026-05-16,Saturday,33,3,2,1,0.9,0.94,0.85,0.2,66.67,51.73,1
U006,33,2026-05-16,Saturday,33,1,0,1,1.72,1.98,1.63,0.35,0.0,39.67,0
U007,33,2026-05-16,Saturday,33,2,1,1,1.25,1.48,1.18,0.3,50.0,49.53,0
U008,33,2026-05-16,Saturday,33,3,2,1,1.78,2.01,1.71,0.3,66.67,56.68,0
U009,33,2026-05-16,Saturday,33,3,2,1,2.89,3.37,2.73,0.64,66.67,62.92,0
U010,33,2026-05-16,Saturday,33,3,2,1,0.93,1.06,0.88,0.2,66.67,51.9,1
U001,34,2026-05-17,Sunday,34,3,2,1,2.97,3.34,2.85,0.49,66.67,63.37,0
U002,34,2026-05-17,Sunday,34,3,2,1,2.73,2.95,2.66,0.29,66.67,62.02,1
U003,34,2026-05-17,Sunday,34,1,0,1,0.89,1.05,0.83,0.22,0.0,35.01,1
U004,34,2026-05-17,Sunday,34,2,1,1,1.55,1.68,1.5,0.2,50.0,51.22,1
U005,34,2026-05-17,Sunday,34,1,0,1,2.82,3.21,2.69,0.52,0.0,45.86,0
U006,34,2026-05-17,Sunday,34,2,1,1,2.18,2.35,2.12,0.23,50.0,54.76,0
U007,34,2026-05-17,Sunday,34,2,1,1,2.45,2.65,2.38,0.27,50.0,56.28,1
U008,34,2026-05-17,Sunday,34,2,1,1,1.2,1.42,1.13,0.29,50.0,49.25,0
U009,34,2026-05-17,Sunday,34,2,1,1,1.71,1.87,1.66,0.21,50.0,52.12,0
U010,34,2026-05-17,Sunday,34,2,1,1,1.03,1.11,0.98,0.2,50.0,48.29,0
U001,34,2026-05-18,Monday,34,4,2,2,4.73,5.52,4.47,1.05,50.0,69.11,2
U002,34,2026-05-18,Monday,34,7,5,2,6.71,7.26,6.53,0.73,71.43,85.6,2
U003,34,2026-05-18,Monday,34,6,5,1,4.59,4.97,4.47,0.5,83.33,76.65,4
U004,34,2026-05-18,Monday,34,6,5,1,5.96,6.48,5.78,0.7,83.33,84.36,1
U005,34,2026-05-18,Monday,34,6,5,1,7.02,7.72,6.79,0.93,83.33,90.32,3
U006,34,2026-05-18,Monday,34,8,6,2,4.93,5.87,4.62,1.25,75.0,76.48,4
U007,34,2026-05-18,Monday,34,6,5,1,6.61,7.57,6.29,1.28,83.33,88.01,2
U008,34,2026-05-18,Monday,34,6,4,2,6.25,7.74,5.75,1.99,66.67,81.82,4
U009,34,2026-05-18,Monday,34,7,6,1,8.07,8.72,7.85,0.87,85.71,96.82,4
U010,34,2026-05-18,Monday,34,6,4,2,4.58,5.01,4.44,0.57,66.67,72.43,4
U001,34,2026-05-19,Tuesday,34,6,4,2,6.76,7.31,6.58,0.73,66.67,84.69,1
U002,34,2026-05-19,Tuesday,34,4,3,1,6.63,7.25,6.43,0.82,75.0,86.04,2
U003,34,2026-05-19,Tuesday,34,7,5,2,4.84,5.76,4.54,1.22,71.43,75.08,3
U004,34,2026-05-19,Tuesday,34,7,5,2,5.51,6.25,5.26,0.99,71.43,78.85,4
U005,34,2026-05-19,Tuesday,34,7,6,1,9.34,10.15,9.07,1.08,85.71,98.0,1
U006,34,2026-05-19,Tuesday,34,5,3,2,6.85,8.02,6.46,1.56,60.0,83.53,3
U007,34,2026-05-19,Tuesday,34,6,5,1,7.18,7.93,6.93,1.0,83.33,91.22,4
U008,34,2026-05-19,Tuesday,34,6,4,2,5.52,6.34,5.25,1.09,66.67,77.72,2
U009,34,2026-05-19,Tuesday,34,5,4,1,8.38,9.12,8.14,0.98,80.0,97.14,4
U010,34,2026-05-19,Tuesday,34,6,5,1,6.85,7.41,6.67,0.74,83.33,89.36,1
U001,34,2026-05-20,Wednesday,34,8,6,2,6.58,7.29,6.35,0.94,75.0,85.76,4
U002,34,2026-05-20,Wednesday,34,5,4,1,6.17,6.67,6.0,0.67,80.0,84.71,3
U003,34,2026-05-20,Wednesday,34,7,5,2,4.43,5.34,4.13,1.21,71.43,72.78,3
U004,34,2026-05-20,Wednesday,34,5,4,1,7.01,8.45,6.53,1.92,80.0,89.43,1
U005,34,2026-05-20,Wednesday,34,6,4,2,6.46,7.47,6.13,1.34,66.67,83.01,2
U006,34,2026-05-20,Wednesday,34,4,3,1,6.46,7.25,6.19,1.06,75.0,85.09,1
U007,34,2026-05-20,Wednesday,34,5,4,1,6.27,6.78,6.1,0.68,80.0,85.27,2
U008,34,2026-05-20,Wednesday,34,8,7,1,6.9,7.64,6.65,0.99,87.5,90.69,1
U009,34,2026-05-20,Wednesday,34,4,3,1,6.35,6.87,6.18,0.69,75.0,84.47,3
U010,34,2026-05-20,Wednesday,34,7,5,2,5.41,6.14,5.17,0.97,71.43,78.29,1
U001,34,2026-05-21,Thursday,34,4,3,1,7.42,8.02,7.22,0.8,75.0,90.49,2
U002,34,2026-05-21,Thursday,34,5,4,1,5.82,6.29,5.66,0.63,80.0,82.74,4
U003,34,2026-05-21,Thursday,34,4,3,1,3.57,4.02,3.42,0.6,75.0,68.83,4
U004,34,2026-05-21,Thursday,34,5,4,1,4.68,5.28,4.48,0.8,80.0,76.33,1
U005,34,2026-05-21,Thursday,34,5,4,1,7.51,8.12,7.31,0.81,80.0,92.24,1
U006,34,2026-05-21,Thursday,34,4,3,1,6.14,7.29,5.76,1.53,75.0,83.29,1
U007,34,2026-05-21,Thursday,34,8,6,2,5.68,6.22,5.5,0.72,75.0,80.7,3
U008,34,2026-05-21,Thursday,34,7,6,1,5.78,6.4,5.57,0.83,85.71,83.94,4
U009,34,2026-05-21,Thursday,34,5,4,1,6.95,7.51,6.76,0.75,80.0,89.09,3
U010,34,2026-05-21,Thursday,34,5,4,1,5.77,7.06,5.34,1.72,80.0,82.46,3
U001,34,2026-05-22,Friday,34,6,5,1,6.68,7.24,6.5,0.74,83.33,88.41,4
U002,34,2026-05-22,Friday,34,4,3,1,5.91,6.39,5.75,0.64,75.0,81.99,3
U003,34,2026-05-22,Friday,34,6,5,1,4.97,5.83,4.68,1.15,83.33,78.79,1
U004,34,2026-05-22,Friday,34,4,2,2,4.99,5.7,4.75,0.95,50.0,70.57,3
U005,34,2026-05-22,Friday,34,6,4,2,7.13,8.34,6.73,1.61,66.67,86.77,2
U006,34,2026-05-22,Friday,34,6,4,2,6.15,7.48,5.7,1.78,66.67,81.26,3
U007,34,2026-05-22,Friday,34,6,4,2,5.32,6.24,5.02,1.22,66.67,76.59,1
U008,34,2026-05-22,Friday,34,8,6,2,4.88,5.79,4.58,1.21,75.0,76.2,2
U009,34,2026-05-22,Friday,34,7,5,2,8.35,9.56,7.94,1.62,71.43,94.83,2
U010,34,2026-05-22,Friday,34,6,4,2,5.88,6.77,5.59,1.18,66.67,79.74,1
U001,34,2026-05-23,Saturday,34,1,0,1,1.82,2.08,1.74,0.34,0.0,40.24,0
U002,34,2026-05-23,Saturday,34,3,2,1,3.13,3.39,3.05,0.34,66.67,64.27,1
U003,34,2026-05-23,Saturday,34,3,2,1,1.81,2.08,1.72,0.36,66.67,56.85,0
U004,34,2026-05-23,Saturday,34,2,1,1,1.41,1.58,1.35,0.23,50.0,50.43,1
U005,34,2026-05-23,Saturday,34,2,1,1,1.44,1.54,1.39,0.2,50.0,50.6,1
U006,34,2026-05-23,Saturday,34,3,2,1,1.65,1.83,1.59,0.24,66.67,55.95,1
U007,34,2026-05-23,Saturday,34,3,2,1,2.34,2.71,2.22,0.49,66.67,59.83,1
U008,34,2026-05-23,Saturday,34,2,1,1,2.67,3.26,2.47,0.79,50.0,57.52,0
U009,34,2026-05-23,Saturday,34,3,2,1,1.5,1.72,1.43,0.29,66.67,55.11,1
U010,34,2026-05-23,Saturday,34,3,2,1,1.39,1.49,1.34,0.2,66.67,54.49,1
U001,35,2026-05-24,Sunday,35,1,0,1,2.31,2.53,2.24,0.29,0.0,42.99,0
U002,35,2026-05-24,Sunday,35,1,0,1,2.45,2.65,2.38,0.27,0.0,43.78,0
U003,35,2026-05-24,Sunday,35,1,0,1,1.92,2.35,1.78,0.57,0.0,40.8,1
U004,35,2026-05-24,Sunday,35,2,1,1,2.66,3.19,2.48,0.71,50.0,57.46,1
U005,35,2026-05-24,Sunday,35,3,2,1,0.5,0.5,0.45,0.2,66.67,49.48,0
U006,35,2026-05-24,Sunday,35,1,0,1,1.39,1.6,1.32,0.28,0.0,37.82,1
U007,35,2026-05-24,Sunday,35,3,2,1,1.53,1.74,1.46,0.28,66.67,55.27,1
U008,35,2026-05-24,Sunday,35,2,1,1,2.3,2.7,2.17,0.53,50.0,55.44,0
U009,35,2026-05-24,Sunday,35,2,1,1,2.52,2.72,2.45,0.27,50.0,56.67,0
U010,35,2026-05-24,Sunday,35,3,2,1,1.78,2.04,1.7,0.34,66.67,56.68,1
U001,35,2026-05-25,Monday,35,6,5,1,6.78,7.35,6.59,0.76,83.33,88.97,3
U002,35,2026-05-25,Monday,35,6,4,2,4.95,5.49,4.77,0.72,66.67,74.51,4
U003,35,2026-05-25,Monday,35,8,5,3,5.29,6.03,5.04,0.99,62.5,75.38,1
U004,35,2026-05-25,Monday,35,6,4,2,6.05,6.55,5.89,0.66,66.67,80.7,4
U005,35,2026-05-25,Monday,35,8,6,2,6.58,7.11,6.4,0.71,75.0,85.76,1
U006,35,2026-05-25,Monday,35,8,5,3,5.73,6.98,5.31,1.67,62.5,77.86,2
U007,35,2026-05-25,Monday,35,5,4,1,5.32,5.81,5.15,0.66,80.0,79.92,2
U008,35,2026-05-25,Monday,35,5,4,1,5.0,5.97,4.68,1.29,80.0,78.12,4
U009,35,2026-05-25,Monday,35,7,6,1,6.38,6.9,6.21,0.69,85.71,87.31,1
U010,35,2026-05-25,Monday,35,7,6,1,5.27,5.99,5.03,0.96,85.71,81.07,4
U001,35,2026-05-26,Tuesday,35,5,4,1,7.14,8.0,6.85,1.15,80.0,90.16,1
U002,35,2026-05-26,Tuesday,35,8,6,2,6.17,6.67,6.0,0.67,75.0,83.46,3
U003,35,2026-05-26,Tuesday,35,7,5,2,5.39,6.1,5.15,0.95,71.43,78.18,1
U004,35,2026-05-26,Tuesday,35,8,7,1,4.7,5.26,4.51,0.75,87.5,78.31,4
U005,35,2026-05-26,Tuesday,35,8,6,2,7.25,8.05,6.99,1.06,75.0,89.53,2
U006,35,2026-05-26,Tuesday,35,6,5,1,7.32,8.08,7.07,1.01,83.33,92.01,2
U007,35,2026-05-26,Tuesday,35,5,4,1,5.85,6.76,5.55,1.21,80.0,82.91,2
U008,35,2026-05-26,Tuesday,35,5,3,2,5.8,6.74,5.49,1.25,60.0,77.62,1
U009,35,2026-05-26,Tuesday,35,8,7,1,6.89,7.57,6.66,0.91,87.5,90.63,1
U010,35,2026-05-26,Tuesday,35,7,5,2,6.43,7.36,6.12,1.24,71.43,84.03,4
U001,35,2026-05-27,Wednesday,35,5,3,2,5.81,6.31,5.64,0.67,60.0,77.68,1
U002,35,2026-05-27,Wednesday,35,4,3,1,6.2,6.96,5.94,1.02,75.0,83.62,2
U003,35,2026-05-27,Wednesday,35,6,5,1,5.57,6.69,5.2,1.49,83.33,82.16,3
U004,35,2026-05-27,Wednesday,35,6,4,2,4.62,5.58,4.3,1.28,66.67,72.66,1
U005,35,2026-05-27,Wednesday,35,8,6,2,10.06,10.89,9.78,1.11,75.0,98.0,4
U006,35,2026-05-27,Wednesday,35,6,5,1,5.67,6.2,5.5,0.7,83.33,82.73,3
U007,35,2026-05-27,Wednesday,35,5,4,1,7.76,8.83,7.4,1.43,80.0,93.65,3
U008,35,2026-05-27,Wednesday,35,7,5,2,4.75,5.79,4.41,1.38,71.43,74.58,3
U009,35,2026-05-27,Wednesday,35,4,3,1,6.61,7.22,6.4,0.82,75.0,85.93,2
U010,35,2026-05-27,Wednesday,35,6,5,1,5.85,6.32,5.69,0.63,83.33,83.74,4
U001,35,2026-05-28,Thursday,35,5,4,1,5.02,5.43,4.89,0.54,80.0,78.24,2
U002,35,2026-05-28,Thursday,35,7,5,2,5.97,6.46,5.81,0.65,71.43,81.44,3
U003,35,2026-05-28,Thursday,35,4,3,1,6.05,7.17,5.68,1.49,75.0,82.78,2
U004,35,2026-05-28,Thursday,35,8,7,1,7.19,7.89,6.95,0.94,87.5,92.32,3
U005,35,2026-05-28,Thursday,35,5,4,1,6.99,7.56,6.8,0.76,80.0,89.32,2
U006,35,2026-05-28,Thursday,35,4,3,1,6.54,7.59,6.19,1.4,75.0,85.54,4
U007,35,2026-05-28,Thursday,35,7,6,1,6.38,6.9,6.21,0.69,85.71,87.31,3
U008,35,2026-05-28,Thursday,35,8,5,3,4.01,4.75,3.77,0.98,62.5,68.18,4
U009,35,2026-05-28,Thursday,35,4,3,1,5.67,6.22,5.49,0.73,75.0,80.64,2
U010,35,2026-05-28,Thursday,35,7,5,2,6.79,7.62,6.52,1.1,71.43,86.05,2
U001,35,2026-05-29,Friday,35,5,4,1,6.27,6.92,6.06,0.86,80.0,85.27,3
U002,35,2026-05-29,Friday,35,8,6,2,6.08,6.58,5.92,0.66,75.0,82.95,3
U003,35,2026-05-29,Friday,35,4,3,1,8.33,9.31,8.0,1.31,75.0,95.61,2
U004,35,2026-05-29,Friday,35,7,5,2,5.1,6.0,4.8,1.2,71.43,76.55,3
U005,35,2026-05-29,Friday,35,8,6,2,5.56,6.01,5.41,0.6,75.0,80.03,1
U006,35,2026-05-29,Friday,35,6,5,1,4.23,5.04,3.96,1.08,83.33,74.63,4
U007,35,2026-05-29,Friday,35,7,6,1,6.3,6.93,6.09,0.84,85.71,86.86,2
U008,35,2026-05-29,Friday,35,6,5,1,6.47,7.32,6.19,1.13,83.33,87.23,4
U009,35,2026-05-29,Friday,35,4,3,1,7.99,9.2,7.59,1.61,75.0,93.69,3
U010,35,2026-05-29,Friday,35,4,3,1,4.28,4.62,4.16,0.46,75.0,72.83,4
U001,35,2026-05-30,Saturday,35,1,0,1,0.97,1.07,0.92,0.2,0.0,35.46,1
U002,35,2026-05-30,Saturday,35,2,1,1,1.06,1.22,1.01,0.21,50.0,48.46,0
U003,35,2026-05-30,Saturday,35,1,0,1,1.88,2.23,1.76,0.47,0.0,40.58,0
U004,35,2026-05-30,Saturday,35,2,1,1,1.83,2.1,1.74,0.36,50.0,52.79,0
U005,35,2026-05-30,Saturday,35,3,2,1,2.98,3.22,2.9,0.32,66.67,63.43,1
U006,35,2026-05-30,Saturday,35,2,1,1,2.47,2.75,2.38,0.37,50.0,56.39,0
U007,35,2026-05-30,Saturday,35,2,1,1,0.62,0.66,0.57,0.2,50.0,45.99,0
U008,35,2026-05-30,Saturday,35,1,0,1,1.84,2.1,1.75,0.35,0.0,40.35,0
U009,35,2026-05-30,Saturday,35,1,0,1,1.2,1.28,1.15,0.2,0.0,36.75,1
U010,35,2026-05-30,Saturday,35,1,0,1,2.36,2.95,2.17,0.78,0.0,43.27,0
U001,36,2026-05-31,Sunday,36,3,2,1,1.1,1.17,1.05,0.2,66.67,52.86,0
U002,36,2026-05-31,Sunday,36,3,2,1,1.93,2.09,1.88,0.21,66.67,57.52,0
U003,36,2026-05-31,Sunday,36,3,2,1,0.7,0.77,0.65,0.2,66.67,50.61,0
U004,36,2026-05-31,Sunday,36,3,2,1,2.28,2.47,2.22,0.25,66.67,59.49,0
U005,36,2026-05-31,Sunday,36,1,0,1,2.12,2.29,2.06,0.23,0.0,41.92,1
U006,36,2026-05-31,Sunday,36,2,1,1,1.34,1.54,1.27,0.27,50.0,50.04,1
U007,36,2026-05-31,Sunday,36,3,2,1,2.21,2.39,2.15,0.24,66.67,59.1,0
U008,36,2026-05-31,Sunday,36,1,0,1,1.85,2.27,1.71,0.56,0.0,40.41,0
U009,36,2026-05-31,Sunday,36,2,1,1,1.98,2.21,1.91,0.3,50.0,53.64,1
U010,36,2026-05-31,Sunday,36,1,0,1,1.15,1.34,1.08,0.26,0.0,36.47,0
U001,36,2026-06-01,Monday,36,5,4,1,6.06,6.68,5.85,0.83,80.0,84.09,4
U002,36,2026-06-01,Monday,36,8,6,2,7.83,8.79,7.51,1.28,75.0,92.79,4
U003,36,2026-06-01,Monday,36,8,5,3,5.52,6.81,5.09,1.72,62.5,76.67,4
U004,36,2026-06-01,Monday,36,8,6,2,5.03,5.56,4.85,0.71,75.0,77.04,3
U005,36,2026-06-01,Monday,36,6,4,2,7.22,8.42,6.82,1.6,66.67,87.28,2
U006,36,2026-06-01,Monday,36,6,4,2,5.36,6.52,4.97,1.55,66.67,76.82,4
U007,36,2026-06-01,Monday,36,4,3,1,9.99,11.0,9.65,1.35,75.0,98.0,3
U008,36,2026-06-01,Monday,36,7,5,2,4.15,4.91,3.89,1.02,71.43,71.2,2
U009,36,2026-06-01,Monday,36,8,7,1,7.36,7.96,7.16,0.8,87.5,93.28,3
U010,36,2026-06-01,Monday,36,8,7,1,6.36,6.88,6.19,0.69,87.5,87.65,1
U001,36,2026-06-02,Tuesday,36,5,4,1,8.8,9.56,8.55,1.01,80.0,98.0,3
U002,36,2026-06-02,Tuesday,36,7,5,2,4.6,5.18,4.41,0.77,71.43,73.73,4
U003,36,2026-06-02,Tuesday,36,6,4,2,5.39,6.41,5.05,1.36,66.67,76.99,2
U004,36,2026-06-02,Tuesday,36,6,5,1,5.86,6.43,5.67,0.76,83.33,83.8,4
U005,36,2026-06-02,Tuesday,36,4,3,1,8.54,9.73,8.15,1.58,75.0,96.79,1
U006,36,2026-06-02,Tuesday,36,6,4,2,5.82,6.67,5.54,1.13,66.67,79.41,4
U007,36,2026-06-02,Tuesday,36,8,7,1,4.83,5.22,4.7,0.52,87.5,79.04,4
U008,36,2026-06-02,Tuesday,36,5,4,1,4.5,4.87,4.37,0.5,80.0,75.31,1
U009,36,2026-06-02,Tuesday,36,8,7,1,8.68,9.39,8.45,0.94,87.5,98.0,3
U010,36,2026-06-02,Tuesday,36,6,5,1,4.75,5.33,4.56,0.77,83.33,77.55,4
U001,36,2026-06-03,Wednesday,36,4,3,1,5.66,6.21,5.48,0.73,75.0,80.59,4
U002,36,2026-06-03,Wednesday,36,8,7,1,6.72,7.27,6.54,0.73,87.5,89.67,2
U003,36,2026-06-03,Wednesday,36,8,6,2,4.17,4.67,4.01,0.66,75.0,72.21,1
U004,36,2026-06-03,Wednesday,36,6,4,2,5.36,6.15,5.1,1.05,66.67,76.82,3
U005,36,2026-06-03,Wednesday,36,6,5,1,9.44,10.2,9.18,1.02,83.33,98.0,4
U006,36,2026-06-03,Wednesday,36,7,5,2,6.27,7.16,5.97,1.19,71.43,83.13,2
U007,36,2026-06-03,Wednesday,36,6,5,1,6.26,6.77,6.09,0.68,83.33,86.05,4
U008,36,2026-06-03,Wednesday,36,5,3,2,3.92,4.87,3.6,1.27,60.0,67.05,4
U009,36,2026-06-03,Wednesday,36,7,6,1,6.55,7.35,6.28,1.07,85.71,88.27,3
U010,36,2026-06-03,Wednesday,36,7,6,1,6.33,6.84,6.16,0.68,85.71,87.03,3
U001,36,2026-06-04,Thursday,36,6,5,1,6.68,7.22,6.5,0.72,83.33,88.41,3
U002,36,2026-06-04,Thursday,36,4,3,1,6.74,7.29,6.56,0.73,75.0,86.66,4
U003,36,2026-06-04,Thursday,36,4,3,1,5.17,5.82,4.95,0.87,75.0,77.83,4
U004,36,2026-06-04,Thursday,36,7,6,1,4.5,5.09,4.3,0.79,85.71,76.74,2
U005,36,2026-06-04,Thursday,36,6,5,1,6.34,6.9,6.15,0.75,83.33,86.49,1
U006,36,2026-06-04,Thursday,36,4,3,1,7.07,8.15,6.71,1.44,75.0,88.52,4
U007,36,2026-06-04,Thursday,36,6,5,1,5.62,6.08,5.47,0.61,83.33,82.44,4
U008,36,2026-06-04,Thursday,36,6,4,2,3.26,3.83,3.07,0.76,66.67,65.0,3
U009,36,2026-06-04,Thursday,36,4,3,1,6.28,7.04,6.03,1.01,75.0,84.08,3
U010,36,2026-06-04,Thursday,36,8,6,2,6.46,7.38,6.16,1.22,75.0,85.09,1
U001,36,2026-06-05,Friday,36,5,4,1,7.04,8.06,6.7,1.36,80.0,89.6,1
U002,36,2026-06-05,Friday,36,6,5,1,4.96,5.57,4.75,0.82,83.33,78.73,3
U003,36,2026-06-05,Friday,36,5,3,2,5.9,6.83,5.59,1.24,60.0,78.19,3
U004,36,2026-06-05,Friday,36,7,6,1,7.11,7.83,6.87,0.96,85.71,91.42,2
U005,36,2026-06-05,Friday,36,4,3,1,6.7,7.28,6.5,0.78,75.0,86.44,4
U006,36,2026-06-05,Friday,36,5,4,1,5.87,6.62,5.62,1.0,80.0,83.02,1
U007,36,2026-06-05,Friday,36,8,7,1,5.38,5.81,5.23,0.58,87.5,82.14,4
U008,36,2026-06-05,Friday,36,4,2,2,4.3,5.39,3.94,1.45,50.0,66.69,4
U009,36,2026-06-05,Friday,36,4,3,1,5.46,6.02,5.27,0.75,75.0,79.46,4
U010,36,2026-06-05,Friday,36,8,7,1,6.4,7.08,6.17,0.91,87.5,87.88,3
U001,36,2026-06-06,Saturday,36,2,1,1,1.73,1.88,1.68,0.2,50.0,52.23,0
U002,36,2026-06-06,Saturday,36,3,2,1,0.96,1.03,0.91,0.2,66.67,52.07,0
U003,36,2026-06-06,Saturday,36,2,1,1,1.57,1.92,1.46,0.46,50.0,51.33,0
U004,36,2026-06-06,Saturday,36,1,0,1,1.02,1.11,0.97,0.2,0.0,35.74,1
U005,36,2026-06-06,Saturday,36,2,1,1,2.26,2.44,2.2,0.24,50.0,55.21,1
U006,36,2026-06-06,Saturday,36,2,1,1,3.06,3.31,2.98,0.33,50.0,59.71,0
U007,36,2026-06-06,Saturday,36,3,2,1,1.8,1.95,1.75,0.2,66.67,56.79,1
U008,36,2026-06-06,Saturday,36,1,0,1,0.94,1.17,0.86,0.31,0.0,35.29,1
U009,36,2026-06-06,Saturday,36,2,1,1,0.88,0.92,0.83,0.2,50.0,47.45,0
U010,36,2026-06-06,Saturday,36,1,0,1,1.72,1.91,1.66,0.25,0.0,39.67,1
U001,37,2026-06-07,Sunday,37,3,2,1,1.54,1.78,1.46,0.32,66.67,55.33,1
U002,37,2026-06-07,Sunday,37,3,2,1,2.0,2.17,1.95,0.22,66.67,57.92,0
U003,37,2026-06-07,Sunday,37,2,1,1,1.61,1.87,1.52,0.35,50.0,51.56,0
U004,37,2026-06-07,Sunday,37,1,0,1,0.56,0.59,0.51,0.2,0.0,33.15,1
U005,37,2026-06-07,Sunday,37,1,0,1,1.16,1.23,1.11,0.2,0.0,36.52,0
U006,37,2026-06-07,Sunday,37,1,0,1,1.14,1.37,1.06,0.31,0.0,36.41,1
U007,37,2026-06-07,Sunday,37,1,0,1,3.44,4.23,3.17,1.06,0.0,49.35,0
U008,37,2026-06-07,Sunday,37,1,0,1,1.15,1.35,1.08,0.27,0.0,36.47,1
U009,37,2026-06-07,Sunday,37,3,2,1,2.57,2.78,2.5,0.28,66.67,61.12,0
U010,37,2026-06-07,Sunday,37,2,1,1,2.17,2.39,2.1,0.29,50.0,54.71,0
U001,37,2026-06-08,Monday,37,7,6,1,5.46,6.1,5.24,0.86,85.71,82.14,1
U002,37,2026-06-08,Monday,37,6,5,1,6.72,7.27,6.54,0.73,83.33,88.63,2
U003,37,2026-06-08,Monday,37,7,5,2,3.25,3.6,3.13,0.47,71.43,66.14,4
U004,37,2026-06-08,Monday,37,5,4,1,5.15,5.95,4.89,1.06,80.0,78.97,1
U005,37,2026-06-08,Monday,37,4,3,1,6.19,6.69,6.02,0.67,75.0,83.57,4
U006,37,2026-06-08,Monday,37,8,6,2,4.69,5.57,4.4,1.17,75.0,75.13,4
U007,37,2026-06-08,Monday,37,8,6,2,5.46,6.16,5.23,0.93,75.0,79.46,4
U008,37,2026-06-08,Monday,37,4,3,1,5.0,5.61,4.79,0.82,75.0,76.88,3
U009,37,2026-06-08,Monday,37,6,5,1,6.27,7.16,5.97,1.19,83.33,86.1,4
U010,37,2026-06-08,Monday,37,6,4,2,5.64,6.53,5.35,1.18,66.67,78.39,2
U001,37,2026-06-09,Tuesday,37,7,6,1,6.34,6.86,6.17,0.69,85.71,87.09,4
U002,37,2026-06-09,Tuesday,37,7,6,1,6.75,7.3,6.57,0.73,85.71,89.4,3
U003,37,2026-06-09,Tuesday,37,7,4,3,4.27,5.33,3.92,1.41,57.14,68.3,4
U004,37,2026-06-09,Tuesday,37,4,3,1,5.64,6.17,5.47,0.7,75.0,80.47,3
U005,37,2026-06-09,Tuesday,37,6,5,1,7.3,8.08,7.04,1.04,83.33,91.89,2
U006,37,2026-06-09,Tuesday,37,4,3,1,5.84,7.06,5.43,1.63,75.0,81.6,4
U007,37,2026-06-09,Tuesday,37,7,5,2,6.29,7.02,6.04,0.98,71.43,83.24,2
U008,37,2026-06-09,Tuesday,37,6,4,2,4.08,4.96,3.78,1.18,66.67,69.62,2
U009,37,2026-06-09,Tuesday,37,6,5,1,8.34,9.02,8.12,0.9,83.33,97.74,1
U010,37,2026-06-09,Tuesday,37,7,5,2,5.47,6.62,5.09,1.53,71.43,78.63,4
U001,37,2026-06-10,Wednesday,37,7,6,1,6.26,6.82,6.07,0.75,85.71,86.64,1
U002,37,2026-06-10,Wednesday,37,7,5,2,6.53,7.14,6.32,0.82,71.43,84.59,2
U003,37,2026-06-10,Wednesday,37,8,6,2,5.62,6.39,5.37,1.02,75.0,80.36,4
U004,37,2026-06-10,Wednesday,37,4,3,1,4.33,4.86,4.16,0.7,75.0,73.11,1
U005,37,2026-06-10,Wednesday,37,8,6,2,6.6,7.34,6.35,0.99,75.0,85.88,3
U006,37,2026-06-10,Wednesday,37,4,3,1,5.34,6.29,5.02,1.27,75.0,78.79,1
U007,37,2026-06-10,Wednesday,37,8,7,1,5.71,6.4,5.48,0.92,87.5,83.99,3
U008,37,2026-06-10,Wednesday,37,4,3,1,3.91,4.24,3.8,0.44,75.0,70.74,2
U009,37,2026-06-10,Wednesday,37,4,3,1,8.15,8.81,7.93,0.88,75.0,94.59,2
U010,37,2026-06-10,Wednesday,37,6,5,1,5.98,6.67,5.75,0.92,83.33,84.47,2
U001,37,2026-06-11,Thursday,37,6,4,2,6.42,6.97,6.23,0.74,66.67,82.78,3
U002,37,2026-06-11,Thursday,37,8,7,1,6.78,7.43,6.56,0.87,87.5,90.01,4
U003,37,2026-06-11,Thursday,37,4,3,1,5.5,6.27,5.24,1.03,75.0,79.69,3
U004,37,2026-06-11,Thursday,37,7,5,2,5.63,6.85,5.22,1.63,71.43,79.53,2
U005,37,2026-06-11,Thursday,37,6,4,2,6.3,7.14,6.02,1.12,66.67,82.11,3
U006,37,2026-06-11,Thursday,37,8,7,1,3.95,4.33,3.82,0.51,87.5,74.09,4
U007,37,2026-06-11,Thursday,37,6,5,1,7.26,7.85,7.06,0.79,83.33,91.67,2
U008,37,2026-06-11,Thursday,37,8,7,1,5.07,5.48,4.93,0.55,87.5,80.39,2
U009,37,2026-06-11,Thursday,37,4,3,1,5.34,5.78,5.2,0.58,75.0,78.79,4
U010,37,2026-06-11,Thursday,37,6,4,2,6.86,7.73,6.57,1.16,66.67,85.26,1
U001,37,2026-06-12,Friday,37,5,4,1,6.34,7.65,5.91,1.74,80.0,85.66,4
U002,37,2026-06-12,Friday,37,8,7,1,6.03,6.52,5.87,0.65,87.5,85.79,2
U003,37,2026-06-12,Friday,37,5,3,2,6.59,8.0,6.12,1.88,60.0,82.07,4
U004,37,2026-06-12,Friday,37,8,6,2,6.71,7.25,6.53,0.72,75.0,86.49,2
U005,37,2026-06-12,Friday,37,5,4,1,6.65,7.19,6.47,0.72,80.0,87.41,2
U006,37,2026-06-12,Friday,37,7,5,2,3.73,4.43,3.49,0.94,71.43,68.84,1
U007,37,2026-06-12,Friday,37,6,5,1,4.85,5.24,4.72,0.52,83.33,78.11,2
U008,37,2026-06-12,Friday,37,5,3,2,3.39,4.12,3.14,0.98,60.0,64.07,4
U009,37,2026-06-12,Friday,37,8,6,2,7.75,8.38,7.54,0.84,75.0,92.34,3
U010,37,2026-06-12,Friday,37,7,5,2,6.62,7.44,6.35,1.09,71.43,85.09,4
U001,37,2026-06-13,Saturday,37,3,2,1,1.99,2.17,1.93,0.24,66.67,57.86,0
U002,37,2026-06-13,Saturday,37,1,0,1,2.06,2.28,1.98,0.3,0.0,41.59,0
U003,37,2026-06-13,Saturday,37,1,0,1,2.09,2.45,1.97,0.48,0.0,41.76,0
U004,37,2026-06-13,Saturday,37,1,0,1,0.91,1.04,0.86,0.2,0.0,35.12,1
U005,37,2026-06-13,Saturday,37,3,2,1,1.84,2.04,1.77,0.27,66.67,57.02,0
U006,37,2026-06-13,Saturday,37,2,1,1,1.13,1.2,1.08,0.2,50.0,48.86,0
U007,37,2026-06-13,Saturday,37,1,0,1,2.08,2.43,1.96,0.47,0.0,41.7,1
U008,37,2026-06-13,Saturday,37,1,0,1,1.71,2.05,1.59,0.46,0.0,39.62,1
U009,37,2026-06-13,Saturday,37,3,2,1,1.55,1.71,1.5,0.21,66.67,55.39,1
U010,37,2026-06-13,Saturday,37,3,2,1,2.57,2.88,2.47,0.41,66.67,61.12,1
U001,38,2026-06-14,Sunday,38,2,1,1,0.92,1.05,0.87,0.2,50.0,47.67,0
U002,38,2026-06-14,Sunday,38,2,1,1,1.87,2.02,1.82,0.2,50.0,53.02,1
U003,38,2026-06-14,Sunday,38,3,2,1,2.07,2.39,1.96,0.43,66.67,58.31,1
U004,38,2026-06-14,Sunday,38,1,0,1,1.65,1.97,1.54,0.43,0.0,39.28,1
U005,38,2026-06-14,Sunday,38,2,1,1,2.67,2.89,2.6,0.29,50.0,57.52,1
U006,38,2026-06-14,Sunday,38,3,2,1,1.92,2.1,1.86,0.24,66.67,57.47,1
U007,38,2026-06-14,Sunday,38,3,2,1,2.26,2.44,2.2,0.24,66.67,59.38,0
U008,38,2026-06-14,Sunday,38,3,2,1,1.58,2.01,1.44,0.57,66.67,55.56,1
U009,38,2026-06-14,Sunday,38,3,2,1,1.39,1.5,1.34,0.2,66.67,54.49,1
U010,38,2026-06-14,Sunday,38,1,0,1,2.5,2.99,2.34,0.65,0.0,44.06,1
U001,38,2026-06-15,Monday,38,6,5,1,6.25,6.76,6.08,0.68,83.33,85.99,3
U002,38,2026-06-15,Monday,38,6,5,1,5.98,6.47,5.82,0.65,83.33,84.47,4
U003,38,2026-06-15,Monday,38,6,4,2,4.11,4.91,3.84,1.07,66.67,69.79,2
U004,38,2026-06-15,Monday,38,4,3,1,5.49,6.32,5.21,1.11,75.0,79.63,1
U005,38,2026-06-15,Monday,38,6,5,1,8.33,9.01,8.11,0.9,83.33,97.69,4
U006,38,2026-06-15,Monday,38,8,7,1,4.62,5.31,4.39,0.92,87.5,77.86,3
U007,38,2026-06-15,Monday,38,7,6,1,5.45,6.01,5.26,0.75,85.71,82.08,1
U008,38,2026-06-15,Monday,38,7,5,2,4.89,5.82,4.58,1.24,71.43,75.36,4
U009,38,2026-06-15,Monday,38,5,4,1,7.03,7.8,6.77,1.03,80.0,89.54,4
U010,38,2026-06-15,Monday,38,8,6,2,6.49,7.17,6.26,0.91,75.0,85.26,3
U001,38,2026-06-16,Tuesday,38,5,4,1,4.38,4.82,4.23,0.59,80.0,74.64,3
U002,38,2026-06-16,Tuesday,38,8,6,2,5.66,6.12,5.51,0.61,75.0,80.59,4
U003,38,2026-06-16,Tuesday,38,4,3,1,3.4,4.07,3.17,0.9,75.0,67.88,2
U004,38,2026-06-16,Tuesday,38,4,3,1,6.62,7.15,6.44,0.71,75.0,85.99,4
U005,38,2026-06-16,Tuesday,38,6,5,1,7.42,8.02,7.22,0.8,83.33,92.57,2
U006,38,2026-06-16,Tuesday,38,8,6,2,4.83,5.22,4.7,0.52,75.0,75.92,1
U007,38,2026-06-16,Tuesday,38,7,6,1,5.72,6.42,5.48,0.94,85.71,83.6,2
U008,38,2026-06-16,Tuesday,38,7,6,1,5.73,6.34,5.53,0.81,85.71,83.66,3
U009,38,2026-06-16,Tuesday,38,7,5,2,5.55,6.17,5.34,0.83,71.43,79.08,1
U010,38,2026-06-16,Tuesday,38,8,7,1,6.11,6.6,5.94,0.66,87.5,86.24,1
U001,38,2026-06-17,Wednesday,38,4,3,1,5.79,6.26,5.63,0.63,75.0,81.32,1
U002,38,2026-06-17,Wednesday,38,4,3,1,6.44,6.97,6.27,0.7,75.0,84.97,2
U003,38,2026-06-17,Wednesday,38,7,5,2,5.19,6.19,4.86,1.33,71.43,77.05,1
U004,38,2026-06-17,Wednesday,38,5,4,1,5.62,6.59,5.29,1.3,80.0,81.61,3
U005,38,2026-06-17,Wednesday,38,8,5,3,5.98,7.16,5.59,1.57,62.5,79.26,3
U006,38,2026-06-17,Wednesday,38,8,6,2,6.36,7.25,6.06,1.19,75.0,84.53,2
U007,38,2026-06-17,Wednesday,38,5,3,2,6.98,7.66,6.76,0.9,60.0,84.26,1
U008,38,2026-06-17,Wednesday,38,6,4,2,4.78,6.06,4.35,1.71,66.67,73.56,2
U009,38,2026-06-17,Wednesday,38,4,3,1,7.04,7.73,6.81,0.92,75.0,88.35,4
U010,38,2026-06-17,Wednesday,38,6,5,1,5.78,6.35,5.59,0.76,83.33,83.34,3
U001,38,2026-06-18,Thursday,38,7,5,2,6.29,6.81,6.12,0.69,71.43,83.24,1
U002,38,2026-06-18,Thursday,38,4,3,1,5.74,6.2,5.58,0.62,75.0,81.04,1
U003,38,2026-06-18,Thursday,38,6,4,2,7.01,8.47,6.52,1.95,66.67,86.1,1
U004,38,2026-06-18,Thursday,38,6,5,1,6.56,7.09,6.38,0.71,83.33,87.73,1
U005,38,2026-06-18,Thursday,38,7,6,1,6.8,7.36,6.62,0.74,85.71,89.68,2
U006,38,2026-06-18,Thursday,38,4,3,1,7.53,8.84,7.1,1.74,75.0,91.11,3
U007,38,2026-06-18,Thursday,38,8,6,2,6.05,7.46,5.58,1.88,75.0,82.78,3
U008,38,2026-06-18,Thursday,38,8,5,3,5.02,6.04,4.68,1.36,62.5,73.86,2
U009,38,2026-06-18,Thursday,38,6,5,1,5.71,6.18,5.56,0.62,83.33,82.95,4
U010,38,2026-06-18,Thursday,38,5,4,1,6.94,7.85,6.64,1.21,80.0,89.04,2
U001,38,2026-06-19,Friday,38,6,5,1,5.19,6.08,4.89,1.19,83.33,80.03,2
U002,38,2026-06-19,Friday,38,6,5,1,5.23,5.66,5.09,0.57,83.33,80.25,4
U003,38,2026-06-19,Friday,38,8,7,1,4.08,4.58,3.92,0.66,87.5,74.83,4
U004,38,2026-06-19,Friday,38,7,6,1,6.32,7.26,6.01,1.25,85.71,86.98,3
U005,38,2026-06-19,Friday,38,5,4,1,7.41,8.01,7.21,0.8,80.0,91.68,4
U006,38,2026-06-19,Friday,38,7,6,1,4.42,5.3,4.13,1.17,85.71,76.29,2
U007,38,2026-06-19,Friday,38,5,3,2,6.77,8.35,6.24,2.11,60.0,83.08,1
U008,38,2026-06-19,Friday,38,6,5,1,5.38,5.93,5.19,0.74,83.33,81.09,4
U009,38,2026-06-19,Friday,38,6,4,2,6.41,6.96,6.23,0.73,66.67,82.72,3
U010,38,2026-06-19,Friday,38,8,6,2,5.97,6.45,5.81,0.64,75.0,82.33,4
U001,38,2026-06-20,Saturday,38,1,0,1,1.42,1.61,1.35,0.26,0.0,37.99,1
U002,38,2026-06-20,Saturday,38,3,2,1,1.93,2.09,1.88,0.21,66.67,57.52,0
U003,38,2026-06-20,Saturday,38,1,0,1,2.23,2.53,2.13,0.4,0.0,42.54,1
U004,38,2026-06-20,Saturday,38,2,1,1,2.1,2.45,1.99,0.46,50.0,54.31,1
U005,38,2026-06-20,Saturday,38,1,0,1,1.72,1.86,1.67,0.2,0.0,39.67,0
U006,38,2026-06-20,Saturday,38,3,2,1,1.77,2.16,1.64,0.52,66.67,56.62,0
U007,38,2026-06-20,Saturday,38,3,2,1,1.51,1.67,1.46,0.21,66.67,55.16,1
U008,38,2026-06-20,Saturday,38,3,2,1,2.52,2.79,2.43,0.36,66.67,60.84,1
U009,38,2026-06-20,Saturday,38,2,1,1,1.88,2.16,1.79,0.37,50.0,53.08,1
U010,38,2026-06-20,Saturday,38,3,2,1,2.26,2.55,2.16,0.39,66.67,59.38,1
U001,39,2026-06-21,Sunday,39,2,1,1,2.5,2.7,2.43,0.27,50.0,56.56,0
U002,39,2026-06-21,Sunday,39,2,1,1,1.68,1.81,1.63,0.2,50.0,51.95,0
U003,39,2026-06-21,Sunday,39,2,1,1,2.4,2.99,2.2,0.79,50.0,56.0,0
U004,39,2026-06-21,Sunday,39,3,2,1,1.97,2.19,1.9,0.29,66.67,57.75,0
U005,39,2026-06-21,Sunday,39,2,1,1,1.93,2.16,1.85,0.31,50.0,53.36,1
U006,39,2026-06-21,Sunday,39,3,2,1,0.82,0.97,0.77,0.2,66.67,51.28,1
U007,39,2026-06-21,Sunday,39,2,1,1,2.16,2.47,2.06,0.41,50.0,54.65,1
U008,39,2026-06-21,Sunday,39,1,0,1,1.71,2.02,1.61,0.41,0.0,39.62,1
U009,39,2026-06-21,Sunday,39,2,1,1,0.48,0.5,0.43,0.2,50.0,45.2,1
U010,39,2026-06-21,Sunday,39,3,2,1,1.79,1.93,1.74,0.2,66.67,56.74,1
U001,39,2026-06-22,Monday,39,5,4,1,7.88,8.64,7.62,1.02,80.0,94.33,1
U002,39,2026-06-22,Monday,39,8,6,2,5.79,6.26,5.63,0.63,75.0,81.32,1
U003,39,2026-06-22,Monday,39,6,4,2,4.68,5.21,4.51,0.7,66.67,72.99,4
U004,39,2026-06-22,Monday,39,4,3,1,6.45,7.07,6.24,0.83,75.0,85.03,1
U005,39,2026-06-22,Monday,39,7,6,1,6.57,7.1,6.39,0.71,85.71,88.38,4
U006,39,2026-06-22,Monday,39,4,3,1,6.51,7.75,6.1,1.65,75.0,85.37,4
U007,39,2026-06-22,Monday,39,8,6,2,5.17,6.03,4.88,1.15,75.0,77.83,2
U008,39,2026-06-22,Monday,39,7,4,3,5.58,6.79,5.17,1.62,57.14,75.67,3
U009,39,2026-06-22,Monday,39,4,3,1,8.12,9.46,7.67,1.79,75.0,94.42,2
U010,39,2026-06-22,Monday,39,8,7,1,5.63,6.31,5.4,0.91,87.5,83.54,1
U001,39,2026-06-23,Tuesday,39,6,4,2,5.86,6.62,5.61,1.01,66.67,79.63,2
U002,39,2026-06-23,Tuesday,39,5,4,1,6.33,7.0,6.11,0.89,80.0,85.61,3
U003,39,2026-06-23,Tuesday,39,8,7,1,4.35,4.93,4.16,0.77,87.5,76.34,3
U004,39,2026-06-23,Tuesday,39,5,4,1,5.48,5.92,5.33,0.59,80.0,80.83,2
U005,39,2026-06-23,Tuesday,39,6,5,1,6.78,7.69,6.48,1.21,83.33,88.97,2
U006,39,2026-06-23,Tuesday,39,6,5,1,4.31,4.65,4.19,0.46,83.33,75.08,4
U007,39,2026-06-23,Tuesday,39,5,4,1,7.0,7.79,6.73,1.06,80.0,89.38,2
U008,39,2026-06-23,Tuesday,39,4,3,1,4.77,5.38,4.57,0.81,75.0,75.58,3
U009,39,2026-06-23,Tuesday,39,4,3,1,8.12,9.22,7.75,1.47,75.0,94.42,1
U010,39,2026-06-23,Tuesday,39,5,3,2,4.6,5.42,4.32,1.1,60.0,70.88,2
U001,39,2026-06-24,Wednesday,39,5,4,1,6.2,6.7,6.03,0.67,80.0,84.88,3
U002,39,2026-06-24,Wednesday,39,5,4,1,8.47,9.15,8.24,0.91,80.0,97.64,4
U003,39,2026-06-24,Wednesday,39,4,3,1,6.21,6.94,5.97,0.97,75.0,83.68,3
U004,39,2026-06-24,Wednesday,39,6,4,2,6.95,8.14,6.55,1.59,66.67,85.76,2
U005,39,2026-06-24,Wednesday,39,5,4,1,7.79,8.61,7.52,1.09,80.0,93.82,4
U006,39,2026-06-24,Wednesday,39,5,4,1,5.18,6.07,4.89,1.18,80.0,79.14,3
U007,39,2026-06-24,Wednesday,39,6,5,1,5.12,5.53,4.98,0.55,83.33,79.63,3
U008,39,2026-06-24,Wednesday,39,8,7,1,5.02,5.47,4.87,0.6,87.5,80.11,2
U009,39,2026-06-24,Wednesday,39,5,4,1,5.49,5.93,5.34,0.59,80.0,80.88,3
U010,39,2026-06-24,Wednesday,39,6,5,1,5.86,6.33,5.7,0.63,83.33,83.8,4
U001,39,2026-06-25,Thursday,39,5,4,1,7.4,8.0,7.2,0.8,80.0,91.62,3
U002,39,2026-06-25,Thursday,39,6,5,1,6.42,6.95,6.25,0.7,83.33,86.94,4
U003,39,2026-06-25,Thursday,39,4,3,1,4.29,4.84,4.11,0.73,75.0,72.88,1
U004,39,2026-06-25,Thursday,39,7,6,1,6.84,7.4,6.66,0.74,85.71,89.9,1
U005,39,2026-06-25,Thursday,39,8,7,1,4.74,5.59,4.45,1.14,87.5,78.54,4
U006,39,2026-06-25,Thursday,39,6,3,3,5.52,7.38,4.9,2.48,50.0,73.55,2
U007,39,2026-06-25,Thursday,39,8,6,2,6.93,7.7,6.67,1.03,75.0,87.73,1
U008,39,2026-06-25,Thursday,39,4,3,1,4.9,5.75,4.61,1.14,75.0,76.31,4
U009,39,2026-06-25,Thursday,39,7,5,2,5.78,6.24,5.62,0.62,71.43,80.37,1
U010,39,2026-06-25,Thursday,39,7,6,1,6.5,7.34,6.22,1.12,85.71,87.99,4
U001,39,2026-06-26,Friday,39,4,3,1,5.48,5.93,5.33,0.6,75.0,79.58,3
U002,39,2026-06-26,Friday,39,5,3,2,4.61,5.09,4.45,0.64,60.0,70.93,2
U003,39,2026-06-26,Friday,39,4,3,1,4.84,5.78,4.53,1.25,75.0,75.97,3
U004,39,2026-06-26,Friday,39,4,3,1,6.74,7.37,6.53,0.84,75.0,86.66,1
U005,39,2026-06-26,Friday,39,5,4,1,6.15,7.06,5.85,1.21,80.0,84.59,3
U006,39,2026-06-26,Friday,39,7,5,2,5.34,6.26,5.04,1.22,71.43,77.89,3
U007,39,2026-06-26,Friday,39,6,4,2,4.88,5.49,4.67,0.82,66.67,74.12,4
U008,39,2026-06-26,Friday,39,5,4,1,5.56,6.36,5.29,1.07,80.0,81.28,2
U009,39,2026-06-26,Friday,39,4,3,1,6.66,7.2,6.48,0.72,75.0,86.21,2
U010,39,2026-06-26,Friday,39,4,3,1,4.85,5.66,4.58,1.08,75.0,76.03,1
U001,39,2026-06-27,Saturday,39,3,2,1,0.59,0.65,0.54,0.2,66.67,49.99,1
U002,39,2026-06-27,Saturday,39,3,2,1,2.92,3.16,2.84,0.32,66.67,63.09,1
U003,39,2026-06-27,Saturday,39,1,0,1,2.33,2.7,2.21,0.49,0.0,43.11,1
U004,39,2026-06-27,Saturday,39,3,2,1,2.65,2.95,2.55,0.4,66.67,61.57,0
U005,39,2026-06-27,Saturday,39,1,0,1,1.41,1.55,1.36,0.2,0.0,37.93,0
U006,39,2026-06-27,Saturday,39,1,0,1,2.34,2.66,2.23,0.43,0.0,43.16,0
U007,39,2026-06-27,Saturday,39,3,2,1,1.49,1.6,1.44,0.2,66.67,55.05,1
U008,39,2026-06-27,Saturday,39,1,0,1,0.42,0.5,0.37,0.2,0.0,32.36,0
U009,39,2026-06-27,Saturday,39,2,1,1,2.33,2.52,2.27,0.25,50.0,55.61,0
U010,39,2026-06-27,Saturday,39,3,2,1,1.04,1.11,0.99,0.2,66.67,52.52,1
U001,40,2026-06-28,Sunday,40,3,2,1,0.7,0.72,0.65,0.2,66.67,50.61,1
U002,40,2026-06-28,Sunday,40,1,0,1,1.43,1.53,1.38,0.2,0.0,38.04,0
U003,40,2026-06-28,Sunday,40,3,2,1,2.73,3.17,2.59,0.58,66.67,62.02,0
U004,40,2026-06-28,Sunday,40,1,0,1,1.54,1.79,1.46,0.33,0.0,38.66,1
U005,40,2026-06-28,Sunday,40,3,2,1,2.46,2.66,2.39,0.27,66.67,60.5,0
U006,40,2026-06-28,Sunday,40,2,1,1,2.15,2.46,2.04,0.42,50.0,54.59,1
U007,40,2026-06-28,Sunday,40,3,2,1,1.21,1.29,1.16,0.2,66.67,53.47,0
U008,40,2026-06-28,Sunday,40,3,2,1,1.47,1.78,1.36,0.42,66.67,54.94,0
U009,40,2026-06-28,Sunday,40,1,0,1,1.75,2.04,1.65,0.39,0.0,39.84,1
U010,40,2026-06-28,Sunday,40,3,2,1,2.32,2.67,2.2,0.47,66.67,59.72,1
U001,40,2026-06-29,Monday,40,4,3,1,6.74,7.29,6.56,0.73,75.0,86.66,3
U002,40,2026-06-29,Monday,40,7,6,1,6.33,6.84,6.16,0.68,85.71,87.03,3
U003,40,2026-06-29,Monday,40,5,4,1,5.59,6.04,5.44,0.6,80.0,81.44,2
U004,40,2026-06-29,Monday,40,5,4,1,6.58,7.29,6.34,0.95,80.0,87.01,1
U005,40,2026-06-29,Monday,40,4,3,1,7.29,7.88,7.09,0.79,75.0,89.76,1
U006,40,2026-06-29,Monday,40,6,5,1,4.46,4.82,4.34,0.48,83.33,75.92,2
U007,40,2026-06-29,Monday,40,4,3,1,7.59,8.24,7.37,0.87,75.0,91.44,1
U008,40,2026-06-29,Monday,40,8,6,2,5.08,6.02,4.77,1.25,75.0,77.33,1
U009,40,2026-06-29,Monday,40,8,7,1,6.8,7.66,6.52,1.14,87.5,90.12,2
U010,40,2026-06-29,Monday,40,4,2,2,4.59,5.63,4.24,1.39,50.0,68.32,3
U001,40,2026-06-30,Tuesday,40,7,5,2,5.31,5.74,5.17,0.57,71.43,77.73,3
U002,40,2026-06-30,Tuesday,40,5,4,1,6.16,6.65,5.99,0.66,80.0,84.65,4
U003,40,2026-06-30,Tuesday,40,8,6,2,4.83,5.47,4.61,0.86,75.0,75.92,1
U004,40,2026-06-30,Tuesday,40,5,3,2,7.21,8.76,6.69,2.07,60.0,85.56,3
U005,40,2026-06-30,Tuesday,40,4,3,1,7.63,8.27,7.42,0.85,75.0,91.67,3
U006,40,2026-06-30,Tuesday,40,5,4,1,5.46,6.05,5.27,0.78,80.0,80.71,2
U007,40,2026-06-30,Tuesday,40,4,3,1,3.97,4.44,3.81,0.63,75.0,71.08,1
U008,40,2026-06-30,Tuesday,40,7,6,1,5.28,5.77,5.12,0.65,85.71,81.13,1
U009,40,2026-06-30,Tuesday,40,6,4,2,7.26,7.85,7.06,0.79,66.67,87.51,2
U010,40,2026-06-30,Tuesday,40,7,6,1,5.09,5.71,4.88,0.83,85.71,80.06,1
U001,40,2026-07-01,Wednesday,40,6,5,1,5.34,5.78,5.2,0.58,83.33,80.87,1
U002,40,2026-07-01,Wednesday,40,4,3,1,6.71,7.25,6.53,0.72,75.0,86.49,2
U003,40,2026-07-01,Wednesday,40,6,4,2,4.08,4.67,3.89,0.78,66.67,69.62,3
U004,40,2026-07-01,Wednesday,40,4,3,1,5.73,6.4,5.51,0.89,75.0,80.98,2
U005,40,2026-07-01,Wednesday,40,4,3,1,8.78,9.49,8.54,0.95,75.0,98.0,2
U006,40,2026-07-01,Wednesday,40,8,7,1,5.76,6.25,5.6,0.65,87.5,84.28,1
U007,40,2026-07-01,Wednesday,40,8,7,1,6.76,7.31,6.58,0.73,87.5,89.9,3
U008,40,2026-07-01,Wednesday,40,4,3,1,4.56,5.22,4.34,0.88,75.0,74.4,3
U009,40,2026-07-01,Wednesday,40,5,4,1,5.17,5.59,5.03,0.56,80.0,79.08,2
U010,40,2026-07-01,Wednesday,40,8,6,2,5.75,6.56,5.48,1.08,75.0,81.09,2
U001,40,2026-07-02,Thursday,40,7,6,1,5.87,6.34,5.71,0.63,85.71,84.45,3
U002,40,2026-07-02,Thursday,40,4,3,1,6.84,7.52,6.61,0.91,75.0,87.22,4
U003,40,2026-07-02,Thursday,40,7,5,2,4.06,4.54,3.9,0.64,71.43,70.69,4
U004,40,2026-07-02,Thursday,40,8,5,3,3.29,3.91,3.08,0.83,62.5,64.13,3
U005,40,2026-07-02,Thursday,40,7,6,1,7.06,7.63,6.87,0.76,85.71,91.14,3
U006,40,2026-07-02,Thursday,40,5,4,1,3.75,4.1,3.63,0.47,80.0,71.09,4
U007,40,2026-07-02,Thursday,40,4,3,1,7.18,8.2,6.84,1.36,75.0,89.14,3
U008,40,2026-07-02,Thursday,40,4,3,1,5.62,6.22,5.42,0.8,75.0,80.36,1
U009,40,2026-07-02,Thursday,40,5,4,1,6.36,6.88,6.19,0.69,80.0,85.78,2
U010,40,2026-07-02,Thursday,40,4,2,2,4.54,5.45,4.24,1.21,50.0,68.04,4
U001,40,2026-07-03,Friday,40,7,6,1,6.47,7.07,6.27,0.8,85.71,87.82,4
U002,40,2026-07-03,Friday,40,4,3,1,6.17,6.87,5.94,0.93,75.0,83.46,2
U003,40,2026-07-03,Friday,40,8,6,2,5.3,6.19,5.01,1.18,75.0,78.56,3
U004,40,2026-07-03,Friday,40,8,7,1,6.03,6.52,5.87,0.65,87.5,85.79,2
U005,40,2026-07-03,Friday,40,5,4,1,8.63,9.33,8.4,0.93,80.0,98.0,3
U006,40,2026-07-03,Friday,40,7,5,2,4.09,4.93,3.81,1.12,71.43,70.86,1
U007,40,2026-07-03,Friday,40,7,6,1,7.01,7.93,6.7,1.23,85.71,90.86,3
U008,40,2026-07-03,Friday,40,6,4,2,5.25,6.22,4.92,1.3,66.67,76.2,3
U009,40,2026-07-03,Friday,40,8,7,1,5.91,6.39,5.75,0.64,87.5,85.12,4
U010,40,2026-07-03,Friday,40,7,6,1,7.48,8.12,7.27,0.85,85.71,93.5,2
U001,40,2026-07-04,Saturday,40,3,2,1,1.42,1.54,1.37,0.2,66.67,54.66,0
U002,40,2026-07-04,Saturday,40,2,1,1,2.38,2.57,2.31,0.26,50.0,55.89,1
U003,40,2026-07-04,Saturday,40,3,2,1,1.2,1.4,1.14,0.26,66.67,53.42,0
U004,40,2026-07-04,Saturday,40,2,1,1,2.0,2.17,1.95,0.22,50.0,53.75,0
U005,40,2026-07-04,Saturday,40,1,0,1,2.7,2.92,2.63,0.29,0.0,45.19,0
U006,40,2026-07-04,Saturday,40,3,2,1,1.78,1.97,1.72,0.25,66.67,56.68,0
U007,40,2026-07-04,Saturday,40,2,1,1,2.09,2.26,2.03,0.23,50.0,54.26,1
U008,40,2026-07-04,Saturday,40,3,2,1,0.75,0.88,0.7,0.2,66.67,50.89,0
U009,40,2026-07-04,Saturday,40,3,2,1,1.72,1.85,1.67,0.2,66.67,56.34,0
U010,40,2026-07-04,Saturday,40,3,2,1,1.96,2.24,1.86,0.38,66.67,57.69,1
U001,41,2026-07-05,Sunday,41,3,2,1,2.5,2.91,2.37,0.54,66.67,60.73,0
U002,41,2026-07-05,Sunday,41,3,2,1,0.49,0.5,0.44,0.2,66.67,49.42,0
U003,41,2026-07-05,Sunday,41,1,0,1,2.36,2.77,2.22,0.55,0.0,43.27,1
U004,41,2026-07-05,Sunday,41,2,1,1,2.97,3.33,2.85,0.48,50.0,59.21,1
U005,41,2026-07-05,Sunday,41,2,1,1,1.71,1.84,1.66,0.2,50.0,52.12,0
U006,41,2026-07-05,Sunday,41,2,1,1,1.59,1.83,1.51,0.32,50.0,51.44,0
U007,41,2026-07-05,Sunday,41,3,2,1,2.22,2.4,2.16,0.24,66.67,59.16,0
U008,41,2026-07-05,Sunday,41,1,0,1,1.74,2.02,1.65,0.37,0.0,39.79,0
U009,41,2026-07-05,Sunday,41,1,0,1,0.5,0.5,0.45,0.2,0.0,32.81,0
U010,41,2026-07-05,Sunday,41,2,1,1,1.23,1.31,1.18,0.2,50.0,49.42,0
U001,41,2026-07-06,Monday,41,8,7,1,4.51,5.26,4.26,1.0,87.5,77.24,2
U002,41,2026-07-06,Monday,41,4,3,1,5.71,6.18,5.56,0.62,75.0,80.87,4
U003,41,2026-07-06,Monday,41,5,4,1,5.33,6.2,5.04,1.16,80.0,79.98,2
U004,41,2026-07-06,Monday,41,7,5,2,5.15,6.0,4.86,1.14,71.43,76.83,2
U005,41,2026-07-06,Monday,41,6,5,1,8.27,8.94,8.05,0.89,83.33,97.35,2
U006,41,2026-07-06,Monday,41,7,5,2,6.47,7.43,6.15,1.28,71.43,84.25,1
U007,41,2026-07-06,Monday,41,4,3,1,7.68,8.3,7.47,0.83,75.0,91.95,1
U008,41,2026-07-06,Monday,41,7,6,1,4.68,5.25,4.49,0.76,85.71,77.75,4
U009,41,2026-07-06,Monday,41,7,6,1,6.21,6.71,6.04,0.67,85.71,86.36,4
U010,41,2026-07-06,Monday,41,8,5,3,4.77,5.52,4.52,1.0,62.5,72.46,3
U001,41,2026-07-07,Tuesday,41,6,5,1,6.24,7.1,5.95,1.15,83.33,85.93,2
U002,41,2026-07-07,Tuesday,41,7,6,1,6.42,6.94,6.25,0.69,85.71,87.54,4
U003,41,2026-07-07,Tuesday,41,8,6,2,3.46,3.9,3.32,0.58,75.0,68.21,2
U004,41,2026-07-07,Tuesday,41,5,4,1,6.17,6.73,5.99,0.74,80.0,84.71,4
U005,41,2026-07-07,Tuesday,41,7,6,1,8.48,9.17,8.25,0.92,85.71,98.0,3
U006,41,2026-07-07,Tuesday,41,6,5,1,5.87,6.72,5.58,1.14,83.33,83.85,3
U007,41,2026-07-07,Tuesday,41,5,4,1,7.44,8.04,7.24,0.8,80.0,91.85,4
U008,41,2026-07-07,Tuesday,41,8,6,2,4.27,5.04,4.01,1.03,75.0,72.77,1
U009,41,2026-07-07,Tuesday,41,7,5,2,7.8,8.81,7.47,1.34,71.43,91.73,3
U010,41,2026-07-07,Tuesday,41,7,5,2,5.9,6.46,5.71,0.75,71.43,81.05,1
U001,41,2026-07-08,Wednesday,41,8,6,2,6.19,7.07,5.9,1.17,75.0,83.57,1
U002,41,2026-07-08,Wednesday,41,8,7,1,6.5,7.03,6.33,0.7,87.5,88.44,1
U003,41,2026-07-08,Wednesday,41,4,2,2,4.75,5.48,4.51,0.97,50.0,69.22,3
U004,41,2026-07-08,Wednesday,41,4,3,1,5.08,5.79,4.84,0.95,75.0,77.33,2
U005,41,2026-07-08,Wednesday,41,7,6,1,6.32,7.1,6.06,1.04,85.71,86.98,3
U006,41,2026-07-08,Wednesday,41,8,6,2,3.88,4.4,3.7,0.7,75.0,70.58,3
U007,41,2026-07-08,Wednesday,41,7,6,1,6.76,7.38,6.56,0.82,85.71,89.45,1
U008,41,2026-07-08,Wednesday,41,6,4,2,4.15,5.19,3.8,1.39,66.67,70.01,1
U009,41,2026-07-08,Wednesday,41,6,5,1,6.67,7.21,6.49,0.72,83.33,88.35,4
U010,41,2026-07-08,Wednesday,41,7,5,2,6.26,6.88,6.06,0.82,71.43,83.07,4
U001,41,2026-07-09,Thursday,41,7,6,1,6.83,7.48,6.61,0.87,85.71,89.85,3
U002,41,2026-07-09,Thursday,41,6,5,1,5.04,5.45,4.91,0.54,83.33,79.18,1
U003,41,2026-07-09,Thursday,41,5,4,1,6.65,7.72,6.29,1.43,80.0,87.41,2
U004,41,2026-07-09,Thursday,41,5,4,1,5.81,6.73,5.5,1.23,80.0,82.68,4
U005,41,2026-07-09,Thursday,41,8,7,1,7.0,7.82,6.72,1.1,87.5,91.25,3
U006,41,2026-07-09,Thursday,41,4,3,1,5.9,6.57,5.68,0.89,75.0,81.94,2
U007,41,2026-07-09,Thursday,41,6,5,1,6.2,6.9,5.97,0.93,83.33,85.71,3
U008,41,2026-07-09,Thursday,41,5,4,1,3.92,4.6,3.69,0.91,80.0,72.05,1
U009,41,2026-07-09,Thursday,41,7,4,3,4.59,5.73,4.21,1.52,57.14,70.1,4
U010,41,2026-07-09,Thursday,41,7,5,2,5.99,7.41,5.52,1.89,71.43,81.55,2
U001,41,2026-07-10,Friday,41,6,5,1,3.35,3.62,3.26,0.36,83.33,69.68,2
U002,41,2026-07-10,Friday,41,4,3,1,6.68,7.22,6.5,0.72,75.0,86.32,4
U003,41,2026-07-10,Friday,41,4,3,1,4.65,5.38,4.41,0.97,75.0,74.91,2
U004,41,2026-07-10,Friday,41,4,3,1,5.59,6.09,5.43,0.66,75.0,80.19,1
U005,41,2026-07-10,Friday,41,7,6,1,7.43,8.53,7.06,1.47,85.71,93.22,3
U006,41,2026-07-10,Friday,41,5,4,1,4.52,5.14,4.31,0.83,80.0,75.42,4
U007,41,2026-07-10,Friday,41,5,4,1,4.93,5.37,4.79,0.58,80.0,77.73,2
U008,41,2026-07-10,Friday,41,7,4,3,6.43,7.65,6.02,1.63,57.14,80.45,1
U009,41,2026-07-10,Friday,41,6,5,1,7.63,8.25,7.42,0.83,83.33,93.75,1
U010,41,2026-07-10,Friday,41,7,6,1,5.08,5.52,4.94,0.58,85.71,80.0,3
U001,41,2026-07-11,Saturday,41,1,0,1,1.64,1.77,1.59,0.2,0.0,39.23,1
U002,41,2026-07-11,Saturday,41,2,1,1,2.95,3.19,2.87,0.32,50.0,59.09,1
U003,41,2026-07-11,Saturday,41,3,2,1,1.96,2.13,1.91,0.22,66.67,57.69,1
U004,41,2026-07-11,Saturday,41,2,1,1,1.9,2.08,1.84,0.24,50.0,53.19,1
U005,41,2026-07-11,Saturday,41,3,2,1,3.83,4.14,3.73,0.41,66.67,68.21,0
U006,41,2026-07-11,Saturday,41,2,1,1,2.38,2.76,2.26,0.5,50.0,55.89,0
U007,41,2026-07-11,Saturday,41,3,2,1,2.26,2.45,2.2,0.25,66.67,59.38,1
U008,41,2026-07-11,Saturday,41,2,1,1,0.64,0.69,0.59,0.2,50.0,46.1,0
U009,41,2026-07-11,Saturday,41,3,2,1,0.75,0.78,0.7,0.2,66.67,50.89,0
U010,41,2026-07-11,Saturday,41,3,2,1,0.5,0.5,0.45,0.2,66.67,49.48,0
U001,42,2026-07-12,Sunday,42,3,2,1,1.24,1.36,1.19,0.2,66.67,53.64,0
U002,42,2026-07-12,Sunday,42,2,1,1,2.15,2.32,2.09,0.23,50.0,54.59,1
U003,42,2026-07-12,Sunday,42,3,2,1,0.72,0.86,0.67,0.2,66.67,50.72,0
U004,42,2026-07-12,Sunday,42,1,0,1,2.4,2.6,2.34,0.26,0.0,43.5,1
U005,42,2026-07-12,Sunday,42,3,2,1,2.46,2.73,2.37,0.36,66.67,60.5,1
U006,42,2026-07-12,Sunday,42,2,1,1,1.61,1.81,1.55,0.26,50.0,51.56,1
U007,42,2026-07-12,Sunday,42,3,2,1,1.6,1.96,1.48,0.48,66.67,55.67,1
U008,42,2026-07-12,Sunday,42,1,0,1,0.58,0.7,0.53,0.2,0.0,33.26,1
U009,42,2026-07-12,Sunday,42,1,0,1,1.78,2.01,1.71,0.3,0.0,40.01,0
U010,42,2026-07-12,Sunday,42,1,0,1,2.1,2.52,1.96,0.56,0.0,41.81,1
U001,42,2026-07-13,Monday,42,4,3,1,6.25,7.16,5.95,1.21,75.0,83.91,2
U002,42,2026-07-13,Monday,42,4,3,1,7.26,7.85,7.06,0.79,75.0,89.59,2
U003,42,2026-07-13,Monday,42,6,4,2,3.58,4.11,3.4,0.71,66.67,66.81,4
U004,42,2026-07-13,Monday,42,8,6,2,3.72,4.37,3.51,0.86,75.0,69.67,3
U005,42,2026-07-13,Monday,42,5,4,1,7.41,8.17,7.16,1.01,80.0,91.68,2
U006,42,2026-07-13,Monday,42,7,6,1,6.75,7.85,6.38,1.47,85.71,89.4,4
U007,42,2026-07-13,Monday,42,8,6,2,5.5,6.14,5.29,0.85,75.0,79.69,4
U008,42,2026-07-13,Monday,42,8,7,1,3.6,4.13,3.43,0.7,87.5,72.12,1
U009,42,2026-07-13,Monday,42,6,5,1,5.31,5.75,5.16,0.59,83.33,80.7,1
U010,42,2026-07-13,Monday,42,4,3,1,5.82,6.47,5.6,0.87,75.0,81.49,2
U001,42,2026-07-14,Tuesday,42,6,5,1,6.26,6.77,6.09,0.68,83.33,86.05,2
U002,42,2026-07-14,Tuesday,42,8,6,2,5.32,5.79,5.16,0.63,75.0,78.67,1
U003,42,2026-07-14,Tuesday,42,8,7,1,3.8,4.14,3.69,0.45,87.5,73.25,1
U004,42,2026-07-14,Tuesday,42,6,4,2,5.76,6.5,5.51,0.99,66.67,79.07,3
U005,42,2026-07-14,Tuesday,42,5,4,1,5.69,6.15,5.54,0.61,80.0,82.01,4
U006,42,2026-07-14,Tuesday,42,6,4,2,5.37,6.17,5.1,1.07,66.67,76.87,3
U007,42,2026-07-14,Tuesday,42,6,5,1,7.02,7.66,6.81,0.85,83.33,90.32,3
U008,42,2026-07-14,Tuesday,42,5,3,2,5.54,6.59,5.19,1.4,60.0,76.16,3
U009,42,2026-07-14,Tuesday,42,7,6,1,6.43,6.96,6.26,0.7,85.71,87.6,1
U010,42,2026-07-14,Tuesday,42,4,3,1,5.61,6.07,5.46,0.61,75.0,80.31,2
U001,42,2026-07-15,Wednesday,42,7,5,2,5.0,5.93,4.69,1.24,71.43,75.98,3
U002,42,2026-07-15,Wednesday,42,6,5,1,6.88,7.44,6.7,0.74,83.33,89.53,4
U003,42,2026-07-15,Wednesday,42,5,4,1,5.78,6.82,5.43,1.39,80.0,82.51,1
U004,42,2026-07-15,Wednesday,42,8,6,2,5.6,6.73,5.22,1.51,75.0,80.25,2
U005,42,2026-07-15,Wednesday,42,8,6,2,7.47,8.23,7.22,1.01,75.0,90.77,2
U006,42,2026-07-15,Wednesday,42,4,3,1,6.49,7.47,6.16,1.31,75.0,85.26,2
U007,42,2026-07-15,Wednesday,42,6,4,2,6.23,6.91,6.01,0.9,66.67,81.71,2
U008,42,2026-07-15,Wednesday,42,7,5,2,3.98,4.68,3.74,0.94,71.43,70.25,4
U009,42,2026-07-15,Wednesday,42,5,4,1,7.09,7.67,6.9,0.77,80.0,89.88,2
U010,42,2026-07-15,Wednesday,42,8,7,1,6.25,7.14,5.95,1.19,87.5,87.03,3
U001,42,2026-07-16,Thursday,42,4,3,1,6.94,7.96,6.6,1.36,75.0,87.79,4
U002,42,2026-07-16,Thursday,42,6,5,1,7.09,7.67,6.9,0.77,83.33,90.71,3
U003,42,2026-07-16,Thursday,42,8,7,1,6.15,6.71,5.97,0.74,87.5,86.47,3
U004,42,2026-07-16,Thursday,42,8,5,3,6.25,7.16,5.95,1.21,62.5,80.78,2
U005,42,2026-07-16,Thursday,42,5,4,1,6.42,6.94,6.25,0.69,80.0,86.11,1
U006,42,2026-07-16,Thursday,42,5,4,1,6.34,6.86,6.17,0.69,80.0,85.66,1
U007,42,2026-07-16,Thursday,42,5,4,1,6.41,7.23,6.13,1.1,80.0,86.06,2
U008,42,2026-07-16,Thursday,42,5,3,2,3.06,3.68,2.86,0.82,60.0,62.21,4
U009,42,2026-07-16,Thursday,42,4,3,1,7.41,8.01,7.21,0.8,75.0,90.43,4
U010,42,2026-07-16,Thursday,42,6,4,2,4.51,5.07,4.33,0.74,66.67,72.04,3
U001,42,2026-07-17,Friday,42,6,5,1,5.92,6.4,5.76,0.64,83.33,84.13,3
U002,42,2026-07-17,Friday,42,7,5,2,6.79,7.77,6.47,1.3,71.43,86.05,4
U003,42,2026-07-17,Friday,42,8,6,2,7.09,8.25,6.71,1.54,75.0,88.63,4
U004,42,2026-07-17,Friday,42,5,3,2,5.44,6.58,5.06,1.52,60.0,75.6,4
U005,42,2026-07-17,Friday,42,8,7,1,5.73,6.24,5.56,0.68,87.5,84.11,3
U006,42,2026-07-17,Friday,42,8,6,2,4.43,5.13,4.19,0.94,75.0,73.67,1
U007,42,2026-07-17,Friday,42,6,5,1,4.12,4.62,3.96,0.66,83.33,74.01,1
U008,42,2026-07-17,Friday,42,8,6,2,4.62,5.27,4.41,0.86,75.0,74.74,3
U009,42,2026-07-17,Friday,42,5,4,1,6.73,7.28,6.55,0.73,80.0,87.86,2
U010,42,2026-07-17,Friday,42,8,6,2,3.19,3.58,3.06,0.52,75.0,66.69,3
U001,42,2026-07-18,Saturday,42,3,2,1,0.89,0.94,0.84,0.2,66.67,51.67,1
U002,42,2026-07-18,Saturday,42,1,0,1,0.85,0.9,0.8,0.2,0.0,34.78,0
U003,42,2026-07-18,Saturday,42,3,2,1,0.73,0.81,0.68,0.2,66.67,50.77,0
U004,42,2026-07-18,Saturday,42,2,1,1,1.4,1.55,1.35,0.2,50.0,50.38,0
U005,42,2026-07-18,Saturday,42,1,0,1,0.61,0.69,0.56,0.2,0.0,33.43,0
U006,42,2026-07-18,Saturday,42,3,2,1,1.23,1.43,1.17,0.26,66.67,53.59,1
U007,42,2026-07-18,Saturday,42,3,2,1,0.73,0.75,0.68,0.2,66.67,50.77,1
U008,42,2026-07-18,Saturday,42,2,1,1,1.14,1.39,1.06,0.33,50.0,48.91,1
U009,42,2026-07-18,Saturday,42,1,0,1,0.42,0.5,0.37,0.2,0.0,32.36,1
U010,42,2026-07-18,Saturday,42,3,2,1,1.52,1.63,1.47,0.2,66.67,55.22,0
U001,43,2026-07-19,Sunday,43,3,2,1,1.23,1.38,1.18,0.2,66.67,53.59,0
U002,43,2026-07-19,Sunday,43,2,1,1,0.5,0.5,0.45,0.2,50.0,45.31,0
U003,43,2026-07-19,Sunday,43,2,1,1,1.55,1.9,1.44,0.46,50.0,51.22,0
U004,43,2026-07-19,Sunday,43,2,1,1,3.52,3.8,3.42,0.38,50.0,62.3,1
U005,43,2026-07-19,Sunday,43,1,0,1,1.3,1.39,1.25,0.2,0.0,37.31,0
U006,43,2026-07-19,Sunday,43,2,1,1,2.24,2.7,2.09,0.61,50.0,55.1,0
U007,43,2026-07-19,Sunday,43,2,1,1,0.86,0.9,0.81,0.2,50.0,47.34,1
U008,43,2026-07-19,Sunday,43,2,1,1,1.54,1.89,1.42,0.47,50.0,51.16,1
U009,43,2026-07-19,Sunday,43,3,2,1,1.6,1.72,1.55,0.2,66.67,55.67,0
U010,43,2026-07-19,Sunday,43,2,1,1,2.01,2.41,1.88,0.53,50.0,53.81,1
U001,43,2026-07-20,Monday,43,6,4,2,4.59,5.23,4.38,0.85,66.67,72.49,2
U002,43,2026-07-20,Monday,43,8,6,2,4.71,5.09,4.58,0.51,75.0,75.24,1
U003,43,2026-07-20,Monday,43,6,4,2,3.39,4.24,3.1,1.14,66.67,65.74,4
U004,43,2026-07-20,Monday,43,8,6,2,5.45,6.06,5.25,0.81,75.0,79.41,4
U005,43,2026-07-20,Monday,43,8,6,2,4.12,4.47,4.01,0.46,75.0,71.92,2
U006,43,2026-07-20,Monday,43,4,3,1,5.04,5.74,4.81,0.93,75.0,77.1,1
U007,43,2026-07-20,Monday,43,4,3,1,4.76,5.32,4.57,0.75,75.0,75.53,4
U008,43,2026-07-20,Monday,43,7,5,2,3.02,3.69,2.8,0.89,71.43,64.84,4
U009,43,2026-07-20,Monday,43,7,6,1,4.56,5.53,4.23,1.3,85.71,77.08,2
U010,43,2026-07-20,Monday,43,6,5,1,7.0,7.58,6.8,0.78,83.33,90.21,2
U001,43,2026-07-21,Tuesday,43,7,5,2,6.13,6.81,5.91,0.9,71.43,82.34,3
U002,43,2026-07-21,Tuesday,43,5,4,1,4.86,5.25,4.73,0.52,80.0,77.34,2
U003,43,2026-07-21,Tuesday,43,6,4,2,4.0,4.76,3.74,1.02,66.67,69.17,4
U004,43,2026-07-21,Tuesday,43,5,4,1,2.85,3.23,2.73,0.5,80.0,66.03,3
U005,43,2026-07-21,Tuesday,43,5,4,1,7.86,8.5,7.65,0.85,80.0,94.21,1
U006,43,2026-07-21,Tuesday,43,4,2,2,4.61,5.29,4.38,0.91,50.0,68.43,2
U007,43,2026-07-21,Tuesday,43,8,7,1,6.94,7.77,6.66,1.11,87.5,90.91,2
U008,43,2026-07-21,Tuesday,43,5,4,1,4.53,4.92,4.4,0.52,80.0,75.48,4
U009,43,2026-07-21,Tuesday,43,4,3,1,6.85,7.41,6.67,0.74,75.0,87.28,3
U010,43,2026-07-21,Tuesday,43,8,6,2,6.23,7.02,5.97,1.05,75.0,83.79,2
U001,43,2026-07-22,Wednesday,43,5,4,1,4.94,5.38,4.8,0.58,80.0,77.79,3
U002,43,2026-07-22,Wednesday,43,8,7,1,8.08,8.73,7.86,0.87,87.5,97.33,4
U003,43,2026-07-22,Wednesday,43,7,6,1,7.45,8.06,7.25,0.81,85.71,93.33,3
U004,43,2026-07-22,Wednesday,43,8,6,2,4.72,5.31,4.52,0.79,75.0,75.3,3
U005,43,2026-07-22,Wednesday,43,8,6,2,7.63,8.25,7.42,0.83,75.0,91.67,3
U006,43,2026-07-22,Wednesday,43,6,4,2,5.98,6.65,5.76,0.89,66.67,80.31,1
U007,43,2026-07-22,Wednesday,43,5,4,1,4.44,4.99,4.26,0.73,80.0,74.97,2
U008,43,2026-07-22,Wednesday,43,5,4,1,3.8,4.41,3.6,0.81,80.0,71.38,2
U009,43,2026-07-22,Wednesday,43,4,3,1,6.97,8.12,6.59,1.53,75.0,87.96,3
U010,43,2026-07-22,Wednesday,43,8,6,2,3.58,4.12,3.4,0.72,75.0,68.89,4
U001,43,2026-07-23,Thursday,43,7,5,2,7.14,7.84,6.91,0.93,71.43,88.02,2
U002,43,2026-07-23,Thursday,43,7,6,1,6.63,7.17,6.45,0.72,85.71,88.72,2
U003,43,2026-07-23,Thursday,43,4,3,1,4.94,5.69,4.69,1.0,75.0,76.54,3
U004,43,2026-07-23,Thursday,43,6,5,1,5.39,5.83,5.25,0.58,83.33,81.15,4
U005,43,2026-07-23,Thursday,43,7,6,1,6.58,7.71,6.21,1.5,85.71,88.44,4
U006,43,2026-07-23,Thursday,43,8,6,2,5.6,6.28,5.38,0.9,75.0,80.25,4
U007,43,2026-07-23,Thursday,43,5,4,1,5.54,5.99,5.39,0.6,80.0,81.16,1
U008,43,2026-07-23,Thursday,43,8,6,2,6.43,7.61,6.04,1.57,75.0,84.92,4
U009,43,2026-07-23,Thursday,43,4,3,1,5.62,6.34,5.38,0.96,75.0,80.36,3
U010,43,2026-07-23,Thursday,43,7,5,2,6.86,8.19,6.41,1.78,71.43,86.45,1
U001,43,2026-07-24,Friday,43,6,4,2,7.69,8.61,7.39,1.22,66.67,89.92,1
U002,43,2026-07-24,Friday,43,7,6,1,6.46,6.99,6.29,0.7,85.71,87.77,3
U003,43,2026-07-24,Friday,43,6,5,1,6.5,7.02,6.32,0.7,83.33,87.39,4
U004,43,2026-07-24,Friday,43,4,3,1,6.15,7.29,5.77,1.52,75.0,83.34,4
U005,43,2026-07-24,Friday,43,6,5,1,6.98,7.66,6.76,0.9,83.33,90.09,4
U006,43,2026-07-24,Friday,43,6,5,1,5.23,5.65,5.09,0.56,83.33,80.25,2
U007,43,2026-07-24,Friday,43,6,5,1,5.49,6.31,5.21,1.1,83.33,81.71,4
U008,43,2026-07-24,Friday,43,5,4,1,4.52,5.47,4.2,1.27,80.0,75.42,1
U009,43,2026-07-24,Friday,43,5,4,1,6.33,7.17,6.05,1.12,80.0,85.61,4
U010,43,2026-07-24,Friday,43,4,3,1,4.69,5.31,4.48,0.83,75.0,75.13,2
U001,43,2026-07-25,Saturday,43,1,0,1,1.85,2.04,1.79,0.25,0.0,40.41,1
U002,43,2026-07-25,Saturday,43,3,2,1,2.2,2.38,2.14,0.24,66.67,59.04,0
U003,43,2026-07-25,Saturday,43,1,0,1,2.17,2.47,2.07,0.4,0.0,42.21,1
U004,43,2026-07-25,Saturday,43,1,0,1,1.77,1.91,1.72,0.2,0.0,39.96,0
U005,43,2026-07-25,Saturday,43,2,1,1,2.45,2.67,2.38,0.29,50.0,56.28,1
U006,43,2026-07-25,Saturday,43,2,1,1,1.43,1.66,1.35,0.31,50.0,50.54,1
U007,43,2026-07-25,Saturday,43,1,0,1,2.2,2.38,2.14,0.24,0.0,42.38,0
U008,43,2026-07-25,Saturday,43,2,1,1,2.61,2.96,2.49,0.47,50.0,57.18,0
U009,43,2026-07-25,Saturday,43,1,0,1,2.89,3.12,2.81,0.31,0.0,46.26,1
U010,43,2026-07-25,Saturday,43,2,1,1,1.59,1.71,1.54,0.2,50.0,51.44,0
U001,44,2026-07-26,Sunday,44,1,0,1,2.27,2.53,2.18,0.35,0.0,42.77,1
U002,44,2026-07-26,Sunday,44,2,1,1,2.91,3.19,2.82,0.37,50.0,58.87,0
U003,44,2026-07-26,Sunday,44,3,2,1,1.96,2.26,1.86,0.4,66.67,57.69,1
U004,44,2026-07-26,Sunday,44,1,0,1,2.44,2.63,2.37,0.26,0.0,43.73,0
U005,44,2026-07-26,Sunday,44,3,2,1,2.12,2.29,2.06,0.23,66.67,58.59,1
U006,44,2026-07-26,Sunday,44,2,1,1,1.48,1.77,1.39,0.38,50.0,50.83,1
U007,44,2026-07-26,Sunday,44,1,0,1,2.14,2.36,2.06,0.3,0.0,42.04,0
U008,44,2026-07-26,Sunday,44,1,0,1,1.18,1.45,1.09,0.36,0.0,36.64,0
U009,44,2026-07-26,Sunday,44,3,2,1,1.05,1.11,1.0,0.2,66.67,52.57,1
U010,44,2026-07-26,Sunday,44,3,2,1,1.9,2.12,1.82,0.3,66.67,57.36,0
U001,44,2026-07-27,Monday,44,7,5,2,5.35,5.93,5.15,0.78,71.43,77.95,2
U002,44,2026-07-27,Monday,44,7,6,1,5.07,5.5,4.93,0.57,85.71,79.95,1
U003,44,2026-07-27,Monday,44,6,4,2,4.47,5.51,4.13,1.38,66.67,71.81,2
U004,44,2026-07-27,Monday,44,7,6,1,5.27,5.7,5.13,0.57,85.71,81.07,4
U005,44,2026-07-27,Monday,44,8,6,2,6.73,7.31,6.54,0.77,75.0,86.61,2
U006,44,2026-07-27,Monday,44,4,3,1,4.72,5.77,4.37,1.4,75.0,75.3,1
U007,44,2026-07-27,Monday,44,4,3,1,6.05,7.06,5.72,1.34,75.0,82.78,1
U008,44,2026-07-27,Monday,44,7,4,3,4.46,5.24,4.2,1.04,57.14,69.37,4
U009,44,2026-07-27,Monday,44,7,5,2,5.73,6.22,5.57,0.65,71.43,80.09,4
U010,44,2026-07-27,Monday,44,5,4,1,6.12,6.61,5.95,0.66,80.0,84.42,3
U001,44,2026-07-28,Tuesday,44,6,4,2,4.47,4.97,4.31,0.66,66.67,71.81,2
U002,44,2026-07-28,Tuesday,44,5,4,1,6.47,7.0,6.3,0.7,80.0,86.39,3
U003,44,2026-07-28,Tuesday,44,6,4,2,2.51,3.08,2.32,0.76,66.67,60.79,1
U004,44,2026-07-28,Tuesday,44,6,4,2,5.68,6.27,5.48,0.79,66.67,78.62,1
U005,44,2026-07-28,Tuesday,44,8,6,2,8.48,9.17,8.25,0.92,75.0,96.45,3
U006,44,2026-07-28,Tuesday,44,4,3,1,5.59,6.29,5.36,0.93,75.0,80.19,4
U007,44,2026-07-28,Tuesday,44,5,4,1,3.07,3.45,2.94,0.51,80.0,67.27,1
U008,44,2026-07-28,Tuesday,44,8,6,2,4.59,5.52,4.28,1.24,75.0,74.57,1
U009,44,2026-07-28,Tuesday,44,5,3,2,5.75,6.66,5.44,1.22,60.0,77.34,4
U010,44,2026-07-28,Tuesday,44,8,7,1,6.08,6.74,5.86,0.88,87.5,86.08,1
U001,44,2026-07-29,Wednesday,44,5,4,1,5.61,6.07,5.46,0.61,80.0,81.56,2
U002,44,2026-07-29,Wednesday,44,8,6,2,6.89,7.45,6.71,0.74,75.0,87.51,3
U003,44,2026-07-29,Wednesday,44,8,6,2,6.12,6.71,5.93,0.78,75.0,83.17,1
U004,44,2026-07-29,Wednesday,44,8,7,1,5.23,5.88,5.02,0.86,87.5,81.29,3
U005,44,2026-07-29,Wednesday,44,7,6,1,7.61,8.22,7.4,0.82,85.71,94.23,3
U006,44,2026-07-29,Wednesday,44,8,6,2,3.53,4.09,3.34,0.75,75.0,68.61,4
U007,44,2026-07-29,Wednesday,44,7,6,1,5.91,6.45,5.73,0.72,85.71,84.67,3
U008,44,2026-07-29,Wednesday,44,5,3,2,3.83,4.57,3.59,0.98,60.0,66.54,4
U009,44,2026-07-29,Wednesday,44,8,6,2,5.91,6.39,5.75,0.64,75.0,81.99,4
U010,44,2026-07-29,Wednesday,44,6,4,2,5.56,6.42,5.27,1.15,66.67,77.94,3
U001,44,2026-07-30,Thursday,44,6,5,1,5.63,6.09,5.48,0.61,83.33,82.5,4
U002,44,2026-07-30,Thursday,44,7,6,1,6.21,6.71,6.04,0.67,85.71,86.36,2
U003,44,2026-07-30,Thursday,44,5,4,1,3.11,3.62,2.94,0.68,80.0,67.49,1
U004,44,2026-07-30,Thursday,44,5,3,2,4.55,5.56,4.21,1.35,60.0,70.59,4
U005,44,2026-07-30,Thursday,44,5,4,1,7.95,8.59,7.73,0.86,80.0,94.72,4
U006,44,2026-07-30,Thursday,44,6,5,1,6.03,6.52,5.87,0.65,83.33,84.75,1
U007,44,2026-07-30,Thursday,44,7,5,2,6.78,7.42,6.57,0.85,71.43,86.0,1
U008,44,2026-07-30,Thursday,44,5,4,1,5.27,6.07,5.01,1.06,80.0,79.64,3
U009,44,2026-07-30,Thursday,44,4,3,1,4.25,4.86,4.05,0.81,75.0,72.66,1
U010,44,2026-07-30,Thursday,44,5,4,1,6.5,7.18,6.28,0.9,80.0,86.56,4
U001,44,2026-07-31,Friday,44,7,5,2,4.02,4.35,3.91,0.44,71.43,70.47,2
U002,44,2026-07-31,Friday,44,8,7,1,6.28,6.79,6.11,0.68,87.5,87.2,3
U003,44,2026-07-31,Friday,44,8,6,2,5.18,6.01,4.9,1.11,75.0,77.89,2
U004,44,2026-07-31,Friday,44,7,6,1,5.8,6.27,5.64,0.63,85.71,84.05,1
U005,44,2026-07-31,Friday,44,4,3,1,6.04,6.68,5.83,0.85,75.0,82.72,4
U006,44,2026-07-31,Friday,44,6,4,2,3.46,4.23,3.21,1.02,66.67,66.13,3
U007,44,2026-07-31,Friday,44,4,3,1,4.4,4.75,4.28,0.47,75.0,73.5,1
U008,44,2026-07-31,Friday,44,4,3,1,5.03,5.72,4.8,0.92,75.0,77.04,4
U009,44,2026-07-31,Friday,44,7,6,1,5.8,6.27,5.64,0.63,85.71,84.05,4
U010,44,2026-07-31,Friday,44,5,4,1,6.11,6.68,5.92,0.76,80.0,84.37,3
U001,44,2026-08-01,Saturday,44,3,2,1,1.35,1.53,1.29,0.24,66.67,54.26,0
U002,44,2026-08-01,Saturday,44,3,2,1,0.5,0.5,0.45,0.2,66.67,49.48,1
U003,44,2026-08-01,Saturday,44,2,1,1,1.96,2.23,1.87,0.36,50.0,53.52,0
U004,44,2026-08-01,Saturday,44,2,1,1,1.55,1.67,1.5,0.2,50.0,51.22,1
U005,44,2026-08-01,Saturday,44,1,0,1,1.75,2.01,1.67,0.34,0.0,39.84,1
U006,44,2026-08-01,Saturday,44,3,2,1,2.79,3.38,2.59,0.79,66.67,62.36,1
U007,44,2026-08-01,Saturday,44,1,0,1,0.68,0.7,0.63,0.2,0.0,33.83,0
U008,44,2026-08-01,Saturday,44,2,1,1,1.04,1.18,0.99,0.2,50.0,48.35,1
U009,44,2026-08-01,Saturday,44,2,1,1,2.55,2.76,2.48,0.28,50.0,56.84,1
U010,44,2026-08-01,Saturday,44,3,2,1,2.0,2.17,1.95,0.22,66.67,57.92,1
U001,45,2026-08-02,Sunday,45,1,0,1,0.86,0.9,0.81,0.2,0.0,34.84,0
U002,45,2026-08-02,Sunday,45,1,0,1,3.85,4.19,3.74,0.45,0.0,51.66,1
U003,45,2026-08-02,Sunday,45,1,0,1,0.5,0.56,0.45,0.2,0.0,32.81,0
U004,45,2026-08-02,Sunday,45,3,2,1,2.13,2.3,2.07,0.23,66.67,58.65,0
U005,45,2026-08-02,Sunday,45,3,2,1,1.57,1.7,1.52,0.2,66.67,55.5,0
U006,45,2026-08-02,Sunday,45,3,2,1,0.52,0.53,0.47,0.2,66.67,49.59,0
U007,45,2026-08-02,Sunday,45,2,1,1,2.49,2.75,2.4,0.35,50.0,56.51,1
U008,45,2026-08-02,Sunday,45,1,0,1,1.65,1.84,1.59,0.25,0.0,39.28,1
U009,45,2026-08-02,Sunday,45,2,1,1,2.56,2.77,2.49,0.28,50.0,56.9,1
U010,45,2026-08-02,Sunday,45,3,2,1,0.78,0.81,0.73,0.2,66.67,51.06,1
U001,45,2026-08-03,Monday,45,8,6,2,4.02,4.89,3.73,1.16,75.0,71.36,3
U002,45,2026-08-03,Monday,45,8,7,1,5.39,5.9,5.22,0.68,87.5,82.19,4
U003,45,2026-08-03,Monday,45,6,5,1,5.0,5.4,4.86,0.54,83.33,78.96,3
U004,45,2026-08-03,Monday,45,8,7,1,5.33,5.8,5.17,0.63,87.5,81.86,4
U005,45,2026-08-03,Monday,45,5,3,2,5.74,6.84,5.37,1.47,60.0,77.29,1
U006,45,2026-08-03,Monday,45,5,4,1,3.54,4.05,3.37,0.68,80.0,69.91,1
U007,45,2026-08-03,Monday,45,8,7,1,6.1,6.63,5.92,0.71,87.5,86.19,1
U008,45,2026-08-03,Monday,45,4,2,2,4.41,5.53,4.03,1.5,50.0,67.31,3
U009,45,2026-08-03,Monday,45,7,5,2,5.21,5.63,5.07,0.56,71.43,77.16,1
U010,45,2026-08-03,Monday,45,5,3,2,6.28,6.99,6.04,0.95,60.0,80.33,3
U001,45,2026-08-04,Tuesday,45,8,7,1,5.22,5.76,5.04,0.72,87.5,81.24,2
U002,45,2026-08-04,Tuesday,45,6,5,1,5.59,6.04,5.44,0.6,83.33,82.28,2
U003,45,2026-08-04,Tuesday,45,6,5,1,4.72,5.13,4.59,0.54,83.33,77.38,2
U004,45,2026-08-04,Tuesday,45,4,3,1,3.64,4.32,3.41,0.91,75.0,69.22,2
U005,45,2026-08-04,Tuesday,45,6,5,1,8.4,9.08,8.17,0.91,83.33,98.0,2
U006,45,2026-08-04,Tuesday,45,7,6,1,4.42,4.81,4.29,0.52,85.71,76.29,1
U007,45,2026-08-04,Tuesday,45,8,7,1,7.37,8.44,7.01,1.43,87.5,93.33,1
U008,45,2026-08-04,Tuesday,45,7,5,2,5.62,6.28,5.4,0.88,71.43,79.47,1
U009,45,2026-08-04,Tuesday,45,6,4,2,6.31,6.98,6.09,0.89,66.67,82.16,4
U010,45,2026-08-04,Tuesday,45,8,7,1,4.93,5.68,4.68,1.0,87.5,79.61,2
U001,45,2026-08-05,Wednesday,45,4,3,1,6.48,7.21,6.24,0.97,75.0,85.2,2
U002,45,2026-08-05,Wednesday,45,5,4,1,5.24,5.67,5.1,0.57,80.0,79.47,3
U003,45,2026-08-05,Wednesday,45,6,4,2,3.91,4.58,3.69,0.89,66.67,68.66,2
U004,45,2026-08-05,Wednesday,45,4,3,1,5.43,5.87,5.28,0.59,75.0,79.29,1
U005,45,2026-08-05,Wednesday,45,6,5,1,5.49,6.09,5.29,0.8,83.33,81.71,1
U006,45,2026-08-05,Wednesday,45,7,6,1,5.0,5.59,4.8,0.79,85.71,79.55,4
U007,45,2026-08-05,Wednesday,45,6,5,1,6.28,6.84,6.09,0.75,83.33,86.16,4
U008,45,2026-08-05,Wednesday,45,4,3,1,3.99,4.41,3.85,0.56,75.0,71.19,2
U009,45,2026-08-05,Wednesday,45,5,4,1,7.13,7.76,6.92,0.84,80.0,90.11,1
U010,45,2026-08-05,Wednesday,45,4,3,1,6.72,7.27,6.54,0.73,75.0,86.55,4
U001,45,2026-08-06,Thursday,45,7,6,1,3.6,4.19,3.41,0.78,85.71,71.68,4
U002,45,2026-08-06,Thursday,45,6,5,1,5.65,6.11,5.5,0.61,83.33,82.61,2
U003,45,2026-08-06,Thursday,45,7,4,3,5.19,6.17,4.86,1.31,57.14,73.48,1
U004,45,2026-08-06,Thursday,45,8,5,3,5.82,6.73,5.52,1.21,62.5,78.36,4
U005,45,2026-08-06,Thursday,45,6,5,1,5.52,6.03,5.35,0.68,83.33,81.88,3
U006,45,2026-08-06,Thursday,45,4,3,1,4.68,5.58,4.38,1.2,75.0,75.08,4
U007,45,2026-08-06,Thursday,45,5,4,1,5.88,6.44,5.69,0.75,80.0,83.08,2
U008,45,2026-08-06,Thursday,45,7,5,2,5.29,6.35,4.93,1.42,71.43,77.61,1
U009,45,2026-08-06,Thursday,45,5,4,1,4.87,5.27,4.74,0.53,80.0,77.39,3
U010,45,2026-08-06,Thursday,45,6,5,1,4.85,5.24,4.72,0.52,83.33,78.11,4
U001,45,2026-08-07,Friday,45,8,7,1,5.97,6.46,5.81,0.65,87.5,85.46,1
U002,45,2026-08-07,Friday,45,6,4,2,3.14,3.61,2.98,0.63,66.67,64.33,1
U003,45,2026-08-07,Friday,45,6,4,2,4.01,4.69,3.78,0.91,66.67,69.22,4
U004,45,2026-08-07,Friday,45,6,5,1,6.75,7.3,6.57,0.73,83.33,88.8,1
U005,45,2026-08-07,Friday,45,6,5,1,5.45,5.89,5.3,0.59,83.33,81.49,1
U006,45,2026-08-07,Friday,45,6,5,1,7.12,8.24,6.74,1.5,83.33,90.88,2
U007,45,2026-08-07,Friday,45,4,3,1,5.25,5.68,5.11,0.57,75.0,78.28,2
U008,45,2026-08-07,Friday,45,5,3,2,4.33,5.37,3.98,1.39,60.0,69.36,1
U009,45,2026-08-07,Friday,45,6,5,1,6.0,6.61,5.8,0.81,83.33,84.58,3
U010,45,2026-08-07,Friday,45,8,6,2,5.82,6.76,5.51,1.25,75.0,81.49,1
U001,45,2026-08-08,Saturday,45,1,0,1,1.88,2.03,1.83,0.2,0.0,40.58,0
U002,45,2026-08-08,Saturday,45,2,1,1,0.78,0.81,0.73,0.2,50.0,46.89,0
U003,45,2026-08-08,Saturday,45,1,0,1,2.49,2.97,2.33,0.64,0.0,44.01,0
U004,45,2026-08-08,Saturday,45,1,0,1,1.99,2.33,1.88,0.45,0.0,41.19,0
U005,45,2026-08-08,Saturday,45,1,0,1,0.95,1.0,0.9,0.2,0.0,35.34,0
U006,45,2026-08-08,Saturday,45,1,0,1,1.26,1.36,1.21,0.2,0.0,37.09,0
U007,45,2026-08-08,Saturday,45,3,2,1,0.45,0.5,0.4,0.2,66.67,49.2,0
U008,45,2026-08-08,Saturday,45,3,2,1,1.34,1.44,1.29,0.2,66.67,54.2,0
U009,45,2026-08-08,Saturday,45,1,0,1,2.58,2.96,2.46,0.5,0.0,44.51,0
U010,45,2026-08-08,Saturday,45,2,1,1,2.02,2.22,1.95,0.27,50.0,53.86,1
U001,46,2026-08-09,Sunday,46,2,1,1,2.85,3.23,2.72,0.51,50.0,58.53,0
U002,46,2026-08-09,Sunday,46,3,2,1,1.05,1.11,1.0,0.2,66.67,52.57,1
U003,46,2026-08-09,Sunday,46,2,1,1,1.08,1.21,1.03,0.2,50.0,48.58,1
U004,46,2026-08-09,Sunday,46,2,1,1,2.63,3.27,2.42,0.85,50.0,57.29,1
U005,46,2026-08-09,Sunday,46,2,1,1,2.44,2.64,2.38,0.26,50.0,56.23,1
U006,46,2026-08-09,Sunday,46,3,1,2,2.08,2.66,1.89,0.77,33.33,50.03,0
U007,46,2026-08-09,Sunday,46,3,2,1,1.27,1.42,1.22,0.2,66.67,53.81,1
U008,46,2026-08-09,Sunday,46,3,2,1,0.54,0.59,0.49,0.2,66.67,49.7,1
U009,46,2026-08-09,Sunday,46,3,2,1,1.78,1.92,1.73,0.2,66.67,56.68,0
U010,46,2026-08-09,Sunday,46,2,1,1,2.76,3.12,2.64,0.48,50.0,58.02,1
U001,46,2026-08-10,Monday,46,5,4,1,4.8,5.19,4.67,0.52,80.0,77.0,1
U002,46,2026-08-10,Monday,46,8,6,2,5.37,6.03,5.15,0.88,75.0,78.96,2
U003,46,2026-08-10,Monday,46,5,3,2,5.69,7.01,5.25,1.76,60.0,77.01,2
U004,46,2026-08-10,Monday,46,4,3,1,4.53,4.9,4.41,0.49,75.0,74.23,1
U005,46,2026-08-10,Monday,46,5,4,1,4.44,4.8,4.32,0.48,80.0,74.97,4
U006,46,2026-08-10,Monday,46,8,6,2,2.7,2.96,2.61,0.35,75.0,63.94,1
U007,46,2026-08-10,Monday,46,8,7,1,5.04,5.44,4.9,0.54,87.5,80.22,2
U008,46,2026-08-10,Monday,46,6,4,2,6.28,7.25,5.95,1.3,66.67,81.99,4
U009,46,2026-08-10,Monday,46,6,5,1,5.29,5.81,5.12,0.69,83.33,80.59,1
U010,46,2026-08-10,Monday,46,4,3,1,6.87,8.02,6.48,1.54,75.0,87.39,1
U001,46,2026-08-11,Tuesday,46,5,4,1,7.79,8.71,7.48,1.23,80.0,93.82,4
U002,46,2026-08-11,Tuesday,46,6,4,2,6.62,7.16,6.44,0.72,66.67,83.91,3
U003,46,2026-08-11,Tuesday,46,7,5,2,5.23,5.78,5.05,0.73,71.43,77.28,2
U004,46,2026-08-11,Tuesday,46,4,3,1,5.88,6.48,5.68,0.8,75.0,81.83,4
U005,46,2026-08-11,Tuesday,46,6,5,1,6.42,6.95,6.25,0.7,83.33,86.94,4
U006,46,2026-08-11,Tuesday,46,6,5,1,5.02,6.1,4.66,1.44,83.33,79.07,3
U007,46,2026-08-11,Tuesday,46,5,4,1,6.34,7.3,6.02,1.28,80.0,85.66,2
U008,46,2026-08-11,Tuesday,46,4,3,1,3.53,3.9,3.41,0.49,75.0,68.61,1
U009,46,2026-08-11,Tuesday,46,6,5,1,6.08,6.57,5.91,0.66,83.33,85.03,1
U010,46,2026-08-11,Tuesday,46,4,3,1,6.26,6.89,6.05,0.84,75.0,83.96,4
U001,46,2026-08-12,Wednesday,46,5,4,1,4.82,5.48,4.6,0.88,80.0,77.11,4
U002,46,2026-08-12,Wednesday,46,6,4,2,4.32,4.91,4.12,0.79,66.67,70.97,3
U003,46,2026-08-12,Wednesday,46,7,5,2,5.48,6.6,5.11,1.49,71.43,78.68,3
U004,46,2026-08-12,Wednesday,46,8,6,2,4.79,5.56,4.53,1.03,75.0,75.69,2
U005,46,2026-08-12,Wednesday,46,4,3,1,6.28,7.4,5.9,1.5,75.0,84.08,4
U006,46,2026-08-12,Wednesday,46,5,4,1,5.86,6.72,5.57,1.15,80.0,82.96,2
U007,46,2026-08-12,Wednesday,46,6,4,2,6.19,6.83,5.98,0.85,66.67,81.49,2
U008,46,2026-08-12,Wednesday,46,5,3,2,4.65,5.71,4.3,1.41,60.0,71.16,3
U009,46,2026-08-12,Wednesday,46,8,7,1,7.79,8.76,7.47,1.29,87.5,95.69,4
U010,46,2026-08-12,Wednesday,46,5,3,2,5.12,5.96,4.84,1.12,60.0,73.8,1
U001,46,2026-08-13,Thursday,46,7,6,1,4.9,5.34,4.76,0.58,85.71,78.99,1
U002,46,2026-08-13,Thursday,46,4,3,1,6.34,6.86,6.17,0.69,75.0,84.41,3
U003,46,2026-08-13,Thursday,46,5,3,2,3.71,4.24,3.53,0.71,60.0,65.87,4
U004,46,2026-08-13,Thursday,46,6,5,1,5.38,5.82,5.24,0.58,83.33,81.09,1
U005,46,2026-08-13,Thursday,46,8,7,1,6.7,7.24,6.52,0.72,87.5,89.56,3
U006,46,2026-08-13,Thursday,46,7,5,2,4.83,5.67,4.55,1.12,71.43,75.03,3
U007,46,2026-08-13,Thursday,46,5,4,1,6.51,7.16,6.3,0.86,80.0,86.62,3
U008,46,2026-08-13,Thursday,46,4,3,1,2.67,3.01,2.55,0.46,75.0,63.77,4
U009,46,2026-08-13,Thursday,46,5,4,1,6.13,6.63,5.97,0.66,80.0,84.48,3
U010,46,2026-08-13,Thursday,46,8,6,2,5.26,6.0,5.01,0.99,75.0,78.34,3
U001,46,2026-08-14,Friday,46,6,4,2,4.71,5.09,4.58,0.51,66.67,73.16,3
U002,46,2026-08-14,Friday,46,6,4,2,4.94,5.35,4.81,0.54,66.67,74.45,3
U003,46,2026-08-14,Friday,46,7,6,1,5.92,6.62,5.69,0.93,85.71,84.73,1
U004,46,2026-08-14,Friday,46,7,5,2,5.55,6.06,5.38,0.68,71.43,79.08,3
U005,46,2026-08-14,Friday,46,5,4,1,6.57,7.46,6.27,1.19,80.0,86.96,3
U006,46,2026-08-14,Friday,46,7,5,2,7.14,7.84,6.9,0.94,71.43,88.02,2
U007,46,2026-08-14,Friday,46,4,3,1,5.03,5.52,4.87,0.65,75.0,77.04,4
U008,46,2026-08-14,Friday,46,7,5,2,4.12,4.72,3.92,0.8,71.43,71.03,3
U009,46,2026-08-14,Friday,46,4,3,1,4.44,4.89,4.29,0.6,75.0,73.72,3
U010,46,2026-08-14,Friday,46,8,6,2,6.63,7.61,6.3,1.31,75.0,86.04,2
U001,46,2026-08-15,Saturday,46,2,1,1,1.33,1.42,1.28,0.2,50.0,49.98,0
U002,46,2026-08-15,Saturday,46,1,0,1,2.06,2.23,2.0,0.23,0.0,41.59,1
U003,46,2026-08-15,Saturday,46,3,2,1,1.8,1.95,1.75,0.2,66.67,56.79,0
U004,46,2026-08-15,Saturday,46,1,0,1,0.64,0.75,0.59,0.2,0.0,33.6,1
U005,46,2026-08-15,Saturday,46,1,0,1,1.18,1.26,1.13,0.2,0.0,36.64,1
U006,46,2026-08-15,Saturday,46,2,1,1,0.87,1.03,0.81,0.22,50.0,47.39,1
U007,46,2026-08-15,Saturday,46,1,0,1,1.46,1.67,1.39,0.28,0.0,38.21,1
U008,46,2026-08-15,Saturday,46,1,0,1,2.16,2.43,2.07,0.36,0.0,42.15,1
U009,46,2026-08-15,Saturday,46,3,2,1,0.93,0.98,0.88,0.2,66.67,51.9,1
U010,46,2026-08-15,Saturday,46,3,2,1,1.41,1.51,1.36,0.2,66.67,54.6,1
U001,47,2026-08-16,Sunday,47,2,1,1,1.76,1.9,1.71,0.2,50.0,52.4,1
U002,47,2026-08-16,Sunday,47,1,0,1,1.38,1.52,1.33,0.2,0.0,37.76,0
U003,47,2026-08-16,Sunday,47,1,0,1,1.5,1.9,1.37,0.53,0.0,38.44,1
U004,47,2026-08-16,Sunday,47,2,1,1,2.33,2.84,2.16,0.68,50.0,55.61,0
U005,47,2026-08-16,Sunday,47,1,0,1,0.91,0.99,0.86,0.2,0.0,35.12,0
U006,47,2026-08-16,Sunday,47,1,0,1,1.64,1.92,1.55,0.37,0.0,39.23,1
U007,47,2026-08-16,Sunday,47,1,0,1,1.39,1.49,1.34,0.2,0.0,37.82,0
U008,47,2026-08-16,Sunday,47,1,0,1,2.1,2.44,1.98,0.46,0.0,41.81,1
U009,47,2026-08-16,Sunday,47,3,2,1,1.21,1.3,1.16,0.2,66.67,53.47,1
U010,47,2026-08-16,Sunday,47,2,1,1,1.66,1.79,1.61,0.2,50.0,51.84,1
U001,47,2026-08-17,Monday,47,6,5,1,5.81,6.28,5.65,0.63,83.33,83.51,1
U002,47,2026-08-17,Monday,47,4,2,2,5.58,6.43,5.3,1.13,50.0,73.89,3
U003,47,2026-08-17,Monday,47,4,3,1,2.11,2.47,1.99,0.48,75.0,60.62,3
U004,47,2026-08-17,Monday,47,6,5,1,6.22,7.08,5.93,1.15,83.33,85.82,1
U005,47,2026-08-17,Monday,47,4,3,1,4.88,5.28,4.75,0.53,75.0,76.2,4
U006,47,2026-08-17,Monday,47,4,3,1,6.16,6.92,5.9,1.02,75.0,83.4,4
U007,47,2026-08-17,Monday,47,4,3,1,5.92,6.73,5.65,1.08,75.0,82.05,1
U008,47,2026-08-17,Monday,47,7,6,1,5.6,6.31,5.36,0.95,85.71,82.93,4
U009,47,2026-08-17,Monday,47,5,4,1,5.93,7.02,5.57,1.45,80.0,83.36,1
U010,47,2026-08-17,Monday,47,6,5,1,5.07,5.71,4.86,0.85,83.33,79.35,2
U001,47,2026-08-18,Tuesday,47,4,3,1,6.37,7.01,6.16,0.85,75.0,84.58,2
U002,47,2026-08-18,Tuesday,47,4,3,1,5.19,5.61,5.05,0.56,75.0,77.94,2
U003,47,2026-08-18,Tuesday,47,6,4,2,5.95,7.06,5.58,1.48,66.67,80.14,3
U004,47,2026-08-18,Tuesday,47,4,3,1,6.5,7.45,6.18,1.27,75.0,85.31,4
U005,47,2026-08-18,Tuesday,47,7,6,1,6.86,7.63,6.6,1.03,85.71,90.02,3
U006,47,2026-08-18,Tuesday,47,5,4,1,5.25,6.05,4.98,1.07,80.0,79.53,3
U007,47,2026-08-18,Tuesday,47,4,3,1,6.52,7.09,6.33,0.76,75.0,85.42,2
U008,47,2026-08-18,Tuesday,47,4,3,1,4.13,4.75,3.93,0.82,75.0,71.98,2
U009,47,2026-08-18,Tuesday,47,6,5,1,5.68,6.14,5.53,0.61,83.33,82.78,2
U010,47,2026-08-18,Tuesday,47,7,6,1,5.75,6.21,5.59,0.62,85.71,83.77,2
U001,47,2026-08-19,Wednesday,47,5,4,1,5.0,5.41,4.87,0.54,80.0,78.12,3
U002,47,2026-08-19,Wednesday,47,4,3,1,8.31,8.99,8.09,0.9,75.0,95.49,4
U003,47,2026-08-19,Wednesday,47,7,6,1,4.69,5.37,4.47,0.9,85.71,77.81,3
U004,47,2026-08-19,Wednesday,47,6,4,2,5.38,6.77,4.91,1.86,66.67,76.93,2
U005,47,2026-08-19,Wednesday,47,4,3,1,4.83,5.24,4.7,0.54,75.0,75.92,1
U006,47,2026-08-19,Wednesday,47,5,4,1,6.25,6.9,6.04,0.86,80.0,85.16,4
U007,47,2026-08-19,Wednesday,47,7,5,2,5.15,5.78,4.94,0.84,71.43,76.83,3
U008,47,2026-08-19,Wednesday,47,6,4,2,4.43,5.15,4.19,0.96,66.67,71.59,3
U009,47,2026-08-19,Wednesday,47,7,5,2,7.16,7.74,6.97,0.77,71.43,88.13,2
U010,47,2026-08-19,Wednesday,47,4,3,1,4.87,5.45,4.68,0.77,75.0,76.14,2
U001,47,2026-08-20,Thursday,47,4,3,1,5.27,5.7,5.13,0.57,75.0,78.39,3
U002,47,2026-08-20,Thursday,47,6,4,2,6.13,6.67,5.95,0.72,66.67,81.15,4
U003,47,2026-08-20,Thursday,47,7,5,2,4.9,5.9,4.57,1.33,71.43,75.42,4
U004,47,2026-08-20,Thursday,47,5,4,1,3.58,4.13,3.39,0.74,80.0,70.14,3
U005,47,2026-08-20,Thursday,47,7,6,1,6.98,7.54,6.79,0.75,85.71,90.69,4
U006,47,2026-08-20,Thursday,47,8,7,1,5.47,6.23,5.22,1.01,87.5,82.64,2
U007,47,2026-08-20,Thursday,47,5,4,1,6.35,7.2,6.07,1.13,80.0,85.72,3
U008,47,2026-08-20,Thursday,47,5,3,2,5.04,5.78,4.79,0.99,60.0,73.35,2
U009,47,2026-08-20,Thursday,47,6,5,1,5.15,5.66,4.98,0.68,83.33,79.8,3
U010,47,2026-08-20,Thursday,47,8,6,2,4.96,5.69,4.72,0.97,75.0,76.65,1
U001,47,2026-08-21,Friday,47,5,4,1,6.28,7.2,5.97,1.23,80.0,85.33,1
U002,47,2026-08-21,Friday,47,7,5,2,6.0,6.77,5.75,1.02,71.43,81.61,2
U003,47,2026-08-21,Friday,47,8,5,3,5.27,6.45,4.87,1.58,62.5,75.27,3
U004,47,2026-08-21,Friday,47,7,5,2,4.54,5.05,4.37,0.68,71.43,73.4,1
U005,47,2026-08-21,Friday,47,5,4,1,7.27,7.94,7.05,0.89,80.0,90.89,4
U006,47,2026-08-21,Friday,47,5,3,2,5.95,6.89,5.63,1.26,60.0,78.47,4
U007,47,2026-08-21,Friday,47,5,4,1,5.49,6.12,5.28,0.84,80.0,80.88,3
U008,47,2026-08-21,Friday,47,8,5,3,4.87,6.03,4.48,1.55,62.5,73.02,3
U009,47,2026-08-21,Friday,47,8,7,1,6.85,7.55,6.62,0.93,87.5,90.41,2
U010,47,2026-08-21,Friday,47,4,3,1,5.39,6.46,5.04,1.42,75.0,79.07,1
U001,47,2026-08-22,Saturday,47,2,1,1,1.45,1.62,1.39,0.23,50.0,50.66,1
U002,47,2026-08-22,Saturday,47,3,2,1,0.88,0.95,0.83,0.2,66.67,51.62,0
U003,47,2026-08-22,Saturday,47,3,2,1,1.3,1.53,1.22,0.31,66.67,53.98,0
U004,47,2026-08-22,Saturday,47,1,0,1,1.22,1.32,1.17,0.2,0.0,36.86,1
U005,47,2026-08-22,Saturday,47,2,1,1,1.21,1.34,1.16,0.2,50.0,49.31,0
U006,47,2026-08-22,Saturday,47,3,2,1,2.12,2.48,2.0,0.48,66.67,58.59,1
U007,47,2026-08-22,Saturday,47,2,1,1,1.72,1.97,1.64,0.33,50.0,52.17,1
U008,47,2026-08-22,Saturday,47,3,2,1,1.57,1.81,1.49,0.32,66.67,55.5,0
U009,47,2026-08-22,Saturday,47,3,2,1,1.92,2.08,1.87,0.21,66.67,57.47,1
U010,47,2026-08-22,Saturday,47,3,2,1,2.08,2.24,2.02,0.22,66.67,58.37,0
U001,48,2026-08-23,Sunday,48,3,2,1,2.17,2.34,2.11,0.23,66.67,58.87,1
U002,48,2026-08-23,Sunday,48,1,0,1,1.64,1.78,1.59,0.2,0.0,39.23,1
U003,48,2026-08-23,Sunday,48,2,1,1,1.36,1.46,1.31,0.2,50.0,50.15,1
U004,48,2026-08-23,Sunday,48,2,1,1,2.68,2.96,2.59,0.37,50.0,57.58,0
U005,48,2026-08-23,Sunday,48,1,0,1,0.69,0.76,0.64,0.2,0.0,33.88,1
U006,48,2026-08-23,Sunday,48,1,0,1,2.22,2.63,2.08,0.55,0.0,42.49,0
U007,48,2026-08-23,Sunday,48,3,2,1,1.84,1.99,1.79,0.2,66.67,57.02,1
U008,48,2026-08-23,Sunday,48,3,2,1,1.29,1.53,1.21,0.32,66.67,53.92,0
U009,48,2026-08-23,Sunday,48,3,2,1,2.91,3.31,2.77,0.54,66.67,63.04,1
U010,48,2026-08-23,Sunday,48,3,2,1,2.34,2.68,2.22,0.46,66.67,59.83,1
U001,48,2026-08-24,Monday,48,5,4,1,5.38,6.04,5.16,0.88,80.0,80.26,3
U002,48,2026-08-24,Monday,48,7,6,1,6.73,7.28,6.55,0.73,85.71,89.28,2
U003,48,2026-08-24,Monday,48,5,3,2,4.0,4.83,3.72,1.11,60.0,67.5,4
U004,48,2026-08-24,Monday,48,8,6,2,4.83,5.33,4.67,0.66,75.0,75.92,1
U005,48,2026-08-24,Monday,48,7,6,1,5.11,5.52,4.97,0.55,85.71,80.17,2
U006,48,2026-08-24,Monday,48,6,5,1,3.9,4.58,3.67,0.91,83.33,72.77,3
U007,48,2026-08-24,Monday,48,4,3,1,4.12,4.46,4.01,0.45,75.0,71.92,4
U008,48,2026-08-24,Monday,48,4,3,1,5.04,5.68,4.83,0.85,75.0,77.1,4
U009,48,2026-08-24,Monday,48,5,4,1,5.29,5.72,5.15,0.57,80.0,79.76,2
U010,48,2026-08-24,Monday,48,5,4,1,6.64,7.18,6.46,0.72,80.0,87.35,1
U001,48,2026-08-25,Tuesday,48,7,6,1,3.08,3.42,2.96,0.46,85.71,68.75,3
U002,48,2026-08-25,Tuesday,48,4,3,1,6.83,7.45,6.62,0.83,75.0,87.17,2
U003,48,2026-08-25,Tuesday,48,7,5,2,4.2,4.78,4.01,0.77,71.43,71.48,1
U004,48,2026-08-25,Tuesday,48,6,5,1,6.34,6.85,6.17,0.68,83.33,86.49,3
U005,48,2026-08-25,Tuesday,48,4,3,1,8.19,9.09,7.89,1.2,75.0,94.82,3
U006,48,2026-08-25,Tuesday,48,7,5,2,5.87,6.75,5.58,1.17,71.43,80.88,1
U007,48,2026-08-25,Tuesday,48,5,4,1,6.58,7.11,6.4,0.71,80.0,87.01,4
U008,48,2026-08-25,Tuesday,48,8,5,3,4.89,6.2,4.46,1.74,62.5,73.13,2
U009,48,2026-08-25,Tuesday,48,6,5,1,5.64,6.1,5.49,0.61,83.33,82.56,2
U010,48,2026-08-25,Tuesday,48,4,3,1,5.3,5.94,5.09,0.85,75.0,78.56,1
U001,48,2026-08-26,Wednesday,48,8,7,1,6.28,6.95,6.06,0.89,87.5,87.2,4
U002,48,2026-08-26,Wednesday,48,5,4,1,5.25,5.68,5.11,0.57,80.0,79.53,4
U003,48,2026-08-26,Wednesday,48,8,6,2,3.41,4.09,3.18,0.91,75.0,67.93,4
U004,48,2026-08-26,Wednesday,48,6,5,1,5.76,6.25,5.6,0.65,83.33,83.23,1
U005,48,2026-08-26,Wednesday,48,5,4,1,7.05,8.02,6.73,1.29,80.0,89.66,2
U006,48,2026-08-26,Wednesday,48,6,5,1,4.99,5.67,4.76,0.91,83.33,78.9,3
U007,48,2026-08-26,Wednesday,48,6,5,1,5.64,6.17,5.47,0.7,83.33,82.56,1
U008,48,2026-08-26,Wednesday,48,8,6,2,3.68,4.15,3.53,0.62,75.0,69.45,2
U009,48,2026-08-26,Wednesday,48,8,6,2,4.47,4.83,4.35,0.48,75.0,73.89,3
U010,48,2026-08-26,Wednesday,48,4,3,1,6.77,7.47,6.54,0.93,75.0,86.83,1
U001,48,2026-08-27,Thursday,48,8,6,2,6.2,6.73,6.02,0.71,75.0,83.62,3
U002,48,2026-08-27,Thursday,48,8,6,2,6.91,7.67,6.66,1.01,75.0,87.62,2
U003,48,2026-08-27,Thursday,48,7,5,2,5.83,6.64,5.56,1.08,71.43,80.65,2
U004,48,2026-08-27,Thursday,48,7,5,2,4.31,4.89,4.12,0.77,71.43,72.1,4
U005,48,2026-08-27,Thursday,48,5,4,1,5.5,5.94,5.35,0.59,80.0,80.94,2
U006,48,2026-08-27,Thursday,48,6,4,2,6.01,6.52,5.84,0.68,66.67,80.47,3
U007,48,2026-08-27,Thursday,48,4,3,1,5.47,6.0,5.29,0.71,75.0,79.52,4
U008,48,2026-08-27,Thursday,48,6,3,3,3.14,3.95,2.87,1.08,50.0,60.16,3
U009,48,2026-08-27,Thursday,48,6,4,2,7.23,7.81,7.03,0.78,66.67,87.34,2
U010,48,2026-08-27,Thursday,48,7,5,2,6.48,7.26,6.22,1.04,71.43,84.31,1
U001,48,2026-08-28,Friday,48,7,6,1,4.27,4.61,4.15,0.46,85.71,75.45,2
U002,48,2026-08-28,Friday,48,6,5,1,6.28,6.79,6.11,0.68,83.33,86.16,1
U003,48,2026-08-28,Friday,48,7,5,2,4.77,5.5,4.53,0.97,71.43,74.69,4
U004,48,2026-08-28,Friday,48,8,6,2,5.08,5.49,4.94,0.55,75.0,77.33,1
U005,48,2026-08-28,Friday,48,7,6,1,5.72,6.25,5.54,0.71,85.71,83.6,3
U006,48,2026-08-28,Friday,48,8,7,1,5.66,6.21,5.48,0.73,87.5,83.71,3
U007,48,2026-08-28,Friday,48,7,5,2,6.25,7.21,5.93,1.28,71.43,83.01,3
U008,48,2026-08-28,Friday,48,6,4,2,4.3,5.19,4.0,1.19,66.67,70.86,3
U009,48,2026-08-28,Friday,48,7,5,2,7.02,7.59,6.83,0.76,71.43,87.34,3
U010,48,2026-08-28,Friday,48,4,3,1,4.93,5.63,4.7,0.93,75.0,76.48,2
U001,48,2026-08-29,Saturday,48,2,1,1,0.49,0.5,0.44,0.2,50.0,45.26,1
U002,48,2026-08-29,Saturday,48,2,1,1,1.44,1.55,1.39,0.2,50.0,50.6,0
U003,48,2026-08-29,Saturday,48,1,0,1,2.28,2.76,2.12,0.64,0.0,42.83,0
U004,48,2026-08-29,Saturday,48,2,1,1,1.61,1.84,1.54,0.3,50.0,51.56,1
U005,48,2026-08-29,Saturday,48,2,1,1,1.95,2.14,1.89,0.25,50.0,53.47,0
U006,48,2026-08-29,Saturday,48,3,2,1,3.35,3.86,3.18,0.68,66.67,65.51,0
U007,48,2026-08-29,Saturday,48,1,0,1,1.79,2.0,1.72,0.28,0.0,40.07,1
U008,48,2026-08-29,Saturday,48,3,1,2,1.23,1.53,1.13,0.4,33.33,45.25,0
U009,48,2026-08-29,Saturday,48,3,2,1,1.71,1.91,1.64,0.27,66.67,56.29,1
U010,48,2026-08-29,Saturday,48,1,0,1,2.13,2.39,2.05,0.34,0.0,41.98,0
U001,49,2026-08-30,Sunday,49,2,1,1,2.8,3.21,2.67,0.54,50.0,58.25,1
U002,49,2026-08-30,Sunday,49,2,1,1,1.98,2.14,1.93,0.21,50.0,53.64,0
U003,49,2026-08-30,Sunday,49,1,0,1,1.57,1.84,1.48,0.36,0.0,38.83,1
U004,49,2026-08-30,Sunday,49,3,2,1,1.23,1.34,1.18,0.2,66.67,53.59,0
U005,49,2026-08-30,Sunday,49,2,1,1,1.69,1.87,1.63,0.24,50.0,52.01,1
U006,49,2026-08-30,Sunday,49,3,2,1,3.38,3.96,3.19,0.77,66.67,65.68,1
U007,49,2026-08-30,Sunday,49,1,0,1,1.05,1.18,1.0,0.2,0.0,35.91,1
U008,49,2026-08-30,Sunday,49,2,1,1,1.1,1.3,1.03,0.27,50.0,48.69,0
U009,49,2026-08-30,Sunday,49,3,2,1,1.26,1.44,1.2,0.24,66.67,53.75,0
U010,49,2026-08-30,Sunday,49,3,2,1,1.9,2.06,1.85,0.21,66.67,57.36,1
U001,49,2026-08-31,Monday,49,7,6,1,6.79,7.34,6.61,0.73,85.71,89.62,1
U002,49,2026-08-31,Monday,49,6,5,1,6.15,6.64,5.98,0.66,83.33,85.43,1
U003,49,2026-08-31,Monday,49,6,4,2,3.84,4.51,3.62,0.89,66.67,68.27,3
U004,49,2026-08-31,Monday,49,5,4,1,5.64,6.1,5.49,0.61,80.0,81.72,3
U005,49,2026-08-31,Monday,49,4,3,1,4.46,4.82,4.34,0.48,75.0,73.84,4
U006,49,2026-08-31,Monday,49,8,5,3,4.59,5.51,4.29,1.22,62.5,71.44,4
U007,49,2026-08-31,Monday,49,4,3,1,5.75,6.24,5.58,0.66,75.0,81.09,1
U008,49,2026-08-31,Monday,49,5,3,2,2.96,3.83,2.67,1.16,60.0,61.65,3
U009,49,2026-08-31,Monday,49,6,5,1,6.89,8.02,6.52,1.5,83.33,89.59,4
U010,49,2026-08-31,Monday,49,8,6,2,4.53,5.27,4.28,0.99,75.0,74.23,1
U001,49,2026-09-01,Tuesday,49,7,5,2,5.57,6.14,5.38,0.76,71.43,79.19,4
U002,49,2026-09-01,Tuesday,49,4,3,1,5.41,5.85,5.26,0.59,75.0,79.18,3
U003,49,2026-09-01,Tuesday,49,5,3,2,4.46,5.07,4.26,0.81,60.0,70.09,1
U004,49,2026-09-01,Tuesday,49,8,6,2,7.07,8.15,6.71,1.44,75.0,88.52,4
U005,49,2026-09-01,Tuesday,49,6,5,1,5.21,5.8,5.01,0.79,83.33,80.14,1
U006,49,2026-09-01,Tuesday,49,8,7,1,5.72,6.26,5.54,0.72,87.5,84.05,1
U007,49,2026-09-01,Tuesday,49,4,3,1,8.47,9.16,8.24,0.92,75.0,96.39,2
U008,49,2026-09-01,Tuesday,49,8,5,3,3.89,4.96,3.53,1.43,62.5,67.51,2
U009,49,2026-09-01,Tuesday,49,8,6,2,5.88,6.5,5.68,0.82,75.0,81.83,3
U010,49,2026-09-01,Tuesday,49,8,6,2,5.68,6.5,5.4,1.1,75.0,80.7,4
U001,49,2026-09-02,Wednesday,49,8,7,1,5.14,5.56,5.0,0.56,87.5,80.79,2
U002,49,2026-09-02,Wednesday,49,5,4,1,5.64,6.1,5.49,0.61,80.0,81.72,1
U003,49,2026-09-02,Wednesday,49,6,4,2,5.56,6.38,5.28,1.1,66.67,77.94,2
U004,49,2026-09-02,Wednesday,49,5,3,2,5.18,5.96,4.92,1.04,60.0,74.14,2
U005,49,2026-09-02,Wednesday,49,7,5,2,6.89,7.45,6.71,0.74,71.43,86.61,1
U006,49,2026-09-02,Wednesday,49,5,4,1,3.38,3.85,3.22,0.63,80.0,69.01,2
U007,49,2026-09-02,Wednesday,49,5,4,1,4.96,5.42,4.8,0.62,80.0,77.9,4
U008,49,2026-09-02,Wednesday,49,7,5,2,6.04,6.75,5.8,0.95,71.43,81.83,4
U009,49,2026-09-02,Wednesday,49,6,5,1,5.32,5.93,5.11,0.82,83.33,80.76,3
U010,49,2026-09-02,Wednesday,49,5,4,1,5.84,6.61,5.58,1.03,80.0,82.85,2
U001,49,2026-09-03,Thursday,49,8,6,2,7.31,8.2,7.02,1.18,75.0,89.87,1
U002,49,2026-09-03,Thursday,49,5,4,1,5.64,6.3,5.42,0.88,80.0,81.72,2
U003,49,2026-09-03,Thursday,49,4,2,2,5.0,6.01,4.67,1.34,50.0,70.62,3
U004,49,2026-09-03,Thursday,49,5,4,1,5.19,5.61,5.05,0.56,80.0,79.19,4
U005,49,2026-09-03,Thursday,49,4,3,1,6.93,7.49,6.74,0.75,75.0,87.73,2
U006,49,2026-09-03,Thursday,49,7,6,1,5.45,6.37,5.14,1.23,85.71,82.08,3
U007,49,2026-09-03,Thursday,49,5,4,1,5.36,6.06,5.13,0.93,80.0,80.15,1
U008,49,2026-09-03,Thursday,49,6,4,2,4.36,5.17,4.09,1.08,66.67,71.19,1
U009,49,2026-09-03,Thursday,49,7,6,1,7.08,7.66,6.89,0.77,85.71,91.25,2
U010,49,2026-09-03,Thursday,49,6,5,1,6.73,7.62,6.43,1.19,83.33,88.69,2
U001,49,2026-09-04,Friday,49,4,3,1,4.3,4.8,4.13,0.67,75.0,72.94,4
U002,49,2026-09-04,Friday,49,5,4,1,6.11,6.6,5.94,0.66,80.0,84.37,4
U003,49,2026-09-04,Friday,49,8,6,2,6.66,7.5,6.38,1.12,75.0,86.21,4
U004,49,2026-09-04,Friday,49,4,3,1,6.99,7.75,6.74,1.01,75.0,88.07,4
U005,49,2026-09-04,Friday,49,6,4,2,6.47,7.07,6.27,0.8,66.67,83.06,3
U006,49,2026-09-04,Friday,49,6,5,1,5.41,5.94,5.23,0.71,83.33,81.26,2
U007,49,2026-09-04,Friday,49,4,3,1,2.95,3.28,2.84,0.44,75.0,65.34,1
U008,49,2026-09-04,Friday,49,6,5,1,5.87,6.58,5.63,0.95,83.33,83.85,2
U009,49,2026-09-04,Friday,49,5,4,1,4.7,5.14,4.56,0.58,80.0,76.44,2
U010,49,2026-09-04,Friday,49,6,4,2,4.61,5.25,4.4,0.85,66.67,72.6,3
U001,49,2026-09-05,Saturday,49,2,1,1,1.68,1.88,1.61,0.27,50.0,51.95,1
U002,49,2026-09-05,Saturday,49,2,1,1,2.66,2.88,2.59,0.29,50.0,57.46,0
U003,49,2026-09-05,Saturday,49,2,1,1,2.15,2.4,2.06,0.34,50.0,54.59,0
U004,49,2026-09-05,Saturday,49,1,0,1,2.09,2.26,2.03,0.23,0.0,41.76,0
U005,49,2026-09-05,Saturday,49,3,2,1,1.54,1.66,1.49,0.2,66.67,55.33,1
U006,49,2026-09-05,Saturday,49,1,0,1,1.32,1.42,1.27,0.2,0.0,37.42,0
U007,49,2026-09-05,Saturday,49,1,0,1,2.63,2.85,2.56,0.29,0.0,44.79,1
U008,49,2026-09-05,Saturday,49,1,0,1,1.59,1.78,1.53,0.25,0.0,38.94,1
U009,49,2026-09-05,Saturday,49,1,0,1,2.6,2.81,2.53,0.28,0.0,44.62,1
U010,49,2026-09-05,Saturday,49,3,2,1,1.3,1.52,1.23,0.29,66.67,53.98,0
U001,50,2026-09-06,Sunday,50,3,2,1,1.86,2.18,1.75,0.43,66.67,57.13,1
U002,50,2026-09-06,Sunday,50,1,0,1,0.66,0.68,0.61,0.2,0.0,33.71,1
U003,50,2026-09-06,Sunday,50,3,1,2,1.78,2.3,1.6,0.7,33.33,48.34,0
U004,50,2026-09-06,Sunday,50,1,0,1,0.97,1.02,0.92,0.2,0.0,35.46,1
U005,50,2026-09-06,Sunday,50,2,1,1,1.89,2.05,1.84,0.21,50.0,53.13,1
U006,50,2026-09-06,Sunday,50,2,1,1,2.54,3.0,2.39,0.61,50.0,56.79,1
U007,50,2026-09-06,Sunday,50,1,0,1,1.52,1.79,1.43,0.36,0.0,38.55,1
U008,50,2026-09-06,Sunday,50,3,2,1,1.14,1.33,1.08,0.25,66.67,53.08,0
U009,50,2026-09-06,Sunday,50,1,0,1,1.72,1.86,1.67,0.2,0.0,39.67,1
U010,50,2026-09-06,Sunday,50,1,0,1,1.52,1.77,1.44,0.33,0.0,38.55,0
U001,50,2026-09-07,Monday,50,6,5,1,4.52,5.14,4.31,0.83,83.33,76.26,4
U002,50,2026-09-07,Monday,50,7,5,2,6.43,7.49,6.08,1.41,71.43,84.03,3
U003,50,2026-09-07,Monday,50,6,5,1,5.15,5.88,4.9,0.98,83.33,79.8,1
U004,50,2026-09-07,Monday,50,5,4,1,4.08,4.41,3.97,0.44,80.0,72.95,1
U005,50,2026-09-07,Monday,50,8,6,2,4.86,5.25,4.73,0.52,75.0,76.09,3
U006,50,2026-09-07,Monday,50,6,4,2,4.93,5.81,4.64,1.17,66.67,74.4,2
U007,50,2026-09-07,Monday,50,5,4,1,5.67,6.21,5.49,0.72,80.0,81.89,1
U008,50,2026-09-07,Monday,50,5,3,2,3.15,3.86,2.91,0.95,60.0,62.72,2
U009,50,2026-09-07,Monday,50,7,6,1,5.15,5.98,4.87,1.11,85.71,80.4,4
U010,50,2026-09-07,Monday,50,6,5,1,5.12,5.87,4.87,1.0,83.33,79.63,4
U001,50,2026-09-08,Tuesday,50,6,5,1,6.07,6.89,5.79,1.1,83.33,84.98,4
U002,50,2026-09-08,Tuesday,50,4,3,1,5.98,6.47,5.82,0.65,75.0,82.39,2
U003,50,2026-09-08,Tuesday,50,6,4,2,4.16,4.96,3.89,1.07,66.67,70.07,2
U004,50,2026-09-08,Tuesday,50,8,5,3,3.58,4.25,3.36,0.89,62.5,65.76,2
U005,50,2026-09-08,Tuesday,50,4,3,1,5.75,6.22,5.6,0.62,75.0,81.09,3
U006,50,2026-09-08,Tuesday,50,7,5,2,4.45,4.95,4.28,0.67,71.43,72.89,3
U007,50,2026-09-08,Tuesday,50,4,3,1,6.66,7.2,6.48,0.72,75.0,86.21,1
U008,50,2026-09-08,Tuesday,50,4,3,1,4.64,5.56,4.33,1.23,75.0,74.85,3
U009,50,2026-09-08,Tuesday,50,6,5,1,5.79,6.47,5.56,0.91,83.33,83.4,4
U010,50,2026-09-08,Tuesday,50,7,5,2,6.37,7.38,6.03,1.35,71.43,83.69,4
U001,50,2026-09-09,Wednesday,50,4,3,1,4.16,4.77,3.95,0.82,75.0,72.15,2
U002,50,2026-09-09,Wednesday,50,6,4,2,4.94,5.35,4.81,0.54,66.67,74.45,4
U003,50,2026-09-09,Wednesday,50,8,6,2,5.44,6.11,5.22,0.89,75.0,79.35,4
U004,50,2026-09-09,Wednesday,50,7,5,2,3.45,3.98,3.28,0.7,71.43,67.26,1
U005,50,2026-09-09,Wednesday,50,5,4,1,7.08,7.66,6.89,0.77,80.0,89.83,1
U006,50,2026-09-09,Wednesday,50,6,4,2,4.41,5.2,4.15,1.05,66.67,71.47,3
U007,50,2026-09-09,Wednesday,50,8,6,2,5.34,6.09,5.09,1.0,75.0,78.79,2
U008,50,2026-09-09,Wednesday,50,4,3,1,5.34,6.06,5.1,0.96,75.0,78.79,4
U009,50,2026-09-09,Wednesday,50,8,7,1,5.92,6.77,5.63,1.14,87.5,85.17,4
U010,50,2026-09-09,Wednesday,50,8,6,2,5.17,5.95,4.91,1.04,75.0,77.83,3
U001,50,2026-09-10,Thursday,50,8,6,2,6.13,6.9,5.87,1.03,75.0,83.23,4
U002,50,2026-09-10,Thursday,50,6,5,1,5.8,6.29,5.64,0.65,83.33,83.46,2
U003,50,2026-09-10,Thursday,50,8,6,2,4.24,5.03,3.97,1.06,75.0,72.6,1
U004,50,2026-09-10,Thursday,50,7,6,1,4.23,4.57,4.11,0.46,85.71,75.22,3
U005,50,2026-09-10,Thursday,50,5,4,1,5.86,6.33,5.7,0.63,80.0,82.96,1
U006,50,2026-09-10,Thursday,50,7,5,2,5.46,6.34,5.16,1.18,71.43,78.57,2
U007,50,2026-09-10,Thursday,50,4,3,1,5.08,5.92,4.8,1.12,75.0,77.33,1
U008,50,2026-09-10,Thursday,50,5,3,2,3.32,3.96,3.11,0.85,60.0,63.67,4
U009,50,2026-09-10,Thursday,50,6,4,2,8.15,8.93,7.89,1.04,66.67,92.51,4
U010,50,2026-09-10,Thursday,50,7,6,1,5.24,5.82,5.05,0.77,85.71,80.9,2
U001,50,2026-09-11,Friday,50,6,5,1,4.63,5.01,4.51,0.5,83.33,76.88,4
U002,50,2026-09-11,Friday,50,7,6,1,6.22,6.72,6.05,0.67,85.71,86.41,3
U003,50,2026-09-11,Friday,50,8,6,2,3.88,4.46,3.69,0.77,75.0,70.58,4
U004,50,2026-09-11,Friday,50,5,3,2,3.57,4.26,3.34,0.92,60.0,65.08,1
U005,50,2026-09-11,Friday,50,8,6,2,7.72,8.34,7.51,0.83,75.0,92.17,2
U006,50,2026-09-11,Friday,50,7,6,1,5.93,6.69,5.68,1.01,85.71,84.78,4
U007,50,2026-09-11,Friday,50,7,6,1,5.33,6.08,5.08,1.0,85.71,81.41,4
U008,50,2026-09-11,Friday,50,8,5,3,3.39,4.13,3.14,0.99,62.5,64.69,1
U009,50,2026-09-11,Friday,50,8,6,2,8.05,8.7,7.83,0.87,75.0,94.03,1
U010,50,2026-09-11,Friday,50,5,4,1,4.5,4.87,4.38,0.49,80.0,75.31,2
U001,50,2026-09-12,Saturday,50,3,2,1,1.99,2.15,1.94,0.21,66.67,57.86,0
U002,50,2026-09-12,Saturday,50,1,0,1,2.4,2.62,2.33,0.29,0.0,43.5,0
U003,50,2026-09-12,Saturday,50,3,2,1,0.47,0.5,0.42,0.2,66.67,49.31,1
U004,50,2026-09-12,Saturday,50,3,2,1,2.49,2.69,2.42,0.27,66.67,60.67,0
U005,50,2026-09-12,Saturday,50,3,2,1,2.1,2.41,2.0,0.41,66.67,58.48,1
U006,50,2026-09-12,Saturday,50,2,1,1,1.71,1.88,1.65,0.23,50.0,52.12,1
U007,50,2026-09-12,Saturday,50,1,0,1,1.81,2.0,1.75,0.25,0.0,40.18,1
U008,50,2026-09-12,Saturday,50,2,1,1,1.98,2.41,1.83,0.58,50.0,53.64,0
U009,50,2026-09-12,Saturday,50,2,1,1,1.85,2.17,1.74,0.43,50.0,52.91,0
U010,50,2026-09-12,Saturday,50,1,0,1,1.51,1.8,1.42,0.38,0.0,38.49,1
U001,51,2026-09-13,Sunday,51,1,0,1,2.29,2.54,2.2,0.34,0.0,42.88,0
U002,51,2026-09-13,Sunday,51,3,2,1,1.45,1.56,1.4,0.2,66.67,54.82,0
U003,51,2026-09-13,Sunday,51,3,2,1,2.79,3.37,2.6,0.77,66.67,62.36,0
U004,51,2026-09-13,Sunday,51,2,1,1,2.46,2.68,2.39,0.29,50.0,56.34,0
U005,51,2026-09-13,Sunday,51,3,2,1,2.53,2.73,2.46,0.27,66.67,60.9,0
U006,51,2026-09-13,Sunday,51,2,1,1,1.25,1.42,1.19,0.23,50.0,49.53,0
U007,51,2026-09-13,Sunday,51,1,0,1,1.08,1.15,1.03,0.2,0.0,36.08,1
U008,51,2026-09-13,Sunday,51,2,1,1,2.04,2.44,1.91,0.53,50.0,53.98,0
U009,51,2026-09-13,Sunday,51,3,2,1,1.03,1.17,0.98,0.2,66.67,52.46,0
U010,51,2026-09-13,Sunday,51,3,2,1,2.67,2.96,2.57,0.39,66.67,61.69,1
U001,51,2026-09-14,Monday,51,4,3,1,6.63,7.17,6.45,0.72,75.0,86.04,4
U002,51,2026-09-14,Monday,51,8,7,1,5.87,6.35,5.71,0.64,87.5,84.89,2
U003,51,2026-09-14,Monday,51,5,4,1,5.91,7.2,5.48,1.72,80.0,83.24,2
U004,51,2026-09-14,Monday,51,5,4,1,4.01,4.33,3.9,0.43,80.0,72.56,3
U005,51,2026-09-14,Monday,51,6,4,2,8.01,8.66,7.79,0.87,66.67,91.72,1
U006,51,2026-09-14,Monday,51,4,3,1,4.87,5.78,4.57,1.21,75.0,76.14,1
U007,51,2026-09-14,Monday,51,5,3,2,5.79,6.83,5.45,1.38,60.0,77.57,2
U008,51,2026-09-14,Monday,51,5,4,1,4.43,4.94,4.26,0.68,80.0,74.92,3
U009,51,2026-09-14,Monday,51,7,6,1,6.23,6.73,6.06,0.67,85.71,86.47,3
U010,51,2026-09-14,Monday,51,6,5,1,5.38,6.29,5.08,1.21,83.33,81.09,2
U001,51,2026-09-15,Tuesday,51,6,5,1,5.71,6.17,5.55,0.62,83.33,82.95,3
U002,51,2026-09-15,Tuesday,51,4,3,1,5.27,5.89,5.06,0.83,75.0,78.39,4
U003,51,2026-09-15,Tuesday,51,7,5,2,4.92,5.72,4.66,1.06,71.43,75.53,2
U004,51,2026-09-15,Tuesday,51,5,3,2,5.51,6.49,5.18,1.31,60.0,75.99,2
U005,51,2026-09-15,Tuesday,51,7,6,1,5.47,5.91,5.32,0.59,85.71,82.2,2
U006,51,2026-09-15,Tuesday,51,7,5,2,4.74,5.23,4.58,0.65,71.43,74.52,1
U007,51,2026-09-15,Tuesday,51,4,3,1,6.79,7.36,6.6,0.76,75.0,86.94,3
U008,51,2026-09-15,Tuesday,51,7,5,2,2.97,3.39,2.83,0.56,71.43,64.56,3
U009,51,2026-09-15,Tuesday,51,7,6,1,6.02,6.51,5.86,0.65,85.71,85.29,2
U010,51,2026-09-15,Tuesday,51,6,4,2,7.85,8.79,7.53,1.26,66.67,90.82,4
U001,51,2026-09-16,Wednesday,51,6,5,1,4.97,5.59,4.76,0.83,83.33,78.79,3
U002,51,2026-09-16,Wednesday,51,4,3,1,6.6,7.13,6.42,0.71,75.0,85.88,2
U003,51,2026-09-16,Wednesday,51,4,3,1,5.82,6.5,5.59,0.91,75.0,81.49,1
U004,51,2026-09-16,Wednesday,51,4,3,1,4.71,5.45,4.47,0.98,75.0,75.24,1
U005,51,2026-09-16,Wednesday,51,8,6,2,4.66,5.11,4.51,0.6,75.0,74.96,3
U006,51,2026-09-16,Wednesday,51,5,4,1,5.0,5.4,4.86,0.54,80.0,78.12,1
U007,51,2026-09-16,Wednesday,51,5,4,1,5.95,6.63,5.72,0.91,80.0,83.47,3
U008,51,2026-09-16,Wednesday,51,6,5,1,3.86,4.26,3.72,0.54,83.33,72.55,4
U009,51,2026-09-16,Wednesday,51,6,5,1,7.24,7.92,7.02,0.9,83.33,91.56,2
U010,51,2026-09-16,Wednesday,51,7,6,1,6.23,7.08,5.95,1.13,85.71,86.47,1
U001,51,2026-09-17,Thursday,51,5,4,1,4.86,5.44,4.67,0.77,80.0,77.34,3
U002,51,2026-09-17,Thursday,51,5,4,1,5.75,6.22,5.6,0.62,80.0,82.34,3
U003,51,2026-09-17,Thursday,51,6,5,1,4.42,5.18,4.16,1.02,83.33,75.69,1
U004,51,2026-09-17,Thursday,51,8,6,2,5.01,5.69,4.79,0.9,75.0,76.93,1
U005,51,2026-09-17,Thursday,51,7,6,1,7.98,8.9,7.67,1.23,85.71,96.31,1
U006,51,2026-09-17,Thursday,51,8,6,2,4.93,5.33,4.8,0.53,75.0,76.48,4
U007,51,2026-09-17,Thursday,51,8,6,2,5.02,5.72,4.79,0.93,75.0,76.99,2
U008,51,2026-09-17,Thursday,51,7,5,2,2.75,3.22,2.6,0.62,71.43,63.33,2
U009,51,2026-09-17,Thursday,51,8,6,2,6.35,7.12,6.1,1.02,75.0,84.47,4
U010,51,2026-09-17,Thursday,51,8,6,2,4.62,5.21,4.42,0.79,75.0,74.74,2
U001,51,2026-09-18,Friday,51,7,6,1,5.04,5.45,4.91,0.54,85.71,79.78,1
U002,51,2026-09-18,Friday,51,4,3,1,6.31,6.88,6.12,0.76,75.0,84.24,2
U003,51,2026-09-18,Friday,51,7,4,3,4.02,5.29,3.6,1.69,57.14,66.9,2
U004,51,2026-09-18,Friday,51,5,4,1,5.57,6.42,5.28,1.14,80.0,81.33,3
U005,51,2026-09-18,Friday,51,8,6,2,8.85,9.59,8.6,0.99,75.0,98.0,3
U006,51,2026-09-18,Friday,51,5,3,2,5.04,5.84,4.78,1.06,60.0,73.35,3
U007,51,2026-09-18,Friday,51,5,4,1,5.88,6.36,5.72,0.64,80.0,83.08,1
U008,51,2026-09-18,Friday,51,4,2,2,3.76,4.52,3.51,1.01,50.0,63.65,3
U009,51,2026-09-18,Friday,51,7,5,2,6.63,7.17,6.45,0.72,71.43,85.15,3
U010,51,2026-09-18,Friday,51,8,6,2,5.43,5.99,5.25,0.74,75.0,79.29,1
U001,51,2026-09-19,Saturday,51,1,0,1,1.58,1.72,1.53,0.2,0.0,38.89,0
U002,51,2026-09-19,Saturday,51,3,2,1,1.08,1.15,1.03,0.2,66.67,52.74,1
U003,51,2026-09-19,Saturday,51,2,1,1,0.74,0.82,0.69,0.2,50.0,46.66,0
U004,51,2026-09-19,Saturday,51,3,2,1,0.95,1.01,0.9,0.2,66.67,52.01,0
U005,51,2026-09-19,Saturday,51,2,1,1,2.2,2.49,2.1,0.39,50.0,54.88,0
U006,51,2026-09-19,Saturday,51,3,2,1,2.49,2.83,2.38,0.45,66.67,60.67,1
U007,51,2026-09-19,Saturday,51,2,1,1,1.25,1.33,1.2,0.2,50.0,49.53,0
U008,51,2026-09-19,Saturday,51,2,1,1,2.13,2.44,2.03,0.41,50.0,54.48,1
U009,51,2026-09-19,Saturday,51,2,1,1,1.74,1.88,1.69,0.2,50.0,52.29,1
U010,51,2026-09-19,Saturday,51,2,1,1,2.42,2.71,2.32,0.39,50.0,56.11,0
U001,52,2026-09-20,Sunday,52,2,1,1,1.84,2.08,1.76,0.32,50.0,52.85,0
U002,52,2026-09-20,Sunday,52,3,2,1,2.27,2.46,2.21,0.25,66.67,59.44,1
U003,52,2026-09-20,Sunday,52,2,1,1,2.39,2.8,2.25,0.55,50.0,55.94,1
U004,52,2026-09-20,Sunday,52,2,1,1,2.14,2.43,2.04,0.39,50.0,54.54,1
U005,52,2026-09-20,Sunday,52,2,1,1,0.51,0.52,0.46,0.2,50.0,45.37,0
U006,52,2026-09-20,Sunday,52,2,1,1,2.58,3.03,2.43,0.6,50.0,57.01,0
U007,52,2026-09-20,Sunday,52,1,0,1,1.3,1.55,1.22,0.33,0.0,37.31,1
U008,52,2026-09-20,Sunday,52,1,0,1,0.45,0.5,0.4,0.2,0.0,32.53,1
U009,52,2026-09-20,Sunday,52,1,0,1,1.55,1.67,1.5,0.2,0.0,38.72,1
U010,52,2026-09-20,Sunday,52,3,2,1,2.41,2.83,2.27,0.56,66.67,60.22,0
U001,52,2026-09-21,Monday,52,6,4,2,4.97,5.38,4.84,0.54,66.67,74.62,2
U002,52,2026-09-21,Monday,52,8,6,2,5.49,6.4,5.19,1.21,75.0,79.63,3
U003,52,2026-09-21,Monday,52,6,5,1,4.22,5.09,3.93,1.16,83.33,74.57,1
U004,52,2026-09-21,Monday,52,8,7,1,2.54,2.95,2.41,0.54,87.5,66.16,3
U005,52,2026-09-21,Monday,52,7,6,1,6.47,7.29,6.2,1.09,85.71,87.82,4
U006,52,2026-09-21,Monday,52,6,4,2,2.43,2.84,2.29,0.55,66.67,60.34,1
U007,52,2026-09-21,Monday,52,5,4,1,5.08,5.73,4.87,0.86,80.0,78.58,4
U008,52,2026-09-21,Monday,52,6,5,1,3.74,4.4,3.52,0.88,83.33,71.87,2
U009,52,2026-09-21,Monday,52,8,6,2,6.08,6.91,5.81,1.1,75.0,82.95,4
U010,52,2026-09-21,Monday,52,7,6,1,4.97,5.38,4.84,0.54,85.71,79.38,1
U001,52,2026-09-22,Tuesday,52,7,5,2,5.01,5.83,4.74,1.09,71.43,76.04,4
U002,52,2026-09-22,Tuesday,52,4,3,1,5.41,5.85,5.26,0.59,75.0,79.18,3
U003,52,2026-09-22,Tuesday,52,6,4,2,4.08,4.71,3.87,0.84,66.67,69.62,3
U004,52,2026-09-22,Tuesday,52,7,5,2,4.84,5.89,4.49,1.4,71.43,75.08,1
U005,52,2026-09-22,Tuesday,52,8,7,1,5.56,6.41,5.28,1.13,87.5,83.15,1
U006,52,2026-09-22,Tuesday,52,7,5,2,5.06,5.77,4.82,0.95,71.43,76.32,3
U007,52,2026-09-22,Tuesday,52,4,3,1,6.57,7.54,6.24,1.3,75.0,85.71,4
U008,52,2026-09-22,Tuesday,52,4,2,2,4.82,5.74,4.52,1.22,50.0,69.61,3
U009,52,2026-09-22,Tuesday,52,8,7,1,4.96,5.4,4.82,0.58,87.5,79.78,1
U010,52,2026-09-22,Tuesday,52,6,4,2,5.73,6.67,5.42,1.25,66.67,78.9,4
U001,52,2026-09-23,Wednesday,52,7,6,1,6.98,7.55,6.79,0.76,85.71,90.69,4
U002,52,2026-09-23,Wednesday,52,5,4,1,7.09,7.71,6.89,0.82,80.0,89.88,3
U003,52,2026-09-23,Wednesday,52,6,4,2,7.06,8.46,6.59,1.87,66.67,86.38,2
U004,52,2026-09-23,Wednesday,52,8,5,3,5.57,6.44,5.28,1.16,62.5,76.96,4
U005,52,2026-09-23,Wednesday,52,5,4,1,4.94,5.34,4.81,0.53,80.0,77.79,2
U006,52,2026-09-23,Wednesday,52,5,4,1,5.23,5.81,5.04,0.77,80.0,79.42,2
U007,52,2026-09-23,Wednesday,52,5,4,1,6.03,6.52,5.87,0.65,80.0,83.92,1
U008,52,2026-09-23,Wednesday,52,4,2,2,3.45,4.15,3.22,0.93,50.0,61.91,3
U009,52,2026-09-23,Wednesday,52,8,7,1,6.06,6.71,5.84,0.87,87.5,85.96,2
U010,52,2026-09-23,Wednesday,52,8,5,3,5.64,6.74,5.27,1.47,62.5,77.35,3
U001,52,2026-09-24,Thursday,52,7,6,1,5.66,6.12,5.51,0.61,85.71,83.27,2
U002,52,2026-09-24,Thursday,52,5,4,1,6.29,6.8,6.12,0.68,80.0,85.38,4
U003,52,2026-09-24,Thursday,52,6,4,2,5.02,5.7,4.8,0.9,66.67,74.91,2
U004,52,2026-09-24,Thursday,52,4,3,1,5.34,6.07,5.1,0.97,75.0,78.79,1
U005,52,2026-09-24,Thursday,52,4,3,1,6.66,7.28,6.45,0.83,75.0,86.21,1
U006,52,2026-09-24,Thursday,52,5,4,1,6.13,6.63,5.97,0.66,80.0,84.48,1
U007,52,2026-09-24,Thursday,52,5,4,1,6.27,7.08,6.0,1.08,80.0,85.27,3
U008,52,2026-09-24,Thursday,52,7,6,1,5.77,6.59,5.5,1.09,85.71,83.88,1
U009,52,2026-09-24,Thursday,52,7,5,2,6.23,7.03,5.96,1.07,71.43,82.9,2
U010,52,2026-09-24,Thursday,52,6,4,2,5.83,7.02,5.43,1.59,66.67,79.46,2
U001,52,2026-09-25,Friday,52,6,5,1,4.19,4.53,4.08,0.45,83.33,74.4,1
U002,52,2026-09-25,Friday,52,6,5,1,4.36,4.71,4.24,0.47,83.33,75.36,4
U003,52,2026-09-25,Friday,52,4,3,1,4.28,4.92,4.07,0.85,75.0,72.83,3
U004,52,2026-09-25,Friday,52,8,7,1,4.6,5.16,4.41,0.75,87.5,77.75,3
U005,52,2026-09-25,Friday,52,5,3,2,6.94,8.23,6.51,1.72,60.0,84.04,2
U006,52,2026-09-25,Friday,52,6,5,1,5.35,5.93,5.15,0.78,83.33,80.93,2
U007,52,2026-09-25,Friday,52,7,6,1,5.54,6.15,5.33,0.82,85.71,82.59,2
U008,52,2026-09-25,Friday,52,7,6,1,5.11,5.52,4.97,0.55,85.71,80.17,3
U009,52,2026-09-25,Friday,52,7,6,1,6.47,7.09,6.27,0.82,85.71,87.82,1
U010,52,2026-09-25,Friday,52,5,4,1,4.22,4.85,4.01,0.84,80.0,73.74,1
U001,52,2026-09-26,Saturday,52,2,1,1,1.47,1.63,1.42,0.21,50.0,50.77,0
U002,52,2026-09-26,Saturday,52,1,0,1,1.26,1.34,1.21,0.2,0.0,37.09,0
U003,52,2026-09-26,Saturday,52,3,1,2,1.8,2.23,1.66,0.57,33.33,48.46,1
U004,52,2026-09-26,Saturday,52,3,2,1,3.19,3.52,3.08,0.44,66.67,64.61,0
U005,52,2026-09-26,Saturday,52,1,0,1,1.63,1.76,1.58,0.2,0.0,39.17,1
U006,52,2026-09-26,Saturday,52,3,2,1,2.73,3.01,2.63,0.38,66.67,62.02,0
U007,52,2026-09-26,Saturday,52,1,0,1,1.31,1.5,1.25,0.25,0.0,37.37,0
U008,52,2026-09-26,Saturday,52,3,2,1,1.15,1.43,1.06,0.37,66.67,53.14,0
U009,52,2026-09-26,Saturday,52,3,2,1,2.74,3.09,2.62,0.47,66.67,62.08,0
U010,52,2026-09-26,Saturday,52,3,2,1,1.68,1.93,1.59,0.34,66.67,56.12,0
U001,53,2026-09-27,Sunday,53,1,0,1,0.66,0.71,0.61,0.2,0.0,33.71,1
U002,53,2026-09-27,Sunday,53,2,1,1,2.83,3.08,2.74,0.34,50.0,58.42,0
U003,53,2026-09-27,Sunday,53,2,1,1,0.97,1.21,0.89,0.32,50.0,47.96,1
U004,53,2026-09-27,Sunday,53,2,1,1,1.87,2.13,1.78,0.35,50.0,53.02,1
U005,53,2026-09-27,Sunday,53,2,1,1,2.06,2.22,2.0,0.22,50.0,54.09,1
U006,53,2026-09-27,Sunday,53,3,2,1,2.42,2.62,2.36,0.26,66.67,60.28,1
U007,53,2026-09-27,Sunday,53,3,2,1,2.33,2.61,2.24,0.37,66.67,59.77,0
U008,53,2026-09-27,Sunday,53,3,2,1,2.43,2.82,2.3,0.52,66.67,60.34,0
U009,53,2026-09-27,Sunday,53,3,2,1,0.5,0.5,0.45,0.2,66.67,49.48,0
U010,53,2026-09-27,Sunday,53,3,2,1,2.12,2.51,1.99,0.52,66.67,58.59,1
U001,53,2026-09-28,Monday,53,6,5,1,5.02,5.5,4.86,0.64,83.33,79.07,1
U002,53,2026-09-28,Monday,53,5,4,1,5.57,6.02,5.42,0.6,80.0,81.33,1
U003,53,2026-09-28,Monday,53,6,5,1,4.18,4.83,3.96,0.87,83.33,74.34,1
U004,53,2026-09-28,Monday,53,7,5,2,5.06,5.75,4.83,0.92,71.43,76.32,2
U005,53,2026-09-28,Monday,53,4,3,1,4.4,4.75,4.28,0.47,75.0,73.5,1
U006,53,2026-09-28,Monday,53,5,4,1,3.47,4.14,3.25,0.89,80.0,69.52,1
U007,53,2026-09-28,Monday,53,5,4,1,5.87,6.35,5.71,0.64,80.0,83.02,4
U008,53,2026-09-28,Monday,53,7,6,1,3.94,4.71,3.68,1.03,85.71,73.59,4
U009,53,2026-09-28,Monday,53,7,6,1,5.6,6.06,5.45,0.61,85.71,82.93,2
U010,53,2026-09-28,Monday,53,8,6,2,4.76,5.36,4.56,0.8,75.0,75.53,1
