user_id,week,date,day_of_week,week_number,sleep_hours,exercise_hours,screen_time,social_media_hours,break_hours,leisure_hours,wake_up_time,bed_time,routine_consistency,healthy_habit_score
U001,1,2025-09-28,Sunday,1,7.0,1.05,3.27,1.53,2.76,3.57,6.98,23.13,0.862,96.62
U002,1,2025-09-28,Sunday,1,6.83,0.79,3.43,1.61,2.64,3.38,7.91,23.94,0.924,94.22
U003,1,2025-09-28,Sunday,1,7.91,0.95,3.06,1.73,1.87,2.91,7.27,22.79,0.934,98.0
U004,1,2025-09-28,Sunday,1,7.08,0.12,3.18,1.24,2.32,3.22,8.46,24.36,0.859,87.49
U005,1,2025-09-28,Sunday,1,7.0,1.13,3.98,1.42,1.68,1.86,7.21,23.19,0.98,98.0
U006,1,2025-09-28,Sunday,1,7.41,1.14,2.18,2.27,2.29,2.22,6.68,23.34,0.98,98.0
U007,1,2025-09-28,Sunday,1,7.17,1.1,2.23,2.17,2.12,2.64,7.37,23.47,0.919,98.0
U008,1,2025-09-28,Sunday,1,7.18,0.55,2.35,2.36,1.71,3.0,7.97,24.14,0.891,92.36
U009,1,2025-09-28,Sunday,1,6.42,0.51,3.06,1.53,2.05,3.12,7.35,23.41,0.98,90.95
U010,1,2025-09-28,Sunday,1,6.78,1.01,3.31,2.09,2.58,4.66,7.94,23.31,0.907,96.12
U001,1,2025-09-29,Monday,1,8.35,0.79,4.1,1.64,1.77,3.08,7.41,23.56,0.96,98.0
U002,1,2025-09-29,Monday,1,6.31,0.0,6.15,1.26,2.43,3.76,7.58,23.88,0.921,84.99
U003,1,2025-09-29,Monday,1,7.21,0.46,4.62,1.06,2.02,3.84,8.53,23.98,0.93,91.92
U004,1,2025-09-29,Monday,1,8.25,0.36,5.37,1.49,2.36,2.53,6.55,21.72,0.854,92.76
U005,1,2025-09-29,Monday,1,7.57,1.13,6.57,1.36,2.43,2.95,8.06,23.33,0.893,98.0
U006,1,2025-09-29,Monday,1,8.68,0.52,6.35,1.57,2.33,4.45,7.28,22.9,0.888,95.78
U007,1,2025-09-29,Monday,1,6.78,0.67,6.38,1.53,1.82,3.92,7.94,23.88,0.877,92.42
U008,1,2025-09-29,Monday,1,7.7,0.04,6.0,1.29,1.94,3.85,7.64,22.93,0.936,89.01
U009,1,2025-09-29,Monday,1,8.15,0.28,4.46,2.31,3.47,2.88,6.34,22.22,0.896,92.13
U010,1,2025-09-29,Monday,1,6.97,0.56,4.66,0.65,1.39,3.59,7.19,22.16,0.949,92.51
U001,1,2025-09-30,Tuesday,1,5.98,0.31,6.46,1.4,2.76,3.0,6.88,22.86,0.962,87.67
U002,1,2025-09-30,Tuesday,1,7.34,0.92,4.05,1.64,2.28,3.82,7.98,23.33,0.798,95.53
U003,1,2025-09-30,Tuesday,1,7.86,0.48,5.27,2.34,3.06,4.29,7.65,24.19,0.911,93.56
U004,1,2025-09-30,Tuesday,1,6.74,0.84,6.09,2.14,2.75,3.09,6.75,22.62,0.921,94.46
U005,1,2025-09-30,Tuesday,1,6.87,1.27,7.13,1.33,3.15,3.23,8.55,24.51,0.917,98.0
U006,1,2025-09-30,Tuesday,1,6.99,0.99,5.33,0.55,1.22,3.19,7.37,23.33,0.909,96.47
U007,1,2025-09-30,Tuesday,1,7.24,0.19,5.22,0.96,1.82,3.52,7.83,23.58,0.959,89.59
U008,1,2025-09-30,Tuesday,1,8.62,0.9,6.56,1.64,2.02,3.47,5.74,21.89,0.728,97.83
U009,1,2025-09-30,Tuesday,1,7.97,0.54,4.85,1.72,2.43,1.98,7.64,23.93,0.929,94.62
U010,1,2025-09-30,Tuesday,1,7.87,0.21,6.29,1.25,1.37,2.36,6.89,22.91,0.896,90.73
U001,1,2025-10-01,Wednesday,1,7.07,0.36,5.42,1.77,1.72,3.55,6.75,22.67,0.915,90.42
U002,1,2025-10-01,Wednesday,1,8.3,0.8,5.79,1.72,2.23,3.29,7.26,22.7,0.833,97.08
U003,1,2025-10-01,Wednesday,1,7.63,0.74,4.34,2.07,2.02,3.48,6.91,23.09,0.91,95.58
U004,1,2025-10-01,Wednesday,1,8.21,1.11,5.57,1.98,2.34,2.75,7.92,23.96,0.91,98.0
U005,1,2025-10-01,Wednesday,1,7.54,0.7,5.54,1.34,2.38,3.69,7.42,24.03,0.96,95.45
U006,1,2025-10-01,Wednesday,1,6.86,1.23,5.57,2.15,2.41,3.83,6.96,23.17,0.946,98.0
U007,1,2025-10-01,Wednesday,1,7.61,0.41,6.44,1.89,2.18,4.59,7.21,23.61,0.915,92.28
U008,1,2025-10-01,Wednesday,1,9.4,1.03,4.9,1.28,2.0,1.5,7.65,23.99,0.831,98.0
U009,1,2025-10-01,Wednesday,1,6.11,0.79,7.12,1.65,1.41,3.1,7.95,23.2,0.856,91.74
U010,1,2025-10-01,Wednesday,1,7.31,0.6,5.34,1.96,1.33,3.89,7.27,23.42,0.854,92.81
U001,1,2025-10-02,Thursday,1,7.92,0.0,5.17,1.8,2.11,3.66,6.65,23.12,0.894,88.74
U002,1,2025-10-02,Thursday,1,7.76,1.0,5.92,1.04,1.77,1.89,7.64,23.61,0.888,98.0
U003,1,2025-10-02,Thursday,1,8.12,1.1,6.43,0.86,1.52,2.06,6.44,22.48,0.966,98.0
U004,1,2025-10-02,Thursday,1,8.0,0.23,5.34,1.19,2.86,3.46,7.37,23.57,0.805,90.35
U005,1,2025-10-02,Thursday,1,6.28,1.5,5.48,1.87,1.36,2.46,8.41,24.31,0.952,98.0
U006,1,2025-10-02,Thursday,1,8.21,0.07,5.23,1.39,2.37,3.19,6.63,22.13,0.911,90.34
U007,1,2025-10-02,Thursday,1,6.4,0.58,6.88,1.75,2.3,3.03,7.27,23.39,0.897,90.77
U008,1,2025-10-02,Thursday,1,8.01,0.62,5.15,1.75,0.99,3.72,6.6,22.62,0.904,95.27
U009,1,2025-10-02,Thursday,1,7.52,0.61,6.34,1.99,2.38,2.62,7.33,22.73,0.859,93.49
U010,1,2025-10-02,Thursday,1,8.32,0.63,5.49,0.36,2.52,3.11,6.89,22.94,0.881,95.91
U001,1,2025-10-03,Friday,1,6.68,0.97,4.87,1.21,2.36,2.81,8.04,23.73,0.879,95.19
U002,1,2025-10-03,Friday,1,6.36,0.78,7.79,2.23,2.6,3.28,6.04,21.65,0.944,93.14
U003,1,2025-10-03,Friday,1,6.42,0.81,4.95,1.59,1.97,3.73,8.06,24.25,0.897,93.12
U004,1,2025-10-03,Friday,1,7.52,0.25,5.07,1.83,1.88,3.39,7.32,23.59,0.934,90.64
U005,1,2025-10-03,Friday,1,8.1,0.52,5.85,0.5,2.33,2.35,7.62,23.0,0.937,94.82
U006,1,2025-10-03,Friday,1,7.27,1.11,5.3,0.77,1.65,4.02,6.35,22.8,0.907,98.0
U007,1,2025-10-03,Friday,1,7.57,0.0,4.56,1.61,1.69,3.93,6.78,22.67,0.881,87.73
U008,1,2025-10-03,Friday,1,8.14,0.39,4.77,0.82,2.4,3.64,7.64,24.03,0.914,93.39
U009,1,2025-10-03,Friday,1,7.29,0.67,6.05,0.76,2.48,1.12,7.62,23.43,0.975,94.67
U010,1,2025-10-03,Friday,1,7.25,0.0,5.4,0.95,1.48,4.58,7.66,23.81,0.895,87.08
U001,1,2025-10-04,Saturday,1,8.04,0.75,2.42,1.55,2.59,3.9,7.02,22.3,0.98,97.4
U002,1,2025-10-04,Saturday,1,8.84,0.49,2.98,2.03,2.25,5.07,7.27,23.4,0.87,95.7
U003,1,2025-10-04,Saturday,1,7.14,1.22,2.51,1.8,2.82,5.45,6.47,22.17,0.879,98.0
U004,1,2025-10-04,Saturday,1,7.37,0.71,2.31,1.09,1.93,3.06,7.55,23.79,0.964,95.16
U005,1,2025-10-04,Saturday,1,6.35,0.19,3.54,1.04,1.68,3.17,7.45,23.09,0.895,86.73
U006,1,2025-10-04,Saturday,1,8.13,0.61,1.93,1.27,2.41,2.33,7.88,24.24,0.916,95.58
U007,1,2025-10-04,Saturday,1,6.78,0.0,3.2,1.68,1.95,4.75,7.51,24.03,0.923,86.18
U008,1,2025-10-04,Saturday,1,9.94,1.03,4.11,1.92,2.94,3.05,6.27,22.19,0.951,98.0
U009,1,2025-10-04,Saturday,1,7.03,0.65,3.29,1.32,0.98,3.6,7.08,23.1,0.906,93.14
U010,1,2025-10-04,Saturday,1,6.99,0.04,2.73,1.32,1.01,2.77,6.96,23.59,0.825,86.12
U001,2,2025-10-05,Sunday,2,7.79,1.1,1.72,1.54,2.49,2.42,7.94,24.27,0.98,98.0
U002,2,2025-10-05,Sunday,2,7.53,0.93,1.53,1.52,1.18,3.37,7.96,23.85,0.98,97.92
U003,2,2025-10-05,Sunday,2,8.44,1.31,2.8,1.95,2.05,2.72,8.52,24.61,0.95,98.0
U004,2,2025-10-05,Sunday,2,6.36,0.95,2.69,1.74,2.4,2.94,7.97,23.95,0.886,94.26
U005,2,2025-10-05,Sunday,2,8.13,0.77,3.68,1.69,1.79,2.43,8.26,24.81,0.86,96.62
U006,2,2025-10-05,Sunday,2,7.56,1.03,1.5,0.67,2.61,2.72,7.26,22.52,0.876,97.96
U007,2,2025-10-05,Sunday,2,6.72,0.32,3.42,1.42,3.02,2.79,7.67,24.63,0.857,88.57
U008,2,2025-10-05,Sunday,2,8.36,0.0,2.91,2.12,2.09,4.0,7.09,22.5,0.917,90.07
U009,2,2025-10-05,Sunday,2,7.15,0.24,3.34,1.53,2.26,3.33,8.12,23.69,0.919,89.47
U010,2,2025-10-05,Sunday,2,7.27,0.63,4.55,1.7,2.0,1.9,7.57,24.0,0.85,92.97
U001,2,2025-10-06,Monday,2,7.95,1.13,5.74,1.55,2.21,3.15,7.15,22.97,0.98,98.0
U002,2,2025-10-06,Monday,2,6.28,1.01,6.64,1.92,1.43,3.44,7.91,23.5,0.91,94.9
U003,2,2025-10-06,Monday,2,8.8,1.25,5.81,1.09,2.99,3.15,7.58,23.44,0.866,98.0
U004,2,2025-10-06,Monday,2,7.86,0.76,4.83,1.33,1.79,3.54,7.44,23.17,0.877,96.02
U005,2,2025-10-06,Monday,2,7.26,0.19,5.99,1.16,2.65,3.84,7.67,23.13,0.894,88.99
U006,2,2025-10-06,Monday,2,6.99,0.91,5.75,1.59,3.18,2.18,7.48,23.6,0.873,95.3
U007,2,2025-10-06,Monday,2,7.85,1.35,7.14,2.7,1.96,2.59,6.77,23.7,0.951,98.0
U008,2,2025-10-06,Monday,2,7.47,0.63,4.48,1.87,1.52,2.53,7.66,23.62,0.939,94.36
U009,2,2025-10-06,Monday,2,6.73,0.57,7.93,1.6,3.44,3.34,7.33,23.33,0.923,91.76
U010,2,2025-10-06,Monday,2,7.05,1.43,4.66,2.16,1.87,4.81,7.85,23.44,0.884,98.0
U001,2,2025-10-07,Tuesday,2,7.09,0.85,4.99,1.17,2.23,2.7,7.18,22.73,0.973,95.95
U002,2,2025-10-07,Tuesday,2,7.77,0.44,5.7,1.06,1.89,2.47,6.79,23.22,0.944,93.27
U003,2,2025-10-07,Tuesday,2,8.52,0.53,3.79,2.08,2.05,4.08,7.76,23.62,0.934,95.94
U004,2,2025-10-07,Tuesday,2,8.11,0.51,5.97,2.05,2.57,3.93,6.81,23.26,0.867,94.05
U005,2,2025-10-07,Tuesday,2,6.88,0.37,6.57,1.34,2.11,2.9,6.35,21.9,0.958,90.48
U006,2,2025-10-07,Tuesday,2,8.38,1.94,5.12,1.74,2.55,2.39,7.23,23.03,0.942,98.0
U007,2,2025-10-07,Tuesday,2,6.64,0.05,5.5,1.88,3.04,3.83,6.62,22.53,0.923,86.33
U008,2,2025-10-07,Tuesday,2,7.59,0.7,5.1,1.81,2.06,2.43,7.33,23.42,0.926,95.23
U009,2,2025-10-07,Tuesday,2,6.94,1.37,6.01,1.48,1.1,1.58,7.58,23.44,0.855,98.0
U010,2,2025-10-07,Tuesday,2,7.63,0.73,5.15,2.05,2.04,2.86,8.09,23.87,0.908,95.45
U001,2,2025-10-08,Wednesday,2,6.1,0.61,4.69,1.51,1.95,3.91,8.08,24.6,0.954,90.89
U002,2,2025-10-08,Wednesday,2,6.32,0.45,7.09,1.68,2.05,3.56,7.46,23.47,0.943,89.73
U003,2,2025-10-08,Wednesday,2,8.92,1.12,4.55,1.78,1.83,2.25,8.12,23.44,0.956,98.0
U004,2,2025-10-08,Wednesday,2,7.95,1.52,5.82,1.47,2.35,4.83,6.89,22.97,0.87,98.0
U005,2,2025-10-08,Wednesday,2,7.19,0.0,5.38,2.1,1.85,3.48,7.34,23.47,0.879,86.76
U006,2,2025-10-08,Wednesday,2,8.66,0.72,4.94,1.63,2.63,3.78,7.87,24.01,0.898,97.83
U007,2,2025-10-08,Wednesday,2,7.09,0.28,4.9,0.89,2.41,5.3,8.31,24.6,0.906,89.58
U008,2,2025-10-08,Wednesday,2,8.32,0.81,4.79,1.85,2.67,3.93,7.44,23.99,0.921,98.0
U009,2,2025-10-08,Wednesday,2,7.73,0.61,8.23,1.4,1.56,3.52,6.43,22.25,0.948,94.91
U010,2,2025-10-08,Wednesday,2,8.85,0.5,3.83,2.27,2.01,3.78,6.61,22.54,0.827,95.39
U001,2,2025-10-09,Thursday,2,7.45,0.57,6.51,1.93,2.32,3.39,6.82,22.43,0.98,94.12
U002,2,2025-10-09,Thursday,2,7.01,0.86,4.76,1.86,1.61,4.51,6.47,22.03,0.931,95.44
U003,2,2025-10-09,Thursday,2,6.16,0.28,6.54,0.7,1.52,4.63,7.12,23.25,0.942,87.62
U004,2,2025-10-09,Thursday,2,6.5,0.13,5.28,0.97,2.58,3.48,8.16,24.32,0.92,86.75
U005,2,2025-10-09,Thursday,2,8.04,0.91,5.75,1.38,1.8,2.4,6.87,22.62,0.858,97.78
U006,2,2025-10-09,Thursday,2,8.41,0.6,5.38,0.87,2.33,3.92,7.66,24.56,0.98,96.83
U007,2,2025-10-09,Thursday,2,7.08,0.93,5.07,1.14,2.28,4.96,7.49,23.21,0.901,96.01
U008,2,2025-10-09,Thursday,2,7.42,0.67,5.54,0.39,2.09,3.07,7.4,23.97,0.849,93.74
U009,2,2025-10-09,Thursday,2,7.32,0.39,6.47,1.32,2.59,1.27,8.27,24.86,0.911,91.31
U010,2,2025-10-09,Thursday,2,8.57,0.78,4.87,1.65,2.13,5.96,7.67,23.52,0.98,98.0
U001,2,2025-10-10,Friday,2,8.02,0.73,5.75,0.96,1.94,3.53,7.7,22.86,0.871,96.06
U002,2,2025-10-10,Friday,2,7.31,1.06,5.24,1.33,2.22,3.44,7.83,23.78,0.904,97.92
U003,2,2025-10-10,Friday,2,7.21,0.28,4.03,1.61,2.19,3.37,7.8,23.55,0.98,90.62
U004,2,2025-10-10,Friday,2,8.04,0.6,5.58,1.02,2.9,1.17,7.98,23.79,0.889,94.99
U005,2,2025-10-10,Friday,2,7.13,0.72,5.84,1.49,2.17,3.69,7.17,22.79,0.98,94.83
U006,2,2025-10-10,Friday,2,7.07,0.0,5.16,1.76,2.1,2.28,7.55,22.96,0.859,86.27
U007,2,2025-10-10,Friday,2,7.62,0.89,4.61,1.86,2.01,2.97,7.87,23.22,0.98,97.75
U008,2,2025-10-10,Friday,2,8.87,0.82,5.38,2.18,2.78,3.81,6.65,22.37,0.86,98.0
U009,2,2025-10-10,Friday,2,6.66,0.6,3.72,1.7,2.49,5.18,7.13,23.02,0.881,91.46
U010,2,2025-10-10,Friday,2,7.15,1.38,5.31,1.71,2.04,4.61,6.96,22.67,0.862,98.0
U001,2,2025-10-11,Saturday,2,6.86,0.83,2.53,1.54,2.72,2.25,7.36,23.44,0.875,94.2
U002,2,2025-10-11,Saturday,2,8.44,0.84,1.81,1.9,1.57,3.72,7.06,23.19,0.899,98.0
U003,2,2025-10-11,Saturday,2,6.61,0.52,3.58,2.27,2.32,2.97,7.95,24.3,0.892,90.65
U004,2,2025-10-11,Saturday,2,8.09,1.44,2.56,1.23,2.59,2.64,6.88,22.18,0.832,98.0
U005,2,2025-10-11,Saturday,2,6.67,0.32,1.75,1.32,2.48,2.64,9.01,25.36,0.975,89.62
U006,2,2025-10-11,Saturday,2,7.89,0.4,2.26,1.68,2.56,3.12,8.15,24.15,0.95,93.22
U007,2,2025-10-11,Saturday,2,6.66,0.83,2.71,1.42,2.05,4.99,6.16,22.0,0.91,94.05
U008,2,2025-10-11,Saturday,2,8.21,1.34,2.45,1.68,1.71,4.05,6.6,23.24,0.92,98.0
U009,2,2025-10-11,Saturday,2,7.79,0.52,3.67,1.51,2.47,3.19,8.08,23.9,0.844,93.11
U010,2,2025-10-11,Saturday,2,6.84,0.38,1.54,1.13,1.19,2.39,8.22,24.38,0.919,90.09
U001,3,2025-10-12,Sunday,3,7.37,1.56,2.43,0.91,2.29,2.12,6.78,22.36,0.888,98.0
U002,3,2025-10-12,Sunday,3,7.32,0.77,3.25,2.12,2.59,2.43,7.19,23.15,0.871,94.71
U003,3,2025-10-12,Sunday,3,6.63,0.98,3.12,1.69,1.94,2.99,7.05,22.99,0.98,96.17
U004,3,2025-10-12,Sunday,3,8.19,0.0,2.18,1.19,2.27,3.65,8.18,23.9,0.939,89.86
U005,3,2025-10-12,Sunday,3,7.4,0.37,2.88,1.89,1.56,2.07,8.5,24.64,0.889,91.09
U006,3,2025-10-12,Sunday,3,7.96,0.0,1.61,2.19,2.65,2.36,7.5,23.91,0.931,89.21
U007,3,2025-10-12,Sunday,3,7.45,1.04,1.95,1.01,1.88,3.28,7.37,23.65,0.975,98.0
U008,3,2025-10-12,Sunday,3,8.01,1.02,3.44,1.79,2.6,3.04,7.08,23.34,0.919,98.0
U009,3,2025-10-12,Sunday,3,6.67,0.7,1.7,2.31,2.16,3.24,8.31,24.57,0.866,92.33
U010,3,2025-10-12,Sunday,3,7.56,1.9,1.58,1.61,2.51,3.2,7.57,23.15,0.915,98.0
U001,3,2025-10-13,Monday,3,8.44,1.05,5.67,1.96,1.21,4.28,7.74,24.14,0.929,98.0
U002,3,2025-10-13,Monday,3,8.3,1.38,7.46,1.89,1.57,3.59,6.76,22.17,0.922,98.0
U003,3,2025-10-13,Monday,3,7.14,0.39,5.29,2.39,2.44,2.48,7.7,24.67,0.915,90.9
U004,3,2025-10-13,Monday,3,6.43,0.44,5.47,1.51,3.01,4.82,7.01,23.22,0.938,89.86
U005,3,2025-10-13,Monday,3,7.71,0.0,7.47,1.29,2.13,2.8,7.58,24.35,0.894,88.22
U006,3,2025-10-13,Monday,3,8.82,0.13,3.99,1.09,2.34,3.7,7.76,24.23,0.822,91.57
U007,3,2025-10-13,Monday,3,6.96,0.43,6.45,2.0,3.34,1.99,7.69,23.26,0.961,91.31
U008,3,2025-10-13,Monday,3,8.39,0.64,3.75,1.43,1.71,3.59,7.98,24.57,0.929,96.67
U009,3,2025-10-13,Monday,3,7.45,0.46,8.05,1.86,1.82,2.81,6.16,21.72,0.873,91.95
U010,3,2025-10-13,Monday,3,7.44,0.69,4.45,1.81,2.18,3.33,7.71,23.25,0.865,94.15
U001,3,2025-10-14,Tuesday,3,7.91,0.17,5.16,1.75,2.87,2.23,7.43,23.51,0.953,91.01
U002,3,2025-10-14,Tuesday,3,6.8,0.82,5.72,2.34,2.87,3.71,7.73,23.69,0.847,93.67
U003,3,2025-10-14,Tuesday,3,5.86,1.08,3.81,0.33,2.42,4.12,7.72,23.95,0.889,94.34
U004,3,2025-10-14,Tuesday,3,7.37,0.44,5.75,1.22,2.39,3.22,7.32,23.19,0.885,91.67
U005,3,2025-10-14,Tuesday,3,7.52,0.71,7.0,1.61,2.71,3.54,7.6,23.28,0.953,95.43
U006,3,2025-10-14,Tuesday,3,8.16,0.0,6.86,1.88,2.77,3.67,7.89,24.1,0.953,89.93
U007,3,2025-10-14,Tuesday,3,7.36,1.14,8.76,1.66,2.26,3.34,8.29,24.05,0.896,98.0
U008,3,2025-10-14,Tuesday,3,7.9,0.48,3.86,2.45,2.43,3.66,8.03,24.34,0.889,93.44
U009,3,2025-10-14,Tuesday,3,7.19,0.89,6.23,1.87,2.68,4.36,7.84,23.83,0.96,96.47
U010,3,2025-10-14,Tuesday,3,7.15,1.21,6.59,2.07,2.02,3.16,7.46,23.77,0.98,98.0
U001,3,2025-10-15,Wednesday,3,8.0,0.64,6.07,1.66,2.23,3.31,7.77,23.65,0.898,95.38
U002,3,2025-10-15,Wednesday,3,6.68,1.12,7.85,0.36,2.55,1.75,7.76,23.68,0.916,97.06
U003,3,2025-10-15,Wednesday,3,7.66,0.98,3.93,1.78,2.12,2.81,7.61,23.41,0.804,96.99
U004,3,2025-10-15,Wednesday,3,6.44,1.13,5.25,1.45,1.35,3.08,7.87,23.34,0.935,96.75
U005,3,2025-10-15,Wednesday,3,6.26,1.5,5.16,1.82,1.93,2.36,7.36,23.8,0.884,98.0
U006,3,2025-10-15,Wednesday,3,8.2,1.42,6.7,1.61,1.56,2.93,7.19,23.38,0.961,98.0
U007,3,2025-10-15,Wednesday,3,8.06,0.59,5.18,0.77,2.59,3.59,8.27,24.19,0.903,95.08
U008,3,2025-10-15,Wednesday,3,7.75,0.29,3.8,1.64,1.88,3.26,7.21,23.86,0.937,91.65
U009,3,2025-10-15,Wednesday,3,6.27,0.61,5.64,1.43,2.62,3.64,7.05,23.1,0.98,91.57
U010,3,2025-10-15,Wednesday,3,8.23,0.43,6.31,1.51,2.63,3.12,8.58,24.52,0.898,93.86
U001,3,2025-10-16,Thursday,3,7.37,0.44,5.25,0.93,2.41,4.11,7.45,23.37,0.929,92.12
U002,3,2025-10-16,Thursday,3,7.38,1.09,5.82,2.29,1.84,3.01,6.85,23.25,0.98,98.0
U003,3,2025-10-16,Thursday,3,7.63,0.0,3.99,0.58,2.39,2.11,8.25,24.26,0.898,88.06
U004,3,2025-10-16,Thursday,3,8.7,0.3,5.96,2.31,2.51,4.9,7.23,23.28,0.877,93.52
U005,3,2025-10-16,Thursday,3,6.43,0.71,5.95,1.41,2.62,2.85,7.35,22.9,0.878,91.95
U006,3,2025-10-16,Thursday,3,7.94,0.78,4.87,2.05,2.59,4.34,7.87,23.94,0.972,97.37
U007,3,2025-10-16,Thursday,3,8.42,0.98,7.09,1.58,1.7,1.81,6.98,22.96,0.805,98.0
U008,3,2025-10-16,Thursday,3,8.11,1.09,3.1,1.55,1.88,3.52,7.11,22.84,0.931,98.0
U009,3,2025-10-16,Thursday,3,6.98,0.08,6.26,1.84,2.73,2.85,7.48,23.47,0.98,88.05
U010,3,2025-10-16,Thursday,3,7.28,0.67,6.41,0.62,1.4,3.59,6.33,22.15,0.918,94.08
U001,3,2025-10-17,Friday,3,7.16,0.0,5.89,1.47,2.23,4.55,7.85,23.88,0.908,86.98
U002,3,2025-10-17,Friday,3,6.88,0.71,5.5,1.55,1.72,1.87,7.99,23.8,0.868,92.98
U003,3,2025-10-17,Friday,3,8.18,1.41,5.36,0.74,1.51,2.88,7.34,22.65,0.951,98.0
U004,3,2025-10-17,Friday,3,6.95,0.3,4.08,1.28,2.32,1.67,7.47,24.08,0.966,90.03
U005,3,2025-10-17,Friday,3,6.89,0.96,5.49,1.32,2.55,3.08,7.02,23.26,0.907,95.89
U006,3,2025-10-17,Friday,3,7.68,0.24,6.15,1.32,1.65,1.79,7.11,22.53,0.879,90.39
U007,3,2025-10-17,Friday,3,7.02,0.68,5.35,1.19,2.14,2.4,8.91,25.33,0.924,93.59
U008,3,2025-10-17,Friday,3,9.32,0.69,4.97,1.29,2.21,2.39,8.49,25.39,0.934,98.0
U009,3,2025-10-17,Friday,3,7.31,0.65,4.94,1.48,2.7,2.36,7.28,22.73,0.957,94.34
U010,3,2025-10-17,Friday,3,8.58,0.13,5.04,2.02,2.18,2.42,6.69,22.6,0.872,91.47
U001,3,2025-10-18,Saturday,3,7.57,0.56,4.18,1.14,2.1,1.32,8.53,24.44,0.933,93.85
U002,3,2025-10-18,Saturday,3,6.93,0.83,2.22,1.52,2.55,4.07,7.31,22.89,0.914,94.77
U003,3,2025-10-18,Saturday,3,7.83,1.3,4.23,1.6,2.07,3.61,7.39,24.06,0.914,98.0
U004,3,2025-10-18,Saturday,3,7.52,1.12,2.67,1.81,2.07,4.46,7.76,24.13,0.802,98.0
U005,3,2025-10-18,Saturday,3,7.33,1.2,1.99,1.48,2.11,3.5,8.24,23.71,0.938,98.0
U006,3,2025-10-18,Saturday,3,7.32,0.71,3.14,1.4,1.99,2.92,9.0,24.69,0.882,94.22
U007,3,2025-10-18,Saturday,3,7.41,1.01,3.54,1.58,1.52,4.63,7.41,23.38,0.893,97.56
U008,3,2025-10-18,Saturday,3,8.58,1.04,2.75,1.77,2.24,2.78,7.01,23.53,0.948,98.0
U009,3,2025-10-18,Saturday,3,7.47,1.17,3.6,1.52,3.12,2.97,8.16,23.78,0.931,98.0
U010,3,2025-10-18,Saturday,3,8.03,1.44,2.98,1.78,2.54,2.03,7.78,23.37,0.881,98.0
U001,4,2025-10-19,Sunday,4,7.18,0.48,2.87,1.48,1.98,3.46,6.41,22.12,0.896,91.71
U002,4,2025-10-19,Sunday,4,8.49,0.29,2.19,0.98,1.59,3.73,7.38,23.4,0.938,93.5
U003,4,2025-10-19,Sunday,4,8.22,0.15,1.98,1.4,1.84,2.35,6.38,21.84,0.897,91.02
U004,4,2025-10-19,Sunday,4,6.18,0.47,1.86,1.62,2.6,2.47,7.22,23.59,0.822,88.37
U005,4,2025-10-19,Sunday,4,6.8,0.91,3.01,1.45,2.74,3.37,8.25,24.7,0.91,95.2
U006,4,2025-10-19,Sunday,4,6.98,0.77,2.02,1.21,2.68,3.1,7.57,22.36,0.89,94.05
U007,4,2025-10-19,Sunday,4,8.08,0.21,2.52,1.58,2.68,3.09,7.97,23.9,0.932,91.62
U008,4,2025-10-19,Sunday,4,9.11,0.82,4.45,1.88,2.44,3.42,7.91,23.96,0.944,98.0
U009,4,2025-10-19,Sunday,4,7.96,1.08,3.42,0.61,2.76,2.83,7.93,23.54,0.851,98.0
U010,4,2025-10-19,Sunday,4,7.12,1.23,3.02,1.37,2.89,3.8,7.34,23.27,0.926,98.0
U001,4,2025-10-20,Monday,4,5.5,0.09,6.4,1.47,2.52,2.76,6.84,22.67,0.912,83.77
U002,4,2025-10-20,Monday,4,6.24,0.8,6.13,1.63,1.81,3.4,7.22,22.76,0.947,93.07
U003,4,2025-10-20,Monday,4,6.89,0.77,6.35,0.47,2.04,4.49,7.37,23.97,0.942,94.34
U004,4,2025-10-20,Monday,4,7.49,0.82,6.06,1.76,2.31,2.77,6.34,22.39,0.862,95.55
U005,4,2025-10-20,Monday,4,6.87,0.56,6.39,0.73,2.12,2.87,8.2,23.72,0.881,91.58
U006,4,2025-10-20,Monday,4,8.81,0.28,4.83,1.84,2.1,4.12,7.24,24.07,0.98,94.62
U007,4,2025-10-20,Monday,4,7.24,1.11,5.85,0.98,1.69,2.91,6.76,22.74,0.902,98.0
U008,4,2025-10-20,Monday,4,7.58,1.36,3.69,0.84,2.6,3.03,8.72,24.51,0.952,98.0
U009,4,2025-10-20,Monday,4,5.83,1.39,7.79,0.68,2.65,2.62,8.15,23.86,0.883,97.3
U010,4,2025-10-20,Monday,4,6.84,1.27,4.84,1.41,2.51,2.54,8.46,24.49,0.933,98.0
U001,4,2025-10-21,Tuesday,4,6.68,0.87,5.53,1.67,2.82,4.17,7.23,23.31,0.817,93.57
U002,4,2025-10-21,Tuesday,4,7.68,0.78,6.07,0.69,2.13,2.09,7.67,24.33,0.886,95.86
U003,4,2025-10-21,Tuesday,4,7.36,0.87,5.94,1.82,2.89,4.5,7.93,23.38,0.92,96.3
U004,4,2025-10-21,Tuesday,4,8.37,0.64,8.22,2.17,2.18,1.82,7.93,24.34,0.789,95.22
U005,4,2025-10-21,Tuesday,4,7.55,0.28,7.7,1.73,2.95,3.66,8.14,24.33,0.959,91.27
U006,4,2025-10-21,Tuesday,4,7.22,0.41,6.5,1.45,2.44,2.21,7.09,23.03,0.9,91.15
U007,4,2025-10-21,Tuesday,4,7.15,0.25,6.09,1.04,2.83,3.2,7.41,23.65,0.86,88.97
U008,4,2025-10-21,Tuesday,4,7.17,0.3,5.13,2.24,2.28,2.87,7.63,23.18,0.975,90.67
U009,4,2025-10-21,Tuesday,4,6.99,0.3,7.14,1.86,2.4,3.52,7.37,23.22,0.901,89.48
U010,4,2025-10-21,Tuesday,4,6.69,0.75,5.61,1.1,1.9,3.56,7.79,22.82,0.98,94.02
U001,4,2025-10-22,Wednesday,4,8.26,0.06,6.82,1.08,1.49,3.39,7.3,23.64,0.847,89.72
U002,4,2025-10-22,Wednesday,4,5.93,0.66,6.4,1.11,2.09,3.47,7.61,24.24,0.932,90.75
U003,4,2025-10-22,Wednesday,4,7.59,1.07,5.23,2.01,2.41,3.43,7.28,23.37,0.97,98.0
U004,4,2025-10-22,Wednesday,4,8.25,0.5,6.09,1.75,2.06,3.46,7.95,23.72,0.854,94.16
U005,4,2025-10-22,Wednesday,4,7.99,0.65,6.33,1.17,1.29,3.42,8.73,24.91,0.944,95.91
U006,4,2025-10-22,Wednesday,4,7.32,0.33,5.05,1.28,2.98,2.94,7.47,24.46,0.9,90.6
U007,4,2025-10-22,Wednesday,4,6.68,0.56,5.98,1.44,1.95,4.01,8.16,23.98,0.921,91.51
U008,4,2025-10-22,Wednesday,4,7.47,0.37,5.3,1.4,2.13,3.06,7.51,23.73,0.917,91.55
U009,4,2025-10-22,Wednesday,4,7.74,0.47,5.5,1.41,2.9,3.34,8.4,24.1,0.962,93.67
U010,4,2025-10-22,Wednesday,4,7.34,0.82,6.95,1.8,2.5,1.12,7.36,23.57,0.889,95.44
U001,4,2025-10-23,Thursday,4,8.17,0.96,6.49,1.33,2.8,2.11,6.67,22.18,0.91,98.0
U002,4,2025-10-23,Thursday,4,6.47,0.97,4.81,1.64,2.13,3.0,6.98,23.3,0.98,95.67
U003,4,2025-10-23,Thursday,4,8.78,0.81,5.05,1.57,1.95,3.2,7.23,23.61,0.9,98.0
U004,4,2025-10-23,Thursday,4,7.26,1.01,4.62,1.4,2.02,4.11,8.5,24.2,0.897,97.22
U005,4,2025-10-23,Thursday,4,6.29,0.04,5.47,1.29,1.45,3.62,6.31,21.9,0.881,84.94
U006,4,2025-10-23,Thursday,4,7.34,1.28,7.35,0.56,2.47,3.1,6.88,22.98,0.843,98.0
U007,4,2025-10-23,Thursday,4,7.8,1.35,6.5,2.0,1.2,2.8,6.38,22.69,0.833,98.0
U008,4,2025-10-23,Thursday,4,8.94,0.23,3.19,1.46,2.76,4.47,6.98,23.68,0.799,92.64
U009,4,2025-10-23,Thursday,4,6.38,0.25,8.58,1.53,2.3,1.59,7.14,23.32,0.92,87.65
U010,4,2025-10-23,Thursday,4,5.83,0.03,6.51,0.99,2.01,3.72,8.39,24.31,0.89,83.78
U001,4,2025-10-24,Friday,4,7.24,0.74,6.25,1.93,3.92,3.54,7.06,22.54,0.894,94.44
U002,4,2025-10-24,Friday,4,6.96,0.43,4.95,1.36,2.06,4.7,7.26,23.4,0.881,90.51
U003,4,2025-10-24,Friday,4,7.59,1.07,4.11,0.84,0.6,3.14,7.01,23.17,0.811,97.78
U004,4,2025-10-24,Friday,4,7.56,0.8,4.03,1.41,1.66,3.54,7.78,23.86,0.916,96.06
U005,4,2025-10-24,Friday,4,8.2,0.39,7.84,1.78,1.89,2.99,8.03,23.81,0.812,92.52
U006,4,2025-10-24,Friday,4,6.7,1.22,6.39,1.25,2.0,3.17,7.63,23.26,0.898,97.93
U007,4,2025-10-24,Friday,4,7.0,0.95,4.71,1.04,1.57,3.15,7.98,23.34,0.874,95.74
U008,4,2025-10-24,Friday,4,7.97,0.29,4.6,1.5,1.86,3.36,6.49,21.84,0.854,91.37
U009,4,2025-10-24,Friday,4,5.89,0.13,5.11,2.59,3.04,3.77,7.71,22.97,0.918,85.2
U010,4,2025-10-24,Friday,4,7.38,0.2,5.85,1.25,2.02,2.75,9.28,25.01,0.807,88.52
U001,4,2025-10-25,Saturday,4,9.48,0.08,3.34,1.07,2.27,5.25,6.92,22.63,0.909,93.59
U002,4,2025-10-25,Saturday,4,6.48,1.51,2.19,1.5,1.62,2.16,6.98,22.59,0.889,98.0
U003,4,2025-10-25,Saturday,4,8.94,0.86,3.11,1.56,3.07,2.05,8.6,24.53,0.84,98.0
U004,4,2025-10-25,Saturday,4,6.32,0.98,2.89,2.43,2.74,2.35,6.29,21.99,0.849,94.09
U005,4,2025-10-25,Saturday,4,6.15,0.79,1.58,0.99,1.19,3.06,8.47,24.42,0.942,92.7
U006,4,2025-10-25,Saturday,4,6.82,0.6,2.01,0.89,2.52,3.0,8.05,23.26,0.898,92.03
U007,4,2025-10-25,Saturday,4,6.2,0.68,2.63,1.92,2.25,3.96,7.94,24.39,0.959,91.89
U008,4,2025-10-25,Saturday,4,8.37,0.7,2.87,1.24,1.64,3.62,7.51,23.37,0.882,96.75
U009,4,2025-10-25,Saturday,4,7.97,0.25,1.83,1.5,3.65,4.21,7.17,23.34,0.946,91.88
U010,4,2025-10-25,Saturday,4,7.98,0.8,3.12,1.4,1.85,2.93,6.49,22.83,0.848,96.43
U001,5,2025-10-26,Sunday,5,8.28,1.43,2.76,0.9,2.31,1.69,8.04,23.39,0.87,98.0
U002,5,2025-10-26,Sunday,5,7.15,0.8,1.5,1.81,1.38,1.74,7.43,23.35,0.924,95.11
U003,5,2025-10-26,Sunday,5,7.96,0.04,2.36,0.75,1.35,3.29,7.84,24.02,0.94,89.7
U004,5,2025-10-26,Sunday,5,7.88,0.42,2.82,2.16,2.11,2.38,7.49,23.63,0.894,92.84
U005,5,2025-10-26,Sunday,5,6.47,1.3,3.01,1.62,1.88,3.02,7.78,23.15,0.881,97.98
U006,5,2025-10-26,Sunday,5,8.01,0.87,2.15,0.68,2.33,2.8,8.6,25.35,0.98,98.0
U007,5,2025-10-26,Sunday,5,8.22,0.52,1.75,2.02,2.6,4.02,5.84,22.53,0.942,95.17
U008,5,2025-10-26,Sunday,5,8.0,1.08,3.07,1.9,2.35,3.78,8.32,24.49,0.818,98.0
U009,5,2025-10-26,Sunday,5,6.38,0.62,3.04,1.71,2.2,2.76,8.25,24.03,0.895,91.1
U010,5,2025-10-26,Sunday,5,7.59,1.1,2.49,1.08,1.58,2.55,7.74,23.88,0.87,98.0
U001,5,2025-10-27,Monday,5,6.37,0.33,5.2,1.43,2.3,2.8,7.97,24.0,0.963,88.85
U002,5,2025-10-27,Monday,5,7.04,0.38,5.76,0.68,1.53,2.73,7.91,24.4,0.979,91.19
U003,5,2025-10-27,Monday,5,8.69,0.81,7.34,1.95,1.75,2.63,7.47,22.77,0.951,98.0
U004,5,2025-10-27,Monday,5,9.39,0.53,6.62,1.12,2.46,3.9,7.15,23.13,0.865,97.42
U005,5,2025-10-27,Monday,5,7.12,0.2,4.02,1.63,2.89,3.26,7.99,24.4,0.923,89.03
U006,5,2025-10-27,Monday,5,8.1,0.68,6.19,1.71,2.07,3.62,7.77,23.53,0.942,96.47
U007,5,2025-10-27,Monday,5,7.81,0.55,6.42,1.1,2.08,3.73,8.26,23.72,0.88,93.83
U008,5,2025-10-27,Monday,5,8.58,0.92,4.61,1.92,2.27,2.74,7.08,23.24,0.906,98.0
U009,5,2025-10-27,Monday,5,8.38,0.72,4.27,2.3,2.19,3.52,7.05,22.5,0.879,96.94
U010,5,2025-10-27,Monday,5,6.5,0.27,5.35,0.78,2.0,2.9,8.29,24.35,0.961,88.56
U001,5,2025-10-28,Tuesday,5,7.13,0.38,4.78,1.02,1.97,3.7,8.53,23.84,0.846,90.08
U002,5,2025-10-28,Tuesday,5,7.51,0.91,6.23,1.65,1.97,2.94,6.71,23.37,0.883,96.7
U003,5,2025-10-28,Tuesday,5,8.31,0.77,5.52,2.13,2.61,2.76,7.8,24.0,0.869,97.17
U004,5,2025-10-28,Tuesday,5,7.67,0.18,5.13,1.76,2.09,2.4,8.12,24.41,0.858,89.55
U005,5,2025-10-28,Tuesday,5,6.78,1.21,6.47,1.42,2.26,3.66,7.96,23.74,0.98,98.0
U006,5,2025-10-28,Tuesday,5,7.52,0.01,5.12,1.34,2.45,3.74,6.75,22.38,0.98,88.7
U007,5,2025-10-28,Tuesday,5,8.37,0.83,4.79,1.53,1.36,1.34,8.0,23.85,0.897,98.0
U008,5,2025-10-28,Tuesday,5,7.74,1.49,4.65,1.86,1.93,3.75,6.63,22.45,0.85,98.0
U009,5,2025-10-28,Tuesday,5,7.31,0.91,4.68,1.04,2.39,3.83,8.19,24.36,0.862,96.0
U010,5,2025-10-28,Tuesday,5,8.05,0.56,4.53,1.47,1.58,4.53,7.15,23.42,0.964,95.36
U001,5,2025-10-29,Wednesday,5,8.32,0.0,6.29,2.42,2.04,3.27,7.96,23.27,0.914,89.94
U002,5,2025-10-29,Wednesday,5,7.02,0.8,7.28,1.49,2.55,3.62,7.15,23.57,0.868,94.23
U003,5,2025-10-29,Wednesday,5,7.62,0.18,5.0,1.56,2.53,2.29,7.71,23.79,0.917,90.02
U004,5,2025-10-29,Wednesday,5,7.03,1.26,4.36,1.45,2.27,4.97,7.51,23.95,0.88,98.0
U005,5,2025-10-29,Wednesday,5,6.41,1.41,7.6,1.67,1.99,3.23,7.6,23.76,0.947,98.0
U006,5,2025-10-29,Wednesday,5,7.77,0.73,4.13,1.41,1.52,4.5,8.45,24.79,0.898,95.7
U007,5,2025-10-29,Wednesday,5,7.72,0.92,5.38,2.32,3.22,3.01,7.9,23.93,0.878,97.28
U008,5,2025-10-29,Wednesday,5,8.99,1.29,5.54,1.79,2.59,5.29,7.05,23.62,0.911,98.0
U009,5,2025-10-29,Wednesday,5,7.41,0.35,7.49,1.24,1.72,4.88,8.14,24.28,0.89,90.93
U010,5,2025-10-29,Wednesday,5,8.89,1.3,5.74,1.43,1.89,3.21,7.85,24.18,0.941,98.0
U001,5,2025-10-30,Thursday,5,6.68,0.56,6.61,0.81,2.06,4.91,7.74,23.59,0.902,91.32
U002,5,2025-10-30,Thursday,5,7.34,0.58,7.39,1.22,2.36,3.86,6.61,22.31,0.913,93.28
U003,5,2025-10-30,Thursday,5,7.5,0.3,4.31,1.53,2.35,2.06,7.96,24.27,0.959,91.34
U004,5,2025-10-30,Thursday,5,7.11,0.3,4.44,1.57,2.05,2.1,7.54,23.42,0.887,89.65
U005,5,2025-10-30,Thursday,5,7.57,1.06,6.21,1.22,2.14,4.35,8.52,24.84,0.927,98.0
U006,5,2025-10-30,Thursday,5,8.03,0.55,4.9,0.95,2.67,3.56,7.8,23.55,0.919,94.77
U007,5,2025-10-30,Thursday,5,6.78,0.69,3.93,1.55,2.39,3.46,6.96,22.82,0.937,93.22
U008,5,2025-10-30,Thursday,5,6.46,0.45,4.54,1.12,2.95,2.51,7.8,24.21,0.933,89.98
U009,5,2025-10-30,Thursday,5,7.26,0.03,7.29,1.22,1.76,2.28,8.1,23.31,0.868,87.13
U010,5,2025-10-30,Thursday,5,6.72,1.05,7.04,1.14,1.2,2.74,8.75,24.4,0.87,96.0
U001,5,2025-10-31,Friday,5,9.54,1.06,4.81,1.69,1.8,3.56,6.67,22.23,0.927,98.0
U002,5,2025-10-31,Friday,5,7.23,0.72,5.61,1.79,2.41,4.23,7.49,23.33,0.949,94.77
U003,5,2025-10-31,Friday,5,8.31,1.28,6.65,1.34,2.44,2.68,6.71,23.17,0.887,98.0
U004,5,2025-10-31,Friday,5,8.06,0.96,4.82,1.1,2.89,6.52,8.22,24.63,0.936,98.0
U005,5,2025-10-31,Friday,5,7.39,0.53,5.33,1.54,2.15,2.14,8.25,24.68,0.858,92.35
U006,5,2025-10-31,Friday,5,7.41,0.45,2.64,1.63,2.22,3.36,7.61,23.58,0.858,91.61
U007,5,2025-10-31,Friday,5,7.6,1.45,5.54,2.22,2.52,4.1,8.61,24.32,0.87,98.0
U008,5,2025-10-31,Friday,5,7.55,0.31,5.12,0.22,2.04,3.13,6.68,23.29,0.88,90.77
U009,5,2025-10-31,Friday,5,6.36,0.63,6.93,1.99,1.8,2.76,6.91,22.65,0.84,90.6
U010,5,2025-10-31,Friday,5,7.38,0.51,5.19,1.89,2.84,3.18,7.32,23.49,0.909,92.64
U001,5,2025-11-01,Saturday,5,7.25,0.83,2.42,1.74,1.1,3.76,7.44,23.31,0.905,95.47
U002,5,2025-11-01,Saturday,5,7.41,1.06,3.15,1.4,2.72,2.97,7.65,23.53,0.933,98.0
U003,5,2025-11-01,Saturday,5,7.85,1.14,2.34,2.04,2.25,5.06,7.69,23.65,0.939,98.0
U004,5,2025-11-01,Saturday,5,7.02,0.47,2.59,1.01,1.32,2.83,8.02,24.1,0.98,92.05
U005,5,2025-11-01,Saturday,5,7.55,0.95,2.43,1.58,2.32,3.47,7.75,24.19,0.913,97.5
U006,5,2025-11-01,Saturday,5,7.74,0.2,2.48,1.59,1.82,2.04,8.08,23.83,0.967,91.02
U007,5,2025-11-01,Saturday,5,5.94,1.34,2.39,2.12,1.18,3.41,7.16,23.39,0.926,97.51
U008,5,2025-11-01,Saturday,5,9.5,0.43,1.95,1.21,2.43,3.83,8.87,25.43,0.919,97.24
U009,5,2025-11-01,Saturday,5,7.22,0.92,2.94,1.5,2.89,4.86,8.27,23.8,0.933,96.58
U010,5,2025-11-01,Saturday,5,6.19,0.94,2.63,1.0,2.59,2.08,8.13,24.11,0.797,92.84
U001,6,2025-11-02,Sunday,6,6.86,0.8,2.05,0.89,2.86,3.94,6.34,21.75,0.94,94.55
U002,6,2025-11-02,Sunday,6,6.65,0.0,2.39,1.01,2.26,2.57,7.21,23.03,0.908,85.7
U003,6,2025-11-02,Sunday,6,7.64,1.19,2.19,1.97,1.89,2.59,7.9,23.55,0.951,98.0
U004,6,2025-11-02,Sunday,6,8.8,0.61,2.73,1.53,3.07,1.51,7.73,23.44,0.792,96.02
U005,6,2025-11-02,Sunday,6,6.52,0.71,3.7,1.41,1.72,4.16,7.28,23.85,0.911,92.51
U006,6,2025-11-02,Sunday,6,6.73,0.23,2.12,0.86,2.35,2.83,7.61,23.67,0.929,88.42
U007,6,2025-11-02,Sunday,6,7.1,0.94,3.84,1.7,3.1,2.64,6.4,22.69,0.871,95.86
U008,6,2025-11-02,Sunday,6,8.13,0.0,3.63,1.55,1.87,3.34,7.6,23.18,0.927,89.59
U009,6,2025-11-02,Sunday,6,6.55,0.31,1.5,1.82,2.18,2.48,7.28,22.96,0.925,88.72
U010,6,2025-11-02,Sunday,6,7.55,1.55,2.63,1.75,2.33,2.73,7.6,23.42,0.892,98.0
U001,6,2025-11-03,Monday,6,7.41,0.65,6.29,1.63,2.43,4.05,8.34,24.47,0.98,94.83
U002,6,2025-11-03,Monday,6,7.37,0.87,5.16,1.29,2.63,4.07,7.54,23.06,0.895,96.08
U003,6,2025-11-03,Monday,6,8.8,0.27,6.32,0.43,2.11,2.55,7.37,24.54,0.98,94.5
U004,6,2025-11-03,Monday,6,8.43,1.04,5.33,1.8,3.13,2.49,8.77,24.92,0.888,98.0
U005,6,2025-11-03,Monday,6,6.91,1.32,6.71,2.62,1.94,2.39,7.4,23.3,0.87,98.0
U006,6,2025-11-03,Monday,6,7.17,0.57,4.29,1.31,2.71,3.76,7.45,23.55,0.869,92.31
U007,6,2025-11-03,Monday,6,6.36,0.1,6.52,2.04,1.42,4.76,7.06,23.75,0.892,85.82
U008,6,2025-11-03,Monday,6,8.32,1.57,4.25,0.54,2.78,3.04,8.71,25.3,0.885,98.0
U009,6,2025-11-03,Monday,6,8.14,0.43,6.63,1.09,1.54,2.73,8.3,24.64,0.861,93.26
U010,6,2025-11-03,Monday,6,7.22,0.7,5.17,1.39,1.61,3.59,7.61,22.96,0.96,94.65
U001,6,2025-11-04,Tuesday,6,8.92,1.32,4.13,0.93,1.72,2.52,8.27,24.92,0.92,98.0
U002,6,2025-11-04,Tuesday,6,8.4,0.75,6.33,1.86,1.85,2.47,6.88,22.78,0.945,97.95
U003,6,2025-11-04,Tuesday,6,6.71,0.72,4.06,1.46,2.09,2.67,5.69,22.15,0.926,93.24
U004,6,2025-11-04,Tuesday,6,5.88,0.08,5.51,1.68,2.02,2.47,6.85,22.93,0.893,84.43
U005,6,2025-11-04,Tuesday,6,7.6,0.34,6.93,1.65,1.54,3.58,6.75,22.58,0.912,91.52
U006,6,2025-11-04,Tuesday,6,8.6,0.38,5.6,1.09,1.81,4.39,7.35,23.31,0.949,94.79
U007,6,2025-11-04,Tuesday,6,6.67,0.58,6.61,1.58,3.34,2.98,7.65,24.41,0.834,90.81
U008,6,2025-11-04,Tuesday,6,8.61,1.26,4.1,1.78,2.85,4.02,6.24,21.9,0.846,98.0
U009,6,2025-11-04,Tuesday,6,6.55,1.13,6.08,2.63,1.89,4.58,7.39,24.02,0.873,96.41
U010,6,2025-11-04,Tuesday,6,6.9,0.39,6.24,1.15,2.86,3.19,7.19,23.23,0.943,90.58
U001,6,2025-11-05,Wednesday,6,8.71,1.12,7.14,1.29,2.15,2.96,6.6,23.19,0.947,98.0
U002,6,2025-11-05,Wednesday,6,8.15,1.06,5.25,1.16,2.44,3.48,6.87,23.17,0.865,98.0
U003,6,2025-11-05,Wednesday,6,7.74,0.98,5.07,1.98,2.38,3.86,6.25,21.76,0.892,98.0
U004,6,2025-11-05,Wednesday,6,7.27,0.58,7.0,1.61,2.72,3.11,6.38,22.65,0.877,92.74
U005,6,2025-11-05,Wednesday,6,6.09,0.32,6.26,0.9,2.29,3.0,8.83,24.15,0.918,87.6
U006,6,2025-11-05,Wednesday,6,7.12,0.64,5.82,1.32,2.03,3.23,6.86,21.97,0.922,93.42
U007,6,2025-11-05,Wednesday,6,7.96,1.24,5.11,1.35,3.05,3.71,6.17,22.35,0.881,98.0
U008,6,2025-11-05,Wednesday,6,7.28,1.29,7.39,2.29,2.32,3.17,7.92,23.69,0.917,98.0
U009,6,2025-11-05,Wednesday,6,6.96,0.0,7.28,1.31,2.59,3.59,7.29,23.7,0.92,86.6
U010,6,2025-11-05,Wednesday,6,7.24,0.83,6.04,1.46,3.51,2.79,8.1,24.4,0.875,95.15
U001,6,2025-11-06,Thursday,6,7.51,1.13,5.55,1.52,2.27,4.67,7.6,23.39,0.815,98.0
U002,6,2025-11-06,Thursday,6,8.46,0.4,6.69,1.77,2.69,3.13,7.39,23.76,0.958,94.73
U003,6,2025-11-06,Thursday,6,7.48,1.47,5.57,2.02,1.68,2.65,7.09,23.16,0.901,98.0
U004,6,2025-11-06,Thursday,6,6.77,1.25,5.8,1.01,2.36,4.91,8.42,24.21,0.874,98.0
U005,6,2025-11-06,Thursday,6,6.75,1.54,4.61,1.67,2.73,4.01,6.7,22.41,0.925,98.0
U006,6,2025-11-06,Thursday,6,8.92,0.45,5.81,1.6,2.14,4.68,7.23,23.73,0.929,96.09
U007,6,2025-11-06,Thursday,6,8.74,1.14,6.89,2.67,1.15,3.71,7.08,23.83,0.923,98.0
U008,6,2025-11-06,Thursday,6,7.62,0.62,8.03,1.26,2.06,3.66,7.38,23.83,0.864,93.89
U009,6,2025-11-06,Thursday,6,7.33,0.0,7.1,0.99,2.67,3.84,7.32,23.1,0.946,87.78
U010,6,2025-11-06,Thursday,6,8.54,0.78,4.66,2.21,2.9,3.66,7.32,22.75,0.92,98.0
U001,6,2025-11-07,Friday,6,7.67,0.92,6.85,1.53,3.5,2.45,7.14,22.76,0.98,98.0
U002,6,2025-11-07,Friday,6,6.39,0.66,7.23,0.78,2.27,3.12,8.21,25.02,0.933,91.9
U003,6,2025-11-07,Friday,6,6.56,0.53,5.08,1.63,1.49,5.09,6.75,22.65,0.858,90.28
U004,6,2025-11-07,Friday,6,7.67,1.08,6.18,1.45,1.96,3.2,7.72,23.91,0.925,98.0
U005,6,2025-11-07,Friday,6,7.36,0.73,5.73,0.98,2.21,3.58,7.56,24.22,0.945,95.15
U006,6,2025-11-07,Friday,6,8.07,1.08,5.15,1.35,2.27,2.87,8.22,24.97,0.98,98.0
U007,6,2025-11-07,Friday,6,7.33,0.47,5.9,0.84,2.49,3.45,7.38,23.56,0.892,91.95
U008,6,2025-11-07,Friday,6,7.41,0.0,4.81,2.48,2.09,3.11,8.0,24.01,0.899,87.52
U009,6,2025-11-07,Friday,6,6.76,0.41,6.91,1.33,2.83,3.99,7.52,23.79,0.951,90.51
U010,6,2025-11-07,Friday,6,5.84,1.26,5.1,2.72,2.01,4.23,8.15,23.98,0.892,96.12
U001,6,2025-11-08,Saturday,6,7.27,1.35,2.44,1.44,2.83,2.94,7.66,24.1,0.882,98.0
U002,6,2025-11-08,Saturday,6,7.58,1.18,2.03,1.1,1.94,1.87,7.42,23.54,0.865,98.0
U003,6,2025-11-08,Saturday,6,7.31,0.72,1.69,2.2,2.55,3.14,7.86,23.04,0.879,94.27
U004,6,2025-11-08,Saturday,6,7.83,0.48,2.17,0.79,2.06,3.64,7.46,23.02,0.834,92.72
U005,6,2025-11-08,Saturday,6,7.2,0.31,1.96,2.23,2.17,2.23,7.74,23.67,0.902,90.12
U006,6,2025-11-08,Saturday,6,8.27,0.65,3.82,1.11,2.13,3.16,8.16,24.2,0.917,96.34
U007,6,2025-11-08,Saturday,6,7.43,0.56,3.5,1.59,3.17,3.65,8.36,24.28,0.927,93.44
U008,6,2025-11-08,Saturday,6,7.35,0.19,3.83,0.68,1.71,4.0,7.78,23.63,0.911,89.39
U009,6,2025-11-08,Saturday,6,6.73,1.04,3.75,2.46,1.72,3.65,7.09,23.3,0.899,96.22
U010,6,2025-11-08,Saturday,6,8.57,0.86,2.16,0.87,2.73,4.62,7.69,23.45,0.902,98.0
U001,7,2025-11-09,Sunday,7,7.14,0.8,4.18,1.67,1.94,2.98,8.11,23.67,0.863,94.48
U002,7,2025-11-09,Sunday,7,7.87,0.96,4.46,2.38,2.37,2.22,8.56,24.15,0.927,98.0
U003,7,2025-11-09,Sunday,7,7.16,1.31,2.09,0.66,2.39,3.31,7.23,22.82,0.857,98.0
U004,7,2025-11-09,Sunday,7,7.65,0.33,3.17,1.58,1.92,3.2,6.45,22.99,0.911,91.53
U005,7,2025-11-09,Sunday,7,7.39,0.24,4.59,1.78,3.34,2.38,8.43,23.71,0.92,90.08
U006,7,2025-11-09,Sunday,7,8.47,0.8,2.71,1.76,1.89,1.88,6.94,22.67,0.873,97.91
U007,7,2025-11-09,Sunday,7,7.75,0.44,1.5,1.98,2.54,2.77,7.75,24.25,0.967,93.45
U008,7,2025-11-09,Sunday,7,8.05,0.45,2.32,1.32,2.2,3.19,7.98,24.07,0.945,94.08
U009,7,2025-11-09,Sunday,7,7.16,0.55,3.6,1.92,1.28,4.04,7.13,23.22,0.863,92.03
U010,7,2025-11-09,Sunday,7,7.17,0.52,3.89,0.84,2.86,4.56,7.36,23.5,0.969,92.81
U001,7,2025-11-10,Monday,7,8.08,0.3,4.75,1.23,2.6,3.08,8.13,23.67,0.908,92.28
U002,7,2025-11-10,Monday,7,6.87,1.25,7.29,1.15,2.14,4.04,7.45,23.69,0.949,98.0
U003,7,2025-11-10,Monday,7,6.85,0.66,6.45,1.39,2.53,3.15,7.14,22.71,0.89,92.62
U004,7,2025-11-10,Monday,7,7.97,1.11,5.43,0.98,2.25,2.47,7.56,23.2,0.974,98.0
U005,7,2025-11-10,Monday,7,7.74,0.68,4.25,0.9,2.3,2.76,7.46,23.36,0.888,95.03
U006,7,2025-11-10,Monday,7,7.23,0.35,5.51,1.71,1.98,3.72,8.14,24.58,0.854,90.12
U007,7,2025-11-10,Monday,7,8.16,0.28,6.94,1.51,1.95,2.77,6.9,22.2,0.944,92.64
U008,7,2025-11-10,Monday,7,8.01,0.73,6.36,1.81,1.84,2.35,8.32,23.66,0.98,97.12
U009,7,2025-11-10,Monday,7,6.18,0.36,6.42,1.32,2.28,3.45,8.54,24.54,0.852,87.57
U010,7,2025-11-10,Monday,7,7.49,0.7,6.52,2.21,1.99,2.26,7.45,24.2,0.852,94.24
U001,7,2025-11-11,Tuesday,7,7.48,0.97,5.7,1.77,2.2,3.51,6.92,22.45,0.905,97.45
U002,7,2025-11-11,Tuesday,7,6.75,0.0,6.9,0.28,1.66,5.25,7.27,22.7,0.911,85.98
U003,7,2025-11-11,Tuesday,7,7.19,1.03,5.45,1.42,1.96,4.48,7.85,23.69,0.877,97.04
U004,7,2025-11-11,Tuesday,7,8.25,0.95,4.73,0.93,2.3,2.64,7.16,23.23,0.95,98.0
U005,7,2025-11-11,Tuesday,7,6.96,1.04,6.95,0.99,1.5,3.15,6.58,22.3,0.855,96.35
U006,7,2025-11-11,Tuesday,7,6.99,0.04,3.22,0.66,2.24,3.51,6.92,22.98,0.98,87.67
U007,7,2025-11-11,Tuesday,7,6.76,0.6,6.4,1.76,1.85,4.15,6.67,22.02,0.903,91.93
U008,7,2025-11-11,Tuesday,7,8.32,0.65,4.43,1.44,2.81,1.91,6.56,22.31,0.909,96.39
U009,7,2025-11-11,Tuesday,7,6.06,1.21,6.17,1.88,2.03,4.34,7.31,23.03,0.891,96.16
U010,7,2025-11-11,Tuesday,7,8.53,0.53,7.45,1.16,2.13,2.47,7.09,23.63,0.934,95.97
U001,7,2025-11-12,Wednesday,7,9.07,0.95,5.81,1.38,1.65,2.5,6.68,23.04,0.891,98.0
U002,7,2025-11-12,Wednesday,7,7.56,0.58,4.88,2.47,1.8,2.41,7.35,23.85,0.802,92.72
U003,7,2025-11-12,Wednesday,7,8.12,1.03,5.96,1.66,2.66,3.57,7.81,23.44,0.894,98.0
U004,7,2025-11-12,Wednesday,7,8.08,0.44,4.6,2.26,1.58,3.55,6.97,23.42,0.973,94.33
U005,7,2025-11-12,Wednesday,7,7.41,1.1,5.5,1.1,2.47,2.01,6.85,22.58,0.933,98.0
U006,7,2025-11-12,Wednesday,7,7.71,0.22,5.78,2.13,2.43,3.34,7.18,23.21,0.938,90.86
U007,7,2025-11-12,Wednesday,7,7.59,0.97,4.87,2.09,2.52,2.25,8.33,24.82,0.933,98.0
U008,7,2025-11-12,Wednesday,7,8.31,0.55,4.76,2.49,1.72,2.3,7.39,23.08,0.91,95.38
U009,7,2025-11-12,Wednesday,7,8.32,0.39,6.42,1.67,1.99,2.05,9.03,25.02,0.856,93.26
U010,7,2025-11-12,Wednesday,7,7.31,0.68,4.55,1.69,2.25,2.32,7.44,23.34,0.98,94.88
U001,7,2025-11-13,Thursday,7,6.06,0.61,6.25,1.86,2.03,1.65,6.71,23.27,0.893,90.18
U002,7,2025-11-13,Thursday,7,6.92,1.13,6.4,1.68,3.21,2.98,7.51,23.15,0.954,98.0
U003,7,2025-11-13,Thursday,7,7.31,0.73,5.78,1.37,2.42,2.56,7.56,24.02,0.972,95.3
U004,7,2025-11-13,Thursday,7,8.0,0.71,6.94,1.6,1.73,3.25,8.46,24.66,0.904,96.14
U005,7,2025-11-13,Thursday,7,6.54,0.44,7.29,2.02,2.46,3.8,7.34,23.58,0.903,89.78
U006,7,2025-11-13,Thursday,7,7.4,0.79,5.71,1.95,2.31,2.49,7.69,23.83,0.936,95.76
U007,7,2025-11-13,Thursday,7,8.3,0.68,6.36,1.5,1.18,3.88,7.23,23.08,0.837,95.92
U008,7,2025-11-13,Thursday,7,8.75,1.12,4.62,1.69,2.75,2.31,9.0,24.79,0.892,98.0
U009,7,2025-11-13,Thursday,7,7.28,1.11,6.04,1.59,2.01,1.89,7.55,23.5,0.909,98.0
U010,7,2025-11-13,Thursday,7,6.87,1.21,5.17,2.01,1.99,2.38,6.87,22.98,0.98,98.0
U001,7,2025-11-14,Friday,7,7.41,0.66,6.63,1.14,1.47,2.09,7.85,23.95,0.875,93.88
U002,7,2025-11-14,Friday,7,7.05,0.99,6.52,1.09,2.87,3.79,7.46,23.27,0.928,96.81
U003,7,2025-11-14,Friday,7,9.35,1.0,4.61,1.38,2.2,3.76,7.2,23.08,0.876,98.0
U004,7,2025-11-14,Friday,7,7.18,0.88,5.81,1.9,2.2,3.51,7.4,22.7,0.899,95.74
U005,7,2025-11-14,Friday,7,6.9,0.77,4.83,1.53,1.34,2.78,7.43,23.81,0.966,94.61
U006,7,2025-11-14,Friday,7,6.89,0.81,4.37,1.01,2.83,4.94,8.67,24.93,0.897,94.29
U007,7,2025-11-14,Friday,7,7.41,0.86,7.22,2.43,2.46,3.63,7.25,23.59,0.862,95.75
U008,7,2025-11-14,Friday,7,7.33,0.42,5.15,1.7,2.23,2.32,7.48,23.02,0.942,91.95
U009,7,2025-11-14,Friday,7,7.52,0.6,5.04,2.28,2.46,2.58,7.17,22.59,0.908,93.88
U010,7,2025-11-14,Friday,7,8.34,0.22,5.18,1.33,2.37,4.49,7.65,23.27,0.847,91.52
U001,7,2025-11-15,Saturday,7,7.75,0.13,3.51,1.15,2.47,2.17,8.84,24.26,0.913,89.8
U002,7,2025-11-15,Saturday,7,6.37,1.29,1.92,1.04,2.34,4.13,8.1,23.73,0.753,96.36
U003,7,2025-11-15,Saturday,7,8.29,0.52,1.5,2.41,2.57,3.18,6.53,22.16,0.942,95.34
U004,7,2025-11-15,Saturday,7,6.55,0.6,2.5,1.71,1.76,3.31,8.03,23.56,0.913,91.5
U005,7,2025-11-15,Saturday,7,8.17,0.8,4.03,1.96,2.5,2.94,7.79,24.36,0.914,97.56
U006,7,2025-11-15,Saturday,7,8.61,0.0,3.2,1.87,1.79,3.98,7.48,23.26,0.958,91.11
U007,7,2025-11-15,Saturday,7,7.72,0.66,2.61,1.89,2.77,3.15,8.74,24.66,0.84,94.3
U008,7,2025-11-15,Saturday,7,8.1,0.7,2.71,1.68,2.4,3.28,8.44,24.61,0.98,97.05
U009,7,2025-11-15,Saturday,7,7.43,0.14,3.31,0.8,2.85,3.61,8.65,24.92,0.895,88.93
U010,7,2025-11-15,Saturday,7,8.12,0.74,3.77,1.4,2.26,3.5,7.67,24.32,0.928,96.98
U001,8,2025-11-16,Sunday,8,8.83,0.18,2.98,0.53,2.35,3.2,7.29,22.92,0.91,92.97
U002,8,2025-11-16,Sunday,8,7.96,0.5,2.64,1.6,2.02,2.49,7.24,23.99,0.966,94.56
U003,8,2025-11-16,Sunday,8,7.79,0.53,3.46,2.0,2.15,2.46,8.42,24.47,0.903,93.8
U004,8,2025-11-16,Sunday,8,7.51,0.0,3.36,2.58,2.29,3.73,8.15,23.62,0.956,88.34
U005,8,2025-11-16,Sunday,8,6.46,0.53,2.52,1.2,1.47,2.05,7.57,23.78,0.908,90.53
U006,8,2025-11-16,Sunday,8,8.89,1.07,3.56,2.01,2.37,3.17,7.44,23.36,0.943,98.0
U007,8,2025-11-16,Sunday,8,7.55,0.61,3.2,0.78,2.47,2.36,7.41,23.47,0.952,94.49
U008,8,2025-11-16,Sunday,8,7.46,0.48,3.12,2.06,1.72,5.03,6.93,22.37,0.98,93.25
U009,8,2025-11-16,Sunday,8,7.71,0.84,3.53,2.2,1.4,2.56,7.52,23.23,0.89,96.58
U010,8,2025-11-16,Sunday,8,7.5,0.36,2.63,2.21,2.1,2.86,7.1,23.6,0.954,91.89
U001,8,2025-11-17,Monday,8,6.64,0.87,5.46,1.41,2.72,2.53,7.72,22.72,0.862,93.92
U002,8,2025-11-17,Monday,8,8.27,0.83,6.11,0.66,2.25,2.26,7.58,23.66,0.886,97.83
U003,8,2025-11-17,Monday,8,7.55,0.5,4.3,0.72,1.85,3.92,7.25,23.11,0.892,92.8
U004,8,2025-11-17,Monday,8,7.49,0.62,3.65,0.9,2.9,4.45,6.88,22.44,0.893,93.85
U005,8,2025-11-17,Monday,8,7.56,0.66,7.61,1.75,2.37,3.65,6.99,22.62,0.908,94.58
U006,8,2025-11-17,Monday,8,8.36,0.75,4.96,2.48,3.12,1.54,7.61,23.89,0.932,97.72
U007,8,2025-11-17,Monday,8,7.96,0.7,6.52,1.52,1.12,3.04,8.1,23.79,0.956,96.46
U008,8,2025-11-17,Monday,8,8.13,1.14,4.0,0.71,2.25,1.67,7.98,23.7,0.849,98.0
U009,8,2025-11-17,Monday,8,7.87,0.81,7.01,2.07,2.95,4.29,8.44,23.98,0.942,97.2
U010,8,2025-11-17,Monday,8,7.15,0.65,4.4,1.7,2.72,2.63,7.76,23.51,0.859,92.97
U001,8,2025-11-18,Tuesday,8,7.64,0.81,6.21,0.66,2.74,2.54,7.23,23.37,0.906,96.26
U002,8,2025-11-18,Tuesday,8,7.47,0.54,6.88,1.34,1.33,3.25,7.81,23.84,0.98,93.88
U003,8,2025-11-18,Tuesday,8,7.44,0.43,5.44,1.73,2.3,3.85,7.11,22.67,0.884,91.74
U004,8,2025-11-18,Tuesday,8,6.93,0.28,5.88,1.25,3.0,1.94,6.8,22.9,0.936,89.48
U005,8,2025-11-18,Tuesday,8,7.46,0.3,5.62,1.55,2.25,2.75,8.27,24.11,0.815,89.8
U006,8,2025-11-18,Tuesday,8,7.27,0.97,4.1,1.96,2.23,3.52,6.43,21.53,0.835,96.22
U007,8,2025-11-18,Tuesday,8,6.86,0.35,6.2,0.73,3.21,3.43,8.09,24.44,0.941,90.06
U008,8,2025-11-18,Tuesday,8,8.78,0.63,5.81,1.6,2.16,3.33,6.73,22.87,0.952,97.77
U009,8,2025-11-18,Tuesday,8,7.4,0.74,6.89,0.94,2.4,2.61,7.41,24.09,0.84,94.3
U010,8,2025-11-18,Tuesday,8,8.05,1.35,4.47,1.3,1.94,4.38,7.91,23.15,0.813,98.0
U001,8,2025-11-19,Wednesday,8,8.27,0.98,7.41,2.66,2.55,2.83,7.81,24.0,0.941,98.0
U002,8,2025-11-19,Wednesday,8,8.46,0.69,6.21,1.87,1.78,3.29,8.79,24.59,0.953,97.58
U003,8,2025-11-19,Wednesday,8,8.31,0.65,4.43,1.45,3.48,2.59,7.64,23.95,0.862,95.9
U004,8,2025-11-19,Wednesday,8,7.13,0.79,4.87,1.92,1.85,2.89,7.2,23.48,0.937,95.1
U005,8,2025-11-19,Wednesday,8,7.7,0.57,8.23,1.39,2.93,3.29,7.51,23.33,0.884,93.79
U006,8,2025-11-19,Wednesday,8,7.3,0.46,6.11,1.58,2.08,4.68,7.85,23.77,0.876,91.61
U007,8,2025-11-19,Wednesday,8,8.12,0.38,6.05,1.18,2.03,4.27,6.48,22.0,0.842,92.52
U008,8,2025-11-19,Wednesday,8,7.75,0.62,6.47,0.55,1.71,3.74,7.83,23.41,0.938,94.95
U009,8,2025-11-19,Wednesday,8,7.5,1.14,6.96,1.09,1.11,2.58,6.69,22.4,0.922,98.0
U010,8,2025-11-19,Wednesday,8,7.85,1.18,5.79,1.26,2.94,2.99,8.11,24.39,0.811,98.0
U001,8,2025-11-20,Thursday,8,7.54,0.21,6.96,1.11,1.24,3.62,6.95,23.08,0.869,89.64
U002,8,2025-11-20,Thursday,8,8.01,0.77,6.23,1.71,1.55,3.44,8.04,24.5,0.946,97.19
U003,8,2025-11-20,Thursday,8,8.35,0.56,4.92,1.19,1.73,3.34,6.96,23.28,0.94,95.88
U004,8,2025-11-20,Thursday,8,7.43,0.77,5.85,1.74,1.06,3.64,7.21,23.17,0.98,96.08
U005,8,2025-11-20,Thursday,8,7.01,0.27,5.75,1.86,1.51,3.43,8.2,24.36,0.906,89.29
U006,8,2025-11-20,Thursday,8,7.01,1.0,6.01,2.08,2.21,3.78,7.95,24.01,0.92,96.73
U007,8,2025-11-20,Thursday,8,6.85,1.29,3.54,1.78,2.36,3.03,6.94,22.12,0.883,98.0
U008,8,2025-11-20,Thursday,8,8.22,0.28,6.39,1.4,3.04,3.54,8.68,25.15,0.921,92.56
U009,8,2025-11-20,Thursday,8,8.0,0.86,6.55,1.8,2.28,2.74,7.78,23.81,0.88,97.4
U010,8,2025-11-20,Thursday,8,9.11,0.88,5.69,1.48,2.1,2.71,7.47,23.69,0.931,98.0
U001,8,2025-11-21,Friday,8,6.92,0.37,4.38,2.38,3.3,2.37,7.14,23.35,0.968,90.68
U002,8,2025-11-21,Friday,8,6.34,1.52,6.15,1.93,2.15,3.42,7.34,23.68,0.893,98.0
U003,8,2025-11-21,Friday,8,8.39,1.03,5.12,2.07,2.99,3.85,7.16,23.14,0.939,98.0
U004,8,2025-11-21,Friday,8,7.82,0.53,4.12,1.46,2.04,3.77,8.04,24.35,0.959,94.44
U005,8,2025-11-21,Friday,8,6.92,0.81,6.77,1.79,1.96,4.2,7.77,23.26,0.905,94.45
U006,8,2025-11-21,Friday,8,7.76,0.72,5.44,0.98,2.52,1.72,7.1,22.47,0.951,96.11
U007,8,2025-11-21,Friday,8,8.05,0.16,5.06,1.86,1.88,2.48,7.15,23.11,0.905,90.77
U008,8,2025-11-21,Friday,8,6.99,0.33,6.49,1.74,1.89,3.09,7.35,23.67,0.866,89.43
U009,8,2025-11-21,Friday,8,6.89,1.07,6.12,1.81,2.31,3.68,8.21,24.03,0.877,96.69
U010,8,2025-11-21,Friday,8,8.34,1.19,5.58,1.43,2.17,2.58,7.73,23.45,0.883,98.0
U001,8,2025-11-22,Saturday,8,7.39,1.57,2.29,1.28,2.49,1.77,8.25,24.65,0.936,98.0
U002,8,2025-11-22,Saturday,8,7.22,0.13,2.86,2.58,2.04,3.81,8.91,25.26,0.878,88.13
U003,8,2025-11-22,Saturday,8,7.87,1.5,2.62,1.15,2.57,3.82,7.26,22.79,0.937,98.0
U004,8,2025-11-22,Saturday,8,6.78,0.74,2.59,2.24,1.63,1.99,7.54,23.98,0.928,93.63
U005,8,2025-11-22,Saturday,8,7.41,0.73,1.5,1.43,1.72,3.85,7.84,23.83,0.882,94.65
U006,8,2025-11-22,Saturday,8,8.06,0.76,2.72,1.98,2.07,3.17,7.47,23.65,0.853,96.28
U007,8,2025-11-22,Saturday,8,6.74,1.41,2.32,1.39,2.43,5.14,8.1,24.2,0.98,98.0
U008,8,2025-11-22,Saturday,8,7.85,0.39,2.92,1.25,1.57,4.81,7.76,23.72,0.98,93.33
U009,8,2025-11-22,Saturday,8,8.6,0.56,1.66,1.45,2.07,2.53,7.31,23.44,0.98,96.9
U010,8,2025-11-22,Saturday,8,7.35,0.35,1.5,1.3,3.08,2.54,7.37,23.15,0.929,91.17
U001,9,2025-11-23,Sunday,9,8.09,0.37,1.68,2.02,2.25,2.04,8.01,23.85,0.84,92.33
U002,9,2025-11-23,Sunday,9,6.74,0.79,1.5,1.4,2.27,3.65,7.69,23.8,0.856,93.31
U003,9,2025-11-23,Sunday,9,6.93,0.91,3.44,1.86,2.16,4.74,8.1,23.94,0.98,96.22
U004,9,2025-11-23,Sunday,9,7.25,0.44,1.65,2.18,2.64,2.97,7.71,23.87,0.98,92.33
U005,9,2025-11-23,Sunday,9,7.48,1.21,3.06,2.18,1.84,3.14,7.21,23.53,0.859,98.0
U006,9,2025-11-23,Sunday,9,7.74,1.37,3.88,1.07,2.36,1.96,8.41,24.5,0.977,98.0
U007,9,2025-11-23,Sunday,9,8.65,0.19,1.86,1.68,2.25,3.21,7.64,23.77,0.966,93.19
U008,9,2025-11-23,Sunday,9,7.8,1.14,3.27,1.05,2.6,3.0,7.26,23.77,0.852,98.0
U009,9,2025-11-23,Sunday,9,7.7,0.56,3.09,0.71,2.89,4.24,8.84,25.24,0.932,94.17
U010,9,2025-11-23,Sunday,9,7.9,0.57,2.7,2.09,2.2,2.0,7.51,23.11,0.889,94.34
U001,9,2025-11-24,Monday,9,8.47,0.0,6.79,0.83,2.45,3.54,8.17,24.04,0.803,89.2
U002,9,2025-11-24,Monday,9,7.27,0.87,6.43,1.18,2.15,2.46,7.36,24.14,0.962,96.5
U003,9,2025-11-24,Monday,9,7.78,0.38,6.41,1.15,2.41,3.11,7.84,23.6,0.963,92.88
U004,9,2025-11-24,Monday,9,7.26,0.75,7.94,1.07,2.35,3.82,7.84,24.08,0.948,95.13
U005,9,2025-11-24,Monday,9,6.96,0.95,5.71,2.55,2.34,4.95,6.98,22.53,0.928,96.18
U006,9,2025-11-24,Monday,9,8.26,1.32,5.12,1.77,1.83,2.43,8.56,24.24,0.942,98.0
U007,9,2025-11-24,Monday,9,7.67,0.38,7.23,1.77,1.77,3.03,8.38,24.92,0.844,91.41
U008,9,2025-11-24,Monday,9,7.88,0.74,4.63,1.61,2.33,2.82,8.72,24.89,0.966,96.76
U009,9,2025-11-24,Monday,9,7.58,0.26,7.54,1.08,2.55,5.58,7.16,24.33,0.935,90.9
U010,9,2025-11-24,Monday,9,8.84,0.23,5.35,1.81,2.41,4.2,6.52,22.8,0.959,93.99
U001,9,2025-11-25,Tuesday,9,7.36,1.1,6.89,1.84,1.86,2.17,7.95,24.61,0.937,98.0
U002,9,2025-11-25,Tuesday,9,7.99,0.89,6.18,1.63,2.08,3.9,8.04,23.83,0.929,98.0
U003,9,2025-11-25,Tuesday,9,8.51,0.2,4.77,1.61,2.98,2.4,7.59,23.65,0.943,92.71
U004,9,2025-11-25,Tuesday,9,9.02,1.43,6.66,1.04,3.16,3.7,6.93,22.94,0.958,98.0
U005,9,2025-11-25,Tuesday,9,6.92,0.39,4.97,1.15,1.72,4.54,8.86,24.84,0.84,89.6
U006,9,2025-11-25,Tuesday,9,7.36,1.0,5.3,1.25,2.25,2.19,7.7,23.58,0.811,96.51
U007,9,2025-11-25,Tuesday,9,6.46,0.4,6.35,2.3,1.45,3.32,7.76,23.9,0.932,89.47
U008,9,2025-11-25,Tuesday,9,7.25,0.02,5.37,1.47,1.79,1.7,7.76,23.69,0.874,87.06
U009,9,2025-11-25,Tuesday,9,6.23,0.61,6.62,1.81,2.09,3.12,7.22,23.64,0.838,90.05
U010,9,2025-11-25,Tuesday,9,9.06,1.14,6.31,1.82,1.61,1.76,7.47,24.02,0.93,98.0
U001,9,2025-11-26,Wednesday,9,6.9,0.73,5.39,1.82,1.51,1.16,8.05,23.62,0.88,93.35
U002,9,2025-11-26,Wednesday,9,7.71,1.21,6.26,1.14,1.82,1.86,8.7,24.52,0.867,98.0
U003,9,2025-11-26,Wednesday,9,8.79,0.57,3.86,1.43,2.32,2.86,7.56,24.17,0.962,97.3
U004,9,2025-11-26,Wednesday,9,7.1,1.23,6.37,1.44,1.88,2.87,7.12,23.43,0.872,98.0
U005,9,2025-11-26,Wednesday,9,6.16,0.43,6.72,1.92,3.02,2.97,8.0,24.28,0.937,89.07
U006,9,2025-11-26,Wednesday,9,6.42,1.22,5.14,0.66,1.79,3.26,7.19,23.18,0.904,97.29
U007,9,2025-11-26,Wednesday,9,8.56,0.69,5.94,0.92,1.88,1.49,7.59,23.85,0.782,96.12
U008,9,2025-11-26,Wednesday,9,9.57,0.55,5.82,1.92,2.66,3.72,7.04,23.24,0.858,98.0
U009,9,2025-11-26,Wednesday,9,6.92,1.49,6.53,1.21,1.7,1.92,7.0,23.3,0.889,98.0
U010,9,2025-11-26,Wednesday,9,7.62,0.68,6.25,1.11,1.8,3.64,7.07,23.4,0.907,94.92
U001,9,2025-11-27,Thursday,9,7.94,0.9,5.83,1.19,1.78,3.5,7.37,23.73,0.929,98.0
U002,9,2025-11-27,Thursday,9,7.03,0.79,6.74,1.38,1.75,3.67,7.64,23.47,0.912,94.6
U003,9,2025-11-27,Thursday,9,7.3,0.67,3.71,1.34,2.79,4.92,7.31,22.78,0.898,93.93
U004,9,2025-11-27,Thursday,9,7.3,0.09,6.07,1.79,2.1,3.29,7.52,23.24,0.913,88.28
U005,9,2025-11-27,Thursday,9,7.16,0.62,5.98,1.74,2.29,3.51,7.92,23.85,0.902,93.12
U006,9,2025-11-27,Thursday,9,8.2,0.56,6.85,0.48,1.92,3.52,7.6,23.38,0.908,95.18
U007,9,2025-11-27,Thursday,9,8.65,1.24,6.9,1.84,1.14,2.37,7.68,23.41,0.894,98.0
U008,9,2025-11-27,Thursday,9,8.19,0.28,3.61,1.37,1.73,1.93,7.87,24.05,0.938,92.65
U009,9,2025-11-27,Thursday,9,7.72,0.85,7.72,1.49,1.6,1.04,8.27,24.02,0.817,95.97
U010,9,2025-11-27,Thursday,9,7.76,0.28,7.24,1.86,1.29,4.33,6.01,22.42,0.878,90.98
U001,9,2025-11-28,Friday,9,7.47,0.27,6.41,1.86,2.06,2.62,7.86,23.81,0.98,91.17
U002,9,2025-11-28,Friday,9,6.58,0.41,5.47,1.64,2.48,3.51,7.28,23.08,0.98,90.35
U003,9,2025-11-28,Friday,9,8.36,0.0,4.69,1.68,1.5,3.83,8.13,24.07,0.871,89.61
U004,9,2025-11-28,Friday,9,7.21,0.55,5.14,1.6,1.64,3.92,8.25,24.72,0.98,93.33
U005,9,2025-11-28,Friday,9,5.52,0.68,6.3,2.34,2.39,2.56,6.27,22.51,0.945,90.05
U006,9,2025-11-28,Friday,9,6.89,0.7,6.96,1.8,3.09,2.89,6.3,22.22,0.925,93.47
U007,9,2025-11-28,Friday,9,7.85,0.64,5.46,1.26,1.42,3.47,7.71,23.59,0.962,95.65
U008,9,2025-11-28,Friday,9,7.88,0.35,7.29,1.29,1.7,2.63,7.89,23.8,0.822,91.42
U009,9,2025-11-28,Friday,9,6.44,0.33,9.0,1.46,1.87,2.36,7.42,24.02,0.944,88.84
U010,9,2025-11-28,Friday,9,6.85,0.51,6.47,0.67,2.49,4.02,7.5,22.42,0.897,91.19
U001,9,2025-11-29,Saturday,9,7.09,1.23,2.19,1.03,1.64,5.4,7.41,23.62,0.853,98.0
U002,9,2025-11-29,Saturday,9,6.95,0.28,3.59,1.99,2.79,3.64,6.53,22.83,0.975,89.92
U003,9,2025-11-29,Saturday,9,7.97,0.83,3.22,2.16,2.54,2.51,6.69,22.9,0.98,98.0
U004,9,2025-11-29,Saturday,9,6.43,0.86,2.21,2.17,2.34,1.61,6.89,22.62,0.932,94.0
U005,9,2025-11-29,Saturday,9,6.99,0.25,2.05,1.79,2.27,2.76,7.03,23.28,0.899,88.96
U006,9,2025-11-29,Saturday,9,7.86,0.3,2.08,0.75,1.44,3.4,7.82,24.6,0.906,91.71
U007,9,2025-11-29,Saturday,9,8.16,0.84,2.89,0.99,3.07,3.38,5.85,22.51,0.91,97.9
U008,9,2025-11-29,Saturday,9,6.25,0.69,2.78,1.14,2.63,2.38,6.94,23.01,0.954,92.06
U009,9,2025-11-29,Saturday,9,6.19,0.37,2.4,1.79,2.67,3.79,8.21,24.24,0.861,87.78
U010,9,2025-11-29,Saturday,9,7.14,0.15,2.22,2.03,2.31,2.85,7.57,23.61,0.913,88.48
U001,10,2025-11-30,Sunday,10,7.81,0.92,2.75,1.73,3.11,3.27,6.89,23.15,0.882,97.55
U002,10,2025-11-30,Sunday,10,7.68,0.67,2.58,1.32,2.42,3.06,7.87,23.47,0.917,95.07
U003,10,2025-11-30,Sunday,10,6.66,0.66,2.37,1.74,1.68,1.63,7.6,23.81,0.96,92.85
U004,10,2025-11-30,Sunday,10,7.28,0.0,3.36,1.24,1.27,2.92,7.27,23.78,0.883,87.03
U005,10,2025-11-30,Sunday,10,6.58,0.79,2.81,1.63,2.73,3.22,6.88,22.61,0.854,92.89
U006,10,2025-11-30,Sunday,10,6.26,0.61,2.33,1.01,3.41,3.4,8.24,24.58,0.959,91.34
U007,10,2025-11-30,Sunday,10,7.38,0.11,1.73,1.44,0.96,2.78,7.78,23.35,0.936,88.91
U008,10,2025-11-30,Sunday,10,8.92,1.12,1.95,2.77,2.28,3.39,7.49,23.04,0.975,98.0
U009,10,2025-11-30,Sunday,10,7.79,0.21,2.53,0.97,2.33,1.99,7.44,23.88,0.937,90.94
U010,10,2025-11-30,Sunday,10,8.31,0.32,2.29,1.19,1.88,2.03,7.16,23.42,0.91,93.08
U001,10,2025-12-01,Monday,10,8.96,0.72,6.69,1.04,2.33,3.27,8.47,24.85,0.957,98.0
U002,10,2025-12-01,Monday,10,7.53,0.44,5.8,2.03,1.06,2.91,7.94,23.48,0.931,92.54
U003,10,2025-12-01,Monday,10,8.42,0.72,4.53,1.99,2.56,2.07,7.65,23.36,0.873,96.98
U004,10,2025-12-01,Monday,10,7.52,0.73,5.02,1.02,2.78,2.18,8.2,23.51,0.905,95.15
U005,10,2025-12-01,Monday,10,7.62,0.67,7.73,2.12,2.04,3.68,7.66,23.4,0.973,95.48
U006,10,2025-12-01,Monday,10,8.06,0.95,6.18,1.18,2.19,2.69,7.6,23.29,0.889,98.0
U007,10,2025-12-01,Monday,10,8.26,0.18,6.89,1.48,2.49,3.3,6.46,22.04,0.884,91.29
U008,10,2025-12-01,Monday,10,8.01,0.84,5.68,1.12,2.83,3.09,8.41,24.05,0.98,98.0
U009,10,2025-12-01,Monday,10,7.04,0.91,6.4,1.82,2.63,3.62,7.33,23.54,0.98,96.5
U010,10,2025-12-01,Monday,10,7.54,0.81,5.68,1.63,2.11,2.56,7.13,23.47,0.889,95.84
U001,10,2025-12-02,Tuesday,10,7.38,0.71,5.77,1.35,2.6,1.0,7.46,23.42,0.903,94.58
U002,10,2025-12-02,Tuesday,10,7.18,0.56,5.92,1.29,2.37,1.18,7.99,24.46,0.857,92.12
U003,10,2025-12-02,Tuesday,10,7.58,0.99,5.33,1.14,2.47,3.05,8.32,24.27,0.761,96.46
U004,10,2025-12-02,Tuesday,10,6.22,0.0,5.26,1.76,2.85,3.44,6.87,22.56,0.978,85.33
U005,10,2025-12-02,Tuesday,10,7.15,0.68,6.6,1.0,2.46,2.97,6.71,22.3,0.845,93.12
U006,10,2025-12-02,Tuesday,10,8.28,0.7,4.68,1.53,2.21,3.7,6.53,22.49,0.916,96.86
U007,10,2025-12-02,Tuesday,10,8.0,0.58,5.75,1.29,2.14,2.41,7.58,23.58,0.942,95.22
U008,10,2025-12-02,Tuesday,10,7.0,0.4,4.23,1.75,2.28,3.16,7.42,23.55,0.927,90.77
U009,10,2025-12-02,Tuesday,10,7.54,0.69,5.83,1.0,2.46,2.58,6.26,22.41,0.866,94.41
U010,10,2025-12-02,Tuesday,10,7.2,0.57,6.17,1.99,2.44,2.04,7.52,22.89,0.977,93.47
U001,10,2025-12-03,Wednesday,10,6.71,0.26,6.7,1.76,1.65,3.51,6.59,22.84,0.866,88.03
U002,10,2025-12-03,Wednesday,10,9.11,0.14,8.2,1.64,2.46,3.13,7.45,23.51,0.934,93.52
U003,10,2025-12-03,Wednesday,10,7.1,0.9,4.18,1.49,3.39,3.9,8.06,25.15,0.929,96.04
U004,10,2025-12-03,Wednesday,10,6.48,1.07,5.52,1.69,2.59,2.8,7.4,23.8,0.87,95.6
U005,10,2025-12-03,Wednesday,10,7.2,0.73,6.45,1.89,2.65,4.49,7.65,24.35,0.963,94.93
U006,10,2025-12-03,Wednesday,10,6.85,0.94,5.88,1.74,2.69,3.57,7.12,23.63,0.947,96.0
U007,10,2025-12-03,Wednesday,10,7.86,0.38,8.16,1.78,1.6,2.75,7.71,23.99,0.883,92.28
U008,10,2025-12-03,Wednesday,10,8.2,0.81,5.52,1.2,2.71,3.53,8.12,23.82,0.841,97.01
U009,10,2025-12-03,Wednesday,10,6.5,0.71,7.14,1.65,2.69,4.21,7.9,23.61,0.893,92.28
U010,10,2025-12-03,Wednesday,10,8.37,0.64,6.36,0.68,2.06,3.61,7.96,23.4,0.969,97.02
U001,10,2025-12-04,Thursday,10,8.29,0.92,5.88,0.46,2.46,2.47,7.45,23.6,0.977,98.0
U002,10,2025-12-04,Thursday,10,6.9,1.25,6.2,0.71,2.88,3.95,7.31,23.28,0.98,98.0
U003,10,2025-12-04,Thursday,10,8.0,1.47,5.11,0.99,2.21,3.59,6.46,21.78,0.918,98.0
U004,10,2025-12-04,Thursday,10,8.3,0.56,5.4,1.77,1.74,2.43,7.38,23.82,0.818,94.53
U005,10,2025-12-04,Thursday,10,9.19,0.69,5.48,1.28,1.45,3.07,8.61,24.74,0.955,98.0
U006,10,2025-12-04,Thursday,10,7.98,1.02,5.84,1.81,2.69,3.24,7.94,23.93,0.909,98.0
U007,10,2025-12-04,Thursday,10,7.34,1.23,4.96,1.76,1.57,2.23,8.2,24.42,0.903,98.0
U008,10,2025-12-04,Thursday,10,7.56,0.79,4.36,1.51,2.52,2.8,7.26,23.07,0.885,95.65
U009,10,2025-12-04,Thursday,10,7.23,0.63,7.39,1.14,1.52,3.45,7.18,22.97,0.906,93.44
U010,10,2025-12-04,Thursday,10,7.27,0.87,4.65,1.91,2.36,3.39,7.48,23.64,0.98,96.67
U001,10,2025-12-05,Friday,10,8.2,0.99,6.99,1.66,2.88,4.12,7.67,24.53,0.879,98.0
U002,10,2025-12-05,Friday,10,6.22,0.99,6.13,1.48,2.42,3.9,7.56,24.12,0.859,94.04
U003,10,2025-12-05,Friday,10,7.09,0.63,5.74,1.54,2.75,4.24,6.45,21.58,0.968,93.7
U004,10,2025-12-05,Friday,10,6.85,0.8,6.13,1.09,1.78,5.15,7.55,23.38,0.88,93.92
U005,10,2025-12-05,Friday,10,7.43,0.4,7.5,1.45,2.1,2.66,8.05,24.19,0.922,91.8
U006,10,2025-12-05,Friday,10,7.98,0.76,5.93,1.28,1.63,3.93,8.4,23.96,0.919,96.74
U007,10,2025-12-05,Friday,10,7.13,0.66,7.68,1.21,3.33,2.69,7.64,23.87,0.895,93.38
U008,10,2025-12-05,Friday,10,7.85,0.93,4.67,1.39,2.54,3.74,7.16,22.75,0.921,98.0
U009,10,2025-12-05,Friday,10,6.8,1.33,5.4,1.12,3.65,3.95,7.06,22.63,0.826,98.0
U010,10,2025-12-05,Friday,10,8.75,0.31,7.34,2.0,2.35,3.11,8.78,24.77,0.92,94.17
U001,10,2025-12-06,Saturday,10,5.76,0.0,3.24,1.29,1.77,3.16,7.26,22.86,0.828,82.68
U002,10,2025-12-06,Saturday,10,6.64,1.01,3.12,2.04,2.03,2.29,7.01,23.13,0.828,94.98
U003,10,2025-12-06,Saturday,10,9.26,0.72,3.21,1.62,1.67,2.97,6.63,22.31,0.889,98.0
U004,10,2025-12-06,Saturday,10,7.93,0.08,2.89,1.97,1.93,1.9,7.98,23.75,0.963,90.25
U005,10,2025-12-06,Saturday,10,6.94,0.76,2.05,1.68,2.3,5.41,7.58,24.12,0.835,93.3
U006,10,2025-12-06,Saturday,10,7.69,0.91,3.96,0.86,1.77,3.69,7.28,22.72,0.906,97.38
U007,10,2025-12-06,Saturday,10,7.68,0.69,1.66,1.35,1.76,2.23,7.42,23.21,0.886,94.96
U008,10,2025-12-06,Saturday,10,7.81,1.14,3.78,2.64,2.18,3.59,7.07,22.07,0.908,98.0
U009,10,2025-12-06,Saturday,10,7.34,0.76,4.01,1.92,1.5,2.33,7.36,23.5,0.978,95.73
U010,10,2025-12-06,Saturday,10,8.88,0.36,2.24,1.93,1.63,3.29,8.43,23.72,0.93,95.1
U001,11,2025-12-07,Sunday,11,8.39,0.57,2.97,1.4,2.45,4.03,8.0,23.81,0.97,96.38
U002,11,2025-12-07,Sunday,11,6.71,0.83,2.53,1.52,1.65,1.65,6.9,23.23,0.838,93.45
U003,11,2025-12-07,Sunday,11,7.24,1.5,3.2,1.5,1.86,2.4,7.42,23.43,0.906,98.0
U004,11,2025-12-07,Sunday,11,6.57,0.98,1.96,1.5,1.91,4.82,6.82,22.95,0.876,94.98
U005,11,2025-12-07,Sunday,11,7.72,0.7,3.08,1.75,1.33,3.19,7.55,23.58,0.842,94.72
U006,11,2025-12-07,Sunday,11,8.42,0.65,2.78,1.63,2.37,4.55,6.53,22.5,0.92,96.75
U007,11,2025-12-07,Sunday,11,6.03,0.84,2.55,1.75,2.49,3.01,7.88,24.34,0.902,92.5
U008,11,2025-12-07,Sunday,11,8.15,0.0,1.51,1.3,2.89,3.62,7.58,23.21,0.855,88.92
U009,11,2025-12-07,Sunday,11,7.24,0.63,1.78,1.9,2.47,2.86,8.24,24.5,0.929,93.69
U010,11,2025-12-07,Sunday,11,8.69,1.41,2.68,1.35,1.76,4.67,6.92,22.51,0.86,98.0
U001,11,2025-12-08,Monday,11,6.85,0.97,6.45,1.8,2.1,1.65,8.39,23.61,0.939,96.22
U002,11,2025-12-08,Monday,11,7.77,0.98,6.62,2.17,2.17,2.44,7.0,23.12,0.918,98.0
U003,11,2025-12-08,Monday,11,8.1,0.23,7.02,0.58,2.09,4.12,7.86,23.72,0.98,92.35
U004,11,2025-12-08,Monday,11,7.0,0.77,4.19,2.21,1.94,2.75,7.08,23.84,0.878,93.98
U005,11,2025-12-08,Monday,11,6.81,1.08,6.07,0.5,2.12,3.85,7.15,23.22,0.849,96.31
U006,11,2025-12-08,Monday,11,9.41,0.87,7.42,0.63,2.08,3.86,6.8,21.64,0.927,98.0
U007,11,2025-12-08,Monday,11,6.2,0.77,6.44,2.13,2.1,3.89,7.27,22.36,0.899,92.19
U008,11,2025-12-08,Monday,11,8.17,0.57,4.69,1.43,3.4,2.15,8.15,24.38,0.98,95.92
U009,11,2025-12-08,Monday,11,7.59,0.78,6.45,0.73,1.96,2.96,7.6,23.61,0.933,96.1
U010,11,2025-12-08,Monday,11,7.6,0.6,6.03,1.48,1.51,3.6,8.57,25.05,0.855,93.55
U001,11,2025-12-09,Tuesday,11,7.82,0.37,5.56,2.11,3.18,4.05,8.63,24.35,0.831,91.56
U002,11,2025-12-09,Tuesday,11,6.94,0.26,7.78,1.59,2.14,3.64,7.15,23.13,0.86,88.55
U003,11,2025-12-09,Tuesday,11,7.73,0.12,4.25,2.27,2.11,3.92,8.01,23.83,0.846,88.98
U004,11,2025-12-09,Tuesday,11,8.29,0.63,5.0,1.72,2.69,2.87,7.26,23.1,0.964,96.66
U005,11,2025-12-09,Tuesday,11,7.6,0.29,5.86,2.07,2.5,3.59,7.61,23.33,0.897,90.87
U006,11,2025-12-09,Tuesday,11,7.28,1.0,5.33,0.46,1.79,2.82,7.38,23.86,0.98,98.0
U007,11,2025-12-09,Tuesday,11,6.57,0.29,6.11,0.79,2.35,4.28,7.15,23.18,0.889,88.22
U008,11,2025-12-09,Tuesday,11,7.19,0.0,4.79,0.81,1.78,2.86,7.41,23.14,0.98,87.77
U009,11,2025-12-09,Tuesday,11,7.95,0.57,5.94,1.78,1.96,1.99,8.65,24.3,0.836,93.94
U010,11,2025-12-09,Tuesday,11,7.0,0.48,5.5,1.74,2.3,2.52,8.17,24.94,0.911,91.41
U001,11,2025-12-10,Wednesday,11,8.55,0.74,6.34,1.42,2.22,2.41,7.29,22.81,0.833,97.11
U002,11,2025-12-10,Wednesday,11,6.62,0.69,6.39,1.87,2.6,1.96,7.73,24.02,0.921,92.66
U003,11,2025-12-10,Wednesday,11,8.4,1.07,3.55,1.3,2.34,4.31,7.79,23.2,0.879,98.0
U004,11,2025-12-10,Wednesday,11,7.77,0.54,6.19,1.1,2.51,4.45,7.29,23.0,0.836,93.19
U005,11,2025-12-10,Wednesday,11,7.39,1.21,8.66,1.52,2.76,3.72,7.49,22.81,0.961,98.0
U006,11,2025-12-10,Wednesday,11,7.69,1.14,4.64,1.3,3.23,4.44,6.97,23.56,0.854,98.0
U007,11,2025-12-10,Wednesday,11,8.77,0.2,7.82,1.28,2.73,4.15,7.6,23.61,0.824,92.16
U008,11,2025-12-10,Wednesday,11,8.22,0.35,5.09,1.87,2.75,3.66,7.11,22.81,0.876,92.81
U009,11,2025-12-10,Wednesday,11,8.1,0.73,6.27,1.47,2.7,2.76,7.56,23.19,0.869,96.24
U010,11,2025-12-10,Wednesday,11,8.48,0.48,4.48,2.02,2.86,4.38,6.51,22.7,0.924,95.24
U001,11,2025-12-11,Thursday,11,8.53,0.45,6.37,1.14,2.44,2.69,7.28,23.53,0.844,94.27
U002,11,2025-12-11,Thursday,11,6.31,0.07,5.52,1.56,2.56,4.23,8.23,24.58,0.868,85.16
U003,11,2025-12-11,Thursday,11,7.03,0.65,5.26,2.04,2.27,1.05,7.11,23.15,0.899,93.06
U004,11,2025-12-11,Thursday,11,8.79,0.26,5.23,1.84,2.11,2.59,7.49,23.37,0.894,93.51
U005,11,2025-12-11,Thursday,11,7.07,0.96,5.73,1.75,3.45,3.35,7.52,23.49,0.934,96.61
U006,11,2025-12-11,Thursday,11,7.17,0.0,5.46,1.77,2.57,3.76,7.62,23.52,0.899,86.91
U007,11,2025-12-11,Thursday,11,5.96,0.6,5.04,1.54,2.07,2.73,6.72,23.19,0.887,89.77
U008,11,2025-12-11,Thursday,11,9.2,0.43,6.92,0.74,2.41,3.51,8.02,24.62,0.869,95.99
U009,11,2025-12-11,Thursday,11,6.76,0.72,6.4,1.38,1.46,2.61,7.51,23.81,0.836,92.46
U010,11,2025-12-11,Thursday,11,6.73,0.86,5.22,1.11,1.98,2.6,8.43,23.67,0.974,95.16
U001,11,2025-12-12,Friday,11,7.76,1.0,5.82,0.88,2.17,3.66,7.64,23.29,0.98,98.0
U002,11,2025-12-12,Friday,11,7.16,1.04,5.19,0.65,2.69,3.37,8.08,23.74,0.974,98.0
U003,11,2025-12-12,Friday,11,8.18,0.81,5.93,1.66,1.89,4.04,7.53,23.23,0.944,97.99
U004,11,2025-12-12,Friday,11,7.78,1.09,5.64,1.54,2.45,4.23,9.1,25.26,0.877,98.0
U005,11,2025-12-12,Friday,11,6.87,0.78,7.36,1.72,3.5,2.46,9.44,24.94,0.929,94.27
U006,11,2025-12-12,Friday,11,7.47,1.14,5.36,1.12,2.86,2.7,6.56,22.14,0.953,98.0
U007,11,2025-12-12,Friday,11,8.15,0.7,6.05,1.38,3.06,1.94,7.12,23.13,0.878,96.16
U008,11,2025-12-12,Friday,11,8.93,1.1,3.99,1.96,2.61,3.88,8.45,24.45,0.927,98.0
U009,11,2025-12-12,Friday,11,6.77,0.56,7.43,0.65,2.55,4.19,7.85,24.64,0.957,92.09
U010,11,2025-12-12,Friday,11,7.61,0.31,5.65,2.58,1.75,3.55,7.23,22.34,0.938,91.5
U001,11,2025-12-13,Saturday,11,7.3,1.38,2.26,1.31,3.08,3.47,6.5,22.47,0.98,98.0
U002,11,2025-12-13,Saturday,11,7.97,0.69,4.26,1.2,1.6,2.96,7.78,24.12,0.98,96.62
U003,11,2025-12-13,Saturday,11,6.58,0.46,3.27,1.88,1.14,3.64,6.92,22.43,0.913,90.18
U004,11,2025-12-13,Saturday,11,7.21,1.33,1.85,1.33,1.97,3.35,7.27,23.46,0.886,98.0
U005,11,2025-12-13,Saturday,11,5.96,1.2,2.28,1.54,2.49,3.3,9.02,25.31,0.9,95.9
U006,11,2025-12-13,Saturday,11,7.94,0.44,2.63,1.57,2.72,2.53,7.64,23.9,0.879,93.04
U007,11,2025-12-13,Saturday,11,8.77,1.04,1.71,1.88,2.4,2.44,8.27,24.45,0.976,98.0
U008,11,2025-12-13,Saturday,11,8.85,0.41,2.21,1.17,1.95,2.56,7.93,23.68,0.948,95.7
U009,11,2025-12-13,Saturday,11,7.69,0.62,2.03,1.83,2.98,4.08,8.45,24.51,0.862,94.05
U010,11,2025-12-13,Saturday,11,8.71,0.89,2.62,1.11,1.91,4.71,7.27,23.4,0.858,98.0
U001,12,2025-12-14,Sunday,12,7.88,0.21,3.46,2.0,2.16,3.84,6.54,21.97,0.873,90.53
U002,12,2025-12-14,Sunday,12,6.52,0.62,3.05,1.11,1.33,2.18,5.61,21.49,0.928,91.78
U003,12,2025-12-14,Sunday,12,8.1,0.54,3.94,2.24,2.01,4.56,7.65,23.59,0.819,93.84
U004,12,2025-12-14,Sunday,12,9.1,0.63,1.73,1.1,3.54,3.3,8.17,24.45,0.98,98.0
U005,12,2025-12-14,Sunday,12,6.6,0.0,4.07,1.38,2.92,2.78,8.52,24.06,0.919,85.69
U006,12,2025-12-14,Sunday,12,7.46,1.22,2.33,1.9,2.56,3.1,7.56,23.51,0.867,98.0
U007,12,2025-12-14,Sunday,12,7.54,0.92,2.98,1.25,3.3,2.77,6.89,23.57,0.952,97.57
U008,12,2025-12-14,Sunday,12,7.15,1.52,2.73,0.5,1.68,2.81,8.0,23.05,0.904,98.0
U009,12,2025-12-14,Sunday,12,7.71,0.59,2.1,2.33,3.1,2.94,6.68,23.43,0.934,94.52
U010,12,2025-12-14,Sunday,12,8.68,0.87,2.14,1.58,2.37,2.98,8.31,24.26,0.98,98.0
U001,12,2025-12-15,Monday,12,7.88,1.13,5.17,1.35,2.9,3.43,9.5,24.82,0.824,98.0
U002,12,2025-12-15,Monday,12,8.63,0.6,5.28,2.23,2.56,3.81,8.39,25.08,0.865,96.23
U003,12,2025-12-15,Monday,12,8.42,0.83,5.54,1.42,2.52,1.5,8.25,24.05,0.906,98.0
U004,12,2025-12-15,Monday,12,8.41,0.73,4.89,1.28,2.98,2.94,6.35,22.53,0.936,97.69
U005,12,2025-12-15,Monday,12,6.86,0.57,7.3,1.83,2.09,4.24,7.35,23.19,0.865,91.5
U006,12,2025-12-15,Monday,12,7.34,0.09,5.59,1.84,2.16,2.5,7.54,24.08,0.955,88.8
U007,12,2025-12-15,Monday,12,8.04,1.53,4.63,1.41,3.1,1.93,6.25,21.9,0.951,98.0
U008,12,2025-12-15,Monday,12,8.55,0.47,5.87,1.4,2.1,2.97,8.09,23.71,0.904,95.12
U009,12,2025-12-15,Monday,12,7.33,0.14,6.09,2.13,2.67,3.22,9.04,24.81,0.906,88.79
U010,12,2025-12-15,Monday,12,7.04,0.48,5.77,1.85,1.99,3.67,7.7,23.69,0.967,92.07
U001,12,2025-12-16,Tuesday,12,7.31,0.16,5.85,1.4,2.62,4.16,7.18,23.45,0.9,88.88
U002,12,2025-12-16,Tuesday,12,5.92,0.78,6.91,2.38,2.13,2.59,7.66,23.69,0.903,91.63
U003,12,2025-12-16,Tuesday,12,9.25,0.04,5.76,1.94,2.35,3.24,8.61,25.6,0.9,92.53
U004,12,2025-12-16,Tuesday,12,8.41,1.11,4.46,1.32,1.98,2.85,7.67,24.09,0.98,98.0
U005,12,2025-12-16,Tuesday,12,7.19,0.64,5.34,2.46,2.56,2.83,6.35,22.28,0.881,93.19
U006,12,2025-12-16,Tuesday,12,7.65,0.91,4.8,2.01,1.85,1.85,7.89,23.48,0.854,96.76
U007,12,2025-12-16,Tuesday,12,8.87,0.81,5.96,1.47,2.43,3.62,6.98,22.89,0.916,98.0
U008,12,2025-12-16,Tuesday,12,7.48,0.7,5.98,2.16,1.47,4.61,7.33,23.7,0.873,94.43
U009,12,2025-12-16,Tuesday,12,6.44,0.49,6.65,0.43,2.26,2.25,8.48,24.94,0.896,89.96
U010,12,2025-12-16,Tuesday,12,6.99,0.56,5.24,1.32,2.34,3.57,6.79,22.95,0.967,92.74
U001,12,2025-12-17,Wednesday,12,9.51,0.88,7.58,1.99,1.56,2.5,7.35,23.75,0.845,98.0
U002,12,2025-12-17,Wednesday,12,7.73,0.78,7.23,1.18,2.44,4.14,7.92,24.42,0.919,96.31
U003,12,2025-12-17,Wednesday,12,8.31,0.87,4.88,0.88,1.84,3.51,6.93,21.99,0.92,98.0
U004,12,2025-12-17,Wednesday,12,7.48,0.15,5.47,1.78,1.87,4.53,7.7,23.3,0.98,90.0
U005,12,2025-12-17,Wednesday,12,8.25,1.05,5.57,1.27,2.25,2.74,9.02,24.83,0.908,98.0
U006,12,2025-12-17,Wednesday,12,7.3,0.39,4.74,0.85,1.92,2.61,7.49,23.53,0.856,90.71
U007,12,2025-12-17,Wednesday,12,7.23,1.01,5.48,1.69,1.55,3.77,7.16,22.8,0.853,96.7
U008,12,2025-12-17,Wednesday,12,7.16,0.0,6.07,1.49,1.63,2.19,7.49,23.24,0.899,86.89
U009,12,2025-12-17,Wednesday,12,6.92,0.14,5.33,2.1,2.15,3.17,7.88,23.88,0.98,88.5
U010,12,2025-12-17,Wednesday,12,8.28,0.61,4.46,1.65,1.98,5.13,7.15,23.32,0.951,96.31
U001,12,2025-12-18,Thursday,12,8.65,0.22,6.66,1.42,2.12,2.94,7.97,23.98,0.879,92.62
U002,12,2025-12-18,Thursday,12,8.18,0.38,7.14,1.28,1.26,1.92,7.76,23.94,0.858,92.83
U003,12,2025-12-18,Thursday,12,7.85,0.76,7.22,0.87,1.89,3.34,6.44,21.78,0.869,95.91
U004,12,2025-12-18,Thursday,12,7.94,0.88,5.35,1.64,2.19,2.56,7.2,23.01,0.836,97.01
U005,12,2025-12-18,Thursday,12,5.82,0.4,5.64,1.51,2.74,3.58,7.19,22.91,0.872,87.27
U006,12,2025-12-18,Thursday,12,7.61,0.69,5.51,2.42,2.34,2.48,6.64,22.8,0.864,94.57
U007,12,2025-12-18,Thursday,12,7.75,0.91,6.56,2.03,2.11,5.47,8.43,24.17,0.916,97.63
U008,12,2025-12-18,Thursday,12,8.33,0.07,5.6,1.37,1.99,3.78,7.37,23.41,0.886,90.39
U009,12,2025-12-18,Thursday,12,6.95,1.22,7.31,1.38,2.41,3.7,7.43,23.8,0.846,98.0
U010,12,2025-12-18,Thursday,12,6.53,0.64,5.06,2.39,2.07,1.55,7.38,23.74,0.919,91.92
U001,12,2025-12-19,Friday,12,7.34,1.12,5.78,1.05,1.35,3.01,8.26,24.08,0.841,97.96
U002,12,2025-12-19,Friday,12,7.3,1.14,6.19,2.05,1.92,2.1,7.96,24.01,0.887,98.0
U003,12,2025-12-19,Friday,12,7.07,0.78,4.59,1.76,2.94,2.54,7.9,23.78,0.921,94.69
U004,12,2025-12-19,Friday,12,9.31,0.15,4.22,1.08,1.85,2.35,7.18,23.57,0.815,92.93
U005,12,2025-12-19,Friday,12,6.92,0.42,7.02,1.58,1.65,3.53,7.2,23.28,0.877,90.27
U006,12,2025-12-19,Friday,12,7.31,0.69,4.73,1.76,1.89,2.73,7.32,23.03,0.848,93.66
U007,12,2025-12-19,Friday,12,8.83,1.22,4.54,1.9,1.75,2.82,6.58,22.07,0.866,98.0
U008,12,2025-12-19,Friday,12,8.4,0.51,5.34,1.71,1.7,3.91,7.51,23.07,0.855,94.65
U009,12,2025-12-19,Friday,12,7.7,0.0,6.58,1.55,2.87,3.27,7.61,23.76,0.973,88.98
U010,12,2025-12-19,Friday,12,7.0,0.6,5.99,1.73,1.25,4.35,7.82,24.06,0.792,91.42
U001,12,2025-12-20,Saturday,12,7.24,0.79,3.12,2.09,1.97,2.88,6.5,22.76,0.938,95.38
U002,12,2025-12-20,Saturday,12,7.61,1.53,3.23,1.3,2.34,3.54,8.2,24.73,0.902,98.0
U003,12,2025-12-20,Saturday,12,8.2,0.0,3.63,0.88,2.31,4.63,8.07,23.47,0.901,89.51
U004,12,2025-12-20,Saturday,12,7.53,0.78,3.42,1.0,1.39,4.32,7.55,23.87,0.953,96.16
U005,12,2025-12-20,Saturday,12,7.26,0.9,3.28,1.51,3.17,3.23,7.69,24.45,0.875,95.9
U006,12,2025-12-20,Saturday,12,7.46,0.0,3.44,1.65,1.05,3.83,7.47,23.1,0.859,87.24
U007,12,2025-12-20,Saturday,12,7.67,0.64,1.56,1.67,2.31,3.02,7.44,23.5,0.969,95.27
U008,12,2025-12-20,Saturday,12,8.5,0.67,3.42,1.68,2.58,3.5,7.82,24.07,0.975,97.7
U009,12,2025-12-20,Saturday,12,6.05,0.52,3.74,1.84,2.34,1.44,8.22,24.77,0.918,89.5
U010,12,2025-12-20,Saturday,12,7.85,0.11,3.35,1.35,2.22,2.03,6.94,22.77,0.963,90.35
U001,13,2025-12-21,Sunday,13,7.53,0.97,2.4,1.0,1.99,2.67,7.33,24.06,0.941,97.94
U002,13,2025-12-21,Sunday,13,6.51,0.5,3.22,1.03,3.47,2.99,6.89,22.82,0.862,89.9
U003,13,2025-12-21,Sunday,13,8.69,0.46,3.24,1.9,2.25,3.29,6.35,22.21,0.953,95.85
U004,13,2025-12-21,Sunday,13,7.21,0.65,3.85,0.65,2.37,2.62,7.63,23.41,0.962,94.15
U005,13,2025-12-21,Sunday,13,5.91,1.13,3.14,1.34,2.25,3.55,8.19,24.63,0.835,94.42
U006,13,2025-12-21,Sunday,13,7.76,0.65,2.98,1.65,1.92,3.32,8.73,24.98,0.891,94.81
U007,13,2025-12-21,Sunday,13,7.44,1.02,1.83,2.04,2.48,3.2,8.42,23.9,0.887,97.67
U008,13,2025-12-21,Sunday,13,6.95,0.29,3.66,1.68,2.25,4.21,6.72,23.01,0.851,88.79
U009,13,2025-12-21,Sunday,13,7.41,0.83,3.19,1.02,2.16,3.86,7.3,23.62,0.915,95.98
U010,13,2025-12-21,Sunday,13,6.64,0.45,3.37,2.0,2.04,4.64,7.29,23.47,0.932,90.42
U001,13,2025-12-22,Monday,13,7.38,0.29,7.15,0.96,2.69,3.37,8.1,23.13,0.822,89.57
U002,13,2025-12-22,Monday,13,7.94,0.87,6.99,1.77,1.48,4.04,8.52,23.81,0.942,97.97
U003,13,2025-12-22,Monday,13,8.5,0.33,5.26,0.8,1.92,3.4,6.42,22.24,0.941,93.96
U004,13,2025-12-22,Monday,13,7.63,0.0,7.13,1.29,2.53,2.87,7.24,23.15,0.848,87.56
U005,13,2025-12-22,Monday,13,7.17,0.73,5.98,0.58,2.3,3.47,7.74,23.34,0.93,94.52
U006,13,2025-12-22,Monday,13,8.91,1.52,7.24,1.16,2.78,4.21,7.76,24.04,0.937,98.0
U007,13,2025-12-22,Monday,13,6.12,1.26,6.56,1.26,1.52,3.17,7.34,24.07,0.953,97.43
U008,13,2025-12-22,Monday,13,7.26,0.95,5.61,1.33,2.45,3.09,7.42,23.35,0.869,96.34
U009,13,2025-12-22,Monday,13,6.75,0.62,7.11,1.56,1.79,3.33,6.85,23.14,0.946,92.53
U010,13,2025-12-22,Monday,13,7.46,0.74,7.2,0.44,2.02,3.75,7.65,23.2,0.792,93.97
U001,13,2025-12-23,Tuesday,13,6.0,0.0,5.9,1.41,2.2,2.13,7.5,23.35,0.879,83.79
U002,13,2025-12-23,Tuesday,13,7.73,1.02,6.61,2.45,1.47,1.81,7.59,23.85,0.781,97.34
U003,13,2025-12-23,Tuesday,13,7.29,0.87,6.44,0.81,2.18,4.39,7.91,23.84,0.98,96.72
U004,13,2025-12-23,Tuesday,13,6.63,1.48,5.62,1.47,2.32,2.99,6.75,23.16,0.953,98.0
U005,13,2025-12-23,Tuesday,13,8.34,0.91,8.04,1.52,2.25,4.32,7.1,22.79,0.886,98.0
U006,13,2025-12-23,Tuesday,13,8.68,0.78,6.45,2.46,1.91,2.68,6.75,23.26,0.98,98.0
U007,13,2025-12-23,Tuesday,13,7.93,0.41,5.46,1.99,2.43,4.22,8.36,23.82,0.924,93.16
U008,13,2025-12-23,Tuesday,13,8.58,1.1,4.02,1.72,2.74,3.88,8.03,24.08,0.905,98.0
U009,13,2025-12-23,Tuesday,13,7.84,1.38,6.91,0.86,2.19,4.63,7.31,23.37,0.922,98.0
U010,13,2025-12-23,Tuesday,13,7.3,0.69,5.75,1.48,1.99,4.76,7.38,23.13,0.952,94.67
U001,13,2025-12-24,Wednesday,13,7.03,0.17,8.04,2.15,1.85,4.49,7.16,22.73,0.923,88.51
U002,13,2025-12-24,Wednesday,13,7.21,0.71,6.84,1.65,2.82,3.01,8.15,24.25,0.954,94.66
U003,13,2025-12-24,Wednesday,13,8.45,0.77,5.44,1.73,2.53,3.05,7.33,24.32,0.845,97.28
U004,13,2025-12-24,Wednesday,13,7.82,0.59,6.74,2.01,3.42,2.87,7.65,23.15,0.893,94.38
U005,13,2025-12-24,Wednesday,13,8.15,0.49,7.13,0.91,2.17,3.52,7.12,23.26,0.918,94.46
U006,13,2025-12-24,Wednesday,13,7.58,0.58,6.3,2.36,1.18,4.18,7.51,23.6,0.978,94.53
U007,13,2025-12-24,Wednesday,13,6.62,0.74,6.86,1.61,1.71,3.32,8.05,24.26,0.931,93.26
U008,13,2025-12-24,Wednesday,13,7.53,0.44,7.29,1.08,2.91,3.52,7.06,22.59,0.876,91.99
U009,13,2025-12-24,Wednesday,13,5.14,0.72,5.45,1.49,2.45,3.29,7.8,23.56,0.837,88.42
U010,13,2025-12-24,Wednesday,13,8.37,0.28,3.67,1.71,1.3,4.25,7.17,22.75,0.98,93.52
U001,13,2025-12-25,Thursday,13,7.63,0.66,5.07,1.24,2.79,3.28,6.19,22.67,0.958,95.25
U002,13,2025-12-25,Thursday,13,7.41,0.85,7.42,1.02,2.46,2.77,6.64,23.02,0.943,96.46
U003,13,2025-12-25,Thursday,13,6.73,0.83,5.86,1.05,2.33,3.06,7.93,24.28,0.797,93.09
U004,13,2025-12-25,Thursday,13,7.81,0.0,5.29,2.32,0.9,3.86,7.83,23.25,0.936,88.89
U005,13,2025-12-25,Thursday,13,6.08,1.01,5.5,2.12,1.67,3.78,7.06,23.31,0.908,94.38
U006,13,2025-12-25,Thursday,13,8.63,0.85,6.85,1.96,3.09,3.11,7.81,24.41,0.943,98.0
U007,13,2025-12-25,Thursday,13,7.84,0.99,7.63,1.34,1.67,3.4,8.33,24.88,0.88,98.0
U008,13,2025-12-25,Thursday,13,7.31,1.02,6.68,2.6,2.41,1.68,7.79,24.09,0.898,97.46
U009,13,2025-12-25,Thursday,13,8.3,1.04,6.02,1.7,2.15,4.06,7.76,24.27,0.842,98.0
U010,13,2025-12-25,Thursday,13,7.7,0.89,6.17,1.86,1.57,3.78,7.24,23.39,0.862,96.77
U001,13,2025-12-26,Friday,13,6.74,0.69,5.39,1.92,1.19,2.96,8.06,24.3,0.887,92.62
U002,13,2025-12-26,Friday,13,7.92,0.04,7.65,1.81,2.9,3.96,8.31,24.51,0.933,89.53
U003,13,2025-12-26,Friday,13,7.43,1.28,3.84,1.4,1.3,3.32,7.32,23.14,0.902,98.0
U004,13,2025-12-26,Friday,13,7.56,0.15,6.07,1.89,1.78,2.66,7.56,23.19,0.965,90.05
U005,13,2025-12-26,Friday,13,6.75,0.85,5.2,1.52,2.62,4.1,7.92,24.1,0.903,94.41
U006,13,2025-12-26,Friday,13,7.28,0.88,6.47,2.6,1.93,3.95,7.98,24.04,0.926,96.26
U007,13,2025-12-26,Friday,13,7.18,0.03,5.15,1.48,1.42,2.91,8.35,24.49,0.912,87.37
U008,13,2025-12-26,Friday,13,8.02,0.56,3.61,1.79,1.62,3.39,7.35,23.18,0.875,94.4
U009,13,2025-12-26,Friday,13,7.24,1.23,5.64,1.22,2.09,3.82,8.51,24.07,0.966,98.0
U010,13,2025-12-26,Friday,13,7.35,0.87,3.8,0.97,2.81,3.63,6.38,22.11,0.948,96.56
U001,13,2025-12-27,Saturday,13,7.79,0.86,3.13,0.79,1.95,3.14,7.62,22.78,0.847,96.54
U002,13,2025-12-27,Saturday,13,7.08,1.4,4.45,1.18,1.74,2.83,8.58,24.92,0.98,98.0
U003,13,2025-12-27,Saturday,13,7.98,0.48,2.53,2.36,2.18,1.24,7.18,22.78,0.903,93.78
U004,13,2025-12-27,Saturday,13,7.51,0.75,1.76,1.02,1.59,3.46,7.8,23.75,0.909,95.37
U005,13,2025-12-27,Saturday,13,7.97,0.7,2.43,1.03,2.3,3.04,6.7,23.24,0.98,96.72
U006,13,2025-12-27,Saturday,13,8.03,0.87,3.35,1.97,2.1,3.43,7.29,23.19,0.927,98.0
U007,13,2025-12-27,Saturday,13,8.26,0.16,1.97,1.59,2.31,4.34,6.9,22.69,0.906,91.31
U008,13,2025-12-27,Saturday,13,8.53,0.72,2.86,1.13,2.79,3.72,7.97,23.7,0.873,97.26
U009,13,2025-12-27,Saturday,13,8.72,0.92,2.99,1.53,1.86,2.76,7.54,23.41,0.863,98.0
U010,13,2025-12-27,Saturday,13,7.04,0.96,2.09,1.68,1.7,4.99,7.88,23.38,0.92,96.4
U001,14,2025-12-28,Sunday,14,7.7,1.03,2.93,1.66,3.26,3.36,9.29,25.8,0.913,98.0
U002,14,2025-12-28,Sunday,14,6.22,0.16,1.85,1.34,1.93,2.68,7.03,23.4,0.915,86.3
U003,14,2025-12-28,Sunday,14,6.69,0.86,2.55,1.37,2.81,3.56,7.57,23.64,0.952,94.84
U004,14,2025-12-28,Sunday,14,7.1,0.01,3.03,1.31,3.04,3.27,7.85,23.84,0.88,86.65
U005,14,2025-12-28,Sunday,14,8.07,0.5,2.3,0.92,2.79,3.39,7.29,23.12,0.872,93.89
U006,14,2025-12-28,Sunday,14,7.81,0.89,1.79,1.03,2.14,3.0,7.36,23.08,0.927,97.7
U007,14,2025-12-28,Sunday,14,7.36,0.27,2.86,0.89,2.07,2.66,8.09,24.71,0.853,89.63
U008,14,2025-12-28,Sunday,14,8.05,1.24,2.66,2.22,1.9,3.93,7.24,23.48,0.976,98.0
U009,14,2025-12-28,Sunday,14,7.85,0.75,2.69,1.99,2.46,1.97,7.6,23.2,0.974,96.86
U010,14,2025-12-28,Sunday,14,7.72,1.06,2.23,1.02,2.06,2.13,7.34,23.21,0.914,98.0
U001,14,2025-12-29,Monday,14,6.7,1.0,6.33,1.49,3.1,5.09,6.53,22.25,0.884,95.59
U002,14,2025-12-29,Monday,14,8.92,0.94,7.07,1.09,1.65,2.99,7.46,24.23,0.961,98.0
U003,14,2025-12-29,Monday,14,8.05,1.57,5.42,1.42,2.19,3.31,7.69,23.29,0.898,98.0
U004,14,2025-12-29,Monday,14,7.14,0.11,7.11,1.11,1.31,3.89,7.14,22.97,0.861,87.56
U005,14,2025-12-29,Monday,14,7.79,0.61,5.25,1.26,1.62,4.96,7.17,23.29,0.834,93.91
U006,14,2025-12-29,Monday,14,9.14,0.33,4.76,1.69,1.33,2.57,5.68,21.81,0.856,94.71
U007,14,2025-12-29,Monday,14,7.78,0.95,6.72,0.68,2.79,2.84,8.74,24.69,0.917,98.0
U008,14,2025-12-29,Monday,14,7.52,0.68,4.86,1.72,3.19,2.94,7.3,23.23,0.863,94.23
U009,14,2025-12-29,Monday,14,5.55,0.53,6.91,2.36,2.0,1.08,8.38,24.58,0.798,87.16
U010,14,2025-12-29,Monday,14,8.69,0.42,6.56,1.58,1.88,2.62,7.7,23.22,0.872,94.64
U001,14,2025-12-30,Tuesday,14,7.6,0.25,5.78,2.52,1.85,1.51,7.71,23.43,0.922,90.72
U002,14,2025-12-30,Tuesday,14,8.12,0.45,7.41,2.35,1.53,2.83,8.12,24.33,0.955,94.35
U003,14,2025-12-30,Tuesday,14,9.04,1.06,6.09,1.04,2.92,3.17,6.91,23.03,0.906,98.0
U004,14,2025-12-30,Tuesday,14,7.48,0.84,6.06,1.25,1.92,5.23,7.34,23.77,0.867,95.77
U005,14,2025-12-30,Tuesday,14,7.39,0.0,6.37,0.37,2.71,3.28,8.0,24.06,0.962,88.09
U006,14,2025-12-30,Tuesday,14,5.31,1.21,5.0,1.32,2.97,4.36,7.8,24.09,0.959,94.97
U007,14,2025-12-30,Tuesday,14,7.17,0.44,7.97,2.07,1.66,3.9,7.16,22.98,0.933,91.66
U008,14,2025-12-30,Tuesday,14,8.63,0.48,2.66,0.2,2.16,3.91,7.51,23.83,0.955,95.92
U009,14,2025-12-30,Tuesday,14,6.76,1.37,7.41,1.66,1.99,3.42,6.93,22.78,0.879,98.0
U010,14,2025-12-30,Tuesday,14,6.89,0.42,5.78,1.13,2.54,4.29,6.79,23.24,0.945,90.88
U001,14,2025-12-31,Wednesday,14,6.49,0.4,5.51,2.95,2.54,4.08,7.02,23.16,0.822,88.44
U002,14,2025-12-31,Wednesday,14,7.38,0.46,5.79,1.5,1.91,2.61,8.13,23.97,0.98,92.85
U003,14,2025-12-31,Wednesday,14,7.68,0.74,5.73,2.3,2.07,2.15,8.49,25.15,0.93,95.9
U004,14,2025-12-31,Wednesday,14,7.92,1.46,8.98,2.13,2.56,2.85,7.94,23.63,0.9,98.0
U005,14,2025-12-31,Wednesday,14,6.08,0.18,6.07,2.26,1.66,3.25,6.56,22.17,0.923,86.23
U006,14,2025-12-31,Wednesday,14,7.99,0.87,5.31,1.84,1.56,2.96,8.08,24.46,0.952,98.0
U007,14,2025-12-31,Wednesday,14,8.49,1.1,4.97,0.99,2.13,2.79,6.6,22.65,0.816,98.0
U008,14,2025-12-31,Wednesday,14,8.98,0.46,6.3,1.19,2.47,2.45,7.38,22.93,0.98,96.85
U009,14,2025-12-31,Wednesday,14,6.36,0.25,6.65,1.42,2.61,3.12,8.08,24.23,0.863,87.03
U010,14,2025-12-31,Wednesday,14,8.97,0.36,4.96,1.55,2.32,3.24,7.54,23.01,0.98,95.82
U001,14,2026-01-01,Thursday,14,8.94,0.7,7.24,2.0,1.96,2.68,8.74,24.21,0.922,98.0
U002,14,2026-01-01,Thursday,14,7.02,0.58,7.21,1.9,1.51,2.32,6.85,22.79,0.926,92.61
U003,14,2026-01-01,Thursday,14,7.1,1.09,5.94,1.04,1.59,4.43,7.16,23.01,0.98,98.0
U004,14,2026-01-01,Thursday,14,6.71,0.74,6.93,1.25,1.81,2.77,6.92,23.26,0.861,92.79
U005,14,2026-01-01,Thursday,14,5.55,0.5,7.16,1.34,2.08,3.7,6.9,23.01,0.904,87.92
U006,14,2026-01-01,Thursday,14,8.61,0.75,6.82,1.31,2.42,4.28,7.41,23.42,0.891,97.94
U007,14,2026-01-01,Thursday,14,7.49,0.66,5.84,1.11,3.18,2.93,6.93,22.78,0.916,94.48
U008,14,2026-01-01,Thursday,14,8.79,0.12,4.27,1.88,1.55,2.3,8.18,24.09,0.895,92.12
U009,14,2026-01-01,Thursday,14,7.2,0.17,7.43,1.56,1.47,2.96,7.72,24.38,0.856,88.26
U010,14,2026-01-01,Thursday,14,7.59,0.0,5.22,1.48,1.44,2.01,7.52,23.8,0.865,87.62
U001,14,2026-01-02,Friday,14,6.43,1.56,6.56,0.94,3.36,2.46,7.31,22.79,0.903,98.0
U002,14,2026-01-02,Friday,14,7.85,1.17,4.98,2.0,1.7,3.66,7.6,23.28,0.98,98.0
U003,14,2026-01-02,Friday,14,8.02,1.24,5.42,1.75,1.49,6.18,6.55,22.33,0.882,98.0
U004,14,2026-01-02,Friday,14,6.89,0.94,5.08,1.88,1.63,3.58,8.67,24.71,0.8,94.62
U005,14,2026-01-02,Friday,14,6.72,0.68,6.34,2.27,2.35,2.4,7.66,23.59,0.81,91.7
U006,14,2026-01-02,Friday,14,6.91,1.24,7.24,1.94,1.88,3.42,6.87,22.87,0.893,98.0
U007,14,2026-01-02,Friday,14,7.93,1.11,6.46,0.94,1.56,3.32,6.95,22.51,0.971,98.0
U008,14,2026-01-02,Friday,14,7.59,0.19,4.91,1.35,2.55,3.0,8.25,23.85,0.968,90.56
U009,14,2026-01-02,Friday,14,6.72,1.74,6.72,1.01,2.28,3.04,8.11,24.53,0.849,98.0
U010,14,2026-01-02,Friday,14,7.66,1.4,5.92,1.28,2.05,3.67,7.31,22.7,0.876,98.0
U001,14,2026-01-03,Saturday,14,7.92,0.36,3.63,0.64,2.25,4.27,7.37,22.98,0.839,91.79
U002,14,2026-01-03,Saturday,14,7.14,0.45,1.88,1.35,2.43,2.49,7.45,23.37,0.98,92.15
U003,14,2026-01-03,Saturday,14,7.86,1.17,3.82,1.74,2.44,3.13,7.95,23.89,0.859,98.0
U004,14,2026-01-03,Saturday,14,8.36,0.66,2.72,0.86,2.61,1.87,7.67,23.5,0.9,96.5
U005,14,2026-01-03,Saturday,14,5.9,0.53,2.86,1.48,2.65,3.98,7.66,23.49,0.905,89.1
U006,14,2026-01-03,Saturday,14,7.77,1.41,1.84,1.17,2.58,3.41,7.33,23.3,0.956,98.0
U007,14,2026-01-03,Saturday,14,7.69,0.15,2.25,0.76,2.23,4.1,7.13,23.12,0.869,89.41
U008,14,2026-01-03,Saturday,14,7.82,0.65,2.84,1.81,1.84,3.9,7.37,24.07,0.881,94.86
U009,14,2026-01-03,Saturday,14,6.77,0.59,2.64,0.7,1.34,2.81,7.23,23.28,0.861,91.44
U010,14,2026-01-03,Saturday,14,7.76,0.79,2.95,1.55,2.35,2.48,7.74,24.09,0.93,96.6
U001,15,2026-01-04,Sunday,15,7.49,0.0,2.69,1.52,2.57,4.64,7.93,24.36,0.909,87.81
U002,15,2026-01-04,Sunday,15,7.09,0.53,1.76,1.48,1.94,4.22,6.45,22.06,0.858,91.6
U003,15,2026-01-04,Sunday,15,7.14,0.1,2.58,0.76,2.26,2.93,8.05,24.38,0.965,88.5
U004,15,2026-01-04,Sunday,15,6.74,0.73,2.33,1.07,2.55,2.58,6.73,22.08,0.98,93.95
U005,15,2026-01-04,Sunday,15,8.48,0.6,1.5,2.04,2.23,3.66,6.16,22.03,0.957,96.77
U006,15,2026-01-04,Sunday,15,7.85,0.0,1.72,0.68,2.26,4.93,6.74,23.07,0.882,88.44
U007,15,2026-01-04,Sunday,15,5.53,0.69,3.36,1.47,1.89,2.48,7.47,23.15,0.95,90.23
U008,15,2026-01-04,Sunday,15,8.29,1.0,2.99,1.9,2.6,2.09,7.95,24.38,0.925,98.0
U009,15,2026-01-04,Sunday,15,5.85,0.69,2.21,1.84,3.07,2.92,7.29,24.3,0.874,90.27
U010,15,2026-01-04,Sunday,15,7.37,0.28,3.14,0.51,1.61,2.35,7.2,23.72,0.948,90.7
U001,1,2026-01-05,Monday,1,7.11,0.05,4.29,0.0,1.4,2.89,7.42,23.05,0.96,83.92
U002,1,2026-01-05,Monday,1,8.28,0.44,3.11,1.7,1.85,3.12,8.05,23.4,0.938,98.0
U003,1,2026-01-05,Monday,1,7.33,0.39,4.47,0.87,2.89,1.59,7.56,24.63,0.886,80.66
U004,1,2026-01-05,Monday,1,6.08,0.31,2.74,0.9,0.9,2.43,7.89,23.5,0.9,98.0
U005,1,2026-01-05,Monday,1,6.68,1.13,3.36,1.41,2.95,1.56,7.35,23.61,0.814,98.0
U006,1,2026-01-05,Monday,1,7.25,0.39,3.8,2.87,2.66,1.83,7.59,23.41,0.967,84.23
U007,1,2026-01-05,Monday,1,6.83,0.4,4.15,1.24,1.79,1.48,6.95,23.91,0.731,82.55
U008,1,2026-01-05,Monday,1,6.53,0.44,5.63,1.84,1.84,2.2,7.96,23.9,0.793,98.0
U009,1,2026-01-05,Monday,1,6.75,0.42,2.77,2.17,2.8,3.76,6.23,23.11,0.762,98.0
U010,1,2026-01-05,Monday,1,6.77,0.64,5.78,1.46,1.16,1.84,7.86,23.24,0.909,76.05
U001,1,2026-01-06,Tuesday,1,7.36,0.44,4.38,1.18,3.38,1.68,8.04,23.09,0.968,85.71
U002,1,2026-01-06,Tuesday,1,7.45,0.29,4.24,1.16,1.51,2.93,7.72,23.95,0.767,86.99
U003,1,2026-01-06,Tuesday,1,7.73,0.47,4.06,0.93,3.02,1.7,8.44,24.62,0.567,77.62
U004,1,2026-01-06,Tuesday,1,6.66,0.99,5.12,1.59,1.89,2.64,6.78,22.87,0.671,90.02
U005,1,2026-01-06,Tuesday,1,6.87,0.69,2.69,0.6,1.54,2.83,7.66,24.78,0.834,98.0
U006,1,2026-01-06,Tuesday,1,8.09,0.09,3.5,2.28,1.05,2.26,8.51,24.36,0.805,98.0
U007,1,2026-01-06,Tuesday,1,8.45,0.0,2.5,1.69,3.19,4.12,7.0,23.52,0.859,98.0
U008,1,2026-01-06,Tuesday,1,6.85,0.0,5.69,2.32,2.23,2.42,6.33,21.68,0.824,87.51
U009,1,2026-01-06,Tuesday,1,5.75,0.81,4.07,1.19,0.77,3.5,7.37,23.53,0.746,98.0
U010,1,2026-01-06,Tuesday,1,7.82,0.23,2.5,1.42,1.56,2.28,6.94,23.03,0.975,98.0
U001,1,2026-01-07,Wednesday,1,7.54,0.84,1.0,0.64,2.77,1.09,7.79,23.14,0.98,98.0
U002,1,2026-01-07,Wednesday,1,6.92,0.57,4.75,2.66,1.65,3.82,7.95,24.77,0.817,97.96
U003,1,2026-01-07,Wednesday,1,7.25,0.71,4.35,2.78,2.19,4.79,6.92,23.71,0.698,98.0
U004,1,2026-01-07,Wednesday,1,7.01,1.38,5.51,1.81,3.68,2.92,7.97,22.78,0.764,94.5
U005,1,2026-01-07,Wednesday,1,8.08,0.24,4.71,1.32,3.27,2.96,7.07,22.0,0.808,92.32
U006,1,2026-01-07,Wednesday,1,6.89,0.38,3.7,0.78,3.69,3.04,7.15,24.63,0.69,93.8
U007,1,2026-01-07,Wednesday,1,6.47,0.66,3.7,2.09,1.64,3.62,7.43,25.76,0.635,79.87
U008,1,2026-01-07,Wednesday,1,6.48,0.0,3.94,1.04,1.12,2.35,7.2,22.71,0.828,86.71
U009,1,2026-01-07,Wednesday,1,7.52,0.54,4.15,1.37,2.57,2.3,7.52,22.9,0.678,94.65
U010,1,2026-01-07,Wednesday,1,7.68,0.36,4.8,2.98,2.12,1.84,6.79,23.06,0.821,94.81
U001,1,2026-01-08,Thursday,1,6.39,0.54,6.01,1.26,3.0,3.28,7.32,23.78,0.74,90.44
U002,1,2026-01-08,Thursday,1,7.42,0.72,5.44,2.96,2.58,2.95,7.67,22.53,0.767,78.15
U003,1,2026-01-08,Thursday,1,8.22,0.43,4.28,0.78,3.03,2.29,7.45,23.4,0.98,98.0
U004,1,2026-01-08,Thursday,1,7.05,0.83,5.36,1.84,2.32,2.32,7.43,21.75,0.968,98.0
U005,1,2026-01-08,Thursday,1,5.59,0.38,3.66,2.29,2.03,4.01,7.03,22.36,0.901,94.49
U006,1,2026-01-08,Thursday,1,7.88,0.63,5.07,2.38,1.79,4.26,6.9,24.07,0.812,88.88
U007,1,2026-01-08,Thursday,1,7.04,0.5,3.71,0.69,0.69,3.3,8.49,24.18,0.689,80.4
U008,1,2026-01-08,Thursday,1,6.9,1.28,6.45,1.41,3.13,0.5,7.19,23.21,0.927,98.0
U009,1,2026-01-08,Thursday,1,7.15,0.52,3.49,1.63,2.75,3.7,6.92,24.02,0.545,92.88
U010,1,2026-01-08,Thursday,1,9.09,0.15,5.09,2.02,2.17,2.91,6.45,23.44,0.74,89.99
U001,1,2026-01-09,Friday,1,7.03,0.58,6.13,0.23,3.59,3.1,7.06,22.67,0.98,94.09
U002,1,2026-01-09,Friday,1,6.35,1.53,4.54,1.67,2.59,2.57,8.37,22.91,0.98,98.0
U003,1,2026-01-09,Friday,1,7.97,0.97,7.19,0.41,0.95,3.69,7.07,24.26,0.817,98.0
U004,1,2026-01-09,Friday,1,8.08,1.04,3.05,1.57,2.21,0.5,7.39,24.09,0.98,98.0
U005,1,2026-01-09,Friday,1,7.14,0.56,4.57,1.57,1.46,3.02,7.46,22.74,0.818,81.48
U006,1,2026-01-09,Friday,1,6.12,0.81,4.14,1.43,1.12,3.12,8.03,23.44,0.835,87.95
U007,1,2026-01-09,Friday,1,8.04,0.38,3.3,1.5,0.96,2.47,6.29,24.7,0.87,98.0
U008,1,2026-01-09,Friday,1,5.99,1.28,4.96,1.22,2.2,1.49,7.03,23.13,0.765,87.02
U009,1,2026-01-09,Friday,1,7.46,1.06,3.42,1.21,2.68,0.73,7.32,23.65,0.98,98.0
U010,1,2026-01-09,Friday,1,6.13,0.84,4.99,1.78,0.98,3.03,7.05,23.88,0.98,98.0
U001,1,2026-01-10,Saturday,1,7.79,0.96,3.73,2.44,3.64,6.68,8.02,23.25,0.98,98.0
U002,1,2026-01-10,Saturday,1,8.07,1.07,6.09,2.51,2.84,5.81,9.48,24.0,0.938,98.0
U003,1,2026-01-10,Saturday,1,8.25,1.0,4.47,1.74,1.59,4.18,8.84,24.03,0.722,98.0
U004,1,2026-01-10,Saturday,1,8.83,1.03,6.59,2.81,2.15,3.7,8.98,24.85,0.9,92.86
U005,1,2026-01-10,Saturday,1,8.56,1.55,3.4,2.26,1.7,2.65,9.35,24.98,0.912,98.0
U006,1,2026-01-10,Saturday,1,7.85,0.88,4.51,2.48,2.93,5.51,9.54,24.45,0.864,98.0
U007,1,2026-01-10,Saturday,1,8.12,1.27,4.29,2.32,3.41,6.53,8.38,24.66,0.98,98.0
U008,1,2026-01-10,Saturday,1,7.65,1.16,3.38,1.54,1.98,3.35,7.81,24.8,0.98,98.0
U009,1,2026-01-10,Saturday,1,8.16,1.13,8.05,1.3,2.46,4.81,8.36,22.43,0.793,97.84
U010,1,2026-01-10,Saturday,1,7.67,1.17,6.55,1.68,1.32,4.4,8.07,24.63,0.84,89.2
U001,1,2026-01-11,Sunday,1,7.55,0.87,5.93,2.21,3.13,3.01,8.18,23.85,0.806,98.0
U002,1,2026-01-11,Sunday,1,8.37,1.02,5.58,2.14,3.48,4.63,9.78,24.69,0.812,98.0
U003,1,2026-01-11,Sunday,1,8.15,1.19,5.45,2.88,3.71,0.89,7.54,23.92,0.766,98.0
U004,1,2026-01-11,Sunday,1,6.98,0.98,4.85,1.86,2.52,1.58,8.43,22.76,0.599,98.0
U005,1,2026-01-11,Sunday,1,8.72,0.86,5.25,2.11,4.34,5.28,8.49,23.56,0.98,98.0
U006,1,2026-01-11,Sunday,1,8.04,1.0,5.27,2.66,2.08,4.18,8.58,22.49,0.804,91.2
U007,1,2026-01-11,Sunday,1,8.42,1.16,6.77,2.25,2.34,4.85,8.24,24.67,0.855,98.0
U008,1,2026-01-11,Sunday,1,8.59,0.91,3.3,1.98,2.64,5.75,9.56,23.74,0.98,98.0
U009,1,2026-01-11,Sunday,1,7.54,1.22,5.09,2.13,2.93,4.57,8.68,24.41,0.98,95.9
U010,1,2026-01-11,Sunday,1,8.54,1.16,6.28,2.28,2.9,4.99,8.29,25.54,0.676,90.69
U001,2,2026-01-12,Monday,2,7.34,0.67,5.22,1.42,2.67,1.65,7.34,22.73,0.98,98.0
U002,2,2026-01-12,Monday,2,5.92,0.0,5.35,2.15,2.22,4.71,7.17,22.68,0.969,83.37
U003,2,2026-01-12,Monday,2,8.36,0.95,4.0,1.89,2.85,1.41,7.52,23.98,0.783,90.21
U004,2,2026-01-12,Monday,2,7.25,0.34,5.78,0.95,1.72,2.79,7.84,22.71,0.844,90.4
U005,2,2026-01-12,Monday,2,7.52,0.0,3.35,1.46,2.56,2.84,7.37,23.06,0.79,91.25
U006,2,2026-01-12,Monday,2,7.15,0.23,3.24,1.31,1.84,2.89,6.89,24.28,0.841,98.0
U007,2,2026-01-12,Monday,2,6.75,0.5,4.04,0.61,1.93,1.79,7.53,24.5,0.771,98.0
U008,2,2026-01-12,Monday,2,7.59,0.77,4.25,1.64,2.32,1.81,7.64,22.96,0.93,98.0
U009,2,2026-01-12,Monday,2,5.58,0.68,4.4,0.92,2.56,2.84,7.82,22.36,0.621,82.91
U010,2,2026-01-12,Monday,2,8.29,0.0,4.49,0.47,1.51,5.52,8.28,22.37,0.631,93.79
U001,2,2026-01-13,Tuesday,2,7.1,0.77,4.81,2.09,1.98,1.38,6.68,23.79,0.715,87.37
U002,2,2026-01-13,Tuesday,2,9.46,1.02,5.82,1.36,2.35,2.59,6.22,24.19,0.76,98.0
U003,2,2026-01-13,Tuesday,2,7.93,0.76,4.5,1.28,2.23,2.14,6.9,23.0,0.925,98.0
U004,2,2026-01-13,Tuesday,2,8.17,0.42,4.26,0.52,2.46,3.45,6.77,22.34,0.836,98.0
U005,2,2026-01-13,Tuesday,2,7.72,0.82,3.8,2.29,1.81,3.54,7.42,23.22,0.939,98.0
U006,2,2026-01-13,Tuesday,2,7.34,1.07,2.67,1.07,1.57,1.62,6.92,23.22,0.98,98.0
U007,2,2026-01-13,Tuesday,2,7.93,0.45,2.84,1.54,3.19,2.03,8.22,24.53,0.833,97.21
U008,2,2026-01-13,Tuesday,2,6.71,0.86,5.15,2.28,1.47,3.42,7.37,22.95,0.677,79.55
U009,2,2026-01-13,Tuesday,2,6.84,0.04,4.21,0.67,2.07,3.94,6.45,23.61,0.765,89.0
U010,2,2026-01-13,Tuesday,2,8.3,0.19,4.33,1.37,1.92,2.25,7.06,23.49,0.936,93.74
U001,2,2026-01-14,Wednesday,2,7.59,0.77,4.91,0.86,1.67,3.88,7.18,24.31,0.928,96.52
U002,2,2026-01-14,Wednesday,2,6.58,0.42,4.29,1.27,2.93,3.9,8.0,22.64,0.908,93.7
U003,2,2026-01-14,Wednesday,2,7.9,0.0,4.64,3.1,1.94,3.19,6.86,23.46,0.98,92.0
U004,2,2026-01-14,Wednesday,2,6.06,0.42,2.23,1.56,2.65,1.92,7.28,22.44,0.934,82.21
U005,2,2026-01-14,Wednesday,2,6.62,0.72,4.03,1.77,1.43,3.16,8.33,22.03,0.822,95.96
U006,2,2026-01-14,Wednesday,2,8.62,0.81,1.53,1.22,1.71,3.03,7.05,24.35,0.953,98.0
U007,2,2026-01-14,Wednesday,2,8.02,0.89,4.09,1.51,2.11,3.03,7.35,24.05,0.918,98.0
U008,2,2026-01-14,Wednesday,2,7.45,0.22,3.95,0.77,2.6,2.18,7.52,23.09,0.766,94.0
U009,2,2026-01-14,Wednesday,2,7.43,0.73,4.06,1.4,3.25,3.11,7.76,23.53,0.904,98.0
U010,2,2026-01-14,Wednesday,2,6.43,0.51,6.0,2.45,2.4,4.37,6.69,24.53,0.781,74.38
U001,2,2026-01-15,Thursday,2,8.04,0.88,4.64,1.47,2.38,2.83,7.67,23.51,0.885,98.0
U002,2,2026-01-15,Thursday,2,7.57,0.0,4.2,1.56,2.27,3.62,6.88,24.52,0.959,96.33
U003,2,2026-01-15,Thursday,2,6.1,0.27,2.25,1.69,1.9,2.22,7.2,23.77,0.758,91.49
U004,2,2026-01-15,Thursday,2,8.29,0.62,5.91,1.53,1.12,0.5,7.43,22.85,0.921,90.39
U005,2,2026-01-15,Thursday,2,8.41,0.59,3.05,1.94,2.43,3.6,8.38,22.95,0.735,98.0
U006,2,2026-01-15,Thursday,2,6.71,0.25,6.35,1.78,1.97,0.58,7.4,23.33,0.908,72.15
U007,2,2026-01-15,Thursday,2,8.4,0.6,6.15,1.34,0.54,3.45,6.43,25.15,0.821,98.0
U008,2,2026-01-15,Thursday,2,7.4,0.17,3.94,1.14,1.64,3.41,7.83,22.8,0.978,98.0
U009,2,2026-01-15,Thursday,2,5.96,0.0,7.41,1.39,2.04,3.91,6.83,23.19,0.809,68.38
U010,2,2026-01-15,Thursday,2,7.42,0.87,4.97,1.67,1.18,4.14,7.74,24.16,0.87,98.0
U001,2,2026-01-16,Friday,2,7.14,0.25,4.62,1.65,2.22,2.39,7.25,23.59,0.804,90.69
U002,2,2026-01-16,Friday,2,7.68,0.69,1.87,0.82,1.47,2.21,6.74,22.28,0.98,98.0
U003,2,2026-01-16,Friday,2,6.95,0.0,2.51,1.08,1.05,2.81,6.44,24.67,0.839,86.46
U004,2,2026-01-16,Friday,2,6.88,0.32,4.56,0.46,1.24,4.24,7.75,23.13,0.83,96.85
U005,2,2026-01-16,Friday,2,7.79,0.61,2.15,1.57,1.56,2.57,7.22,24.85,0.785,96.98
U006,2,2026-01-16,Friday,2,7.3,0.38,3.77,1.54,2.2,3.24,5.99,24.81,0.794,98.0
U007,2,2026-01-16,Friday,2,7.69,0.99,3.66,0.59,2.38,4.26,6.75,23.45,0.98,98.0
U008,2,2026-01-16,Friday,2,7.65,0.31,2.53,2.58,3.33,2.09,7.1,22.32,0.98,81.67
U009,2,2026-01-16,Friday,2,7.65,0.41,5.84,1.13,3.77,1.81,7.05,23.1,0.696,88.71
U010,2,2026-01-16,Friday,2,7.74,0.21,3.45,1.19,2.77,3.79,7.34,24.4,0.821,98.0
U001,2,2026-01-17,Saturday,2,7.42,0.63,6.25,2.47,2.55,4.07,9.37,24.35,0.98,87.25
U002,2,2026-01-17,Saturday,2,8.09,0.74,5.93,2.99,3.48,5.72,8.99,24.84,0.806,86.67
U003,2,2026-01-17,Saturday,2,8.1,0.97,5.01,2.66,1.83,4.96,9.02,25.35,0.899,98.0
U004,2,2026-01-17,Saturday,2,9.15,0.81,6.01,3.19,0.89,3.38,7.37,24.37,0.98,98.0
U005,2,2026-01-17,Saturday,2,8.24,0.26,6.34,2.26,3.67,4.42,8.62,23.79,0.891,89.56
U006,2,2026-01-17,Saturday,2,9.08,1.03,6.77,3.01,2.35,4.24,7.51,22.23,0.775,98.0
U007,2,2026-01-17,Saturday,2,8.6,0.58,3.99,2.97,3.84,5.12,8.47,25.64,0.786,96.72
U008,2,2026-01-17,Saturday,2,7.13,1.35,5.69,1.95,4.04,6.09,9.01,25.27,0.767,90.92
U009,2,2026-01-17,Saturday,2,8.19,1.02,4.6,2.57,2.73,5.4,8.61,24.4,0.95,98.0
U010,2,2026-01-17,Saturday,2,7.83,0.61,7.18,2.23,2.94,4.87,8.55,23.26,0.883,93.73
U001,2,2026-01-18,Sunday,2,8.17,0.96,3.93,1.73,3.27,5.93,8.5,22.64,0.98,98.0
U002,2,2026-01-18,Sunday,2,7.27,0.88,6.18,2.3,3.75,3.34,7.88,23.43,0.805,98.0
U003,2,2026-01-18,Sunday,2,8.94,0.67,8.6,2.5,2.54,4.08,7.36,24.49,0.831,86.57
U004,2,2026-01-18,Sunday,2,7.52,1.4,5.08,1.04,3.24,4.0,8.24,23.73,0.98,98.0
U005,2,2026-01-18,Sunday,2,7.52,1.84,6.99,2.46,3.0,3.92,8.41,23.96,0.98,98.0
U006,2,2026-01-18,Sunday,2,9.21,0.67,5.66,2.7,2.47,5.14,8.02,23.28,0.924,98.0
U007,2,2026-01-18,Sunday,2,8.27,1.07,5.89,2.09,2.64,4.34,8.53,24.58,0.98,96.41
U008,2,2026-01-18,Sunday,2,6.84,0.79,5.32,2.16,3.03,3.73,8.76,25.19,0.921,98.0
U009,2,2026-01-18,Sunday,2,8.53,0.69,6.84,1.45,2.54,2.58,7.18,25.24,0.854,98.0
U010,2,2026-01-18,Sunday,2,8.31,0.95,7.25,2.55,1.47,5.72,8.27,25.39,0.779,95.4
U001,3,2026-01-19,Monday,3,6.98,0.29,4.1,1.99,2.69,2.59,6.42,23.1,0.965,88.61
U002,3,2026-01-19,Monday,3,7.31,0.32,3.43,1.47,2.81,3.39,6.7,22.43,0.952,94.48
U003,3,2026-01-19,Monday,3,6.87,0.53,8.32,1.79,2.09,4.1,7.21,24.28,0.872,73.43
U004,3,2026-01-19,Monday,3,7.27,0.92,4.43,1.75,1.59,3.1,7.93,24.21,0.733,93.31
U005,3,2026-01-19,Monday,3,7.59,0.85,2.87,1.76,2.63,1.55,7.06,23.52,0.886,98.0
U006,3,2026-01-19,Monday,3,6.73,0.79,2.0,1.07,1.59,4.11,6.84,21.94,0.916,98.0
U007,3,2026-01-19,Monday,3,7.26,0.61,4.27,1.16,1.8,1.89,6.89,24.38,0.795,91.15
U008,3,2026-01-19,Monday,3,6.45,0.51,3.99,2.59,2.08,3.64,7.94,22.58,0.807,89.4
U009,3,2026-01-19,Monday,3,7.96,0.37,4.53,1.22,1.87,2.86,5.98,23.78,0.771,98.0
U010,3,2026-01-19,Monday,3,7.52,0.39,3.23,2.41,1.8,3.17,7.47,23.39,0.837,97.73
U001,3,2026-01-20,Tuesday,3,6.94,0.59,4.22,1.56,0.95,3.09,7.23,25.06,0.741,94.43
U002,3,2026-01-20,Tuesday,3,7.2,0.11,5.47,0.75,3.3,3.19,8.29,23.45,0.798,90.03
U003,3,2026-01-20,Tuesday,3,6.78,0.91,6.05,1.88,1.59,3.47,7.31,23.3,0.876,89.14
U004,3,2026-01-20,Tuesday,3,5.97,0.27,5.15,1.21,3.26,1.28,8.0,21.94,0.644,64.25
U005,3,2026-01-20,Tuesday,3,6.97,0.96,2.91,1.11,1.98,2.57,7.75,23.21,0.98,98.0
U006,3,2026-01-20,Tuesday,3,7.92,0.83,3.23,2.36,2.15,1.44,6.21,24.72,0.958,95.19
U007,3,2026-01-20,Tuesday,3,8.5,0.47,3.7,1.97,2.66,2.01,7.49,22.28,0.98,98.0
U008,3,2026-01-20,Tuesday,3,7.33,0.31,4.36,0.9,1.71,2.79,7.13,22.8,0.969,88.18
U009,3,2026-01-20,Tuesday,3,6.86,1.11,2.5,0.85,2.76,2.27,7.24,22.08,0.917,98.0
U010,3,2026-01-20,Tuesday,3,7.19,0.44,2.31,1.91,1.35,1.3,8.31,23.19,0.98,95.53
U001,3,2026-01-21,Wednesday,3,7.8,0.79,5.39,0.01,2.59,3.35,6.58,23.79,0.925,98.0
U002,3,2026-01-21,Wednesday,3,6.27,0.63,7.37,1.32,1.38,2.01,7.12,24.27,0.832,98.0
U003,3,2026-01-21,Wednesday,3,8.8,0.75,5.86,1.67,1.08,3.09,6.55,23.29,0.938,98.0
U004,3,2026-01-21,Wednesday,3,8.3,0.54,4.9,2.06,0.92,2.63,8.12,22.7,0.912,98.0
U005,3,2026-01-21,Wednesday,3,7.07,1.02,3.89,1.4,2.14,4.71,7.52,21.96,0.839,98.0
U006,3,2026-01-21,Wednesday,3,7.55,1.03,1.9,2.12,2.47,1.33,6.96,23.56,0.98,98.0
U007,3,2026-01-21,Wednesday,3,7.71,0.53,3.9,2.46,2.6,1.62,6.24,23.45,0.833,97.32
U008,3,2026-01-21,Wednesday,3,6.64,1.13,3.7,2.1,2.23,3.2,6.77,23.37,0.8,90.38
U009,3,2026-01-21,Wednesday,3,7.91,0.73,2.51,0.78,2.23,0.61,7.54,23.35,0.952,98.0
U010,3,2026-01-21,Wednesday,3,7.13,0.87,4.19,1.12,2.07,2.99,7.37,22.46,0.829,95.22
U001,3,2026-01-22,Thursday,3,7.33,0.38,3.97,1.98,1.76,2.21,7.75,23.5,0.891,98.0
U002,3,2026-01-22,Thursday,3,8.07,0.09,2.03,1.24,0.56,1.99,8.47,22.82,0.98,98.0
U003,3,2026-01-22,Thursday,3,7.48,0.72,6.39,0.4,1.78,2.5,7.77,22.39,0.97,98.0
U004,3,2026-01-22,Thursday,3,7.4,1.09,4.43,1.69,2.03,2.36,7.75,23.51,0.815,98.0
U005,3,2026-01-22,Thursday,3,6.96,0.97,2.13,2.53,2.91,2.92,6.89,22.78,0.843,94.19
U006,3,2026-01-22,Thursday,3,6.95,0.46,4.75,0.53,1.71,1.94,6.88,24.35,0.749,98.0
U007,3,2026-01-22,Thursday,3,8.06,0.31,3.18,1.48,2.05,2.12,7.77,23.23,0.92,93.68
U008,3,2026-01-22,Thursday,3,7.88,0.22,6.38,2.65,2.7,2.32,6.51,24.12,0.797,86.54
U009,3,2026-01-22,Thursday,3,7.34,0.25,3.66,1.52,1.46,2.18,6.38,23.7,0.98,91.67
U010,3,2026-01-22,Thursday,3,8.51,0.74,4.24,1.18,2.1,3.12,7.15,23.7,0.98,98.0
U001,3,2026-01-23,Friday,3,7.2,1.26,3.37,1.7,2.32,2.1,6.7,24.52,0.929,98.0
U002,3,2026-01-23,Friday,3,6.69,0.67,5.31,2.14,1.12,2.17,7.75,23.32,0.738,83.75
U003,3,2026-01-23,Friday,3,7.65,0.68,4.48,1.48,1.79,3.1,5.69,24.37,0.98,91.03
U004,3,2026-01-23,Friday,3,7.14,0.38,3.35,1.0,2.16,2.93,7.96,23.54,0.789,93.63
U005,3,2026-01-23,Friday,3,8.05,0.89,2.99,3.23,1.4,4.06,7.42,23.75,0.95,98.0
U006,3,2026-01-23,Friday,3,6.97,0.41,3.06,1.61,2.75,1.02,7.04,23.26,0.98,97.78
U007,3,2026-01-23,Friday,3,7.95,0.56,5.64,1.18,1.56,1.05,7.65,24.53,0.701,90.16
U008,3,2026-01-23,Friday,3,7.5,0.65,5.1,0.93,2.65,1.8,7.66,25.08,0.738,89.87
U009,3,2026-01-23,Friday,3,8.7,0.36,2.78,2.3,1.44,2.32,7.49,23.63,0.98,89.3
U010,3,2026-01-23,Friday,3,7.29,1.0,2.97,0.58,2.08,2.57,7.55,21.95,0.873,98.0
U001,3,2026-01-24,Saturday,3,7.06,0.96,4.32,1.52,1.68,5.57,7.13,24.55,0.83,93.96
U002,3,2026-01-24,Saturday,3,8.35,0.92,7.75,1.43,3.9,3.42,8.47,23.56,0.74,95.69
U003,3,2026-01-24,Saturday,3,7.61,0.82,6.74,1.85,2.12,4.65,7.4,25.26,0.98,95.47
U004,3,2026-01-24,Saturday,3,7.79,0.61,5.19,1.4,4.0,5.47,8.84,23.0,0.897,98.0
U005,3,2026-01-24,Saturday,3,7.87,0.0,2.94,2.59,2.18,5.63,8.01,23.77,0.975,97.16
U006,3,2026-01-24,Saturday,3,9.12,0.97,3.07,3.16,2.93,3.92,7.17,24.56,0.98,98.0
U007,3,2026-01-24,Saturday,3,8.94,1.39,6.22,3.16,2.38,5.73,8.37,25.61,0.83,98.0
U008,3,2026-01-24,Saturday,3,9.03,1.1,5.38,2.64,2.29,5.42,8.86,23.55,0.684,96.85
U009,3,2026-01-24,Saturday,3,7.07,0.85,5.35,2.25,3.16,4.38,8.47,24.33,0.928,90.99
U010,3,2026-01-24,Saturday,3,8.49,0.97,4.83,2.5,3.41,5.55,8.38,24.45,0.801,97.46
U001,3,2026-01-25,Sunday,3,9.6,1.54,6.3,2.32,1.96,3.74,9.53,24.41,0.966,98.0
U002,3,2026-01-25,Sunday,3,8.86,1.13,6.92,2.57,2.84,3.72,8.79,25.79,0.957,96.06
U003,3,2026-01-25,Sunday,3,8.33,1.27,5.91,2.32,2.62,4.69,8.4,24.7,0.98,94.69
U004,3,2026-01-25,Sunday,3,6.84,0.57,5.61,3.05,2.57,2.12,8.5,23.55,0.929,98.0
U005,3,2026-01-25,Sunday,3,7.36,0.83,5.81,2.36,3.56,4.17,8.49,23.74,0.858,92.64
U006,3,2026-01-25,Sunday,3,7.48,0.85,4.14,2.01,2.16,3.73,8.45,23.3,0.97,98.0
U007,3,2026-01-25,Sunday,3,7.9,0.84,5.42,1.38,2.39,5.06,7.85,25.44,0.826,91.98
U008,3,2026-01-25,Sunday,3,8.56,1.44,6.59,1.75,2.92,4.52,8.43,23.15,0.98,98.0
U009,3,2026-01-25,Sunday,3,8.75,0.91,5.55,2.44,3.3,4.07,9.49,24.07,0.816,98.0
U010,3,2026-01-25,Sunday,3,8.29,0.53,7.08,1.57,3.14,3.96,8.76,23.94,0.98,98.0
U001,4,2026-01-26,Monday,4,7.29,0.08,4.84,2.16,1.5,5.16,7.31,22.5,0.98,94.5
U002,4,2026-01-26,Monday,4,5.99,0.65,1.91,1.38,2.53,4.1,6.74,24.42,0.83,98.0
U003,4,2026-01-26,Monday,4,8.48,0.69,5.15,2.01,2.45,3.9,7.69,24.49,0.98,94.14
U004,4,2026-01-26,Monday,4,5.84,0.28,5.41,1.49,1.07,2.34,7.91,23.19,0.827,83.29
U005,4,2026-01-26,Monday,4,6.79,0.37,4.78,1.57,2.02,2.73,6.32,22.28,0.98,94.98
U006,4,2026-01-26,Monday,4,7.66,0.66,3.55,1.51,2.02,1.28,7.29,23.94,0.773,98.0
U007,4,2026-01-26,Monday,4,7.01,0.54,1.42,1.5,2.81,2.8,7.61,23.01,0.98,98.0
U008,4,2026-01-26,Monday,4,6.9,0.43,3.5,1.78,2.49,3.23,7.57,24.13,0.781,94.04
U009,4,2026-01-26,Monday,4,6.55,0.45,4.57,2.88,3.56,1.83,6.66,23.13,0.804,98.0
U010,4,2026-01-26,Monday,4,8.73,0.52,3.96,1.11,2.1,2.06,7.16,23.49,0.911,94.39
U001,4,2026-01-27,Tuesday,4,6.63,1.29,3.06,2.23,1.84,4.94,7.16,24.16,0.864,98.0
U002,4,2026-01-27,Tuesday,4,7.44,0.8,6.25,1.21,2.05,2.71,6.66,23.78,0.911,91.27
U003,4,2026-01-27,Tuesday,4,7.88,0.75,2.93,1.37,2.05,3.12,8.06,23.31,0.909,98.0
U004,4,2026-01-27,Tuesday,4,6.15,1.15,4.87,1.46,1.56,2.07,7.94,23.65,0.878,98.0
U005,4,2026-01-27,Tuesday,4,7.38,0.46,3.5,1.98,2.67,1.76,8.14,23.76,0.98,98.0
U006,4,2026-01-27,Tuesday,4,7.63,0.02,4.54,1.96,1.02,2.83,7.75,23.73,0.98,87.89
U007,4,2026-01-27,Tuesday,4,6.93,1.01,5.15,1.4,1.62,2.04,6.44,23.43,0.98,97.42
U008,4,2026-01-27,Tuesday,4,7.38,0.48,4.62,1.16,1.96,0.75,7.37,23.31,0.883,88.02
U009,4,2026-01-27,Tuesday,4,5.94,0.1,4.11,0.8,1.52,2.27,7.67,21.47,0.741,78.88
U010,4,2026-01-27,Tuesday,4,8.65,0.88,3.37,1.25,2.33,2.08,6.08,24.9,0.98,98.0
U001,4,2026-01-28,Wednesday,4,6.88,0.76,3.48,2.19,1.73,4.93,7.2,22.02,0.817,98.0
U002,4,2026-01-28,Wednesday,4,6.36,0.58,2.65,1.65,1.7,3.68,7.42,22.75,0.933,98.0
U003,4,2026-01-28,Wednesday,4,5.9,0.36,5.37,1.64,1.82,2.45,7.44,24.34,0.877,87.89
U004,4,2026-01-28,Wednesday,4,8.85,0.19,3.86,1.58,2.81,4.9,7.6,21.71,0.896,98.0
U005,4,2026-01-28,Wednesday,4,7.66,0.63,6.15,1.61,2.08,0.5,6.88,23.63,0.98,98.0
U006,4,2026-01-28,Wednesday,4,6.55,0.36,5.1,1.72,2.62,3.26,6.39,23.18,0.632,90.81
U007,4,2026-01-28,Wednesday,4,6.4,0.39,4.03,1.24,2.7,2.56,6.93,25.04,0.955,98.0
U008,4,2026-01-28,Wednesday,4,6.35,0.05,1.0,1.83,0.72,3.14,7.35,22.51,0.98,96.31
U009,4,2026-01-28,Wednesday,4,6.38,0.72,3.55,2.23,1.57,3.26,7.77,22.76,0.823,92.47
U010,4,2026-01-28,Wednesday,4,8.85,1.16,7.1,1.25,1.14,1.57,6.48,23.55,0.863,98.0
U001,4,2026-01-29,Thursday,4,6.84,0.03,4.31,1.28,1.62,3.01,7.84,22.79,0.927,83.35
U002,4,2026-01-29,Thursday,4,9.16,0.06,5.62,0.9,2.56,2.78,7.26,24.52,0.98,93.3
U003,4,2026-01-29,Thursday,4,7.53,1.3,3.24,2.3,2.53,3.14,6.53,22.95,0.852,98.0
U004,4,2026-01-29,Thursday,4,7.65,0.34,3.96,1.57,1.69,3.11,7.57,23.06,0.716,98.0
U005,4,2026-01-29,Thursday,4,5.12,0.38,3.56,2.2,2.2,2.93,8.0,23.16,0.879,93.34
U006,4,2026-01-29,Thursday,4,9.84,0.64,5.14,1.87,2.68,2.52,6.96,23.67,0.98,98.0
U007,4,2026-01-29,Thursday,4,7.19,0.63,6.53,1.29,1.79,1.88,6.76,22.74,0.951,88.83
U008,4,2026-01-29,Thursday,4,8.22,0.72,4.64,1.77,2.73,1.42,6.68,23.24,0.98,98.0
U009,4,2026-01-29,Thursday,4,7.07,0.63,3.53,0.64,1.91,1.58,7.47,24.13,0.853,98.0
U010,4,2026-01-29,Thursday,4,7.85,0.31,5.43,0.91,3.01,3.51,7.15,22.05,0.718,93.24
U001,4,2026-01-30,Friday,4,7.72,0.61,2.12,2.38,2.3,3.02,7.01,23.72,0.975,94.21
U002,4,2026-01-30,Friday,4,7.93,0.84,4.35,2.05,3.1,3.32,6.81,24.39,0.916,97.55
U003,4,2026-01-30,Friday,4,8.28,0.15,3.68,0.54,0.69,2.76,6.42,23.51,0.943,98.0
U004,4,2026-01-30,Friday,4,8.3,0.62,4.11,1.85,2.25,3.36,7.63,22.48,0.923,88.72
U005,4,2026-01-30,Friday,4,5.6,0.61,3.74,1.55,2.16,2.36,7.23,23.34,0.797,87.93
U006,4,2026-01-30,Friday,4,8.3,0.58,4.12,1.0,2.87,2.92,7.28,22.74,0.98,98.0
U007,4,2026-01-30,Friday,4,8.43,0.18,4.57,1.86,1.0,3.18,7.27,23.68,0.784,98.0
U008,4,2026-01-30,Friday,4,7.6,0.89,1.55,1.99,1.26,1.54,7.39,22.9,0.98,98.0
U009,4,2026-01-30,Friday,4,7.69,0.18,2.39,1.93,1.02,2.11,7.39,24.31,0.961,98.0
U010,4,2026-01-30,Friday,4,7.78,0.0,4.45,2.27,1.62,3.55,8.29,23.25,0.877,96.77
U001,4,2026-01-31,Saturday,4,7.82,1.27,5.62,1.41,2.63,2.94,8.68,23.68,0.98,98.0
U002,4,2026-01-31,Saturday,4,8.35,0.9,5.43,2.1,3.6,4.35,7.83,25.09,0.965,98.0
U003,4,2026-01-31,Saturday,4,7.91,1.68,5.09,2.19,3.04,3.79,8.69,23.57,0.826,98.0
U004,4,2026-01-31,Saturday,4,8.59,0.96,5.3,1.68,2.43,4.84,8.29,24.82,0.963,96.25
U005,4,2026-01-31,Saturday,4,7.86,0.0,7.04,1.58,3.18,6.05,9.17,24.21,0.862,94.32
U006,4,2026-01-31,Saturday,4,7.75,0.76,3.8,2.02,1.77,5.17,7.89,23.91,0.972,86.49
U007,4,2026-01-31,Saturday,4,7.89,1.16,6.38,2.56,3.07,4.88,7.89,24.15,0.978,98.0
U008,4,2026-01-31,Saturday,4,6.86,0.65,4.34,1.63,3.23,3.48,7.99,23.11,0.94,98.0
U009,4,2026-01-31,Saturday,4,8.04,0.74,5.91,1.12,3.83,5.33,7.94,23.82,0.98,94.35
U010,4,2026-01-31,Saturday,4,8.54,0.95,6.44,1.68,3.92,5.38,8.31,23.8,0.98,98.0
U001,4,2026-02-01,Sunday,4,7.6,1.52,5.0,2.57,2.52,4.72,7.02,23.61,0.98,98.0
U002,4,2026-02-01,Sunday,4,8.26,1.1,4.08,2.2,2.49,3.89,9.06,24.32,0.858,98.0
U003,4,2026-02-01,Sunday,4,6.7,1.14,4.3,1.52,3.14,2.9,7.83,24.76,0.941,96.04
U004,4,2026-02-01,Sunday,4,8.7,1.4,4.41,2.6,2.72,4.12,7.49,24.34,0.971,98.0
U005,4,2026-02-01,Sunday,4,7.9,1.26,4.69,2.41,2.69,3.92,8.2,22.48,0.768,98.0
U006,4,2026-02-01,Sunday,4,9.1,0.97,3.84,2.75,2.64,5.55,7.07,23.53,0.98,98.0
U007,4,2026-02-01,Sunday,4,7.3,1.21,4.0,2.75,4.4,6.69,8.6,23.73,0.98,98.0
U008,4,2026-02-01,Sunday,4,7.88,0.99,6.2,1.95,2.53,3.53,8.26,24.45,0.788,97.09
U009,4,2026-02-01,Sunday,4,7.26,0.8,7.6,2.88,1.98,5.12,8.27,24.05,0.858,86.75
U010,4,2026-02-01,Sunday,4,9.11,1.62,9.5,3.21,2.7,5.66,8.44,24.17,0.98,93.35
U001,5,2026-02-02,Monday,5,6.02,1.13,3.3,2.8,3.18,4.24,7.18,22.96,0.98,98.0
U002,5,2026-02-02,Monday,5,7.33,0.0,5.54,1.45,2.29,3.8,7.23,23.02,0.98,98.0
U003,5,2026-02-02,Monday,5,7.41,0.54,5.09,0.71,2.87,1.72,6.76,24.12,0.98,90.37
U004,5,2026-02-02,Monday,5,7.06,0.37,3.02,1.4,2.16,3.56,7.33,24.02,0.98,98.0
U005,5,2026-02-02,Monday,5,7.12,0.6,3.33,1.58,1.57,2.88,7.32,23.55,0.755,97.21
U006,5,2026-02-02,Monday,5,7.47,0.95,4.3,1.07,2.18,2.19,6.25,23.68,0.945,98.0
U007,5,2026-02-02,Monday,5,7.81,0.35,4.0,1.95,2.84,1.07,6.96,24.3,0.758,98.0
U008,5,2026-02-02,Monday,5,6.92,0.71,4.34,0.68,3.37,2.12,6.3,22.92,0.791,89.94
U009,5,2026-02-02,Monday,5,6.56,0.16,4.61,0.9,2.4,1.75,7.35,23.11,0.875,92.75
U010,5,2026-02-02,Monday,5,6.96,0.0,5.4,1.46,1.06,2.47,6.99,24.0,0.98,97.58
U001,5,2026-02-03,Tuesday,5,6.27,0.57,5.23,1.39,1.94,3.17,7.36,24.12,0.747,98.0
U002,5,2026-02-03,Tuesday,5,6.85,1.05,5.17,1.7,2.74,1.92,7.84,24.85,0.98,98.0
U003,5,2026-02-03,Tuesday,5,7.36,0.24,3.82,2.24,2.17,3.45,8.53,22.98,0.938,98.0
U004,5,2026-02-03,Tuesday,5,7.16,0.45,2.88,1.41,0.5,2.82,6.28,24.43,0.901,95.57
U005,5,2026-02-03,Tuesday,5,7.2,0.51,4.44,1.26,1.53,3.26,7.89,22.87,0.896,98.0
U006,5,2026-02-03,Tuesday,5,7.53,1.24,5.11,0.77,2.75,1.49,6.84,22.53,0.872,98.0
U007,5,2026-02-03,Tuesday,5,6.35,0.72,3.71,1.34,2.63,4.35,6.77,23.17,0.68,98.0
U008,5,2026-02-03,Tuesday,5,7.46,0.47,4.12,1.38,2.08,1.67,8.12,23.4,0.98,89.83
U009,5,2026-02-03,Tuesday,5,7.7,0.49,1.38,1.98,2.25,1.84,7.5,22.35,0.98,98.0
U010,5,2026-02-03,Tuesday,5,6.51,0.03,5.63,0.94,2.86,1.58,6.53,22.92,0.701,73.5
U001,5,2026-02-04,Wednesday,5,7.37,0.79,4.22,1.0,2.31,4.48,7.93,24.52,0.98,98.0
U002,5,2026-02-04,Wednesday,5,7.84,0.68,4.41,1.67,1.9,2.28,8.48,23.64,0.931,98.0
U003,5,2026-02-04,Wednesday,5,7.56,0.83,4.69,1.68,2.52,1.59,6.7,24.33,0.98,98.0
U004,5,2026-02-04,Wednesday,5,7.12,0.45,4.85,1.27,3.04,2.53,7.63,25.31,0.98,91.94
U005,5,2026-02-04,Wednesday,5,6.95,0.84,3.16,1.59,1.23,2.16,6.64,22.54,0.98,98.0
U006,5,2026-02-04,Wednesday,5,8.12,0.79,3.57,1.44,1.76,3.33,6.68,22.71,0.889,98.0
U007,5,2026-02-04,Wednesday,5,7.91,0.0,4.39,2.18,2.33,3.46,8.3,23.06,0.98,98.0
U008,5,2026-02-04,Wednesday,5,7.09,0.74,3.84,1.93,1.14,2.01,7.75,22.76,0.902,91.17
U009,5,2026-02-04,Wednesday,5,7.05,0.42,3.18,2.23,2.2,3.81,6.6,23.59,0.939,94.72
U010,5,2026-02-04,Wednesday,5,7.95,0.82,3.72,1.49,0.55,3.8,6.8,25.16,0.79,97.16
U001,5,2026-02-05,Thursday,5,6.95,1.34,2.37,1.75,2.85,2.39,7.23,23.16,0.98,98.0
U002,5,2026-02-05,Thursday,5,7.24,0.34,5.08,2.22,2.43,2.51,6.82,23.35,0.98,88.76
U003,5,2026-02-05,Thursday,5,6.98,0.07,3.71,1.71,0.5,3.24,7.45,25.32,0.98,90.96
U004,5,2026-02-05,Thursday,5,7.75,0.6,3.71,1.56,1.89,3.49,6.22,23.7,0.954,98.0
U005,5,2026-02-05,Thursday,5,6.78,0.47,3.83,2.27,2.38,3.1,7.86,24.55,0.833,92.1
U006,5,2026-02-05,Thursday,5,7.62,0.88,5.32,1.33,1.79,2.6,6.37,24.6,0.89,89.6
U007,5,2026-02-05,Thursday,5,6.24,0.83,5.52,0.21,1.84,1.35,6.84,23.66,0.98,98.0
U008,5,2026-02-05,Thursday,5,7.14,0.27,5.77,1.68,1.33,2.73,6.31,22.79,0.832,85.61
U009,5,2026-02-05,Thursday,5,7.85,0.23,3.89,1.26,0.96,3.82,7.4,23.9,0.98,98.0
U010,5,2026-02-05,Thursday,5,8.22,0.29,3.64,1.63,2.12,2.77,7.74,23.93,0.98,98.0
U001,5,2026-02-06,Friday,5,9.02,1.36,3.67,1.69,2.79,3.9,7.3,23.9,0.98,98.0
U002,5,2026-02-06,Friday,5,8.41,0.75,4.33,0.63,1.91,2.7,7.96,22.52,0.98,98.0
U003,5,2026-02-06,Friday,5,6.86,1.31,4.15,1.76,1.88,4.47,7.41,23.26,0.954,98.0
U004,5,2026-02-06,Friday,5,7.27,0.39,4.51,1.92,2.47,2.95,6.95,24.18,0.98,98.0
U005,5,2026-02-06,Friday,5,8.27,0.0,3.44,1.2,2.2,3.39,6.8,24.65,0.98,92.58
U006,5,2026-02-06,Friday,5,7.8,1.15,5.21,0.61,2.46,3.21,7.61,22.7,0.98,98.0
U007,5,2026-02-06,Friday,5,7.42,0.99,6.29,2.03,2.67,3.01,7.35,23.66,0.652,91.77
U008,5,2026-02-06,Friday,5,6.58,0.43,4.19,1.88,1.52,3.85,6.62,22.27,0.793,84.54
U009,5,2026-02-06,Friday,5,5.95,0.75,3.75,1.25,1.81,3.74,6.9,22.48,0.719,95.69
U010,5,2026-02-06,Friday,5,7.28,0.42,6.31,1.49,1.54,2.38,6.6,24.36,0.756,78.84
U001,5,2026-02-07,Saturday,5,8.08,0.94,5.91,2.53,2.24,5.57,8.59,24.07,0.98,90.52
U002,5,2026-02-07,Saturday,5,9.17,0.87,4.5,1.7,3.33,4.49,8.74,24.91,0.98,98.0
U003,5,2026-02-07,Saturday,5,9.08,0.32,6.41,2.33,4.32,4.84,9.15,23.52,0.956,98.0
U004,5,2026-02-07,Saturday,5,8.41,0.53,4.63,2.69,2.37,5.43,8.08,24.62,0.839,98.0
U005,5,2026-02-07,Saturday,5,7.33,0.9,4.13,2.8,2.63,3.58,7.43,23.06,0.98,98.0
U006,5,2026-02-07,Saturday,5,7.93,0.91,4.63,0.97,3.61,4.3,8.03,23.41,0.96,96.19
U007,5,2026-02-07,Saturday,5,8.1,0.95,4.83,2.32,1.48,4.75,8.05,24.63,0.827,98.0
U008,5,2026-02-07,Saturday,5,8.35,1.23,5.22,3.15,2.77,4.44,8.68,23.74,0.764,98.0
U009,5,2026-02-07,Saturday,5,7.77,1.13,7.1,1.82,2.3,4.64,8.24,23.85,0.869,98.0
U010,5,2026-02-07,Saturday,5,9.23,1.09,6.39,1.88,2.82,4.53,7.87,24.15,0.974,98.0
U001,5,2026-02-08,Sunday,5,7.91,0.71,5.69,2.74,2.88,4.82,8.73,24.84,0.98,98.0
U002,5,2026-02-08,Sunday,5,7.79,1.1,4.65,2.16,3.75,4.65,8.51,23.66,0.98,98.0
U003,5,2026-02-08,Sunday,5,7.83,1.75,6.72,2.45,2.93,4.52,7.69,23.96,0.98,98.0
U004,5,2026-02-08,Sunday,5,8.45,1.11,6.25,3.4,3.18,3.08,7.88,23.53,0.774,98.0
U005,5,2026-02-08,Sunday,5,8.84,0.88,4.37,3.84,4.17,4.13,7.58,23.66,0.918,98.0
U006,5,2026-02-08,Sunday,5,7.41,0.73,5.74,1.98,1.63,4.52,9.6,25.08,0.98,98.0
U007,5,2026-02-08,Sunday,5,8.41,0.99,3.94,2.77,3.61,3.62,8.52,24.02,0.98,98.0
U008,5,2026-02-08,Sunday,5,7.89,0.75,5.66,1.98,2.18,4.47,8.43,25.17,0.863,90.82
U009,5,2026-02-08,Sunday,5,8.35,1.4,5.11,1.66,3.05,5.06,8.77,25.12,0.957,98.0
U010,5,2026-02-08,Sunday,5,7.4,1.14,6.6,2.42,2.22,3.34,8.64,23.84,0.98,96.83
U001,6,2026-02-09,Monday,6,8.16,0.52,2.9,0.71,1.47,1.55,8.21,23.68,0.98,98.0
U002,6,2026-02-09,Monday,6,7.6,1.19,4.91,1.57,2.2,3.64,7.93,24.6,0.865,98.0
U003,6,2026-02-09,Monday,6,6.6,0.97,3.4,1.16,2.59,1.69,7.87,23.49,0.814,97.64
U004,6,2026-02-09,Monday,6,6.93,1.4,6.76,0.75,1.83,2.12,6.97,24.46,0.688,97.72
U005,6,2026-02-09,Monday,6,7.72,0.19,6.93,1.94,1.97,1.84,7.54,23.41,0.926,98.0
U006,6,2026-02-09,Monday,6,8.2,0.6,4.9,1.07,2.26,4.24,7.24,24.2,0.794,93.81
U007,6,2026-02-09,Monday,6,7.8,0.38,4.71,1.24,2.0,1.29,7.01,22.95,0.918,98.0
U008,6,2026-02-09,Monday,6,6.4,0.96,3.39,2.24,1.77,3.6,7.61,21.92,0.98,98.0
U009,6,2026-02-09,Monday,6,6.1,0.57,3.26,2.24,2.2,1.98,7.71,23.86,0.898,98.0
U010,6,2026-02-09,Monday,6,7.53,1.16,4.26,1.12,2.42,2.82,7.29,24.97,0.98,98.0
U001,6,2026-02-10,Tuesday,6,8.37,0.7,4.52,1.88,4.26,3.13,7.46,23.86,0.858,97.72
U002,6,2026-02-10,Tuesday,6,6.57,0.22,4.06,3.35,3.42,1.97,7.18,23.92,0.819,86.39
U003,6,2026-02-10,Tuesday,6,6.86,0.0,4.15,2.01,3.29,2.67,7.1,23.72,0.98,98.0
U004,6,2026-02-10,Tuesday,6,6.99,0.96,3.3,2.4,3.43,1.75,7.18,23.28,0.98,98.0
U005,6,2026-02-10,Tuesday,6,6.75,0.27,3.93,0.23,0.93,3.75,7.1,24.12,0.844,98.0
U006,6,2026-02-10,Tuesday,6,7.6,0.39,5.93,0.61,1.41,3.62,7.17,23.65,0.98,88.45
U007,6,2026-02-10,Tuesday,6,8.76,0.34,4.81,1.33,1.93,3.99,6.62,22.88,0.799,98.0
U008,6,2026-02-10,Tuesday,6,8.73,0.0,3.79,1.72,2.17,1.84,7.51,24.62,0.808,98.0
U009,6,2026-02-10,Tuesday,6,5.63,0.64,4.89,0.44,1.3,2.74,7.26,25.23,0.958,94.76
U010,6,2026-02-10,Tuesday,6,7.74,0.0,2.51,2.07,2.13,3.92,6.94,23.89,0.861,93.81
U001,6,2026-02-11,Wednesday,6,7.91,0.46,4.1,2.35,2.2,3.43,6.94,24.77,0.876,98.0
U002,6,2026-02-11,Wednesday,6,7.1,0.91,6.01,1.48,2.63,3.03,7.77,24.98,0.868,95.26
U003,6,2026-02-11,Wednesday,6,7.34,0.81,3.12,1.59,2.1,4.07,7.16,26.0,0.98,98.0
U004,6,2026-02-11,Wednesday,6,6.64,0.52,5.86,1.52,1.98,1.68,7.37,22.92,0.862,83.11
U005,6,2026-02-11,Wednesday,6,7.35,1.02,4.38,2.85,1.93,1.78,7.18,23.18,0.827,98.0
U006,6,2026-02-11,Wednesday,6,7.01,0.23,4.95,1.14,2.12,4.1,6.79,23.86,0.799,97.64
U007,6,2026-02-11,Wednesday,6,6.5,0.42,4.58,0.52,2.67,1.76,7.05,24.6,0.784,94.68
U008,6,2026-02-11,Wednesday,6,6.28,0.2,5.62,1.75,1.91,2.15,7.56,22.76,0.98,85.92
U009,6,2026-02-11,Wednesday,6,7.71,0.88,1.88,1.7,3.28,3.72,6.4,23.83,0.949,98.0
U010,6,2026-02-11,Wednesday,6,6.57,0.69,4.66,1.47,1.24,1.49,6.59,24.34,0.804,94.52
U001,6,2026-02-12,Thursday,6,7.16,0.62,4.4,1.24,2.2,2.12,7.39,23.75,0.98,98.0
U002,6,2026-02-12,Thursday,6,7.56,1.03,5.93,1.42,1.55,3.78,8.11,23.88,0.792,98.0
U003,6,2026-02-12,Thursday,6,7.15,0.66,3.03,0.51,1.32,2.54,7.42,23.59,0.98,98.0
U004,6,2026-02-12,Thursday,6,7.79,0.28,4.96,0.73,1.96,1.39,6.89,23.15,0.869,98.0
U005,6,2026-02-12,Thursday,6,6.58,0.57,4.14,1.85,0.79,4.22,8.37,24.39,0.706,98.0
U006,6,2026-02-12,Thursday,6,8.01,0.87,5.34,1.26,0.67,3.4,6.68,23.92,0.886,98.0
U007,6,2026-02-12,Thursday,6,7.93,0.52,2.99,2.26,2.14,2.38,7.01,23.1,0.98,98.0
U008,6,2026-02-12,Thursday,6,8.23,0.61,4.59,1.12,1.03,2.87,7.21,22.6,0.98,98.0
U009,6,2026-02-12,Thursday,6,6.37,0.99,4.15,2.91,1.45,3.5,7.17,23.32,0.871,88.19
U010,6,2026-02-12,Thursday,6,7.18,0.69,5.18,1.54,1.8,3.43,7.55,23.72,0.95,98.0
U001,6,2026-02-13,Friday,6,4.95,0.34,4.93,1.07,2.33,1.72,7.72,23.88,0.886,81.33
U002,6,2026-02-13,Friday,6,7.01,0.15,4.97,1.25,2.32,2.87,7.19,23.28,0.967,98.0
U003,6,2026-02-13,Friday,6,7.44,0.2,2.74,1.22,1.47,3.44,7.09,23.7,0.98,98.0
U004,6,2026-02-13,Friday,6,6.85,0.51,5.96,1.64,1.87,2.9,6.97,22.62,0.821,95.31
U005,6,2026-02-13,Friday,6,6.1,0.92,3.9,1.44,2.23,3.06,7.37,23.2,0.812,81.67
U006,6,2026-02-13,Friday,6,6.78,0.74,4.09,1.14,2.95,2.58,7.57,22.91,0.98,98.0
U007,6,2026-02-13,Friday,6,8.2,1.06,4.39,2.13,3.08,4.83,7.96,24.92,0.908,98.0
U008,6,2026-02-13,Friday,6,6.82,0.44,3.33,0.81,1.62,2.63,8.07,22.68,0.877,98.0
U009,6,2026-02-13,Friday,6,7.29,0.96,2.27,1.6,0.52,3.19,7.14,24.0,0.98,98.0
U010,6,2026-02-13,Friday,6,8.15,0.0,4.07,1.29,2.63,3.0,8.36,21.59,0.98,98.0
U001,6,2026-02-14,Saturday,6,8.9,0.35,7.55,2.6,2.78,4.49,8.8,24.94,0.98,88.31
U002,6,2026-02-14,Saturday,6,6.72,0.52,5.24,2.31,1.16,3.76,8.24,24.8,0.783,85.66
U003,6,2026-02-14,Saturday,6,7.8,0.78,4.53,2.31,1.97,4.34,9.18,22.86,0.917,89.73
U004,6,2026-02-14,Saturday,6,7.69,1.32,3.95,2.69,3.46,5.32,8.85,25.33,0.98,98.0
U005,6,2026-02-14,Saturday,6,7.61,1.07,5.92,2.83,3.55,3.85,8.05,21.58,0.98,98.0
U006,6,2026-02-14,Saturday,6,7.1,0.37,5.79,2.5,2.09,5.35,9.3,23.62,0.848,87.05
U007,6,2026-02-14,Saturday,6,8.8,0.94,6.03,1.42,3.31,3.99,7.85,24.28,0.98,98.0
U008,6,2026-02-14,Saturday,6,7.34,0.97,4.27,2.89,2.71,5.57,8.97,22.97,0.883,98.0
U009,6,2026-02-14,Saturday,6,8.58,1.44,5.94,1.37,1.97,4.39,7.28,25.12,0.98,98.0
U010,6,2026-02-14,Saturday,6,8.24,1.21,4.72,1.53,2.11,5.34,8.86,24.06,0.98,98.0
U001,6,2026-02-15,Sunday,6,8.8,1.19,5.91,2.32,3.72,6.49,7.8,23.83,0.98,98.0
U002,6,2026-02-15,Sunday,6,8.25,1.21,3.64,2.01,2.85,5.52,7.78,24.29,0.89,98.0
U003,6,2026-02-15,Sunday,6,9.28,1.37,6.64,1.9,2.55,5.67,7.68,23.48,0.968,98.0
U004,6,2026-02-15,Sunday,6,7.56,1.46,4.99,2.22,2.74,3.96,8.86,23.94,0.943,98.0
U005,6,2026-02-15,Sunday,6,8.88,1.03,4.69,2.16,3.28,4.83,8.08,24.0,0.98,98.0
U006,6,2026-02-15,Sunday,6,8.97,1.06,4.11,2.48,1.79,3.94,7.84,24.36,0.98,98.0
U007,6,2026-02-15,Sunday,6,8.21,0.59,5.39,2.74,0.55,4.81,7.86,25.56,0.943,84.48
U008,6,2026-02-15,Sunday,6,9.06,1.33,6.99,2.11,4.12,5.85,9.37,22.43,0.98,98.0
U009,6,2026-02-15,Sunday,6,7.46,0.37,6.6,2.57,1.95,4.6,9.76,24.17,0.978,96.84
U010,6,2026-02-15,Sunday,6,8.61,1.3,7.08,2.24,2.13,4.78,8.55,23.68,0.872,98.0
U001,7,2026-02-16,Monday,7,6.65,0.86,5.05,2.44,1.46,3.64,8.41,23.7,0.818,98.0
U002,7,2026-02-16,Monday,7,7.17,1.0,3.82,1.94,2.13,4.25,8.26,24.4,0.98,98.0
U003,7,2026-02-16,Monday,7,8.68,1.22,6.6,1.38,1.03,3.49,7.81,24.36,0.98,98.0
U004,7,2026-02-16,Monday,7,6.81,0.93,3.18,1.74,2.74,2.63,7.75,22.09,0.98,98.0
U005,7,2026-02-16,Monday,7,7.13,1.03,5.95,1.73,0.61,2.63,7.99,23.37,0.98,93.25
U006,7,2026-02-16,Monday,7,6.51,0.46,3.88,0.91,1.35,4.08,7.2,23.81,0.96,98.0
U007,7,2026-02-16,Monday,7,8.24,0.82,3.52,1.75,0.5,3.94,6.69,23.64,0.867,98.0
U008,7,2026-02-16,Monday,7,7.95,0.0,5.77,0.58,1.78,2.31,8.72,22.18,0.963,98.0
U009,7,2026-02-16,Monday,7,6.47,0.59,2.11,1.74,2.0,1.86,5.99,23.22,0.98,98.0
U010,7,2026-02-16,Monday,7,7.4,0.88,1.05,1.79,2.87,3.61,7.27,23.1,0.967,98.0
U001,7,2026-02-17,Tuesday,7,7.1,1.36,4.67,0.69,2.26,2.07,8.06,22.45,0.98,98.0
U002,7,2026-02-17,Tuesday,7,5.4,0.79,4.5,0.0,2.16,2.74,7.14,22.56,0.762,93.8
U003,7,2026-02-17,Tuesday,7,7.65,0.13,3.17,1.38,2.6,1.84,7.98,24.91,0.98,93.02
U004,7,2026-02-17,Tuesday,7,6.9,0.68,3.13,1.3,3.08,2.34,6.17,22.48,0.926,98.0
U005,7,2026-02-17,Tuesday,7,9.0,0.62,4.0,1.4,1.96,4.38,7.97,24.59,0.94,98.0
U006,7,2026-02-17,Tuesday,7,9.46,0.47,5.58,1.56,2.28,3.52,6.68,23.22,0.877,98.0
U007,7,2026-02-17,Tuesday,7,8.29,0.57,5.11,1.01,1.81,2.13,6.48,22.96,0.906,98.0
U008,7,2026-02-17,Tuesday,7,7.53,0.47,3.2,1.09,2.06,2.36,7.32,23.19,0.98,98.0
U009,7,2026-02-17,Tuesday,7,6.51,0.23,2.82,0.83,2.41,2.54,7.45,22.55,0.815,92.59
U010,7,2026-02-17,Tuesday,7,7.56,0.0,5.3,1.48,1.86,4.08,6.92,23.23,0.932,97.26
U001,7,2026-02-18,Wednesday,7,7.56,0.91,3.72,0.88,2.43,3.6,7.04,24.1,0.908,98.0
U002,7,2026-02-18,Wednesday,7,7.05,1.14,3.46,0.23,0.73,1.71,8.23,24.64,0.98,97.17
U003,7,2026-02-18,Wednesday,7,6.98,0.75,5.01,1.59,2.0,2.9,7.57,24.16,0.98,93.08
U004,7,2026-02-18,Wednesday,7,7.02,0.13,3.54,1.17,2.36,2.38,7.7,22.85,0.98,98.0
U005,7,2026-02-18,Wednesday,7,6.93,1.11,3.69,1.42,1.64,1.39,8.16,22.54,0.74,98.0
U006,7,2026-02-18,Wednesday,7,7.46,0.52,2.45,1.31,0.5,1.47,7.14,23.29,0.98,98.0
U007,7,2026-02-18,Wednesday,7,7.73,0.33,4.12,0.71,1.5,0.78,8.22,23.8,0.893,90.84
U008,7,2026-02-18,Wednesday,7,6.38,0.88,2.07,1.18,1.91,2.45,6.74,22.67,0.98,98.0
U009,7,2026-02-18,Wednesday,7,6.03,0.84,4.15,1.17,2.29,4.08,7.34,21.98,0.943,98.0
U010,7,2026-02-18,Wednesday,7,7.52,0.16,3.28,0.89,1.67,0.5,7.17,24.28,0.955,89.86
U001,7,2026-02-19,Thursday,7,7.39,0.11,5.87,1.5,2.25,2.94,7.08,22.57,0.823,95.92
U002,7,2026-02-19,Thursday,7,7.36,0.68,2.77,2.32,2.95,2.17,6.97,24.88,0.858,98.0
U003,7,2026-02-19,Thursday,7,7.98,0.87,3.8,0.3,0.5,5.17,7.43,23.57,0.98,98.0
U004,7,2026-02-19,Thursday,7,6.17,0.6,4.33,1.87,1.72,4.17,7.4,22.95,0.833,93.65
U005,7,2026-02-19,Thursday,7,6.95,0.0,5.4,2.61,2.19,3.43,7.28,23.35,0.876,96.67
U006,7,2026-02-19,Thursday,7,6.63,0.49,3.03,0.69,2.55,0.88,7.37,23.36,0.885,97.35
U007,7,2026-02-19,Thursday,7,8.37,0.42,2.66,1.84,0.75,1.81,5.99,23.23,0.912,98.0
U008,7,2026-02-19,Thursday,7,6.3,0.72,4.06,1.54,2.77,4.35,7.17,22.94,0.931,95.42
U009,7,2026-02-19,Thursday,7,7.69,0.0,6.31,0.9,1.59,3.41,6.81,24.08,0.98,82.86
U010,7,2026-02-19,Thursday,7,6.51,0.25,3.03,2.4,2.27,3.3,7.99,24.37,0.98,98.0
U001,7,2026-02-20,Friday,7,7.99,0.13,2.93,0.0,2.27,2.52,7.67,22.88,0.98,82.4
U002,7,2026-02-20,Friday,7,8.7,0.6,2.28,2.02,0.5,1.91,8.9,22.95,0.856,98.0
U003,7,2026-02-20,Friday,7,6.89,1.14,4.13,2.55,2.55,1.37,6.59,25.45,0.98,98.0
U004,7,2026-02-20,Friday,7,6.29,0.2,4.32,1.41,1.9,2.83,7.25,24.23,0.801,89.13
U005,7,2026-02-20,Friday,7,7.46,0.0,4.75,2.33,1.79,2.7,6.76,22.69,0.98,94.93
U006,7,2026-02-20,Friday,7,8.41,0.48,1.91,2.96,1.83,3.05,7.03,23.51,0.98,98.0
U007,7,2026-02-20,Friday,7,8.65,0.62,2.08,1.23,2.65,3.51,7.32,24.69,0.98,98.0
U008,7,2026-02-20,Friday,7,8.09,0.53,4.29,1.1,1.5,3.08,7.4,21.8,0.927,98.0
U009,7,2026-02-20,Friday,7,7.17,0.54,5.81,3.15,2.04,1.17,7.89,23.85,0.825,77.36
U010,7,2026-02-20,Friday,7,9.28,0.5,4.48,0.96,2.25,2.04,6.4,23.58,0.98,98.0
U001,7,2026-02-21,Saturday,7,6.47,0.57,2.88,2.0,2.89,4.19,7.76,24.33,0.98,98.0
U002,7,2026-02-21,Saturday,7,7.91,1.11,5.41,1.72,1.74,3.7,8.73,24.92,0.956,98.0
U003,7,2026-02-21,Saturday,7,9.05,0.95,6.81,2.76,1.89,4.74,7.55,25.17,0.98,98.0
U004,7,2026-02-21,Saturday,7,8.89,0.33,5.22,1.82,2.56,5.02,8.0,23.72,0.98,98.0
U005,7,2026-02-21,Saturday,7,7.98,1.56,6.65,2.3,3.55,3.74,7.58,23.57,0.696,98.0
U006,7,2026-02-21,Saturday,7,6.72,0.55,5.45,1.86,2.95,3.5,8.56,25.44,0.959,97.7
U007,7,2026-02-21,Saturday,7,8.68,0.52,4.83,3.25,3.57,3.85,7.16,24.57,0.98,98.0
U008,7,2026-02-21,Saturday,7,7.56,1.12,4.35,1.78,3.13,5.28,9.23,22.91,0.98,98.0
U009,7,2026-02-21,Saturday,7,7.66,1.13,4.39,1.56,2.9,3.97,7.9,22.31,0.858,98.0
U010,7,2026-02-21,Saturday,7,8.7,1.39,4.26,2.92,3.87,3.04,9.18,24.15,0.98,98.0
U001,7,2026-02-22,Sunday,7,7.85,1.11,4.21,2.78,3.7,5.04,8.76,23.79,0.98,98.0
U002,7,2026-02-22,Sunday,7,8.08,0.38,6.75,2.51,2.64,4.85,8.39,25.5,0.98,86.35
U003,7,2026-02-22,Sunday,7,8.77,1.04,5.03,3.44,3.02,4.18,8.86,25.01,0.903,96.07
U004,7,2026-02-22,Sunday,7,7.15,0.82,6.53,2.63,2.78,4.95,7.65,24.26,0.98,81.88
U005,7,2026-02-22,Sunday,7,6.97,0.84,6.38,1.7,3.46,4.62,7.39,23.41,0.905,98.0
U006,7,2026-02-22,Sunday,7,8.2,0.73,7.2,1.7,3.12,4.88,8.89,23.69,0.957,98.0
U007,7,2026-02-22,Sunday,7,8.67,0.59,4.4,2.12,3.17,3.49,7.43,23.59,0.899,84.13
U008,7,2026-02-22,Sunday,7,7.86,0.66,6.79,1.61,2.09,4.63,7.43,23.08,0.98,98.0
U009,7,2026-02-22,Sunday,7,8.09,0.7,3.8,2.01,3.65,4.59,9.32,24.05,0.98,98.0
U010,7,2026-02-22,Sunday,7,7.33,0.75,3.93,2.34,4.24,3.94,7.96,23.34,0.98,96.0
U001,8,2026-02-23,Monday,8,7.92,0.57,5.51,0.65,1.81,2.13,7.29,22.73,0.927,98.0
U002,8,2026-02-23,Monday,8,7.45,0.68,5.59,1.92,1.0,3.5,7.17,22.87,0.98,98.0
U003,8,2026-02-23,Monday,8,8.24,0.54,2.77,0.45,1.42,2.0,7.63,24.01,0.98,98.0
U004,8,2026-02-23,Monday,8,6.49,0.63,5.62,2.04,3.12,3.01,6.85,24.02,0.838,92.63
U005,8,2026-02-23,Monday,8,7.74,0.87,3.37,1.39,3.9,2.26,7.32,23.45,0.98,98.0
U006,8,2026-02-23,Monday,8,6.56,0.44,2.34,2.64,1.93,3.19,6.93,22.27,0.877,98.0
U007,8,2026-02-23,Monday,8,7.44,0.94,4.01,1.68,2.18,2.5,7.02,23.38,0.886,98.0
U008,8,2026-02-23,Monday,8,7.56,0.07,4.06,2.03,2.08,5.11,6.31,24.02,0.98,98.0
U009,8,2026-02-23,Monday,8,7.25,0.55,1.92,1.31,2.05,2.18,7.04,24.28,0.98,98.0
U010,8,2026-02-23,Monday,8,7.34,0.73,5.4,1.96,1.95,3.16,7.39,24.13,0.842,95.23
U001,8,2026-02-24,Tuesday,8,7.45,0.38,3.68,2.06,2.41,3.2,7.73,23.64,0.98,94.06
U002,8,2026-02-24,Tuesday,8,7.14,0.53,4.02,1.14,1.66,2.49,6.0,24.09,0.98,98.0
U003,8,2026-02-24,Tuesday,8,7.72,0.38,5.71,1.89,2.47,1.17,7.49,24.89,0.98,90.6
U004,8,2026-02-24,Tuesday,8,7.05,0.27,4.11,2.92,0.68,2.58,6.48,23.24,0.98,87.91
U005,8,2026-02-24,Tuesday,8,6.38,1.02,5.47,1.34,2.66,2.57,6.15,22.35,0.943,98.0
U006,8,2026-02-24,Tuesday,8,7.45,0.31,3.39,1.46,2.25,3.17,5.75,23.26,0.98,96.96
U007,8,2026-02-24,Tuesday,8,7.15,0.6,4.57,1.15,1.22,0.5,6.37,24.43,0.812,93.12
U008,8,2026-02-24,Tuesday,8,7.28,0.69,3.52,1.69,3.48,3.46,7.06,22.92,0.98,98.0
U009,8,2026-02-24,Tuesday,8,7.29,0.38,4.52,1.19,2.62,3.62,7.87,24.58,0.98,98.0
U010,8,2026-02-24,Tuesday,8,7.54,0.31,5.05,1.68,2.03,3.34,7.32,22.78,0.891,91.55
U001,8,2026-02-25,Wednesday,8,6.49,0.82,3.39,0.7,1.25,3.76,7.26,24.42,0.98,98.0
U002,8,2026-02-25,Wednesday,8,9.61,0.54,5.73,1.85,2.24,3.41,7.47,23.09,0.98,98.0
U003,8,2026-02-25,Wednesday,8,8.21,0.8,5.22,2.24,2.48,2.11,6.95,23.61,0.98,94.21
U004,8,2026-02-25,Wednesday,8,6.34,0.52,4.44,1.34,1.54,2.42,6.78,24.53,0.945,95.35
U005,8,2026-02-25,Wednesday,8,5.74,0.95,3.05,0.87,3.44,2.94,6.69,22.74,0.98,98.0
U006,8,2026-02-25,Wednesday,8,7.74,0.37,4.74,0.7,2.01,1.61,7.09,24.03,0.961,90.55
U007,8,2026-02-25,Wednesday,8,7.44,0.02,4.69,1.24,2.59,2.97,7.47,24.06,0.98,98.0
U008,8,2026-02-25,Wednesday,8,6.57,0.63,2.47,0.76,2.39,2.21,7.65,24.24,0.825,98.0
U009,8,2026-02-25,Wednesday,8,8.0,0.8,4.31,0.0,1.6,3.98,6.11,23.04,0.941,98.0
U010,8,2026-02-25,Wednesday,8,7.69,0.59,4.38,2.04,3.58,1.8,7.3,24.25,0.98,98.0
U001,8,2026-02-26,Thursday,8,7.09,0.73,3.8,1.7,1.36,2.72,7.68,23.81,0.98,98.0
U002,8,2026-02-26,Thursday,8,7.72,0.66,2.72,0.76,2.17,3.85,7.16,23.86,0.98,98.0
U003,8,2026-02-26,Thursday,8,7.82,0.76,4.98,1.3,2.75,3.47,6.18,24.92,0.896,90.22
U004,8,2026-02-26,Thursday,8,7.87,0.4,4.24,0.92,1.91,3.31,6.02,24.27,0.98,96.9
U005,8,2026-02-26,Thursday,8,7.29,0.29,3.87,2.26,2.72,4.36,7.98,23.54,0.98,93.7
U006,8,2026-02-26,Thursday,8,6.84,0.45,3.72,0.63,1.55,1.42,6.9,23.97,0.98,98.0
U007,8,2026-02-26,Thursday,8,7.31,0.72,5.06,2.79,2.89,3.85,6.63,23.3,0.928,98.0
U008,8,2026-02-26,Thursday,8,6.69,1.03,5.04,1.67,2.42,2.32,7.81,22.53,0.972,90.2
U009,8,2026-02-26,Thursday,8,7.0,0.43,3.68,1.65,2.74,1.72,6.74,23.97,0.768,82.95
U010,8,2026-02-26,Thursday,8,7.71,0.45,4.16,2.24,1.74,1.12,7.96,23.24,0.98,98.0
U001,8,2026-02-27,Friday,8,6.98,0.18,2.48,1.83,2.95,3.27,7.13,24.77,0.942,92.92
U002,8,2026-02-27,Friday,8,7.77,0.55,4.51,1.75,2.89,3.78,8.12,23.92,0.98,98.0
U003,8,2026-02-27,Friday,8,6.7,0.45,3.2,0.65,1.86,2.7,6.58,24.03,0.886,98.0
U004,8,2026-02-27,Friday,8,8.41,0.44,4.03,1.19,1.81,3.63,6.83,23.51,0.921,98.0
U005,8,2026-02-27,Friday,8,7.01,0.29,3.38,0.68,1.89,2.4,7.85,25.11,0.98,98.0
U006,8,2026-02-27,Friday,8,7.75,0.64,4.83,1.72,0.66,2.68,6.5,23.03,0.98,98.0
U007,8,2026-02-27,Friday,8,7.14,0.54,5.84,1.7,1.99,5.32,7.31,24.2,0.841,97.08
U008,8,2026-02-27,Friday,8,6.87,0.78,3.65,0.89,0.96,2.63,7.88,22.32,0.912,98.0
U009,8,2026-02-27,Friday,8,6.61,1.13,4.9,2.35,3.36,1.04,6.41,23.35,0.862,98.0
U010,8,2026-02-27,Friday,8,7.59,0.61,4.68,1.15,1.59,1.16,6.76,22.61,0.98,98.0
U001,8,2026-02-28,Saturday,8,8.14,0.57,4.57,2.2,1.97,4.86,8.58,23.57,0.98,98.0
U002,8,2026-02-28,Saturday,8,8.09,0.24,5.2,2.28,4.06,4.56,8.12,24.58,0.965,93.95
U003,8,2026-02-28,Saturday,8,8.39,1.1,6.12,1.0,3.44,5.52,8.38,25.1,0.98,98.0
U004,8,2026-02-28,Saturday,8,6.82,1.34,7.99,1.7,1.14,5.32,8.89,22.98,0.946,98.0
U005,8,2026-02-28,Saturday,8,7.87,1.19,4.7,1.78,3.7,3.37,7.87,23.49,0.976,98.0
U006,8,2026-02-28,Saturday,8,9.21,1.06,4.65,2.19,3.56,4.8,7.98,24.65,0.98,98.0
U007,8,2026-02-28,Saturday,8,8.24,0.6,4.64,2.23,3.64,3.51,7.85,23.76,0.98,98.0
U008,8,2026-02-28,Saturday,8,7.81,0.69,4.23,1.9,2.09,5.32,8.16,23.97,0.937,98.0
U009,8,2026-02-28,Saturday,8,9.07,0.78,5.65,1.59,2.7,5.39,8.05,24.76,0.941,98.0
U010,8,2026-02-28,Saturday,8,8.74,1.1,6.61,2.31,3.77,4.58,7.75,25.83,0.941,98.0
U001,8,2026-03-01,Sunday,8,7.81,0.76,7.98,1.65,2.32,3.77,8.97,23.39,0.91,92.46
U002,8,2026-03-01,Sunday,8,8.86,1.5,4.32,1.82,3.06,5.41,8.55,23.8,0.98,98.0
U003,8,2026-03-01,Sunday,8,9.43,1.35,5.35,2.31,3.02,3.55,7.62,23.1,0.979,98.0
U004,8,2026-03-01,Sunday,8,6.35,1.09,6.79,0.96,2.53,3.15,8.19,23.13,0.926,91.37
U005,8,2026-03-01,Sunday,8,9.09,1.23,5.87,1.65,2.2,5.13,9.71,23.81,0.925,98.0
U006,8,2026-03-01,Sunday,8,7.79,1.06,5.51,1.97,2.34,4.63,8.39,24.83,0.949,98.0
U007,8,2026-03-01,Sunday,8,8.39,1.1,4.33,2.12,2.31,5.41,8.29,24.06,0.98,98.0
U008,8,2026-03-01,Sunday,8,7.65,1.09,6.71,2.43,2.37,3.84,8.18,23.82,0.98,98.0
U009,8,2026-03-01,Sunday,8,6.91,0.58,5.13,1.77,2.34,5.36,8.19,24.55,0.98,98.0
U010,8,2026-03-01,Sunday,8,8.67,1.15,3.7,1.98,4.22,5.63,7.42,24.09,0.978,98.0
U001,9,2026-03-02,Monday,9,6.32,0.6,4.9,1.58,1.85,3.14,7.27,24.62,0.933,98.0
U002,9,2026-03-02,Monday,9,5.37,0.38,5.6,1.05,2.64,2.93,8.52,23.47,0.786,82.43
U003,9,2026-03-02,Monday,9,6.75,1.15,4.57,2.41,1.75,3.52,7.82,23.85,0.98,98.0
U004,9,2026-03-02,Monday,9,8.21,0.32,2.2,2.01,3.63,1.76,7.79,22.62,0.98,98.0
U005,9,2026-03-02,Monday,9,6.95,1.22,4.42,1.61,1.68,4.23,8.12,22.65,0.868,98.0
U006,9,2026-03-02,Monday,9,6.29,0.87,5.34,1.38,1.14,3.29,6.93,24.95,0.928,98.0
U007,9,2026-03-02,Monday,9,7.65,0.34,4.21,1.7,0.5,2.3,7.32,24.16,0.944,98.0
U008,9,2026-03-02,Monday,9,7.38,0.69,2.84,1.67,1.7,3.16,5.5,23.09,0.95,95.18
U009,9,2026-03-02,Monday,9,7.57,0.31,3.24,1.22,3.0,3.62,6.67,24.32,0.98,98.0
U010,9,2026-03-02,Monday,9,6.24,0.56,1.0,1.11,3.14,2.21,7.78,24.05,0.98,98.0
U001,9,2026-03-03,Tuesday,9,6.66,0.54,4.0,1.39,1.75,2.93,7.14,23.21,0.98,98.0
U002,9,2026-03-03,Tuesday,9,7.12,0.02,3.91,2.12,2.5,2.4,7.68,22.23,0.946,76.35
U003,9,2026-03-03,Tuesday,9,6.89,0.49,5.4,0.7,2.31,5.34,7.12,24.3,0.98,98.0
U004,9,2026-03-03,Tuesday,9,7.58,1.19,2.81,1.05,1.97,3.15,6.25,22.01,0.98,98.0
U005,9,2026-03-03,Tuesday,9,6.49,1.67,1.77,1.32,3.19,3.37,5.72,23.17,0.98,98.0
U006,9,2026-03-03,Tuesday,9,7.61,0.42,3.76,1.9,1.91,3.62,6.43,23.12,0.98,98.0
U007,9,2026-03-03,Tuesday,9,8.15,0.13,5.97,2.92,2.33,1.8,7.71,25.02,0.98,87.87
U008,9,2026-03-03,Tuesday,9,5.78,0.6,5.45,1.95,2.06,3.09,8.01,23.69,0.966,80.64
U009,9,2026-03-03,Tuesday,9,8.06,1.33,1.96,1.69,0.53,2.72,8.39,23.6,0.945,98.0
U010,9,2026-03-03,Tuesday,9,7.86,1.25,3.31,1.02,2.49,3.04,7.92,24.15,0.98,98.0
U001,9,2026-03-04,Wednesday,9,7.25,0.74,5.27,0.69,1.73,4.3,6.69,24.67,0.927,98.0
U002,9,2026-03-04,Wednesday,9,7.53,0.45,2.48,0.57,2.17,1.85,7.61,23.26,0.952,98.0
U003,9,2026-03-04,Wednesday,9,8.78,0.48,3.04,1.16,1.66,2.7,7.38,23.91,0.98,98.0
U004,9,2026-03-04,Wednesday,9,6.98,0.23,6.25,1.54,1.33,1.56,7.43,23.55,0.926,92.84
U005,9,2026-03-04,Wednesday,9,6.49,0.57,4.53,2.76,1.85,2.74,6.01,23.45,0.863,91.17
U006,9,2026-03-04,Wednesday,9,7.71,1.17,6.5,1.47,1.98,1.76,6.24,24.04,0.98,98.0
U007,9,2026-03-04,Wednesday,9,6.39,0.33,6.03,2.33,2.1,0.85,7.64,23.09,0.98,95.66
U008,9,2026-03-04,Wednesday,9,5.81,0.35,4.35,1.47,2.46,3.14,6.92,25.2,0.98,84.8
U009,9,2026-03-04,Wednesday,9,5.96,0.78,7.73,1.95,2.22,1.77,7.2,22.34,0.98,87.79
U010,9,2026-03-04,Wednesday,9,6.26,0.67,2.42,1.13,2.18,2.81,7.83,23.27,0.98,98.0
U001,9,2026-03-05,Thursday,9,8.45,0.65,2.16,0.95,2.31,2.64,5.86,23.08,0.98,98.0
U002,9,2026-03-05,Thursday,9,8.13,1.01,4.71,0.98,2.29,0.5,6.95,23.29,0.909,98.0
U003,9,2026-03-05,Thursday,9,8.25,0.75,6.85,1.09,3.24,3.08,7.1,22.78,0.98,98.0
U004,9,2026-03-05,Thursday,9,6.96,0.67,4.57,1.47,3.18,4.02,7.26,23.02,0.911,98.0
U005,9,2026-03-05,Thursday,9,6.47,0.71,4.82,1.22,2.4,1.05,8.5,24.32,0.98,98.0
U006,9,2026-03-05,Thursday,9,7.55,0.58,3.79,1.13,1.79,3.5,7.33,23.6,0.98,98.0
U007,9,2026-03-05,Thursday,9,6.88,0.68,2.54,1.52,1.38,1.78,7.66,23.92,0.98,98.0
U008,9,2026-03-05,Thursday,9,8.2,0.85,5.13,1.4,2.46,2.72,7.66,21.33,0.98,98.0
U009,9,2026-03-05,Thursday,9,8.79,0.24,4.41,1.77,1.61,4.15,6.81,22.19,0.977,98.0
U010,9,2026-03-05,Thursday,9,6.29,0.61,3.09,1.56,0.5,2.61,6.66,24.07,0.932,97.96
U001,9,2026-03-06,Friday,9,8.46,0.9,4.69,2.07,2.28,3.5,7.32,23.93,0.98,98.0
U002,9,2026-03-06,Friday,9,8.19,0.68,7.37,1.42,2.7,0.82,6.55,22.24,0.857,98.0
U003,9,2026-03-06,Friday,9,6.92,0.53,4.47,1.34,0.82,3.22,7.66,24.24,0.809,95.9
U004,9,2026-03-06,Friday,9,7.25,0.89,3.43,2.0,2.44,2.93,7.25,23.49,0.98,98.0
U005,9,2026-03-06,Friday,9,6.9,0.75,5.97,2.5,2.84,4.2,7.23,22.68,0.98,98.0
U006,9,2026-03-06,Friday,9,7.09,0.29,4.47,1.16,2.19,1.76,7.25,25.01,0.98,98.0
U007,9,2026-03-06,Friday,9,7.86,0.82,5.59,1.13,2.19,2.5,6.45,24.89,0.98,98.0
U008,9,2026-03-06,Friday,9,7.61,0.58,3.38,1.48,2.25,3.83,7.13,22.02,0.98,98.0
U009,9,2026-03-06,Friday,9,7.87,1.08,2.88,1.05,1.03,2.71,7.75,23.44,0.98,98.0
U010,9,2026-03-06,Friday,9,7.84,0.51,2.69,0.5,2.59,2.69,5.99,23.13,0.98,98.0
U001,9,2026-03-07,Saturday,9,8.48,1.22,5.91,2.15,2.88,4.3,7.57,25.27,0.98,98.0
U002,9,2026-03-07,Saturday,9,7.94,1.41,5.67,1.81,2.52,5.65,9.54,24.95,0.98,98.0
U003,9,2026-03-07,Saturday,9,8.34,0.95,5.62,2.81,2.8,5.45,7.48,24.6,0.98,98.0
U004,9,2026-03-07,Saturday,9,8.03,0.95,3.4,0.82,2.7,3.8,7.8,21.99,0.98,98.0
U005,9,2026-03-07,Saturday,9,8.49,1.31,5.71,1.79,3.44,6.28,8.27,24.52,0.98,98.0
U006,9,2026-03-07,Saturday,9,7.35,0.38,5.54,2.1,2.61,4.01,8.02,22.66,0.98,98.0
U007,9,2026-03-07,Saturday,9,8.77,1.16,5.48,2.28,2.51,4.28,7.71,24.2,0.98,98.0
U008,9,2026-03-07,Saturday,9,8.07,0.92,4.65,2.63,2.34,4.93,8.68,23.95,0.98,98.0
U009,9,2026-03-07,Saturday,9,8.69,1.46,6.3,2.8,3.06,4.63,6.89,23.44,0.857,98.0
U010,9,2026-03-07,Saturday,9,7.95,1.48,7.47,1.78,3.35,4.33,8.04,25.59,0.98,98.0
U001,9,2026-03-08,Sunday,9,7.58,0.58,7.14,3.01,2.37,4.81,8.36,23.48,0.98,98.0
U002,9,2026-03-08,Sunday,9,6.94,1.22,5.97,2.73,2.9,3.67,9.33,25.19,0.98,98.0
U003,9,2026-03-08,Sunday,9,8.47,0.79,4.45,2.4,2.81,3.23,6.99,25.19,0.98,93.25
U004,9,2026-03-08,Sunday,9,8.4,1.25,8.43,1.79,3.05,6.16,8.99,23.45,0.92,98.0
U005,9,2026-03-08,Sunday,9,8.11,1.15,5.57,2.96,2.88,3.63,7.29,24.05,0.98,98.0
U006,9,2026-03-08,Sunday,9,7.89,1.14,6.17,2.87,2.61,5.23,8.0,23.92,0.98,98.0
U007,9,2026-03-08,Sunday,9,8.22,1.55,4.68,2.42,4.14,4.9,7.42,24.97,0.98,98.0
U008,9,2026-03-08,Sunday,9,8.02,1.72,6.25,2.85,3.18,4.99,7.74,23.69,0.98,98.0
U009,9,2026-03-08,Sunday,9,8.76,0.49,6.09,3.53,2.35,6.62,7.31,24.69,0.98,98.0
U010,9,2026-03-08,Sunday,9,7.56,0.7,5.42,1.36,2.88,6.05,8.57,24.47,0.98,98.0
U001,10,2026-03-09,Monday,10,7.21,0.6,2.77,0.85,1.94,3.84,6.66,23.1,0.98,98.0
U002,10,2026-03-09,Monday,10,8.55,0.62,3.36,1.58,2.56,3.74,7.7,24.32,0.98,98.0
U003,10,2026-03-09,Monday,10,7.15,0.39,4.53,1.26,0.8,3.14,6.61,23.98,0.98,96.98
U004,10,2026-03-09,Monday,10,5.38,0.64,4.45,1.85,3.31,3.5,6.97,22.36,0.944,95.38
U005,10,2026-03-09,Monday,10,7.87,0.06,4.59,1.98,2.19,1.25,6.83,24.01,0.98,98.0
U006,10,2026-03-09,Monday,10,7.71,0.11,5.28,1.57,0.99,2.12,7.42,22.67,0.98,98.0
U007,10,2026-03-09,Monday,10,8.01,0.45,4.77,1.46,2.9,2.58,6.76,23.79,0.98,98.0
U008,10,2026-03-09,Monday,10,6.41,1.3,4.29,1.09,3.48,1.32,7.03,21.84,0.98,98.0
U009,10,2026-03-09,Monday,10,7.06,0.7,4.76,1.05,2.68,4.7,7.35,23.62,0.98,96.5
U010,10,2026-03-09,Monday,10,8.29,0.82,3.68,1.97,2.45,3.93,7.45,25.39,0.812,98.0
U001,10,2026-03-10,Tuesday,10,7.94,0.95,3.52,0.41,2.69,1.61,7.64,22.43,0.926,98.0
U002,10,2026-03-10,Tuesday,10,6.66,0.69,1.96,0.94,3.15,2.35,7.93,23.32,0.98,98.0
U003,10,2026-03-10,Tuesday,10,6.07,0.21,5.71,1.04,1.74,3.49,7.96,24.4,0.797,92.67
U004,10,2026-03-10,Tuesday,10,6.74,0.22,4.85,1.55,2.26,3.67,6.5,22.82,0.88,98.0
U005,10,2026-03-10,Tuesday,10,8.47,0.51,4.8,1.04,3.63,1.76,6.74,23.54,0.98,98.0
U006,10,2026-03-10,Tuesday,10,7.61,0.65,3.14,2.4,2.26,4.8,6.49,23.09,0.931,96.09
U007,10,2026-03-10,Tuesday,10,6.97,0.79,5.92,2.53,1.6,2.65,7.12,23.75,0.98,90.81
U008,10,2026-03-10,Tuesday,10,7.06,0.53,6.92,1.43,2.98,2.96,7.68,23.71,0.89,88.99
U009,10,2026-03-10,Tuesday,10,6.45,0.81,5.21,1.44,1.48,3.18,7.02,25.05,0.923,89.66
U010,10,2026-03-10,Tuesday,10,8.17,0.52,4.36,1.41,1.19,3.01,8.06,23.94,0.98,98.0
U001,10,2026-03-11,Wednesday,10,7.54,1.02,6.38,0.97,2.99,1.98,6.38,23.13,0.92,98.0
U002,10,2026-03-11,Wednesday,10,7.9,0.49,4.65,0.74,0.57,2.31,6.65,25.18,0.98,89.18
U003,10,2026-03-11,Wednesday,10,8.3,1.07,2.87,0.39,2.68,3.2,7.06,22.87,0.98,98.0
U004,10,2026-03-11,Wednesday,10,6.69,0.02,5.93,2.05,1.81,3.5,7.67,24.51,0.98,85.02
U005,10,2026-03-11,Wednesday,10,7.59,0.25,4.96,1.36,1.88,3.08,7.97,22.9,0.98,98.0
U006,10,2026-03-11,Wednesday,10,8.13,0.31,4.24,0.44,2.43,2.91,6.5,24.25,0.98,98.0
U007,10,2026-03-11,Wednesday,10,7.32,0.79,6.27,2.65,2.64,2.46,7.03,23.7,0.98,90.74
U008,10,2026-03-11,Wednesday,10,6.7,0.46,4.18,1.52,2.03,3.73,8.17,23.71,0.828,84.28
U009,10,2026-03-11,Wednesday,10,8.01,0.97,5.53,1.52,2.93,2.25,6.1,23.75,0.98,98.0
U010,10,2026-03-11,Wednesday,10,6.81,0.3,4.31,1.02,2.27,3.02,7.65,23.76,0.704,92.2
U001,10,2026-03-12,Thursday,10,7.8,0.88,4.6,1.04,1.18,3.61,6.76,23.09,0.886,93.09
U002,10,2026-03-12,Thursday,10,8.51,0.19,3.17,0.69,1.83,1.88,7.68,24.69,0.98,98.0
U003,10,2026-03-12,Thursday,10,7.22,0.64,4.4,1.29,2.09,2.74,7.48,23.4,0.98,98.0
U004,10,2026-03-12,Thursday,10,7.8,0.64,1.74,0.37,2.4,5.77,7.5,23.16,0.98,98.0
U005,10,2026-03-12,Thursday,10,6.81,0.62,4.04,0.85,2.57,1.61,8.2,24.0,0.98,93.2
U006,10,2026-03-12,Thursday,10,7.68,0.57,4.49,0.93,1.77,2.3,6.75,24.98,0.98,98.0
U007,10,2026-03-12,Thursday,10,8.04,0.6,5.38,1.06,2.02,2.92,6.78,22.85,0.98,98.0
U008,10,2026-03-12,Thursday,10,6.75,0.12,2.8,1.8,1.21,2.86,7.24,24.12,0.98,95.25
U009,10,2026-03-12,Thursday,10,7.61,0.52,4.48,0.69,1.58,0.5,6.28,23.04,0.864,93.68
U010,10,2026-03-12,Thursday,10,7.74,0.75,4.51,1.87,2.68,3.42,7.41,24.6,0.749,98.0
U001,10,2026-03-13,Friday,10,7.82,0.84,3.15,1.44,1.63,2.36,7.58,23.58,0.98,98.0
U002,10,2026-03-13,Friday,10,6.69,0.07,3.94,0.37,1.5,4.43,8.36,23.94,0.98,98.0
U003,10,2026-03-13,Friday,10,6.79,1.35,4.42,1.0,2.53,3.69,6.32,22.7,0.98,98.0
U004,10,2026-03-13,Friday,10,6.44,1.27,3.17,2.92,0.77,3.12,7.16,23.62,0.98,98.0
U005,10,2026-03-13,Friday,10,6.74,0.65,5.12,1.36,2.47,3.64,7.62,22.76,0.691,91.13
U006,10,2026-03-13,Friday,10,7.1,0.56,4.74,1.27,2.28,2.26,6.97,23.9,0.98,97.62
U007,10,2026-03-13,Friday,10,7.54,1.22,2.54,2.0,2.85,3.26,6.66,23.54,0.98,98.0
U008,10,2026-03-13,Friday,10,8.22,0.85,1.23,1.0,2.16,3.67,6.28,24.92,0.98,98.0
U009,10,2026-03-13,Friday,10,8.87,0.67,2.53,1.0,3.55,1.54,6.76,21.38,0.98,98.0
U010,10,2026-03-13,Friday,10,6.69,1.02,2.17,0.72,2.19,2.72,7.42,23.97,0.98,98.0
U001,10,2026-03-14,Saturday,10,9.82,1.08,4.6,2.9,1.9,5.11,8.14,23.85,0.707,98.0
U002,10,2026-03-14,Saturday,10,8.28,0.68,4.58,1.86,2.81,4.27,7.91,23.72,0.926,96.83
U003,10,2026-03-14,Saturday,10,8.56,1.47,6.67,2.4,2.92,5.04,8.01,23.36,0.98,98.0
U004,10,2026-03-14,Saturday,10,7.42,1.07,5.61,1.94,3.87,3.56,7.75,23.79,0.98,98.0
U005,10,2026-03-14,Saturday,10,7.96,1.09,5.22,1.09,2.13,3.1,7.66,25.0,0.98,98.0
U006,10,2026-03-14,Saturday,10,9.73,0.57,4.47,2.42,3.83,4.81,7.54,24.17,0.98,98.0
U007,10,2026-03-14,Saturday,10,8.93,1.35,4.46,1.67,3.94,3.71,8.25,24.03,0.98,98.0
U008,10,2026-03-14,Saturday,10,8.33,1.8,4.69,2.52,2.0,6.21,9.39,22.47,0.98,98.0
U009,10,2026-03-14,Saturday,10,7.5,1.09,7.21,2.78,2.96,4.18,8.39,23.38,0.946,96.82
U010,10,2026-03-14,Saturday,10,9.0,1.01,6.24,1.88,3.33,4.5,8.27,24.73,0.98,98.0
U001,10,2026-03-15,Sunday,10,7.05,0.78,5.34,4.17,3.39,3.22,9.83,23.05,0.98,98.0
U002,10,2026-03-15,Sunday,10,9.58,1.01,6.45,4.04,2.48,2.79,8.5,25.32,0.98,98.0
U003,10,2026-03-15,Sunday,10,7.96,0.73,4.38,2.39,1.61,6.2,8.5,24.46,0.98,98.0
U004,10,2026-03-15,Sunday,10,6.12,1.29,4.53,1.51,1.25,5.03,8.11,24.0,0.98,98.0
U005,10,2026-03-15,Sunday,10,7.57,1.15,5.88,1.38,2.96,4.69,8.9,23.7,0.927,98.0
U006,10,2026-03-15,Sunday,10,8.2,0.85,5.2,1.49,3.32,2.72,9.36,24.14,0.98,98.0
U007,10,2026-03-15,Sunday,10,8.2,1.23,4.8,0.59,2.21,3.8,7.88,23.7,0.98,98.0
U008,10,2026-03-15,Sunday,10,8.54,0.97,5.91,1.79,3.25,3.84,8.23,24.88,0.98,98.0
U009,10,2026-03-15,Sunday,10,7.6,1.14,3.96,1.94,3.11,5.55,8.02,24.25,0.98,98.0
U010,10,2026-03-15,Sunday,10,7.64,1.3,3.89,1.38,2.13,4.18,7.89,23.59,0.98,98.0
U001,11,2026-03-16,Monday,11,8.37,0.39,3.91,0.73,2.58,2.02,8.03,23.39,0.943,98.0
U002,11,2026-03-16,Monday,11,6.18,0.47,4.28,2.13,2.74,1.71,7.18,22.83,0.933,85.83
U003,11,2026-03-16,Monday,11,7.47,1.08,4.4,1.01,1.57,1.4,5.88,21.91,0.98,98.0
U004,11,2026-03-16,Monday,11,7.55,0.55,3.86,2.2,1.55,2.19,6.81,23.06,0.945,98.0
U005,11,2026-03-16,Monday,11,7.78,0.75,5.66,1.58,1.91,2.34,6.58,24.27,0.739,98.0
U006,11,2026-03-16,Monday,11,6.28,0.6,3.49,0.65,2.13,4.04,6.03,23.55,0.98,98.0
U007,11,2026-03-16,Monday,11,7.69,0.33,3.96,2.11,1.43,4.03,7.28,22.8,0.98,98.0
U008,11,2026-03-16,Monday,11,7.47,0.37,7.08,1.51,2.27,3.34,6.24,24.23,0.98,91.09
U009,11,2026-03-16,Monday,11,8.58,0.51,3.39,0.55,1.04,3.39,6.55,22.43,0.98,98.0
U010,11,2026-03-16,Monday,11,7.24,0.25,3.31,1.66,1.26,0.6,7.39,23.38,0.98,98.0
U001,11,2026-03-17,Tuesday,11,6.99,0.98,4.73,2.61,1.32,2.21,6.93,24.31,0.98,98.0
U002,11,2026-03-17,Tuesday,11,7.81,0.7,4.28,1.9,2.89,4.15,7.29,23.87,0.824,98.0
U003,11,2026-03-17,Tuesday,11,8.84,0.49,3.67,2.33,2.91,2.37,6.36,24.58,0.98,98.0
U004,11,2026-03-17,Tuesday,11,6.54,0.5,3.83,1.32,2.51,0.5,7.1,22.7,0.95,98.0
U005,11,2026-03-17,Tuesday,11,7.25,0.7,3.46,1.78,2.38,0.5,6.37,24.5,0.98,98.0
U006,11,2026-03-17,Tuesday,11,8.57,0.91,3.34,1.63,1.6,3.11,6.57,23.32,0.945,98.0
U007,11,2026-03-17,Tuesday,11,6.37,1.2,5.66,0.99,3.01,2.9,7.66,23.92,0.98,97.84
U008,11,2026-03-17,Tuesday,11,8.77,0.32,2.01,0.66,2.61,3.79,7.46,23.3,0.98,98.0
U009,11,2026-03-17,Tuesday,11,6.98,0.4,4.93,1.8,1.22,3.63,6.92,24.05,0.98,98.0
U010,11,2026-03-17,Tuesday,11,6.38,0.67,4.22,1.18,1.62,2.72,7.97,24.51,0.98,98.0
U001,11,2026-03-18,Wednesday,11,7.64,0.42,4.4,1.54,2.35,2.88,7.68,24.2,0.962,98.0
U002,11,2026-03-18,Wednesday,11,7.3,1.02,3.58,0.37,2.55,2.0,8.13,23.6,0.98,96.61
U003,11,2026-03-18,Wednesday,11,8.84,0.45,4.58,1.08,1.88,3.25,8.23,23.45,0.98,98.0
U004,11,2026-03-18,Wednesday,11,6.86,0.35,6.43,1.19,1.81,2.96,6.82,22.97,0.98,95.72
U005,11,2026-03-18,Wednesday,11,7.75,0.44,6.85,0.43,1.95,2.04,7.62,23.52,0.95,98.0
U006,11,2026-03-18,Wednesday,11,7.69,0.69,2.91,2.41,1.43,4.17,6.42,22.94,0.98,98.0
U007,11,2026-03-18,Wednesday,11,5.92,0.73,3.69,0.87,2.45,2.35,8.47,23.29,0.98,96.13
U008,11,2026-03-18,Wednesday,11,7.86,0.71,5.33,1.51,2.76,3.44,8.17,20.91,0.98,98.0
U009,11,2026-03-18,Wednesday,11,6.85,1.25,4.33,2.77,1.82,1.26,7.26,23.57,0.98,98.0
U010,11,2026-03-18,Wednesday,11,8.28,0.49,4.01,2.14,2.18,1.81,7.47,23.29,0.98,98.0
U001,11,2026-03-19,Thursday,11,8.59,0.59,2.04,2.7,1.48,3.52,6.77,23.17,0.98,98.0
U002,11,2026-03-19,Thursday,11,6.92,0.71,4.37,0.95,2.07,3.76,7.03,22.27,0.978,98.0
U003,11,2026-03-19,Thursday,11,8.41,0.54,4.15,1.54,1.48,3.16,6.75,22.32,0.98,98.0
U004,11,2026-03-19,Thursday,11,7.05,0.63,2.51,2.44,3.39,4.39,7.74,22.89,0.98,98.0
U005,11,2026-03-19,Thursday,11,8.17,1.26,2.89,0.66,2.67,2.16,7.47,24.49,0.98,98.0
U006,11,2026-03-19,Thursday,11,8.1,1.05,4.12,0.78,2.57,2.97,5.5,23.97,0.926,98.0
U007,11,2026-03-19,Thursday,11,6.53,1.08,4.13,1.34,3.41,3.03,8.21,24.12,0.98,98.0
U008,11,2026-03-19,Thursday,11,7.38,0.56,3.85,1.17,0.67,2.63,7.81,21.78,0.852,92.82
U009,11,2026-03-19,Thursday,11,8.29,1.29,4.49,0.45,1.99,2.41,6.29,24.13,0.98,98.0
U010,11,2026-03-19,Thursday,11,7.43,1.19,4.66,1.44,2.76,2.72,6.98,22.88,0.922,98.0
U001,11,2026-03-20,Friday,11,7.26,0.62,4.9,0.2,1.84,1.35,6.92,23.19,0.98,90.63
U002,11,2026-03-20,Friday,11,7.42,0.67,3.19,1.52,1.68,2.08,7.9,23.88,0.98,98.0
U003,11,2026-03-20,Friday,11,8.06,0.04,3.76,1.45,1.83,2.96,7.72,23.65,0.98,98.0
U004,11,2026-03-20,Friday,11,6.72,0.93,2.37,1.12,1.83,2.95,7.76,22.33,0.98,98.0
U005,11,2026-03-20,Friday,11,8.06,0.81,2.57,2.01,1.5,2.8,8.45,22.51,0.966,98.0
U006,11,2026-03-20,Friday,11,7.36,0.87,4.6,2.64,1.77,2.1,6.76,23.51,0.908,98.0
U007,11,2026-03-20,Friday,11,7.44,0.34,5.4,2.18,1.41,3.27,7.98,24.91,0.922,85.06
U008,11,2026-03-20,Friday,11,8.17,0.72,3.23,1.72,1.85,3.36,7.71,23.69,0.98,98.0
U009,11,2026-03-20,Friday,11,7.81,0.8,3.97,2.21,3.44,1.85,7.24,23.99,0.98,98.0
U010,11,2026-03-20,Friday,11,6.98,0.48,3.67,1.22,1.7,3.51,7.64,23.69,0.98,93.56
U001,11,2026-03-21,Saturday,11,7.94,1.7,4.89,2.39,3.49,4.17,7.71,24.39,0.967,98.0
U002,11,2026-03-21,Saturday,11,7.3,0.67,4.91,1.77,2.45,2.55,8.54,23.5,0.98,96.76
U003,11,2026-03-21,Saturday,11,9.12,0.97,7.34,2.13,2.91,4.29,8.58,23.14,0.98,98.0
U004,11,2026-03-21,Saturday,11,6.52,0.82,5.44,2.43,2.09,4.18,8.93,23.59,0.98,95.25
U005,11,2026-03-21,Saturday,11,8.12,0.97,5.26,1.67,1.87,6.62,9.49,22.99,0.98,98.0
U006,11,2026-03-21,Saturday,11,10.5,0.47,7.13,2.95,2.3,5.14,7.08,24.44,0.98,98.0
U007,11,2026-03-21,Saturday,11,7.7,1.24,7.35,1.7,3.47,5.67,8.53,22.65,0.98,98.0
U008,11,2026-03-21,Saturday,11,8.28,1.25,5.94,2.23,2.29,4.99,8.64,22.24,0.98,98.0
U009,11,2026-03-21,Saturday,11,7.84,1.04,5.22,1.93,1.96,4.34,7.24,23.55,0.98,98.0
U010,11,2026-03-21,Saturday,11,7.39,1.6,5.87,0.96,3.63,5.97,8.13,23.27,0.931,98.0
U001,11,2026-03-22,Sunday,11,8.16,0.69,2.62,2.9,3.56,4.56,8.21,24.63,0.98,98.0
U002,11,2026-03-22,Sunday,11,7.81,1.18,6.82,2.22,4.28,4.74,8.73,24.18,0.98,98.0
U003,11,2026-03-22,Sunday,11,8.92,0.93,4.29,0.9,1.74,3.79,8.03,24.75,0.98,98.0
U004,11,2026-03-22,Sunday,11,8.3,1.05,4.65,2.37,2.69,4.0,9.11,23.71,0.936,98.0
U005,11,2026-03-22,Sunday,11,8.43,0.73,4.62,2.56,3.03,4.34,8.07,24.5,0.78,97.72
U006,11,2026-03-22,Sunday,11,7.72,1.29,3.92,1.64,2.24,6.54,8.6,25.68,0.98,98.0
U007,11,2026-03-22,Sunday,11,9.06,1.4,5.82,2.79,2.19,3.67,8.02,24.3,0.98,98.0
U008,11,2026-03-22,Sunday,11,6.66,0.9,5.62,3.13,2.51,4.94,7.31,24.17,0.919,87.97
U009,11,2026-03-22,Sunday,11,7.82,1.02,4.16,2.21,2.7,4.2,8.34,23.38,0.98,98.0
U010,11,2026-03-22,Sunday,11,7.76,1.2,5.06,2.32,1.79,6.14,9.98,24.13,0.98,98.0
U001,12,2026-03-23,Monday,12,7.68,0.04,3.89,0.13,1.46,3.11,7.87,23.42,0.829,98.0
U002,12,2026-03-23,Monday,12,6.43,0.68,2.18,1.02,2.64,3.2,7.32,23.5,0.98,98.0
U003,12,2026-03-23,Monday,12,8.8,0.71,3.37,0.48,2.39,5.4,6.97,24.57,0.98,98.0
U004,12,2026-03-23,Monday,12,6.88,0.4,4.06,0.0,1.88,3.2,6.96,24.16,0.98,98.0
U005,12,2026-03-23,Monday,12,8.56,0.85,3.37,1.02,1.33,1.89,6.79,23.97,0.98,98.0
U006,12,2026-03-23,Monday,12,6.67,1.94,4.79,2.13,3.33,2.91,6.75,23.36,0.98,98.0
U007,12,2026-03-23,Monday,12,7.01,0.54,1.98,0.55,1.06,1.26,6.79,23.31,0.98,98.0
U008,12,2026-03-23,Monday,12,8.1,0.81,4.36,1.78,2.82,3.71,7.09,21.88,0.98,98.0
U009,12,2026-03-23,Monday,12,7.37,0.67,4.38,0.26,1.56,3.11,6.87,23.29,0.98,97.11
U010,12,2026-03-23,Monday,12,8.5,0.2,4.06,1.45,1.73,3.79,8.12,23.31,0.98,98.0
U001,12,2026-03-24,Tuesday,12,6.57,0.87,5.27,1.29,0.82,1.36,7.57,22.54,0.845,92.44
U002,12,2026-03-24,Tuesday,12,8.36,0.7,3.86,0.42,1.45,3.59,7.64,22.74,0.967,98.0
U003,12,2026-03-24,Tuesday,12,7.88,0.73,4.94,1.23,1.51,4.1,7.24,24.06,0.98,98.0
U004,12,2026-03-24,Tuesday,12,8.36,0.87,6.36,1.82,2.28,2.67,7.53,22.9,0.98,98.0
U005,12,2026-03-24,Tuesday,12,7.44,1.11,2.5,1.96,2.15,3.01,7.71,22.36,0.98,98.0
U006,12,2026-03-24,Tuesday,12,7.14,1.1,2.3,0.99,2.54,3.01,6.65,24.63,0.98,98.0
U007,12,2026-03-24,Tuesday,12,8.5,1.29,6.11,1.67,1.92,2.0,6.89,22.86,0.931,98.0
U008,12,2026-03-24,Tuesday,12,6.57,0.42,1.51,0.89,2.59,3.56,6.09,23.27,0.98,98.0
U009,12,2026-03-24,Tuesday,12,6.96,0.67,5.06,0.64,2.8,2.79,7.01,22.49,0.98,91.92
U010,12,2026-03-24,Tuesday,12,7.4,0.74,3.4,1.34,1.34,2.8,7.5,24.6,0.98,98.0
U001,12,2026-03-25,Wednesday,12,6.54,0.11,6.05,1.25,2.32,1.34,6.78,23.4,0.927,98.0
U002,12,2026-03-25,Wednesday,12,7.69,0.88,3.6,1.42,2.47,3.02,6.77,23.72,0.98,98.0
U003,12,2026-03-25,Wednesday,12,7.73,0.9,2.46,1.6,2.06,3.68,7.63,22.33,0.98,98.0
U004,12,2026-03-25,Wednesday,12,7.29,0.83,4.84,1.32,0.91,2.84,6.66,22.59,0.896,93.75
U005,12,2026-03-25,Wednesday,12,6.91,0.98,4.27,1.56,2.81,2.4,7.15,22.77,0.963,98.0
U006,12,2026-03-25,Wednesday,12,8.12,0.38,3.17,1.1,1.24,2.97,5.9,24.24,0.98,98.0
U007,12,2026-03-25,Wednesday,12,8.57,0.5,6.68,0.48,2.45,1.05,6.76,23.43,0.912,98.0
U008,12,2026-03-25,Wednesday,12,7.59,0.59,4.09,1.98,2.49,3.77,6.98,23.34,0.98,98.0
U009,12,2026-03-25,Wednesday,12,6.81,0.69,4.57,1.8,1.69,2.31,8.02,24.35,0.965,98.0
U010,12,2026-03-25,Wednesday,12,7.95,1.08,6.02,1.15,1.94,4.12,7.3,23.3,0.98,98.0
U001,12,2026-03-26,Thursday,12,7.59,0.55,5.54,1.97,1.95,0.78,7.26,24.79,0.98,98.0
U002,12,2026-03-26,Thursday,12,7.55,0.93,3.85,1.74,2.04,2.54,6.83,23.58,0.98,98.0
U003,12,2026-03-26,Thursday,12,7.76,0.71,2.94,1.43,2.42,4.96,5.67,23.93,0.98,98.0
U004,12,2026-03-26,Thursday,12,7.64,1.03,4.98,1.62,3.21,2.95,7.6,22.12,0.98,98.0
U005,12,2026-03-26,Thursday,12,8.73,1.16,3.34,0.7,2.46,3.29,7.57,24.94,0.98,98.0
U006,12,2026-03-26,Thursday,12,7.98,1.38,2.06,1.51,3.02,3.79,7.04,24.35,0.98,98.0
U007,12,2026-03-26,Thursday,12,7.75,1.64,4.46,2.54,2.25,3.07,6.84,22.11,0.98,98.0
U008,12,2026-03-26,Thursday,12,6.78,0.52,3.56,1.5,0.72,4.88,6.39,23.36,0.98,93.18
U009,12,2026-03-26,Thursday,12,6.09,1.28,5.65,0.83,2.29,3.71,8.22,23.56,0.98,98.0
U010,12,2026-03-26,Thursday,12,8.09,0.41,5.04,0.82,3.02,2.71,6.76,24.43,0.98,98.0
U001,12,2026-03-27,Friday,12,7.13,1.18,5.19,1.35,3.06,2.41,7.47,23.63,0.98,98.0
U002,12,2026-03-27,Friday,12,9.25,0.68,3.46,2.72,2.88,2.64,8.06,24.61,0.98,98.0
U003,12,2026-03-27,Friday,12,7.0,0.31,3.27,1.3,2.26,3.18,7.19,23.33,0.98,97.79
U004,12,2026-03-27,Friday,12,6.74,0.89,4.99,1.49,0.99,2.82,6.98,22.89,0.962,98.0
U005,12,2026-03-27,Friday,12,7.7,0.88,3.2,1.15,1.94,2.53,7.55,24.72,0.98,98.0
U006,12,2026-03-27,Friday,12,6.99,0.71,3.6,0.92,1.86,1.38,7.09,24.75,0.98,98.0
U007,12,2026-03-27,Friday,12,8.65,0.6,3.28,1.81,2.41,3.15,7.27,24.42,0.975,98.0
U008,12,2026-03-27,Friday,12,8.01,0.31,5.09,1.58,1.27,2.69,7.49,23.61,0.926,91.12
U009,12,2026-03-27,Friday,12,5.99,0.92,4.24,0.8,2.52,0.91,6.9,21.43,0.809,94.13
U010,12,2026-03-27,Friday,12,7.39,0.97,3.24,1.79,2.09,1.03,6.78,23.25,0.98,98.0
U001,12,2026-03-28,Saturday,12,7.84,1.86,4.19,1.47,3.32,4.01,8.71,24.48,0.98,98.0
U002,12,2026-03-28,Saturday,12,8.48,0.86,7.1,1.1,3.26,5.18,8.41,23.27,0.98,98.0
U003,12,2026-03-28,Saturday,12,8.44,0.56,3.17,4.15,4.83,5.54,7.07,25.12,0.98,98.0
U004,12,2026-03-28,Saturday,12,9.21,1.15,3.69,2.86,2.37,4.55,7.63,23.49,0.98,98.0
U005,12,2026-03-28,Saturday,12,8.13,0.57,6.78,1.84,3.31,5.43,8.18,23.37,0.98,98.0
U006,12,2026-03-28,Saturday,12,9.37,0.55,7.14,2.05,3.58,4.19,9.34,24.19,0.827,98.0
U007,12,2026-03-28,Saturday,12,9.09,1.31,3.97,1.88,2.71,4.33,8.8,25.0,0.98,98.0
U008,12,2026-03-28,Saturday,12,8.96,0.97,5.52,1.67,3.14,5.45,9.49,23.94,0.98,98.0
U009,12,2026-03-28,Saturday,12,8.05,0.54,4.25,1.6,3.09,4.92,8.74,24.93,0.98,86.09
U010,12,2026-03-28,Saturday,12,7.12,1.53,4.69,3.17,4.09,5.73,7.81,23.78,0.98,94.81
U001,12,2026-03-29,Sunday,12,8.11,1.38,6.83,1.54,3.22,4.89,8.64,24.52,0.98,98.0
U002,12,2026-03-29,Sunday,12,8.3,1.38,6.09,2.38,2.66,4.17,8.73,23.37,0.98,98.0
U003,12,2026-03-29,Sunday,12,7.21,0.87,5.32,2.47,2.98,4.58,8.26,23.02,0.98,98.0
U004,12,2026-03-29,Sunday,12,8.79,1.01,5.35,2.93,2.04,4.5,8.22,24.6,0.98,98.0
U005,12,2026-03-29,Sunday,12,8.51,0.91,5.01,1.66,3.44,3.1,7.96,24.04,0.98,98.0
U006,12,2026-03-29,Sunday,12,9.12,0.99,5.06,2.38,2.08,4.19,8.72,25.28,0.98,98.0
U007,12,2026-03-29,Sunday,12,8.41,0.74,6.21,2.88,4.02,4.51,7.58,24.56,0.98,97.46
U008,12,2026-03-29,Sunday,12,7.12,1.4,5.99,0.99,2.83,7.14,7.56,23.15,0.98,98.0
U009,12,2026-03-29,Sunday,12,7.82,0.66,7.88,1.36,3.5,3.13,8.54,23.63,0.917,93.3
U010,12,2026-03-29,Sunday,12,6.8,0.99,5.14,1.95,2.0,3.33,8.16,23.6,0.98,98.0
U001,27,2026-03-30,Monday,27,7.68,1.49,6.13,2.17,2.69,4.42,8.68,23.98,0.923,98.0
U002,27,2026-03-30,Monday,27,7.49,0.39,5.82,1.4,1.49,3.57,7.89,24.21,0.98,92.42
U003,27,2026-03-30,Monday,27,8.24,0.08,6.2,1.51,1.6,2.87,8.12,23.81,0.931,90.71
U004,27,2026-03-30,Monday,27,7.65,0.98,5.05,0.84,2.41,4.02,6.82,22.78,0.831,97.23
U005,27,2026-03-30,Monday,27,7.81,0.71,6.06,0.95,1.16,1.95,7.63,23.27,0.828,94.91
U006,27,2026-03-30,Monday,27,7.37,0.22,6.35,1.8,2.46,3.07,7.69,23.47,0.98,90.42
U007,27,2026-03-30,Monday,27,8.15,0.29,6.63,1.49,1.85,3.01,7.68,23.63,0.91,92.38
U008,27,2026-03-30,Monday,27,8.41,0.93,5.66,1.5,2.31,3.24,6.84,22.87,0.869,98.0
U009,27,2026-03-30,Monday,27,6.7,0.8,7.71,1.77,3.12,5.34,7.78,23.74,0.932,94.07
U010,27,2026-03-30,Monday,27,7.47,1.05,5.56,0.95,2.59,2.96,8.01,24.02,0.98,98.0
U001,27,2026-03-31,Tuesday,27,7.39,0.61,7.2,2.86,3.03,3.76,7.64,24.09,0.922,93.79
U002,27,2026-03-31,Tuesday,27,6.71,0.9,6.31,1.28,1.76,2.36,7.22,23.64,0.872,94.5
U003,27,2026-03-31,Tuesday,27,7.71,1.27,4.83,0.82,1.46,2.99,7.58,23.98,0.98,98.0
U004,27,2026-03-31,Tuesday,27,7.85,0.65,5.6,1.73,2.1,3.24,7.81,23.87,0.925,95.38
U005,27,2026-03-31,Tuesday,27,8.41,0.45,6.56,1.17,1.8,2.08,7.9,23.63,0.87,94.23
U006,27,2026-03-31,Tuesday,27,8.28,0.0,5.63,2.54,2.05,1.18,7.01,22.28,0.878,89.48
U007,27,2026-03-31,Tuesday,27,6.57,1.02,5.55,1.63,2.02,3.24,7.06,22.76,0.98,96.42
U008,27,2026-03-31,Tuesday,27,8.24,0.96,5.42,1.62,2.2,2.41,7.94,23.6,0.866,98.0
U009,27,2026-03-31,Tuesday,27,7.05,1.07,6.28,0.3,1.84,3.31,8.15,24.09,0.911,97.44
U010,27,2026-03-31,Tuesday,27,7.46,1.0,7.1,1.16,2.5,3.42,7.69,23.65,0.949,98.0
U001,27,2026-04-01,Wednesday,27,9.53,0.61,6.81,2.12,1.63,2.91,5.92,21.8,0.846,98.0
U002,27,2026-04-01,Wednesday,27,7.29,0.71,5.86,1.21,3.45,3.23,7.68,23.22,0.954,94.86
U003,27,2026-04-01,Wednesday,27,8.24,0.4,6.15,1.77,1.76,2.95,9.24,26.09,0.95,94.1
U004,27,2026-04-01,Wednesday,27,8.31,1.55,4.89,1.67,2.1,3.12,7.03,23.33,0.945,98.0
U005,27,2026-04-01,Wednesday,27,7.08,1.01,6.42,0.46,3.78,4.09,8.06,24.71,0.915,96.95
U006,27,2026-04-01,Wednesday,27,7.04,0.61,5.66,1.84,2.93,2.83,7.64,23.59,0.98,93.5
U007,27,2026-04-01,Wednesday,27,5.84,1.0,7.47,2.11,1.73,3.18,7.18,22.41,0.879,93.39
U008,27,2026-04-01,Wednesday,27,7.99,0.35,4.7,1.17,1.13,3.26,6.5,22.53,0.837,91.84
U009,27,2026-04-01,Wednesday,27,6.32,0.3,7.11,2.21,2.57,3.07,8.51,24.33,0.853,87.33
U010,27,2026-04-01,Wednesday,27,7.84,0.94,5.52,1.39,1.17,3.27,7.86,23.84,0.871,97.71
U001,27,2026-04-02,Thursday,27,7.58,0.82,6.77,1.6,2.76,1.9,7.78,24.58,0.978,96.93
U002,27,2026-04-02,Thursday,27,6.0,0.54,5.72,2.23,2.27,2.02,7.84,23.87,0.898,89.38
U003,27,2026-04-02,Thursday,27,8.59,0.5,6.48,2.33,2.05,2.84,7.47,22.89,0.98,96.27
U004,27,2026-04-02,Thursday,27,5.72,0.52,5.86,1.24,1.65,4.3,6.83,23.45,0.98,89.3
U005,27,2026-04-02,Thursday,27,6.92,0.69,8.04,1.91,2.74,2.88,7.92,24.12,0.891,93.11
U006,27,2026-04-02,Thursday,27,7.87,1.06,4.95,1.44,2.11,3.15,7.52,23.19,0.833,98.0
U007,27,2026-04-02,Thursday,27,6.7,1.08,6.14,0.97,2.0,3.73,6.82,22.97,0.894,96.49
U008,27,2026-04-02,Thursday,27,7.68,0.54,3.75,1.77,1.86,3.11,8.1,24.33,0.879,93.39
U009,27,2026-04-02,Thursday,27,8.35,0.73,7.76,1.56,2.38,3.05,7.73,23.44,0.98,97.97
U010,27,2026-04-02,Thursday,27,7.21,1.6,7.43,2.38,1.81,1.74,7.32,24.33,0.894,98.0
U001,27,2026-04-03,Friday,27,8.67,1.58,8.6,1.64,1.38,3.7,7.9,24.21,0.853,98.0
U002,27,2026-04-03,Friday,27,7.17,0.31,5.75,0.71,2.54,3.8,7.57,23.02,0.892,89.94
U003,27,2026-04-03,Friday,27,8.27,0.97,6.66,0.86,2.36,3.12,7.32,23.62,0.975,98.0
U004,27,2026-04-03,Friday,27,7.3,1.16,7.67,0.33,2.07,2.95,8.2,23.62,0.761,97.46
U005,27,2026-04-03,Friday,27,6.45,0.51,8.56,1.44,1.24,3.19,7.02,23.49,0.959,90.81
U006,27,2026-04-03,Friday,27,8.36,1.09,6.16,1.82,2.36,2.75,6.77,22.78,0.939,98.0
U007,27,2026-04-03,Friday,27,6.75,0.42,6.51,0.99,2.78,2.01,6.99,22.34,0.931,90.39
U008,27,2026-04-03,Friday,27,7.55,1.06,5.66,1.62,2.69,3.31,7.41,23.2,0.963,98.0
U009,27,2026-04-03,Friday,27,7.1,0.76,6.62,1.78,1.72,3.5,7.67,23.54,0.807,93.42
U010,27,2026-04-03,Friday,27,6.94,1.19,4.73,2.28,2.06,2.11,6.24,22.15,0.875,98.0
U001,27,2026-04-04,Saturday,27,8.32,0.75,4.19,1.98,3.3,1.95,7.61,22.92,0.884,97.14
U002,27,2026-04-04,Saturday,27,7.62,0.92,3.64,0.82,1.66,3.29,7.71,24.54,0.863,96.88
U003,27,2026-04-04,Saturday,27,7.94,1.23,2.67,1.62,2.21,1.99,8.24,24.57,0.912,98.0
U004,27,2026-04-04,Saturday,27,7.18,0.18,3.89,1.83,2.46,2.91,6.99,22.69,0.917,88.92
U005,27,2026-04-04,Saturday,27,6.48,0.72,3.89,0.99,1.31,3.93,9.22,25.4,0.943,92.83
U006,27,2026-04-04,Saturday,27,9.54,0.85,1.57,1.57,1.75,4.2,7.53,23.95,0.902,98.0
U007,27,2026-04-04,Saturday,27,6.75,0.43,3.26,0.78,2.45,2.55,6.49,22.98,0.976,90.94
U008,27,2026-04-04,Saturday,27,8.63,0.76,2.45,1.6,2.06,2.98,8.68,24.49,0.935,98.0
U009,27,2026-04-04,Saturday,27,7.58,0.92,3.27,0.85,2.18,3.49,7.46,23.22,0.933,97.48
U010,27,2026-04-04,Saturday,27,7.01,1.04,2.79,2.03,2.26,4.14,6.73,22.33,0.882,96.75
U001,28,2026-04-05,Sunday,28,7.38,1.18,2.84,1.56,1.93,4.39,7.65,23.3,0.967,98.0
U002,28,2026-04-05,Sunday,28,7.46,0.0,2.9,1.18,3.07,2.74,7.04,23.12,0.84,87.05
U003,28,2026-04-05,Sunday,28,7.41,1.37,3.22,1.34,2.09,4.47,8.26,24.65,0.967,98.0
U004,28,2026-04-05,Sunday,28,8.78,0.67,2.56,1.42,1.96,2.31,7.55,23.98,0.846,97.11
U005,28,2026-04-05,Sunday,28,7.77,0.31,2.51,0.57,2.25,3.15,6.32,22.45,0.855,91.07
U006,28,2026-04-05,Sunday,28,7.84,0.16,2.48,1.76,1.75,2.01,7.07,22.71,0.849,89.69
U007,28,2026-04-05,Sunday,28,7.29,0.64,3.25,1.59,1.4,1.75,8.6,23.91,0.902,93.64
U008,28,2026-04-05,Sunday,28,8.66,1.24,1.5,1.77,2.33,2.2,6.87,22.78,0.843,98.0
U009,28,2026-04-05,Sunday,28,7.36,0.43,2.56,1.49,1.84,3.22,7.25,22.96,0.897,91.67
U010,28,2026-04-05,Sunday,28,8.69,0.0,2.81,1.55,2.24,4.02,7.92,23.17,0.879,90.51
U001,28,2026-04-06,Monday,28,8.04,1.07,7.06,2.02,2.07,3.86,7.8,24.54,0.91,98.0
U002,28,2026-04-06,Monday,28,8.43,0.63,6.32,1.72,2.0,3.65,7.35,23.93,0.864,96.02
U003,28,2026-04-06,Monday,28,7.6,1.11,7.62,2.14,1.84,1.35,9.06,25.15,0.949,98.0
U004,28,2026-04-06,Monday,28,7.89,0.42,5.91,1.23,1.88,1.91,7.73,23.93,0.957,93.5
U005,28,2026-04-06,Monday,28,7.15,0.34,5.44,2.0,2.72,3.47,7.7,23.33,0.788,89.16
U006,28,2026-04-06,Monday,28,8.21,0.87,5.74,1.69,2.06,2.31,6.57,22.81,0.915,98.0
U007,28,2026-04-06,Monday,28,9.07,1.01,6.43,1.91,2.46,3.42,7.92,23.94,0.919,98.0
U008,28,2026-04-06,Monday,28,8.24,0.45,7.69,1.71,2.55,1.57,7.92,23.85,0.838,93.48
U009,28,2026-04-06,Monday,28,8.08,0.73,5.07,2.05,2.03,3.18,7.56,23.53,0.968,97.18
U010,28,2026-04-06,Monday,28,7.41,1.53,5.31,2.18,1.9,2.06,6.5,22.62,0.968,98.0
U001,28,2026-04-07,Tuesday,28,8.13,1.2,5.54,1.77,2.2,4.39,7.29,23.31,0.898,98.0
U002,28,2026-04-07,Tuesday,28,7.73,0.89,7.94,1.38,2.03,2.31,7.17,23.31,0.869,96.92
U003,28,2026-04-07,Tuesday,28,8.4,0.95,4.82,0.99,2.55,3.47,6.79,22.71,0.98,98.0
U004,28,2026-04-07,Tuesday,28,7.59,0.74,5.41,1.54,1.88,4.25,7.44,23.88,0.825,94.62
U005,28,2026-04-07,Tuesday,28,6.98,1.02,5.51,0.87,1.78,2.94,7.96,23.89,0.942,97.07
U006,28,2026-04-07,Tuesday,28,8.42,0.94,5.34,0.96,1.41,3.22,7.35,23.82,0.96,98.0
U007,28,2026-04-07,Tuesday,28,7.85,1.6,6.49,1.59,2.44,4.02,8.07,24.2,0.908,98.0
U008,28,2026-04-07,Tuesday,28,7.72,0.28,5.78,1.32,2.07,3.28,7.46,23.49,0.89,91.0
U009,28,2026-04-07,Tuesday,28,6.24,0.79,7.72,0.92,2.35,2.87,7.72,23.87,0.839,91.89
U010,28,2026-04-07,Tuesday,28,8.21,0.86,6.53,0.95,2.32,3.15,6.75,22.71,0.902,98.0
U001,28,2026-04-08,Wednesday,28,7.42,0.69,6.69,0.86,2.22,2.77,7.5,23.72,0.98,95.25
U002,28,2026-04-08,Wednesday,28,7.46,0.85,6.3,1.08,2.62,2.41,8.0,23.41,0.98,96.95
U003,28,2026-04-08,Wednesday,28,8.0,0.72,6.86,1.7,3.07,1.0,8.61,25.63,0.822,95.42
U004,28,2026-04-08,Wednesday,28,7.87,1.46,5.46,1.01,2.2,2.52,6.52,22.95,0.914,98.0
U005,28,2026-04-08,Wednesday,28,7.47,0.67,6.2,2.45,1.98,2.89,7.52,23.54,0.939,94.77
U006,28,2026-04-08,Wednesday,28,7.77,0.42,5.81,1.08,1.89,3.01,7.7,23.92,0.89,92.53
U007,28,2026-04-08,Wednesday,28,7.69,1.11,5.95,2.27,1.51,5.09,6.91,23.27,0.98,98.0
U008,28,2026-04-08,Wednesday,28,8.07,0.31,4.09,1.11,1.91,2.79,7.32,23.32,0.85,91.77
U009,28,2026-04-08,Wednesday,28,6.32,0.74,5.37,0.97,2.29,3.67,7.71,23.26,0.816,91.36
U010,28,2026-04-08,Wednesday,28,8.45,0.07,7.69,2.17,2.14,3.85,6.52,22.27,0.914,90.97
U001,28,2026-04-09,Thursday,28,8.24,0.67,5.15,1.66,1.51,4.65,7.28,23.26,0.876,96.06
U002,28,2026-04-09,Thursday,28,6.84,0.3,7.55,0.87,1.61,3.41,8.75,24.41,0.892,89.02
U003,28,2026-04-09,Thursday,28,7.9,0.81,6.44,1.48,2.08,3.22,6.96,22.96,0.876,96.61
U004,28,2026-04-09,Thursday,28,7.05,0.62,5.13,1.57,0.99,3.03,7.42,22.96,0.891,92.73
U005,28,2026-04-09,Thursday,28,6.77,0.49,8.04,0.86,2.37,2.55,7.94,23.41,0.882,90.65
U006,28,2026-04-09,Thursday,28,6.94,0.12,7.62,0.89,1.83,2.52,8.18,24.59,0.974,88.29
U007,28,2026-04-09,Thursday,28,6.77,0.74,5.35,1.48,2.24,2.84,6.87,23.28,0.843,92.75
U008,28,2026-04-09,Thursday,28,7.85,1.07,4.89,2.44,1.59,1.96,7.06,23.28,0.889,98.0
U009,28,2026-04-09,Thursday,28,7.47,0.87,7.41,1.17,2.59,4.41,6.14,22.16,0.82,95.58
U010,28,2026-04-09,Thursday,28,8.29,1.01,7.07,1.99,1.88,3.47,8.15,23.6,0.841,98.0
U001,28,2026-04-10,Friday,28,7.35,0.87,6.2,1.63,3.08,2.97,7.74,24.65,0.929,96.37
U002,28,2026-04-10,Friday,28,7.81,1.19,6.73,1.42,1.96,4.06,8.35,24.16,0.755,98.0
U003,28,2026-04-10,Friday,28,5.95,0.53,4.37,0.98,2.7,1.85,7.68,23.48,0.875,88.92
U004,28,2026-04-10,Friday,28,7.36,0.63,7.5,2.86,2.85,4.7,6.39,22.82,0.863,93.33
U005,28,2026-04-10,Friday,28,7.14,1.08,7.15,0.99,3.2,1.26,7.51,23.2,0.98,98.0
U006,28,2026-04-10,Friday,28,8.08,0.21,6.14,1.72,2.03,3.2,7.63,22.93,0.827,90.57
U007,28,2026-04-10,Friday,28,8.39,0.0,7.15,2.13,2.2,3.53,7.28,22.61,0.939,90.36
U008,28,2026-04-10,Friday,28,7.85,0.95,5.5,1.65,2.09,3.39,8.34,24.65,0.845,97.58
U009,28,2026-04-10,Friday,28,7.11,0.17,9.0,1.98,2.01,1.79,6.03,22.83,0.901,88.49
U010,28,2026-04-10,Friday,28,8.62,1.34,5.94,1.7,1.41,4.24,8.37,24.76,0.889,98.0
U001,28,2026-04-11,Saturday,28,7.14,0.01,2.75,1.87,2.05,4.52,8.37,24.68,0.896,86.91
U002,28,2026-04-11,Saturday,28,6.8,0.63,2.4,1.52,2.06,3.27,8.44,24.76,0.906,92.36
U003,28,2026-04-11,Saturday,28,8.35,0.36,2.44,1.32,2.43,2.33,6.93,22.67,0.912,93.59
U004,28,2026-04-11,Saturday,28,6.64,0.28,3.82,1.76,2.68,3.61,8.15,24.16,0.98,89.2
U005,28,2026-04-11,Saturday,28,6.85,0.32,1.5,1.33,2.22,3.0,7.6,23.58,0.951,89.84
U006,28,2026-04-11,Saturday,28,8.11,0.44,3.63,0.95,2.32,3.29,7.57,23.88,0.859,93.27
U007,28,2026-04-11,Saturday,28,7.2,0.5,3.44,2.33,3.05,4.13,7.55,23.71,0.929,92.29
U008,28,2026-04-11,Saturday,28,8.24,1.01,3.95,2.39,1.98,3.6,7.79,23.7,0.967,98.0
U009,28,2026-04-11,Saturday,28,7.72,1.08,2.52,2.06,1.51,3.0,7.94,23.69,0.956,98.0
U010,28,2026-04-11,Saturday,28,7.63,0.66,2.96,1.59,2.68,3.51,7.89,24.34,0.894,94.61
U001,29,2026-04-12,Sunday,29,7.59,0.38,3.34,1.15,1.92,2.1,7.06,22.78,0.872,91.49
U002,29,2026-04-12,Sunday,29,6.58,0.75,3.48,1.39,1.75,3.39,8.97,24.1,0.922,93.17
U003,29,2026-04-12,Sunday,29,7.38,0.56,2.59,0.34,2.43,3.23,7.65,23.6,0.841,92.46
U004,29,2026-04-12,Sunday,29,7.18,0.65,2.03,1.71,2.42,1.02,7.88,23.93,0.923,93.68
U005,29,2026-04-12,Sunday,29,6.52,0.17,2.22,0.84,2.14,2.49,8.17,24.24,0.95,87.5
U006,29,2026-04-12,Sunday,29,7.85,0.67,3.02,1.07,1.54,2.87,7.87,22.75,0.954,95.87
U007,29,2026-04-12,Sunday,29,8.22,0.85,2.51,1.41,2.14,3.54,7.98,24.19,0.822,97.27
U008,29,2026-04-12,Sunday,29,8.18,0.73,3.36,1.05,1.42,2.91,6.97,23.36,0.936,97.11
U009,29,2026-04-12,Sunday,29,7.39,0.13,3.27,1.06,2.4,2.61,7.85,23.79,0.853,88.3
U010,29,2026-04-12,Sunday,29,7.24,0.27,3.86,1.15,2.04,3.16,6.7,23.28,0.951,90.31
U001,29,2026-04-13,Monday,29,7.62,0.45,5.68,1.72,2.99,2.45,6.89,22.44,0.952,93.07
U002,29,2026-04-13,Monday,29,7.91,0.99,6.29,1.14,3.1,2.31,7.13,23.92,0.882,98.0
U003,29,2026-04-13,Monday,29,8.17,0.56,6.29,1.62,3.09,3.73,6.67,22.41,0.879,94.81
U004,29,2026-04-13,Monday,29,7.03,0.53,6.36,1.42,2.45,3.17,8.06,24.48,0.925,92.12
U005,29,2026-04-13,Monday,29,8.07,0.85,6.61,1.38,2.41,2.15,7.65,23.35,0.976,98.0
U006,29,2026-04-13,Monday,29,8.69,0.76,5.2,0.48,2.55,4.21,7.74,23.06,0.918,98.0
U007,29,2026-04-13,Monday,29,7.19,0.98,5.89,1.79,1.8,2.69,8.34,24.65,0.895,96.72
U008,29,2026-04-13,Monday,29,9.22,1.21,4.81,1.91,2.26,1.78,6.33,21.97,0.831,98.0
U009,29,2026-04-13,Monday,29,7.18,0.54,5.84,1.23,2.19,2.51,7.51,23.36,0.863,91.98
U010,29,2026-04-13,Monday,29,8.14,0.33,7.71,1.64,1.56,2.94,7.8,23.82,0.929,92.94
U001,29,2026-04-14,Tuesday,29,8.24,0.98,5.55,1.82,3.19,1.97,7.13,22.51,0.957,98.0
U002,29,2026-04-14,Tuesday,29,8.64,1.27,8.43,2.26,2.2,2.76,7.33,23.39,0.871,98.0
U003,29,2026-04-14,Tuesday,29,6.84,0.32,6.35,1.78,2.24,1.83,7.14,23.05,0.903,89.33
U004,29,2026-04-14,Tuesday,29,6.33,0.0,5.32,1.81,1.54,3.0,8.04,24.23,0.931,85.14
U005,29,2026-04-14,Tuesday,29,7.03,0.74,7.3,1.09,2.19,3.44,7.32,23.61,0.926,94.24
U006,29,2026-04-14,Tuesday,29,6.28,1.16,4.7,1.77,2.59,3.79,8.1,23.88,0.862,95.92
U007,29,2026-04-14,Tuesday,29,6.63,0.2,4.64,1.82,2.13,2.7,7.9,23.24,0.843,87.0
U008,29,2026-04-14,Tuesday,29,8.32,0.55,6.17,1.09,3.16,3.35,7.58,23.39,0.98,96.1
U009,29,2026-04-14,Tuesday,29,6.5,0.42,8.57,1.11,1.44,2.33,8.13,23.98,0.921,89.66
U010,29,2026-04-14,Tuesday,29,5.95,0.25,6.29,0.61,2.69,3.35,7.91,23.5,0.931,86.69
U001,29,2026-04-15,Wednesday,29,7.56,0.5,5.94,1.97,1.33,3.08,5.76,21.72,0.905,92.95
U002,29,2026-04-15,Wednesday,29,6.05,0.0,6.29,1.73,2.14,4.13,7.26,22.41,0.927,84.39
U003,29,2026-04-15,Wednesday,29,7.45,0.0,7.42,1.44,2.3,3.46,6.65,21.76,0.98,88.42
U004,29,2026-04-15,Wednesday,29,7.45,0.29,7.62,1.44,1.89,1.84,7.79,23.64,0.921,90.74
U005,29,2026-04-15,Wednesday,29,6.55,0.24,6.4,1.6,1.28,3.54,7.54,24.05,0.945,88.23
U006,29,2026-04-15,Wednesday,29,7.76,0.37,6.46,2.1,2.95,3.84,7.83,24.08,0.906,92.16
U007,29,2026-04-15,Wednesday,29,7.85,0.22,7.57,2.05,2.35,1.34,6.43,22.66,0.787,89.7
U008,29,2026-04-15,Wednesday,29,7.38,1.3,6.59,1.41,1.75,3.36,7.67,23.81,0.879,98.0
U009,29,2026-04-15,Wednesday,29,6.57,0.55,6.6,2.27,2.7,4.47,7.52,24.09,0.973,91.66
U010,29,2026-04-15,Wednesday,29,7.77,0.71,6.54,2.79,1.79,3.3,8.1,24.12,0.87,95.22
U001,29,2026-04-16,Thursday,29,7.24,0.53,5.57,1.55,1.8,1.89,7.17,22.86,0.912,92.52
U002,29,2026-04-16,Thursday,29,7.49,0.84,8.48,1.68,3.15,3.39,8.31,24.73,0.98,96.92
U003,29,2026-04-16,Thursday,29,8.32,0.78,5.51,1.56,1.45,3.28,8.39,23.86,0.871,97.31
U004,29,2026-04-16,Thursday,29,7.39,1.15,5.79,1.19,1.84,3.17,6.76,22.4,0.98,98.0
U005,29,2026-04-16,Thursday,29,5.26,0.93,7.01,1.62,2.65,2.76,7.81,24.4,0.943,91.88
U006,29,2026-04-16,Thursday,29,7.74,1.14,5.93,2.0,2.66,3.23,7.14,22.79,0.831,98.0
U007,29,2026-04-16,Thursday,29,7.27,0.37,4.84,2.56,1.82,4.42,6.45,22.11,0.883,90.7
U008,29,2026-04-16,Thursday,29,9.07,0.64,5.48,0.75,1.92,2.27,7.76,23.78,0.892,98.0
U009,29,2026-04-16,Thursday,29,7.22,0.94,6.63,2.2,1.81,3.92,7.66,23.71,0.948,96.93
U010,29,2026-04-16,Thursday,29,6.46,0.35,4.98,0.82,1.39,4.18,6.73,22.71,0.966,89.31
U001,29,2026-04-17,Friday,29,8.39,1.19,7.63,2.53,2.29,4.03,7.44,22.98,0.889,98.0
U002,29,2026-04-17,Friday,29,7.65,1.14,6.87,0.59,2.5,2.9,6.75,22.62,0.947,98.0
U003,29,2026-04-17,Friday,29,7.1,1.05,5.38,1.17,2.11,2.47,8.09,23.73,0.884,97.09
U004,29,2026-04-17,Friday,29,7.31,1.16,5.86,1.49,1.92,4.56,8.03,24.13,0.958,98.0
U005,29,2026-04-17,Friday,29,6.96,0.31,7.64,2.48,1.74,3.1,7.27,24.24,0.862,89.12
U006,29,2026-04-17,Friday,29,8.31,0.81,6.67,1.01,1.33,2.89,7.51,22.79,0.88,97.67
U007,29,2026-04-17,Friday,29,7.83,1.48,6.68,0.64,2.63,4.03,8.82,24.72,0.917,98.0
U008,29,2026-04-17,Friday,29,7.58,0.72,4.29,1.38,1.69,4.79,7.73,23.46,0.871,94.86
U009,29,2026-04-17,Friday,29,5.64,1.24,7.14,1.27,2.52,3.73,7.75,24.2,0.923,95.73
U010,29,2026-04-17,Friday,29,7.39,0.31,6.28,2.27,1.63,2.36,7.67,23.82,0.934,90.91
U001,29,2026-04-18,Saturday,29,7.17,0.77,2.71,1.41,3.61,2.79,8.33,24.27,0.801,93.64
U002,29,2026-04-18,Saturday,29,8.41,0.87,2.9,1.05,1.54,2.28,6.98,23.07,0.849,98.0
U003,29,2026-04-18,Saturday,29,7.01,1.61,2.54,1.95,2.62,3.31,6.94,23.15,0.856,98.0
U004,29,2026-04-18,Saturday,29,8.38,1.18,2.44,0.74,1.59,3.25,7.75,23.26,0.943,98.0
U005,29,2026-04-18,Saturday,29,6.88,0.58,2.82,2.34,3.34,3.32,7.33,23.16,0.94,92.4
U006,29,2026-04-18,Saturday,29,7.23,0.79,3.59,1.6,2.26,3.11,7.44,23.47,0.863,94.61
U007,29,2026-04-18,Saturday,29,7.06,0.25,3.14,2.41,2.07,3.35,6.61,23.64,0.867,88.82
U008,29,2026-04-18,Saturday,29,8.76,0.6,2.22,1.86,2.39,2.18,7.9,24.65,0.926,97.16
U009,29,2026-04-18,Saturday,29,6.53,0.62,2.89,0.78,2.44,4.07,6.16,21.8,0.971,92.23
U010,29,2026-04-18,Saturday,29,7.37,0.38,1.69,1.64,2.9,3.14,7.52,23.52,0.923,91.45
U001,30,2026-04-19,Sunday,30,7.95,0.7,3.47,1.28,2.44,3.01,6.39,22.64,0.823,95.11
U002,30,2026-04-19,Sunday,30,7.62,0.88,2.39,1.6,1.63,2.58,8.89,24.39,0.839,96.24
U003,30,2026-04-19,Sunday,30,7.5,0.57,2.85,1.99,2.05,3.9,6.73,22.61,0.872,93.17
U004,30,2026-04-19,Sunday,30,7.71,0.95,3.26,1.5,2.41,3.87,8.58,24.14,0.818,96.96
U005,30,2026-04-19,Sunday,30,6.98,0.74,1.61,1.08,2.13,2.94,6.87,22.9,0.98,94.65
U006,30,2026-04-19,Sunday,30,7.73,0.96,2.45,0.91,0.72,3.3,7.88,23.8,0.943,98.0
U007,30,2026-04-19,Sunday,30,6.78,1.01,2.7,0.23,1.91,4.22,7.73,23.89,0.938,96.43
U008,30,2026-04-19,Sunday,30,8.78,0.81,2.84,1.19,2.47,2.95,8.05,24.44,0.931,98.0
U009,30,2026-04-19,Sunday,30,5.96,1.0,2.8,1.46,1.98,3.59,7.24,23.06,0.913,94.03
U010,30,2026-04-19,Sunday,30,6.74,0.6,2.47,1.08,2.46,3.11,7.25,23.27,0.97,92.55
U001,30,2026-04-20,Monday,30,8.34,0.79,5.19,1.51,2.22,2.07,7.5,23.72,0.966,98.0
U002,30,2026-04-20,Monday,30,8.54,0.79,7.14,1.15,2.62,3.04,7.2,23.58,0.968,98.0
U003,30,2026-04-20,Monday,30,7.78,0.53,5.49,1.26,3.28,2.83,7.85,24.06,0.826,93.01
U004,30,2026-04-20,Monday,30,8.26,0.73,5.33,2.11,1.24,3.7,7.4,23.81,0.87,96.65
U005,30,2026-04-20,Monday,30,7.44,0.75,5.15,1.06,2.55,2.53,8.01,24.37,0.897,95.07
U006,30,2026-04-20,Monday,30,6.5,0.43,7.56,1.57,0.5,2.66,8.04,23.92,0.936,89.91
U007,30,2026-04-20,Monday,30,7.21,0.88,5.59,0.67,1.84,2.63,7.07,22.43,0.917,96.0
U008,30,2026-04-20,Monday,30,8.57,0.91,5.19,1.55,2.49,2.91,8.53,24.53,0.905,98.0
U009,30,2026-04-20,Monday,30,7.03,0.92,8.51,2.47,1.35,2.63,6.65,22.97,0.937,96.15
U010,30,2026-04-20,Monday,30,8.4,0.46,7.12,2.51,2.38,2.83,6.98,23.17,0.913,94.73
U001,30,2026-04-21,Tuesday,30,7.48,0.32,6.29,1.46,2.69,1.54,7.27,23.38,0.964,91.54
U002,30,2026-04-21,Tuesday,30,6.99,0.65,9.0,1.39,2.5,2.63,6.94,22.46,0.92,93.17
U003,30,2026-04-21,Tuesday,30,8.62,0.13,6.03,1.63,2.67,3.1,8.08,24.06,0.916,92.01
U004,30,2026-04-21,Tuesday,30,8.47,0.18,6.54,0.4,1.52,2.64,8.02,23.83,0.896,91.94
U005,30,2026-04-21,Tuesday,30,7.13,0.64,7.13,1.43,2.15,2.94,7.37,22.89,0.882,93.05
U006,30,2026-04-21,Tuesday,30,7.97,1.21,4.83,1.17,2.2,2.03,7.19,23.2,0.925,98.0
U007,30,2026-04-21,Tuesday,30,6.94,0.49,6.0,1.28,2.35,5.21,7.91,24.45,0.936,91.61
U008,30,2026-04-21,Tuesday,30,7.57,0.62,4.42,1.26,2.17,3.09,8.69,24.68,0.9,94.12
U009,30,2026-04-21,Tuesday,30,6.56,1.15,5.71,1.65,2.59,3.8,7.61,23.53,0.883,96.73
U010,30,2026-04-21,Tuesday,30,7.9,0.35,5.28,1.77,2.64,2.71,7.87,24.35,0.892,92.17
U001,30,2026-04-22,Wednesday,30,7.88,1.11,5.69,1.96,1.35,2.72,7.8,24.59,0.862,98.0
U002,30,2026-04-22,Wednesday,30,7.14,0.23,6.56,1.66,2.34,2.59,7.43,22.98,0.897,89.12
U003,30,2026-04-22,Wednesday,30,7.02,0.41,4.42,1.91,2.39,3.45,6.34,23.12,0.89,90.55
U004,30,2026-04-22,Wednesday,30,8.34,0.4,5.46,1.91,1.85,3.02,5.92,21.79,0.94,94.25
U005,30,2026-04-22,Wednesday,30,5.68,0.68,8.44,1.98,2.17,3.44,7.81,23.63,0.969,90.69
U006,30,2026-04-22,Wednesday,30,7.53,0.72,5.44,0.95,1.48,2.48,7.07,22.66,0.948,95.51
U007,30,2026-04-22,Wednesday,30,7.05,0.41,7.75,1.74,2.51,3.65,7.25,23.08,0.966,91.38
U008,30,2026-04-22,Wednesday,30,8.65,0.69,5.09,1.62,1.35,4.29,7.7,24.0,0.87,97.23
U009,30,2026-04-22,Wednesday,30,7.92,1.07,5.67,1.55,2.57,2.25,6.3,23.14,0.908,98.0
U010,30,2026-04-22,Wednesday,30,8.68,0.69,5.31,1.49,1.16,3.4,7.59,23.37,0.863,97.23
U001,30,2026-04-23,Thursday,30,8.47,0.9,5.69,1.54,1.61,1.41,7.18,23.1,0.937,98.0
U002,30,2026-04-23,Thursday,30,7.1,0.61,4.47,1.44,2.54,2.86,6.73,22.54,0.879,92.64
U003,30,2026-04-23,Thursday,30,9.06,0.27,4.99,0.59,1.93,3.29,8.33,24.67,0.782,93.17
U004,30,2026-04-23,Thursday,30,7.99,0.45,6.75,1.45,2.76,3.29,7.5,23.44,0.892,93.39
U005,30,2026-04-23,Thursday,30,7.03,1.25,7.98,1.52,2.02,2.99,8.03,23.74,0.958,98.0
U006,30,2026-04-23,Thursday,30,8.09,0.99,4.94,1.83,2.68,2.65,8.05,23.87,0.785,97.97
U007,30,2026-04-23,Thursday,30,7.13,1.15,7.43,1.83,2.2,2.74,7.73,24.44,0.917,98.0
U008,30,2026-04-23,Thursday,30,8.59,0.55,6.51,1.52,1.19,3.22,7.85,24.56,0.965,96.62
U009,30,2026-04-23,Thursday,30,8.08,0.43,7.25,1.97,1.97,4.33,8.19,24.39,0.86,93.1
U010,30,2026-04-23,Thursday,30,6.81,0.04,4.24,1.89,1.84,3.72,6.88,22.65,0.922,86.65
U001,30,2026-04-24,Friday,30,7.09,0.11,5.12,1.23,2.14,1.54,6.59,22.79,0.828,87.1
U002,30,2026-04-24,Friday,30,7.76,0.69,5.69,1.34,2.81,4.04,7.72,23.78,0.98,96.1
U003,30,2026-04-24,Friday,30,7.33,0.41,5.07,1.48,2.63,3.28,7.06,23.94,0.897,91.39
U004,30,2026-04-24,Friday,30,7.18,0.67,5.75,1.48,2.77,1.86,7.7,23.83,0.847,93.12
U005,30,2026-04-24,Friday,30,6.4,0.84,7.13,1.65,1.72,2.05,7.27,23.4,0.886,93.26
U006,30,2026-04-24,Friday,30,8.8,0.6,6.91,1.3,2.55,2.78,8.02,24.45,0.941,97.41
U007,30,2026-04-24,Friday,30,6.88,1.07,6.98,2.33,2.86,3.23,6.92,23.32,0.805,95.95
U008,30,2026-04-24,Friday,30,7.94,0.0,5.72,1.83,2.22,3.28,8.51,24.21,0.862,88.47
U009,30,2026-04-24,Friday,30,7.66,1.35,6.69,1.26,2.78,1.74,7.61,24.02,0.938,98.0
U010,30,2026-04-24,Friday,30,8.61,0.26,7.67,1.09,2.95,3.02,7.17,23.62,0.947,93.59
U001,30,2026-04-25,Saturday,30,7.91,0.65,3.35,1.78,2.65,2.58,7.59,23.67,0.828,94.56
U002,30,2026-04-25,Saturday,30,7.61,0.89,3.27,0.67,1.78,2.6,7.68,23.35,0.837,96.3
U003,30,2026-04-25,Saturday,30,8.47,1.25,3.73,1.06,2.51,4.31,7.71,23.41,0.925,98.0
U004,30,2026-04-25,Saturday,30,7.99,0.69,1.75,1.82,2.99,2.53,7.24,23.56,0.952,96.39
U005,30,2026-04-25,Saturday,30,7.32,0.6,2.76,1.57,2.82,4.2,8.14,24.45,0.98,94.1
U006,30,2026-04-25,Saturday,30,8.18,0.31,3.41,1.94,2.14,1.79,7.06,23.33,0.973,93.28
U007,30,2026-04-25,Saturday,30,7.09,0.63,3.15,1.85,2.2,4.72,7.48,24.05,0.971,93.73
U008,30,2026-04-25,Saturday,30,8.0,1.32,3.11,0.55,2.73,3.3,6.98,23.02,0.931,98.0
U009,30,2026-04-25,Saturday,30,7.77,1.01,2.45,1.63,2.39,1.3,7.59,23.84,0.839,97.91
U010,30,2026-04-25,Saturday,30,7.8,1.26,3.5,1.13,1.79,3.1,7.87,23.31,0.933,98.0
U001,31,2026-04-26,Sunday,31,7.05,0.33,2.63,1.71,2.24,3.48,8.45,24.36,0.95,90.42
U002,31,2026-04-26,Sunday,31,8.19,0.28,2.21,1.55,1.66,3.94,7.51,23.16,0.87,91.97
U003,31,2026-04-26,Sunday,31,7.28,0.58,3.49,2.26,2.86,1.95,6.94,23.2,0.975,93.75
U004,31,2026-04-26,Sunday,31,7.74,0.13,2.23,0.9,2.98,3.82,7.83,24.07,0.91,89.75
U005,31,2026-04-26,Sunday,31,7.03,0.84,3.77,1.18,2.74,3.5,7.95,23.66,0.932,95.3
U006,31,2026-04-26,Sunday,31,7.46,0.68,3.29,1.29,0.87,3.17,7.54,23.62,0.901,94.46
U007,31,2026-04-26,Sunday,31,6.93,0.69,3.96,1.01,2.4,3.38,7.84,23.75,0.98,94.03
U008,31,2026-04-26,Sunday,31,7.0,0.96,2.67,1.66,3.24,2.53,6.9,22.93,0.98,96.9
U009,31,2026-04-26,Sunday,31,6.63,0.88,3.45,1.63,2.02,2.58,7.86,23.84,0.9,94.38
U010,31,2026-04-26,Sunday,31,7.24,0.51,3.02,1.4,1.33,4.1,7.99,24.45,0.977,92.97
U001,31,2026-04-27,Monday,31,8.48,0.55,5.64,1.45,2.25,4.16,7.27,23.0,0.865,95.35
U002,31,2026-04-27,Monday,31,8.15,0.86,6.23,1.06,1.47,1.97,8.13,24.51,0.881,97.78
U003,31,2026-04-27,Monday,31,8.92,0.22,6.27,1.84,2.72,3.28,7.12,23.02,0.891,93.41
U004,31,2026-04-27,Monday,31,7.52,0.2,5.62,1.96,1.78,2.99,7.58,23.86,0.883,89.63
U005,31,2026-04-27,Monday,31,6.56,1.1,8.16,1.0,2.6,3.08,7.34,23.5,0.928,96.68
U006,31,2026-04-27,Monday,31,7.58,0.22,6.05,1.92,1.67,3.5,6.61,22.56,0.901,90.16
U007,31,2026-04-27,Monday,31,7.62,0.06,7.17,1.47,2.47,4.31,7.25,23.12,0.956,89.21
U008,31,2026-04-27,Monday,31,7.99,0.03,4.48,0.98,1.53,3.61,5.9,22.29,0.951,89.78
U009,31,2026-04-27,Monday,31,7.35,0.68,6.28,2.41,1.53,3.2,7.53,23.79,0.855,93.72
U010,31,2026-04-27,Monday,31,7.98,0.9,4.51,1.26,1.97,3.0,7.66,23.73,0.874,97.69
U001,31,2026-04-28,Tuesday,31,7.6,1.16,7.92,1.72,2.02,2.91,7.8,23.45,0.881,98.0
U002,31,2026-04-28,Tuesday,31,7.58,0.86,6.82,2.32,2.38,3.34,7.91,24.29,0.848,96.03
U003,31,2026-04-28,Tuesday,31,8.59,0.69,5.72,1.23,1.65,3.26,7.02,22.66,0.925,97.62
U004,31,2026-04-28,Tuesday,31,6.92,0.99,5.97,1.49,2.07,4.18,7.43,23.28,0.976,96.96
U005,31,2026-04-28,Tuesday,31,6.76,0.96,6.44,1.22,1.83,3.44,7.88,23.4,0.884,95.34
U006,31,2026-04-28,Tuesday,31,7.13,0.59,6.86,1.73,2.67,3.29,6.96,23.42,0.964,93.37
U007,31,2026-04-28,Tuesday,31,7.1,0.4,7.06,1.52,2.69,3.3,6.98,22.9,0.858,90.33
U008,31,2026-04-28,Tuesday,31,8.47,1.26,4.62,0.97,1.49,2.75,7.72,24.31,0.955,98.0
U009,31,2026-04-28,Tuesday,31,6.69,0.4,6.87,0.63,2.09,3.7,7.24,23.78,0.974,90.46
U010,31,2026-04-28,Tuesday,31,7.04,0.26,4.73,1.3,1.07,3.41,7.02,23.0,0.897,89.17
U001,31,2026-04-29,Wednesday,31,8.55,0.91,6.69,1.07,2.1,3.2,6.99,22.59,0.929,98.0
U002,31,2026-04-29,Wednesday,31,7.12,1.02,7.12,1.24,1.86,4.59,7.32,24.55,0.918,97.18
U003,31,2026-04-29,Wednesday,31,8.03,0.71,5.27,1.62,2.3,3.46,7.15,23.55,0.864,95.81
U004,31,2026-04-29,Wednesday,31,6.71,0.78,6.37,1.33,2.17,5.07,7.2,23.75,0.976,94.34
U005,31,2026-04-29,Wednesday,31,7.22,0.81,8.6,2.27,2.49,1.53,7.62,24.11,0.916,95.31
U006,31,2026-04-29,Wednesday,31,7.76,0.28,5.7,2.08,2.63,3.45,7.23,23.28,0.903,91.23
U007,31,2026-04-29,Wednesday,31,7.55,1.28,7.76,1.98,1.66,3.39,8.13,24.36,0.894,98.0
U008,31,2026-04-29,Wednesday,31,8.15,1.11,5.64,2.14,2.03,2.35,7.96,24.08,0.95,98.0
U009,31,2026-04-29,Wednesday,31,6.58,0.57,6.11,1.06,2.73,2.52,7.97,24.22,0.902,91.17
U010,31,2026-04-29,Wednesday,31,7.88,0.4,6.16,2.08,2.42,2.7,8.21,24.27,0.926,92.96
U001,31,2026-04-30,Thursday,31,8.11,0.65,5.84,1.93,3.15,3.41,7.09,23.28,0.924,96.02
U002,31,2026-04-30,Thursday,31,7.5,0.39,5.17,1.92,2.4,3.97,7.74,24.05,0.98,92.45
U003,31,2026-04-30,Thursday,31,8.44,0.87,5.67,1.19,2.03,3.15,6.46,22.07,0.973,98.0
U004,31,2026-04-30,Thursday,31,6.82,0.77,4.41,1.48,1.57,4.84,8.02,24.12,0.862,93.37
U005,31,2026-04-30,Thursday,31,7.73,1.27,7.38,0.74,2.04,3.18,7.51,24.04,0.967,98.0
U006,31,2026-04-30,Thursday,31,6.53,0.9,4.71,1.58,2.78,3.42,7.59,24.32,0.862,93.95
U007,31,2026-04-30,Thursday,31,7.19,1.04,7.38,1.32,3.3,2.58,7.74,24.05,0.924,97.61
U008,31,2026-04-30,Thursday,31,7.85,0.0,5.58,2.11,2.46,4.77,7.39,24.25,0.814,87.77
U009,31,2026-04-30,Thursday,31,6.4,0.0,5.86,1.41,1.81,3.4,8.74,25.38,0.914,85.14
U010,31,2026-04-30,Thursday,31,7.19,0.62,5.57,1.74,2.22,3.52,7.65,23.57,0.944,93.61
U001,31,2026-05-01,Friday,31,7.83,0.53,5.0,1.17,2.51,3.74,7.17,23.47,0.839,93.27
U002,31,2026-05-01,Friday,31,7.18,1.3,8.21,1.71,1.4,3.76,8.11,24.19,0.877,98.0
U003,31,2026-05-01,Friday,31,6.72,0.68,4.91,1.45,1.97,3.25,7.51,23.57,0.919,92.79
U004,31,2026-05-01,Friday,31,6.79,0.53,6.88,0.72,2.21,3.03,8.12,23.87,0.969,91.96
U005,31,2026-05-01,Friday,31,7.44,0.7,6.42,0.39,2.09,2.98,7.69,24.55,0.942,95.02
U006,31,2026-05-01,Friday,31,6.86,0.65,7.08,1.78,2.73,2.96,8.05,23.77,0.887,92.52
U007,31,2026-05-01,Friday,31,8.2,0.31,5.18,1.51,2.45,1.99,6.31,22.11,0.879,92.39
U008,31,2026-05-01,Friday,31,7.64,0.33,5.48,2.04,2.02,2.9,6.33,21.95,0.98,92.2
U009,31,2026-05-01,Friday,31,8.88,0.98,8.23,1.95,1.04,3.09,7.77,22.93,0.896,98.0
U010,31,2026-05-01,Friday,31,7.97,0.68,5.64,1.72,1.84,2.34,8.31,24.36,0.963,96.35
U001,31,2026-05-02,Saturday,31,7.18,1.0,2.24,0.55,2.09,3.24,6.84,22.74,0.935,97.3
U002,31,2026-05-02,Saturday,31,7.25,0.9,4.13,1.79,2.25,3.14,7.83,24.71,0.953,96.66
U003,31,2026-05-02,Saturday,31,9.3,1.13,2.33,1.38,2.09,2.51,7.41,23.3,0.85,98.0
U004,31,2026-05-02,Saturday,31,7.33,0.41,2.89,1.02,2.46,3.1,5.5,21.18,0.92,91.62
U005,31,2026-05-02,Saturday,31,6.61,0.43,2.03,0.85,1.74,3.42,7.2,22.99,0.879,89.62
U006,31,2026-05-02,Saturday,31,8.55,0.55,1.84,1.37,1.7,3.27,7.45,23.37,0.907,95.94
U007,31,2026-05-02,Saturday,31,6.82,1.17,2.44,1.24,1.71,2.88,7.62,23.98,0.924,97.99
U008,31,2026-05-02,Saturday,31,9.02,0.15,5.13,0.97,3.68,4.07,7.43,23.52,0.891,92.96
U009,31,2026-05-02,Saturday,31,7.6,0.27,2.9,1.5,3.11,2.65,6.67,22.15,0.867,90.37
U010,31,2026-05-02,Saturday,31,7.77,0.93,1.62,0.64,2.71,2.89,7.32,24.21,0.915,97.88
U001,32,2026-05-03,Sunday,32,6.66,0.79,2.97,1.35,1.96,2.52,7.7,23.31,0.928,93.83
U002,32,2026-05-03,Sunday,32,7.36,0.4,2.41,0.96,1.43,4.15,7.71,23.75,0.866,91.06
U003,32,2026-05-03,Sunday,32,7.82,1.19,3.75,1.81,1.16,2.54,7.28,23.14,0.918,98.0
U004,32,2026-05-03,Sunday,32,7.15,0.9,2.1,0.73,1.83,4.58,7.15,23.2,0.844,95.31
U005,32,2026-05-03,Sunday,32,7.3,0.59,2.81,1.87,1.23,3.25,7.9,23.83,0.839,92.54
U006,32,2026-05-03,Sunday,32,8.27,1.09,2.12,0.98,2.17,3.11,7.51,23.37,0.919,98.0
U007,32,2026-05-03,Sunday,32,7.81,0.49,4.26,1.97,1.3,4.51,8.2,24.28,0.903,93.46
U008,32,2026-05-03,Sunday,32,9.37,0.74,2.13,1.38,1.47,2.69,7.87,24.41,0.964,98.0
U009,32,2026-05-03,Sunday,32,6.42,0.5,2.62,0.5,2.18,4.72,6.94,23.3,0.962,90.67
U010,32,2026-05-03,Sunday,32,7.37,1.43,1.99,1.38,3.03,2.47,8.05,23.91,0.874,98.0
U001,32,2026-05-04,Monday,32,6.67,0.42,6.36,1.59,1.46,2.75,6.94,23.49,0.923,90.11
U002,32,2026-05-04,Monday,32,7.65,0.88,7.35,1.56,1.54,2.92,8.01,23.32,0.906,96.98
U003,32,2026-05-04,Monday,32,7.27,0.51,5.05,1.7,1.96,4.41,7.82,23.71,0.865,91.92
U004,32,2026-05-04,Monday,32,7.16,0.69,5.43,0.83,2.43,3.41,7.75,23.8,0.928,94.08
U005,32,2026-05-04,Monday,32,7.42,0.49,6.23,1.27,2.75,4.08,7.21,23.41,0.909,92.54
U006,32,2026-05-04,Monday,32,7.95,1.48,5.62,1.18,2.08,2.23,8.06,24.03,0.853,98.0
U007,32,2026-05-04,Monday,32,7.44,0.45,4.89,1.27,1.83,3.64,6.61,22.78,0.878,91.88
U008,32,2026-05-04,Monday,32,6.96,1.01,6.42,1.5,2.07,3.79,7.92,23.53,0.868,96.18
U009,32,2026-05-04,Monday,32,6.62,0.69,7.86,1.13,2.3,1.84,7.02,22.04,0.98,93.25
U010,32,2026-05-04,Monday,32,7.9,1.16,6.21,1.61,1.75,3.03,8.14,23.2,0.864,98.0
U001,32,2026-05-05,Tuesday,32,7.04,0.23,5.98,2.44,2.66,4.22,6.72,22.64,0.9,88.9
U002,32,2026-05-05,Tuesday,32,5.76,0.65,6.95,1.6,1.84,2.24,8.03,24.17,0.876,89.66
U003,32,2026-05-05,Tuesday,32,8.09,1.32,4.28,1.26,2.06,3.73,6.7,22.69,0.863,98.0
U004,32,2026-05-05,Tuesday,32,7.73,0.85,5.37,2.51,2.19,3.28,8.31,23.96,0.884,96.67
U005,32,2026-05-05,Tuesday,32,5.84,0.17,7.13,1.79,1.79,2.51,7.74,23.85,0.98,86.1
U006,32,2026-05-05,Tuesday,32,7.12,0.57,5.01,1.15,2.81,2.79,6.55,22.78,0.862,92.12
U007,32,2026-05-05,Tuesday,32,6.53,0.87,6.35,1.92,2.08,4.01,7.0,22.97,0.92,94.23
U008,32,2026-05-05,Tuesday,32,8.6,0.66,5.21,1.39,1.88,2.05,8.26,24.2,0.974,97.84
U009,32,2026-05-05,Tuesday,32,6.17,0.17,8.45,1.18,1.44,2.4,7.98,24.03,0.942,86.55
U010,32,2026-05-05,Tuesday,32,8.04,1.28,6.51,1.35,2.42,3.01,6.2,22.41,0.959,98.0
U001,32,2026-05-06,Wednesday,32,7.75,1.32,7.52,1.53,3.27,3.92,7.38,23.7,0.908,98.0
U002,32,2026-05-06,Wednesday,32,7.18,0.69,8.97,1.29,1.71,2.76,7.72,23.01,0.97,94.55
U003,32,2026-05-06,Wednesday,32,7.34,0.67,7.62,1.26,2.88,3.12,7.19,22.56,0.845,93.5
U004,32,2026-05-06,Wednesday,32,8.72,0.39,5.29,1.95,2.83,2.68,7.41,23.86,0.936,95.06
U005,32,2026-05-06,Wednesday,32,8.09,0.84,6.19,2.01,1.85,2.14,7.41,23.57,0.869,97.31
U006,32,2026-05-06,Wednesday,32,8.54,0.5,5.58,1.58,1.42,2.31,7.83,23.93,0.841,94.76
U007,32,2026-05-06,Wednesday,32,7.82,0.33,6.83,0.65,1.42,2.58,7.35,23.02,0.917,92.02
U008,32,2026-05-06,Wednesday,32,6.76,0.39,5.88,1.22,1.76,3.62,7.65,24.28,0.891,89.71
U009,32,2026-05-06,Wednesday,32,7.98,1.04,6.52,2.45,3.22,2.9,7.6,23.97,0.811,98.0
U010,32,2026-05-06,Wednesday,32,6.59,0.69,6.14,1.62,2.15,2.7,7.35,23.74,0.876,92.14
U001,32,2026-05-07,Thursday,32,6.92,1.53,6.26,1.21,2.25,3.62,7.12,24.05,0.834,98.0
U002,32,2026-05-07,Thursday,32,6.46,0.16,7.16,1.19,2.35,3.97,7.75,23.23,0.896,86.71
U003,32,2026-05-07,Thursday,32,7.13,0.58,5.53,1.36,2.15,2.65,8.27,23.87,0.947,93.09
U004,32,2026-05-07,Thursday,32,6.01,0.67,6.22,1.62,2.11,3.8,7.84,23.85,0.898,90.71
U005,32,2026-05-07,Thursday,32,7.73,0.0,6.35,1.48,1.82,4.27,7.28,23.4,0.901,88.34
U006,32,2026-05-07,Thursday,32,6.47,0.37,5.44,2.1,1.25,2.36,6.36,22.49,0.969,89.56
U007,32,2026-05-07,Thursday,32,5.72,0.7,6.98,0.79,1.95,3.65,7.19,23.04,0.921,90.51
U008,32,2026-05-07,Thursday,32,7.49,1.27,5.5,1.94,1.98,3.64,7.77,24.36,0.943,98.0
U009,32,2026-05-07,Thursday,32,6.25,1.32,7.39,1.12,1.27,3.59,7.47,24.37,0.98,98.0
U010,32,2026-05-07,Thursday,32,8.52,1.27,7.12,1.59,2.37,2.74,7.98,24.51,0.962,98.0
U001,32,2026-05-08,Friday,32,6.83,0.0,6.23,1.39,1.67,3.11,7.19,22.91,0.878,85.86
U002,32,2026-05-08,Friday,32,7.52,0.35,6.21,0.5,2.51,4.35,6.95,23.13,0.9,91.3
U003,32,2026-05-08,Friday,32,6.74,0.71,5.23,1.26,3.56,2.44,7.28,22.82,0.895,92.9
U004,32,2026-05-08,Friday,32,7.81,0.3,5.79,1.62,2.83,3.27,7.17,23.56,0.916,91.69
U005,32,2026-05-08,Friday,32,6.09,0.34,7.58,1.43,2.26,2.93,8.49,23.84,0.972,88.34
U006,32,2026-05-08,Friday,32,5.55,1.27,4.44,1.69,2.92,3.65,7.72,24.07,0.836,94.94
U007,32,2026-05-08,Friday,32,9.69,0.2,5.42,1.16,1.62,2.36,7.43,23.62,0.83,94.52
U008,32,2026-05-08,Friday,32,9.03,0.41,5.97,0.79,2.03,2.51,8.42,24.96,0.913,95.8
U009,32,2026-05-08,Friday,32,6.27,1.0,7.09,1.99,1.66,3.3,7.08,23.1,0.98,95.47
U010,32,2026-05-08,Friday,32,7.3,1.57,7.9,2.52,1.72,3.16,8.14,24.2,0.936,98.0
U001,32,2026-05-09,Saturday,32,8.49,0.87,3.1,1.06,1.9,2.17,7.35,23.74,0.875,98.0
U002,32,2026-05-09,Saturday,32,6.74,0.56,3.44,1.65,2.21,3.25,7.4,23.74,0.98,92.25
U003,32,2026-05-09,Saturday,32,8.34,0.77,3.12,1.19,2.75,4.32,8.37,24.94,0.92,97.75
U004,32,2026-05-09,Saturday,32,7.65,1.19,2.78,1.79,1.82,4.13,7.63,23.25,0.805,98.0
U005,32,2026-05-09,Saturday,32,7.48,0.61,3.81,1.36,2.3,3.69,8.55,24.73,0.921,94.01
U006,32,2026-05-09,Saturday,32,8.59,0.64,1.69,1.51,1.85,3.09,8.07,23.28,0.98,97.67
U007,32,2026-05-09,Saturday,32,7.72,0.78,2.28,1.65,2.2,2.97,7.11,23.14,0.866,95.76
U008,32,2026-05-09,Saturday,32,8.14,1.32,3.75,1.09,2.26,3.4,7.79,23.82,0.957,98.0
U009,32,2026-05-09,Saturday,32,6.7,0.79,3.11,1.13,2.22,3.59,7.49,22.79,0.934,93.99
U010,32,2026-05-09,Saturday,32,6.38,0.08,1.54,0.99,1.98,4.05,7.54,23.64,0.974,86.49
U001,33,2026-05-10,Sunday,33,7.18,0.15,2.45,1.55,1.92,3.72,7.68,23.83,0.847,87.92
U002,33,2026-05-10,Sunday,33,7.93,1.46,2.02,1.14,2.21,3.1,8.22,24.33,0.895,98.0
U003,33,2026-05-10,Sunday,33,7.63,0.45,2.96,2.23,2.63,2.63,7.77,23.86,0.962,93.2
U004,33,2026-05-10,Sunday,33,7.17,0.6,2.19,1.66,1.57,3.92,7.6,23.42,0.939,93.31
U005,33,2026-05-10,Sunday,33,7.88,0.22,2.85,1.44,2.06,2.65,7.58,23.89,0.837,90.27
U006,33,2026-05-10,Sunday,33,7.07,1.11,3.04,0.44,2.4,2.51,7.3,23.04,0.955,98.0
U007,33,2026-05-10,Sunday,33,7.54,0.7,2.11,1.49,2.42,3.03,7.33,22.62,0.978,95.63
U008,33,2026-05-10,Sunday,33,8.18,1.13,2.56,1.07,2.43,3.34,7.37,23.59,0.819,98.0
U009,33,2026-05-10,Sunday,33,7.94,0.12,1.62,0.98,1.98,4.8,8.08,23.47,0.872,89.77
U010,33,2026-05-10,Sunday,33,6.89,0.66,3.51,1.39,1.28,4.0,7.05,22.74,0.892,92.74
U001,33,2026-05-11,Monday,33,8.28,1.35,6.43,1.55,1.41,1.94,7.41,22.86,0.867,98.0
U002,33,2026-05-11,Monday,33,6.87,0.0,5.35,1.67,2.87,3.52,8.38,24.18,0.881,85.98
U003,33,2026-05-11,Monday,33,7.56,0.45,6.01,1.74,2.46,3.32,7.71,23.27,0.887,92.27
U004,33,2026-05-11,Monday,33,7.75,1.24,5.64,0.96,1.11,1.99,7.2,22.56,0.879,98.0
U005,33,2026-05-11,Monday,33,5.84,0.27,7.83,1.14,2.51,2.17,6.98,22.62,0.934,86.64
U006,33,2026-05-11,Monday,33,8.22,0.71,6.64,1.68,2.3,2.88,7.73,23.93,0.944,97.09
U007,33,2026-05-11,Monday,33,7.09,0.19,5.95,1.27,2.27,3.25,8.08,24.22,0.867,88.3
U008,33,2026-05-11,Monday,33,8.06,0.72,6.38,0.8,2.35,2.57,8.69,24.65,0.882,96.17
U009,33,2026-05-11,Monday,33,7.88,0.0,4.78,1.28,2.17,3.33,8.26,24.0,0.845,88.15
U010,33,2026-05-11,Monday,33,8.22,0.0,7.57,1.54,2.51,2.18,7.05,22.49,0.84,88.95
U001,33,2026-05-12,Tuesday,33,7.65,0.66,6.23,1.76,1.95,3.38,7.79,23.92,0.843,94.16
U002,33,2026-05-12,Tuesday,33,7.88,0.92,6.81,1.84,1.67,3.36,7.65,23.24,0.905,97.95
U003,33,2026-05-12,Tuesday,33,7.93,0.6,6.04,1.16,1.98,1.41,7.98,23.57,0.885,94.67
U004,33,2026-05-12,Tuesday,33,6.88,1.07,4.73,1.83,2.67,3.84,7.66,23.82,0.89,96.8
U005,33,2026-05-12,Tuesday,33,6.17,0.67,6.37,1.97,0.74,2.59,8.0,23.87,0.887,91.0
U006,33,2026-05-12,Tuesday,33,8.18,1.2,6.29,2.14,2.21,3.91,6.89,23.53,0.862,98.0
U007,33,2026-05-12,Tuesday,33,8.14,0.2,6.59,1.7,2.36,4.04,7.49,23.51,0.933,91.68
U008,33,2026-05-12,Tuesday,33,6.87,0.33,5.74,1.93,2.34,3.31,8.01,23.83,0.963,90.1
U009,33,2026-05-12,Tuesday,33,6.34,0.91,6.04,1.71,2.19,2.0,7.07,22.11,0.919,94.14
U010,33,2026-05-12,Tuesday,33,7.48,0.29,7.0,1.06,1.77,2.7,7.87,23.87,0.961,91.21
U001,33,2026-05-13,Wednesday,33,7.93,0.79,6.55,1.89,1.92,3.84,8.75,24.72,0.878,96.51
U002,33,2026-05-13,Wednesday,33,6.78,0.23,7.46,1.43,2.58,3.02,7.16,22.46,0.854,87.79
U003,33,2026-05-13,Wednesday,33,9.64,1.02,5.51,1.29,1.85,3.89,8.19,24.88,0.893,98.0
U004,33,2026-05-13,Wednesday,33,7.93,0.49,5.11,1.11,1.79,2.87,7.08,23.5,0.939,94.12
U005,33,2026-05-13,Wednesday,33,7.73,0.2,8.01,1.24,2.34,2.8,7.07,23.45,0.893,90.25
U006,33,2026-05-13,Wednesday,33,7.95,0.82,4.35,0.97,1.92,4.1,7.75,24.07,0.907,97.15
U007,33,2026-05-13,Wednesday,33,8.17,0.31,6.27,1.67,1.84,2.63,8.43,24.0,0.873,92.25
U008,33,2026-05-13,Wednesday,33,9.33,0.86,3.89,1.33,2.42,3.27,7.76,23.94,0.873,98.0
U009,33,2026-05-13,Wednesday,33,7.22,1.08,6.1,1.59,1.64,3.12,6.28,22.46,0.889,97.74
U010,33,2026-05-13,Wednesday,33,7.72,1.27,5.08,0.95,2.41,3.53,7.39,23.8,0.796,98.0
U001,33,2026-05-14,Thursday,33,7.76,0.16,7.54,1.81,2.57,2.91,8.46,24.88,0.872,89.72
U002,33,2026-05-14,Thursday,33,7.19,0.79,5.86,0.68,2.28,2.91,6.89,22.74,0.968,95.56
U003,33,2026-05-14,Thursday,33,8.21,0.86,6.02,1.22,1.2,2.8,8.49,24.6,0.931,98.0
U004,33,2026-05-14,Thursday,33,7.32,1.0,5.92,1.56,2.5,2.77,6.68,22.0,0.918,97.48
U005,33,2026-05-14,Thursday,33,5.2,0.16,7.84,1.66,2.93,2.38,7.47,23.4,0.883,83.43
U006,33,2026-05-14,Thursday,33,7.44,0.38,5.92,1.27,2.84,1.86,7.86,23.86,0.882,91.22
U007,33,2026-05-14,Thursday,33,7.48,1.06,5.93,1.82,2.72,4.02,8.5,24.26,0.885,98.0
U008,33,2026-05-14,Thursday,33,7.65,1.23,5.8,1.37,2.46,2.96,7.37,23.22,0.901,98.0
U009,33,2026-05-14,Thursday,33,7.26,0.56,6.93,1.01,2.41,2.71,7.7,23.81,0.918,92.93
U010,33,2026-05-14,Thursday,33,7.63,0.62,5.25,2.15,2.15,3.49,7.2,23.38,0.967,94.95
U001,33,2026-05-15,Friday,33,6.53,1.37,5.82,2.03,2.07,3.6,8.06,24.02,0.866,98.0
U002,33,2026-05-15,Friday,33,6.59,1.09,7.95,1.57,2.64,2.45,8.41,24.86,0.928,96.66
U003,33,2026-05-15,Friday,33,7.92,1.57,6.36,2.98,2.12,3.38,7.44,23.46,0.928,98.0
U004,33,2026-05-15,Friday,33,6.73,0.59,6.05,0.72,1.82,4.64,7.07,23.35,0.885,91.58
U005,33,2026-05-15,Friday,33,7.71,0.73,7.46,1.75,3.08,5.22,6.5,22.96,0.936,95.94
U006,33,2026-05-15,Friday,33,7.68,1.31,4.89,1.63,1.88,4.21,6.95,22.92,0.959,98.0
U007,33,2026-05-15,Friday,33,7.15,0.77,7.3,0.95,1.79,2.8,7.03,22.82,0.863,94.2
U008,33,2026-05-15,Friday,33,8.89,0.22,5.72,1.27,3.56,2.73,7.46,23.52,0.898,93.41
U009,33,2026-05-15,Friday,33,7.43,0.4,4.65,2.53,1.8,1.6,7.65,23.48,0.94,91.97
U010,33,2026-05-15,Friday,33,8.06,0.41,5.52,1.73,2.39,2.64,8.1,24.33,0.977,94.02
U001,33,2026-05-16,Saturday,33,7.26,0.74,3.33,1.05,1.0,4.12,7.48,23.61,0.919,94.74
U002,33,2026-05-16,Saturday,33,7.28,0.35,2.48,1.88,2.14,3.0,7.07,23.43,0.888,90.58
U003,33,2026-05-16,Saturday,33,6.29,0.0,3.71,0.73,2.0,2.0,7.32,23.27,0.98,85.52
U004,33,2026-05-16,Saturday,33,8.68,0.29,3.52,2.14,2.13,3.25,7.82,23.67,0.815,92.75
U005,33,2026-05-16,Saturday,33,7.5,0.42,2.28,0.98,3.31,2.22,7.76,23.76,0.889,91.84
U006,33,2026-05-16,Saturday,33,6.57,0.93,2.11,1.31,2.58,2.42,8.36,24.46,0.933,95.05
U007,33,2026-05-16,Saturday,33,8.01,0.54,2.53,1.28,1.58,3.64,7.75,23.99,0.958,95.01
U008,33,2026-05-16,Saturday,33,7.91,1.07,2.58,1.73,2.1,3.84,7.44,23.64,0.872,98.0
U009,33,2026-05-16,Saturday,33,7.5,0.56,4.42,1.66,2.12,3.02,6.34,22.29,0.9,93.35
U010,33,2026-05-16,Saturday,33,8.23,0.21,1.79,1.06,2.85,1.44,7.24,22.96,0.851,91.19
U001,34,2026-05-17,Sunday,34,7.31,0.19,3.81,1.54,2.91,3.23,7.03,23.58,0.925,89.43
U002,34,2026-05-17,Sunday,34,6.71,0.8,3.08,2.18,2.95,3.72,6.76,22.55,0.896,93.74
U003,34,2026-05-17,Sunday,34,9.02,0.92,1.5,1.5,1.99,2.92,7.86,23.97,0.874,98.0
U004,34,2026-05-17,Sunday,34,6.73,0.45,3.36,0.92,2.02,2.76,8.65,24.05,0.869,90.02
U005,34,2026-05-17,Sunday,34,7.84,0.76,2.5,1.52,1.99,3.67,7.74,23.35,0.919,96.39
U006,34,2026-05-17,Sunday,34,7.78,0.61,1.88,1.37,1.73,3.67,7.79,24.0,0.892,94.47
U007,34,2026-05-17,Sunday,34,8.74,0.68,3.78,1.26,3.05,4.36,8.18,24.2,0.899,97.64
U008,34,2026-05-17,Sunday,34,7.45,0.56,1.96,1.22,1.94,2.24,7.96,24.01,0.903,93.25
U009,34,2026-05-17,Sunday,34,6.03,1.41,2.62,0.78,1.9,3.21,7.77,23.68,0.98,98.0
U010,34,2026-05-17,Sunday,34,9.14,0.13,1.74,2.02,1.92,3.59,8.0,24.07,0.854,92.69
U001,34,2026-05-18,Monday,34,7.43,0.79,5.17,1.34,2.28,4.0,7.95,23.43,0.948,95.96
U002,34,2026-05-18,Monday,34,5.4,0.52,6.73,1.34,2.34,3.06,8.27,24.08,0.904,87.74
U003,34,2026-05-18,Monday,34,8.24,1.14,4.99,0.97,2.78,5.29,7.3,23.31,0.916,98.0
U004,34,2026-05-18,Monday,34,7.1,0.35,5.7,1.17,2.44,3.47,7.57,24.05,0.98,91.05
U005,34,2026-05-18,Monday,34,6.37,0.57,8.05,1.55,2.61,2.34,7.35,23.07,0.956,91.19
U006,34,2026-05-18,Monday,34,6.64,0.8,5.5,1.69,1.38,4.57,7.45,22.23,0.919,93.79
U007,34,2026-05-18,Monday,34,7.11,0.41,7.3,2.31,2.33,4.02,7.17,23.19,0.91,90.97
U008,34,2026-05-18,Monday,34,8.0,0.03,6.66,1.9,2.49,3.04,7.17,23.24,0.893,89.23
U009,34,2026-05-18,Monday,34,5.53,1.34,7.64,0.98,2.02,4.61,7.54,23.64,0.98,97.03
U010,34,2026-05-18,Monday,34,8.24,1.26,4.86,1.93,2.91,2.45,7.69,23.77,0.964,98.0
U001,34,2026-05-19,Tuesday,34,7.21,0.5,5.83,1.33,2.21,3.89,7.84,24.63,0.902,92.05
U002,34,2026-05-19,Tuesday,34,8.01,0.84,5.93,0.23,1.7,3.31,7.72,23.68,0.916,97.59
U003,34,2026-05-19,Tuesday,34,7.29,0.93,5.41,1.44,2.23,2.71,7.16,22.93,0.904,96.56
U004,34,2026-05-19,Tuesday,34,7.64,0.55,5.74,0.34,2.63,2.9,8.19,23.98,0.907,93.67
U005,34,2026-05-19,Tuesday,34,7.35,0.55,8.57,1.58,2.16,2.06,7.03,23.24,0.908,92.95
U006,34,2026-05-19,Tuesday,34,8.87,0.13,7.02,1.88,1.67,2.61,7.82,23.13,0.965,93.12
U007,34,2026-05-19,Tuesday,34,6.97,1.03,7.51,1.23,2.95,2.32,7.06,23.69,0.845,96.17
U008,34,2026-05-19,Tuesday,34,8.06,0.97,5.82,1.82,2.35,1.56,8.89,24.39,0.863,98.0
U009,34,2026-05-19,Tuesday,34,6.8,0.27,8.23,2.22,2.04,3.43,7.77,23.87,0.86,88.3
U010,34,2026-05-19,Tuesday,34,8.43,0.39,6.65,1.41,2.75,4.1,7.69,23.8,0.938,94.36
U001,34,2026-05-20,Wednesday,34,7.37,0.76,6.66,1.08,1.36,2.76,7.33,23.45,0.89,94.92
U002,34,2026-05-20,Wednesday,34,6.71,0.73,6.17,0.8,1.31,3.04,7.99,24.28,0.96,93.67
U003,34,2026-05-20,Wednesday,34,7.64,0.82,5.2,1.39,2.36,3.61,7.58,23.5,0.856,95.86
U004,34,2026-05-20,Wednesday,34,7.27,0.54,7.92,1.12,2.23,3.63,7.03,22.91,0.915,92.73
U005,34,2026-05-20,Wednesday,34,6.86,1.61,7.02,1.42,1.89,3.91,7.72,23.83,0.967,98.0
U006,34,2026-05-20,Wednesday,34,8.36,0.84,7.99,2.14,1.98,2.38,7.25,23.21,0.872,98.0
U007,34,2026-05-20,Wednesday,34,8.56,0.62,6.83,1.32,2.35,2.36,6.68,23.03,0.91,96.7
U008,34,2026-05-20,Wednesday,34,8.71,0.48,6.21,2.49,1.9,3.57,5.68,21.65,0.94,95.97
U009,34,2026-05-20,Wednesday,34,6.71,1.07,5.89,2.56,2.78,2.22,8.48,24.77,0.902,96.5
U010,34,2026-05-20,Wednesday,34,7.82,0.96,4.93,2.07,1.92,4.72,7.02,23.65,0.98,98.0
U001,34,2026-05-21,Thursday,34,6.7,1.2,7.91,1.66,2.88,2.87,7.19,22.99,0.946,98.0
U002,34,2026-05-21,Thursday,34,7.28,0.83,5.14,1.89,2.71,3.42,7.45,23.44,0.98,96.3
U003,34,2026-05-21,Thursday,34,8.61,0.68,4.33,1.72,2.08,3.86,8.49,24.88,0.824,96.56
U004,34,2026-05-21,Thursday,34,7.84,1.31,5.38,1.65,1.91,1.97,7.78,24.0,0.965,98.0
U005,34,2026-05-21,Thursday,34,5.99,0.98,7.94,2.28,2.54,2.98,7.66,24.37,0.899,93.76
U006,34,2026-05-21,Thursday,34,7.68,0.67,6.18,0.62,3.32,3.23,7.24,22.92,0.962,95.52
U007,34,2026-05-21,Thursday,34,7.09,0.29,5.76,0.77,2.1,2.87,7.23,23.17,0.937,90.0
U008,34,2026-05-21,Thursday,34,7.93,0.29,6.72,0.33,2.71,3.07,6.27,22.94,0.978,92.51
U009,34,2026-05-21,Thursday,34,7.37,0.65,6.19,1.65,1.47,3.28,6.54,21.68,0.941,94.33
U010,34,2026-05-21,Thursday,34,6.42,1.7,6.49,1.54,2.83,2.89,8.28,24.16,0.98,98.0
U001,34,2026-05-22,Friday,34,8.52,0.78,5.92,0.91,2.08,3.78,7.06,23.32,0.872,97.82
U002,34,2026-05-22,Friday,34,6.87,0.48,5.29,1.55,2.27,3.0,8.35,24.34,0.832,90.29
U003,34,2026-05-22,Friday,34,9.14,0.77,5.51,2.07,2.1,3.61,7.79,23.6,0.878,98.0
U004,34,2026-05-22,Friday,34,7.89,0.87,5.42,1.06,1.93,4.77,7.18,23.87,0.889,97.31
U005,34,2026-05-22,Friday,34,6.56,1.25,7.91,1.14,1.83,3.89,6.32,22.56,0.818,97.08
U006,34,2026-05-22,Friday,34,7.21,0.5,6.76,1.25,3.0,2.91,7.44,23.14,0.874,91.77
U007,34,2026-05-22,Friday,34,7.59,0.63,5.21,1.33,2.08,3.81,7.14,23.31,0.912,94.39
U008,34,2026-05-22,Friday,34,8.03,0.58,5.42,2.13,2.3,3.17,7.24,23.11,0.964,95.52
U009,34,2026-05-22,Friday,34,7.0,0.61,8.16,2.19,2.81,2.96,6.89,23.4,0.949,93.09
U010,34,2026-05-22,Friday,34,7.29,1.07,5.53,1.59,1.79,1.59,7.45,22.99,0.843,97.35
U001,34,2026-05-23,Saturday,34,6.7,1.11,2.66,1.56,2.35,2.93,8.05,24.31,0.936,97.21
U002,34,2026-05-23,Saturday,34,6.06,0.67,3.12,1.75,2.13,3.9,7.08,22.56,0.856,90.41
U003,34,2026-05-23,Saturday,34,7.77,1.0,2.85,2.07,2.25,3.67,8.54,25.05,0.902,98.0
U004,34,2026-05-23,Saturday,34,7.82,0.75,2.26,1.25,2.0,2.66,7.7,24.43,0.928,96.33
U005,34,2026-05-23,Saturday,34,8.2,0.84,2.21,1.36,2.38,3.75,6.8,22.74,0.91,98.0
U006,34,2026-05-23,Saturday,34,7.95,0.64,2.17,2.01,1.29,1.96,7.06,23.18,0.842,94.7
U007,34,2026-05-23,Saturday,34,6.81,1.74,2.09,0.62,2.75,3.91,7.72,22.92,0.937,98.0
U008,34,2026-05-23,Saturday,34,8.02,0.68,3.81,0.69,1.63,3.94,7.34,23.68,0.903,95.88
U009,34,2026-05-23,Saturday,34,7.5,0.0,3.93,1.51,3.05,3.34,6.88,22.96,0.837,87.12
U010,34,2026-05-23,Saturday,34,6.83,0.37,2.32,1.66,1.82,1.43,7.52,23.1,0.892,89.7
U001,35,2026-05-24,Sunday,35,8.41,1.14,3.25,1.76,2.67,2.08,7.65,23.87,0.838,98.0
U002,35,2026-05-24,Sunday,35,8.65,1.27,2.11,0.99,1.51,3.37,6.93,22.82,0.841,98.0
U003,35,2026-05-24,Sunday,35,7.6,1.09,2.63,0.85,1.73,2.51,7.24,24.03,0.884,98.0
U004,35,2026-05-24,Sunday,35,7.93,0.07,3.04,1.52,1.84,3.04,7.95,23.63,0.873,89.26
U005,35,2026-05-24,Sunday,35,6.75,0.33,1.5,1.69,2.66,2.18,7.39,23.37,0.84,88.58
U006,35,2026-05-24,Sunday,35,7.67,1.24,2.06,1.77,2.33,1.93,7.55,23.52,0.885,98.0
U007,35,2026-05-24,Sunday,35,7.28,0.69,3.19,2.17,2.08,4.16,7.6,23.31,0.902,94.12
U008,35,2026-05-24,Sunday,35,7.3,0.3,2.86,0.52,2.69,3.38,8.2,24.52,0.935,90.6
U009,35,2026-05-24,Sunday,35,7.31,1.09,2.93,1.32,2.75,3.61,8.51,24.18,0.899,98.0
U010,35,2026-05-24,Sunday,35,7.42,0.76,2.71,1.85,2.8,2.41,8.56,24.22,0.901,95.16
U001,35,2026-05-25,Monday,35,6.48,1.43,7.76,1.41,2.58,3.76,7.61,24.1,0.847,98.0
U002,35,2026-05-25,Monday,35,6.92,0.89,5.65,1.14,1.84,3.06,7.5,23.5,0.888,95.08
U003,35,2026-05-25,Monday,35,7.59,1.2,5.81,1.09,1.9,3.32,7.55,24.04,0.952,98.0
U004,35,2026-05-25,Monday,35,7.14,1.49,5.72,2.15,1.1,2.98,7.3,23.39,0.892,98.0
U005,35,2026-05-25,Monday,35,7.03,0.52,6.48,2.25,2.7,2.91,7.78,24.27,0.927,92.05
U006,35,2026-05-25,Monday,35,8.56,0.41,6.77,1.49,1.24,2.49,7.6,22.86,0.925,94.75
U007,35,2026-05-25,Monday,35,8.25,1.34,5.65,0.86,1.57,2.07,7.11,23.13,0.921,98.0
U008,35,2026-05-25,Monday,35,7.06,0.79,4.91,1.28,2.53,3.34,7.59,23.24,0.962,95.17
U009,35,2026-05-25,Monday,35,8.11,0.05,6.47,1.83,2.58,3.75,7.66,24.12,0.86,89.38
U010,35,2026-05-25,Monday,35,8.14,0.53,5.25,2.26,3.14,3.2,8.26,24.87,0.909,94.74
U001,35,2026-05-26,Tuesday,35,6.9,0.58,7.71,1.79,2.92,3.49,6.16,22.41,0.915,92.2
U002,35,2026-05-26,Tuesday,35,6.99,0.37,5.94,1.29,2.0,2.96,6.94,22.95,0.865,89.83
U003,35,2026-05-26,Tuesday,35,7.7,0.42,4.69,1.41,2.2,3.51,8.11,24.0,0.835,91.8
U004,35,2026-05-26,Tuesday,35,8.45,0.93,5.35,1.13,1.87,3.6,8.16,24.85,0.873,98.0
U005,35,2026-05-26,Tuesday,35,8.1,0.14,7.89,1.23,3.26,3.55,8.01,23.95,0.944,91.09
U006,35,2026-05-26,Tuesday,35,8.3,0.37,7.2,1.07,3.03,3.39,7.68,23.7,0.929,93.74
U007,35,2026-05-26,Tuesday,35,8.66,0.88,6.33,0.75,2.31,2.82,7.43,23.24,0.935,98.0
U008,35,2026-05-26,Tuesday,35,7.1,0.8,5.78,1.86,2.57,2.71,6.88,22.93,0.865,94.4
U009,35,2026-05-26,Tuesday,35,7.49,0.39,6.7,1.51,2.18,2.43,7.7,23.33,0.98,92.42
U010,35,2026-05-26,Tuesday,35,8.71,0.67,7.79,1.32,2.09,3.95,8.65,24.54,0.972,98.0
U001,35,2026-05-27,Wednesday,35,7.24,0.4,6.3,1.23,2.72,3.16,7.79,24.23,0.85,90.6
U002,35,2026-05-27,Wednesday,35,7.62,0.86,6.61,1.38,2.75,2.83,6.9,22.35,0.879,96.44
U003,35,2026-05-27,Wednesday,35,8.72,1.34,7.15,2.19,2.32,3.65,7.09,23.19,0.947,98.0
U004,35,2026-05-27,Wednesday,35,7.49,0.38,5.1,1.34,2.61,2.66,6.49,22.36,0.888,91.4
U005,35,2026-05-27,Wednesday,35,5.95,0.83,8.67,0.99,1.72,2.93,6.84,22.46,0.957,92.75
U006,35,2026-05-27,Wednesday,35,6.81,0.31,5.61,1.93,1.48,2.42,7.98,23.84,0.9,89.12
U007,35,2026-05-27,Wednesday,35,7.16,0.62,7.77,1.04,2.01,1.91,7.94,25.06,0.913,93.23
U008,35,2026-05-27,Wednesday,35,8.22,0.27,4.89,0.81,0.55,3.13,6.72,22.5,0.961,92.86
U009,35,2026-05-27,Wednesday,35,6.95,0.0,5.03,1.92,2.76,1.15,7.75,23.84,0.844,85.81
U010,35,2026-05-27,Wednesday,35,8.78,1.1,6.05,0.25,1.92,2.69,8.23,24.3,0.926,98.0
U001,35,2026-05-28,Thursday,35,7.32,1.03,5.61,1.34,1.64,1.86,6.58,22.33,0.926,97.86
U002,35,2026-05-28,Thursday,35,6.01,0.75,5.68,0.84,2.31,2.2,7.65,24.23,0.925,91.78
U003,35,2026-05-28,Thursday,35,7.57,0.99,6.14,1.1,2.01,3.65,7.94,24.04,0.946,98.0
U004,35,2026-05-28,Thursday,35,8.21,0.64,6.96,1.82,2.65,1.33,5.76,21.9,0.877,95.7
U005,35,2026-05-28,Thursday,35,6.63,0.44,7.91,1.44,2.43,3.04,7.46,23.29,0.98,90.78
U006,35,2026-05-28,Thursday,35,7.95,1.12,7.18,2.29,2.4,3.2,6.09,22.26,0.94,98.0
U007,35,2026-05-28,Thursday,35,7.88,0.96,6.35,1.46,1.87,4.98,6.93,23.38,0.952,98.0
U008,35,2026-05-28,Thursday,35,7.39,0.78,5.75,1.47,2.62,3.83,7.96,24.47,0.844,94.71
U009,35,2026-05-28,Thursday,35,7.18,0.77,6.18,1.85,2.43,1.0,8.19,24.27,0.842,94.07
U010,35,2026-05-28,Thursday,35,8.18,0.35,6.9,1.46,2.17,2.72,8.16,25.03,0.868,92.63
U001,35,2026-05-29,Friday,35,8.17,1.15,7.01,1.42,3.14,3.8,6.93,22.66,0.918,98.0
U002,35,2026-05-29,Friday,35,6.19,0.22,5.59,2.43,1.85,3.28,7.35,23.43,0.914,86.81
U003,35,2026-05-29,Friday,35,7.29,0.76,8.17,1.06,2.59,2.31,7.97,24.14,0.955,95.37
U004,35,2026-05-29,Friday,35,8.24,0.65,6.06,0.76,1.98,3.42,7.46,23.77,0.897,96.07
U005,35,2026-05-29,Friday,35,6.75,0.2,6.57,1.75,2.65,3.69,8.06,24.23,0.933,88.2
U006,35,2026-05-29,Friday,35,7.4,0.75,4.94,0.99,2.84,4.25,8.63,23.97,0.87,94.7
U007,35,2026-05-29,Friday,35,8.13,0.65,6.11,0.72,2.41,3.75,6.47,22.22,0.948,96.31
U008,35,2026-05-29,Friday,35,7.28,1.27,6.94,2.39,2.6,2.08,8.28,24.1,0.978,98.0
U009,35,2026-05-29,Friday,35,7.7,1.0,8.94,2.23,2.82,2.59,7.08,22.68,0.931,98.0
U010,35,2026-05-29,Friday,35,7.95,1.16,4.48,1.72,2.19,3.56,8.08,24.27,0.956,98.0
U001,35,2026-05-30,Saturday,35,6.62,0.15,1.5,1.3,2.23,2.9,6.43,21.65,0.911,87.16
U002,35,2026-05-30,Saturday,35,6.57,0.72,2.9,1.25,2.32,3.38,7.26,23.37,0.891,92.53
U003,35,2026-05-30,Saturday,35,7.07,0.33,2.87,0.96,1.86,3.75,8.14,24.42,0.926,90.23
U004,35,2026-05-30,Saturday,35,6.31,0.63,2.07,1.62,2.99,2.69,7.97,23.71,0.909,91.17
U005,35,2026-05-30,Saturday,35,5.98,0.65,3.7,2.49,1.73,3.97,7.68,24.57,0.919,90.64
U006,35,2026-05-30,Saturday,35,7.46,0.1,2.93,1.73,2.38,3.96,7.09,23.39,0.913,88.78
U007,35,2026-05-30,Saturday,35,6.39,1.24,1.83,0.49,2.36,1.93,8.28,24.65,0.98,98.0
U008,35,2026-05-30,Saturday,35,8.62,0.35,2.51,1.41,2.36,3.45,7.44,23.72,0.903,94.08
U009,35,2026-05-30,Saturday,35,6.37,0.81,1.5,1.2,2.51,2.84,6.85,22.57,0.863,92.66
U010,35,2026-05-30,Saturday,35,6.5,0.56,3.78,1.36,1.44,4.58,6.9,23.05,0.952,91.37
U001,36,2026-05-31,Sunday,36,7.06,0.75,1.5,1.35,2.64,2.76,6.86,23.28,0.906,94.21
U002,36,2026-05-31,Sunday,36,7.47,0.43,2.42,1.75,1.57,2.27,8.41,24.74,0.931,92.28
U003,36,2026-05-31,Sunday,36,9.48,0.6,1.62,1.51,1.78,3.43,7.01,23.21,0.858,98.0
U004,36,2026-05-31,Sunday,36,7.73,1.0,3.09,1.93,2.35,4.45,6.84,22.69,0.814,97.47
U005,36,2026-05-31,Sunday,36,7.57,0.31,3.45,1.19,2.04,3.36,6.95,23.31,0.973,91.75
U006,36,2026-05-31,Sunday,36,7.89,0.33,2.34,1.42,2.54,3.73,7.63,24.39,0.874,91.76
U007,36,2026-05-31,Sunday,36,6.67,0.44,3.47,1.7,1.77,2.17,7.46,23.41,0.846,89.53
U008,36,2026-05-31,Sunday,36,8.12,0.98,2.78,1.72,2.17,3.79,6.58,21.54,0.973,98.0
U009,36,2026-05-31,Sunday,36,8.25,0.0,3.48,1.18,3.1,2.37,6.82,22.8,0.89,89.53
U010,36,2026-05-31,Sunday,36,7.48,1.06,2.69,1.1,2.55,4.3,8.23,24.31,0.907,98.0
U001,36,2026-06-01,Monday,36,8.52,1.14,6.33,1.26,3.23,3.74,7.86,23.33,0.923,98.0
U002,36,2026-06-01,Monday,36,6.55,0.47,8.29,1.83,2.34,2.68,8.09,23.7,0.98,90.88
U003,36,2026-06-01,Monday,36,7.03,1.17,5.6,1.51,2.5,3.54,7.2,22.49,0.835,97.62
U004,36,2026-06-01,Monday,36,7.68,0.42,5.2,1.01,2.67,2.6,8.56,24.74,0.93,92.7
U005,36,2026-06-01,Monday,36,6.39,1.55,6.82,2.11,1.68,3.28,8.68,25.0,0.838,98.0
U006,36,2026-06-01,Monday,36,8.01,0.6,5.91,1.87,2.9,4.17,7.32,23.25,0.895,94.98
U007,36,2026-06-01,Monday,36,7.4,0.25,9.0,1.05,1.39,2.98,7.36,22.73,0.871,89.71
U008,36,2026-06-01,Monday,36,8.23,0.66,4.74,1.95,2.49,3.65,7.83,23.18,0.932,96.5
U009,36,2026-06-01,Monday,36,7.37,0.85,7.64,1.57,2.8,1.79,7.13,23.05,0.877,95.69
U010,36,2026-06-01,Monday,36,7.39,1.63,6.9,1.32,2.06,3.81,7.22,22.71,0.914,98.0
U001,36,2026-06-02,Tuesday,36,8.45,1.0,9.0,1.93,1.91,4.07,7.28,22.89,0.818,98.0
U002,36,2026-06-02,Tuesday,36,6.51,0.76,4.66,2.03,2.26,4.42,6.94,23.03,0.909,92.97
U003,36,2026-06-02,Tuesday,36,8.15,0.31,4.82,2.18,2.19,3.66,7.09,23.0,0.98,93.27
U004,36,2026-06-02,Tuesday,36,7.82,0.53,5.66,1.11,2.11,2.65,7.69,23.37,0.879,93.64
U005,36,2026-06-02,Tuesday,36,8.3,0.41,7.69,1.9,1.91,2.16,8.03,23.3,0.933,94.18
U006,36,2026-06-02,Tuesday,36,7.35,0.58,5.86,1.38,2.23,3.43,6.91,22.74,0.891,93.08
U007,36,2026-06-02,Tuesday,36,5.69,0.85,5.12,1.88,2.26,3.24,7.52,23.08,0.818,90.91
U008,36,2026-06-02,Tuesday,36,7.06,0.47,3.84,2.04,2.41,2.19,6.11,21.75,0.943,91.78
U009,36,2026-06-02,Tuesday,36,7.49,0.52,7.97,1.31,2.05,3.26,8.27,23.41,0.948,93.41
U010,36,2026-06-02,Tuesday,36,7.33,0.64,5.25,2.19,2.66,2.73,7.49,24.05,0.824,92.97
U001,36,2026-06-03,Wednesday,36,7.44,0.25,5.8,0.85,2.41,3.38,8.67,24.57,0.958,90.68
U002,36,2026-06-03,Wednesday,36,6.7,1.03,6.78,2.0,2.24,3.96,8.73,24.43,0.887,95.92
U003,36,2026-06-03,Wednesday,36,7.8,0.35,4.7,1.25,2.1,4.23,8.03,23.89,0.914,92.14
U004,36,2026-06-03,Wednesday,36,7.93,0.59,5.46,1.54,2.02,2.39,7.68,23.69,0.855,94.28
U005,36,2026-06-03,Wednesday,36,6.98,0.51,8.25,1.58,2.32,3.86,6.62,22.66,0.9,91.55
U006,36,2026-06-03,Wednesday,36,7.81,0.68,6.08,1.79,2.12,2.05,8.16,23.93,0.927,95.59
U007,36,2026-06-03,Wednesday,36,7.36,1.13,5.59,1.48,2.4,4.34,8.09,24.77,0.952,98.0
U008,36,2026-06-03,Wednesday,36,7.88,1.49,4.94,1.66,1.94,3.19,7.37,23.49,0.98,98.0
U009,36,2026-06-03,Wednesday,36,8.62,1.2,5.83,1.17,2.55,2.6,7.08,22.53,0.892,98.0
U010,36,2026-06-03,Wednesday,36,7.23,0.79,6.34,1.29,2.35,2.77,7.5,24.21,0.881,94.79
U001,36,2026-06-04,Thursday,36,7.86,0.42,6.34,1.09,2.64,3.94,7.82,23.92,0.941,93.26
U002,36,2026-06-04,Thursday,36,7.58,0.48,7.18,0.82,2.19,2.7,8.1,23.78,0.914,92.89
U003,36,2026-06-04,Thursday,36,7.92,1.45,5.24,1.7,1.74,3.74,6.83,22.95,0.969,98.0
U004,36,2026-06-04,Thursday,36,6.31,0.61,5.31,2.22,2.9,3.65,7.93,23.41,0.875,90.62
U005,36,2026-06-04,Thursday,36,6.03,0.3,7.28,2.0,2.34,3.57,7.95,23.77,0.89,86.98
U006,36,2026-06-04,Thursday,36,7.25,1.13,7.05,1.75,1.74,4.31,8.06,24.02,0.942,98.0
U007,36,2026-06-04,Thursday,36,7.77,0.68,5.49,1.08,2.26,3.57,7.27,23.49,0.852,94.74
U008,36,2026-06-04,Thursday,36,7.99,0.22,3.56,0.45,2.26,4.72,7.44,23.14,0.911,91.28
U009,36,2026-06-04,Thursday,36,7.71,1.42,6.91,0.98,1.84,3.25,7.72,24.37,0.98,98.0
U010,36,2026-06-04,Thursday,36,7.43,0.33,6.54,1.99,2.37,4.91,7.1,22.92,0.918,91.06
U001,36,2026-06-05,Friday,36,7.78,0.94,7.71,1.28,1.76,3.78,7.19,22.41,0.98,98.0
U002,36,2026-06-05,Friday,36,7.74,1.2,4.99,1.18,1.41,2.3,8.3,24.42,0.82,98.0
U003,36,2026-06-05,Friday,36,7.92,0.82,6.46,1.43,3.02,3.26,7.35,24.07,0.871,96.71
U004,36,2026-06-05,Friday,36,9.63,1.24,6.8,1.33,2.19,3.42,7.88,24.15,0.97,98.0
U005,36,2026-06-05,Friday,36,6.11,0.56,6.97,1.48,1.78,3.56,8.0,23.76,0.93,90.17
U006,36,2026-06-05,Friday,36,7.71,0.43,6.72,2.05,2.62,3.79,6.39,22.44,0.953,93.11
U007,36,2026-06-05,Friday,36,7.12,0.75,4.62,1.07,2.74,2.52,7.96,23.59,0.901,94.31
U008,36,2026-06-05,Friday,36,7.4,0.35,4.97,1.99,3.27,4.51,7.21,22.49,0.889,90.89
U009,36,2026-06-05,Friday,36,6.78,0.06,5.79,1.41,1.19,2.66,7.48,23.82,0.846,86.01
U010,36,2026-06-05,Friday,36,6.99,0.93,7.29,2.46,2.4,3.42,6.71,23.24,0.794,94.71
U001,36,2026-06-06,Saturday,36,7.24,1.28,2.67,1.63,1.79,2.87,6.81,23.38,0.884,98.0
U002,36,2026-06-06,Saturday,36,7.45,0.93,2.33,1.51,1.69,3.08,7.54,22.89,0.805,95.97
U003,36,2026-06-06,Saturday,36,7.05,0.95,2.48,2.17,1.93,2.89,8.71,24.17,0.871,95.84
U004,36,2026-06-06,Saturday,36,6.24,0.71,1.88,1.95,2.08,3.56,7.01,23.39,0.854,91.24
U005,36,2026-06-06,Saturday,36,7.7,0.38,3.15,0.66,1.91,2.91,7.82,23.58,0.802,91.07
U006,36,2026-06-06,Saturday,36,8.13,0.82,3.39,1.65,3.04,2.89,7.87,24.67,0.923,97.76
U007,36,2026-06-06,Saturday,36,6.99,1.39,2.31,0.81,1.21,3.28,6.47,23.04,0.881,98.0
U008,36,2026-06-06,Saturday,36,8.96,0.87,1.5,1.21,3.99,2.76,7.35,23.16,0.863,98.0
U009,36,2026-06-06,Saturday,36,7.21,0.58,1.62,2.09,1.94,4.28,7.47,23.62,0.938,93.2
U010,36,2026-06-06,Saturday,36,8.08,0.59,2.58,1.41,2.45,4.38,8.58,25.0,0.914,95.24
U001,37,2026-06-07,Sunday,37,8.05,0.84,2.47,2.1,1.8,3.01,7.17,23.43,0.889,97.42
U002,37,2026-06-07,Sunday,37,7.41,0.96,3.52,1.39,3.43,4.36,7.6,23.7,0.979,97.91
U003,37,2026-06-07,Sunday,37,6.93,0.56,2.69,2.25,2.27,3.81,7.99,22.89,0.914,92.06
U004,37,2026-06-07,Sunday,37,7.52,0.48,1.55,0.8,1.91,3.17,8.24,24.19,0.98,93.4
U005,37,2026-06-07,Sunday,37,5.93,0.71,2.19,1.72,3.56,2.21,7.28,23.4,0.888,90.8
U006,37,2026-06-07,Sunday,37,8.17,0.61,2.16,1.48,1.33,4.15,7.55,24.03,0.966,96.18
U007,37,2026-06-07,Sunday,37,6.95,1.56,4.14,1.63,3.12,3.73,6.15,21.96,0.877,98.0
U008,37,2026-06-07,Sunday,37,6.93,0.75,2.54,1.35,2.46,3.83,7.06,23.56,0.907,93.9
U009,37,2026-06-07,Sunday,37,6.96,0.38,2.18,2.05,1.32,3.16,6.46,23.18,0.977,90.97
U010,37,2026-06-07,Sunday,37,8.36,0.82,3.01,0.54,2.51,2.82,7.67,22.93,0.924,98.0
U001,37,2026-06-08,Monday,37,6.84,0.62,5.08,1.07,2.88,2.33,7.41,24.29,0.922,92.52
U002,37,2026-06-08,Monday,37,7.56,0.13,7.39,0.73,2.33,3.83,7.14,23.69,0.819,88.39
U003,37,2026-06-08,Monday,37,7.24,0.32,3.75,0.29,2.55,3.27,7.37,23.69,0.929,90.59
U004,37,2026-06-08,Monday,37,6.1,1.67,5.31,1.16,2.83,2.32,7.72,23.53,0.897,98.0
U005,37,2026-06-08,Monday,37,8.11,0.34,6.4,1.25,1.74,4.06,7.19,22.46,0.931,92.99
U006,37,2026-06-08,Monday,37,9.05,0.8,5.45,1.56,2.85,3.18,7.21,23.27,0.95,98.0
U007,37,2026-06-08,Monday,37,8.17,0.92,5.62,1.88,2.3,1.49,7.26,23.11,0.98,98.0
U008,37,2026-06-08,Monday,37,8.68,0.43,5.74,1.31,1.71,2.88,8.68,24.21,0.96,95.6
U009,37,2026-06-08,Monday,37,7.49,1.22,6.21,2.18,2.33,3.36,8.22,24.3,0.93,98.0
U010,37,2026-06-08,Monday,37,7.67,0.56,5.92,0.72,2.45,4.29,7.68,23.69,0.94,94.17
U001,37,2026-06-09,Tuesday,37,8.63,1.09,6.26,1.69,2.55,3.66,8.24,24.62,0.881,98.0
U002,37,2026-06-09,Tuesday,37,7.15,0.75,5.69,1.05,1.95,3.6,6.34,22.89,0.972,95.09
U003,37,2026-06-09,Tuesday,37,8.35,1.11,5.06,0.93,3.53,3.61,7.64,23.96,0.845,98.0
U004,37,2026-06-09,Tuesday,37,8.0,0.25,5.2,1.49,2.27,3.95,7.9,23.87,0.962,92.12
U005,37,2026-06-09,Tuesday,37,7.29,0.99,6.92,0.79,1.74,3.89,8.12,24.05,0.98,97.92
U006,37,2026-06-09,Tuesday,37,7.66,1.35,6.12,1.17,2.74,3.0,7.57,23.74,0.878,98.0
U007,37,2026-06-09,Tuesday,37,8.13,0.59,5.95,1.13,2.15,2.17,7.48,23.98,0.904,95.27
U008,37,2026-06-09,Tuesday,37,7.93,0.52,4.69,1.72,2.21,3.97,6.88,22.8,0.879,93.81
U009,37,2026-06-09,Tuesday,37,6.22,0.75,8.14,1.18,1.92,2.14,7.77,23.58,0.931,92.36
U010,37,2026-06-09,Tuesday,37,7.33,1.38,6.34,1.61,2.95,2.8,7.35,23.72,0.98,98.0
U001,37,2026-06-10,Wednesday,37,8.35,0.0,6.11,1.31,1.76,2.6,7.19,23.43,0.972,90.59
U002,37,2026-06-10,Wednesday,37,6.61,1.13,7.07,1.11,2.4,1.72,7.69,24.0,0.854,96.37
U003,37,2026-06-10,Wednesday,37,8.37,0.39,6.31,0.76,2.07,3.15,8.57,24.96,0.892,93.75
U004,37,2026-06-10,Wednesday,37,7.7,0.25,5.14,1.86,1.39,2.25,8.71,24.58,0.895,90.7
U005,37,2026-06-10,Wednesday,37,7.81,0.68,7.24,1.42,1.99,2.67,7.91,23.59,0.929,95.62
U006,37,2026-06-10,Wednesday,37,7.15,0.47,6.05,1.09,2.16,4.91,7.27,23.19,0.929,91.87
U007,37,2026-06-10,Wednesday,37,7.0,0.4,6.13,1.46,2.54,2.12,7.71,23.58,0.873,90.23
U008,37,2026-06-10,Wednesday,37,8.93,0.0,3.92,1.22,1.76,3.71,7.14,23.17,0.98,92.12
U009,37,2026-06-10,Wednesday,37,7.85,0.63,8.11,1.46,2.35,3.82,8.3,24.41,0.98,95.72
U010,37,2026-06-10,Wednesday,37,7.06,0.82,6.49,1.32,1.73,4.29,7.91,24.3,0.892,94.77
U001,37,2026-06-11,Thursday,37,7.22,0.33,6.76,0.89,1.8,4.4,6.47,22.59,0.838,89.73
U002,37,2026-06-11,Thursday,37,7.56,1.73,6.88,1.17,1.98,2.51,7.11,23.15,0.887,98.0
U003,37,2026-06-11,Thursday,37,7.63,0.72,4.89,1.28,2.66,3.05,6.36,22.33,0.934,95.62
U004,37,2026-06-11,Thursday,37,6.62,0.53,7.53,2.09,2.49,2.78,6.85,22.82,0.832,90.17
U005,37,2026-06-11,Thursday,37,6.65,0.96,6.46,1.72,1.66,1.96,8.33,23.8,0.98,96.02
U006,37,2026-06-11,Thursday,37,7.39,0.95,4.08,1.3,1.75,3.41,7.42,23.13,0.878,96.75
U007,37,2026-06-11,Thursday,37,8.17,0.83,6.49,2.31,2.05,3.15,7.07,22.62,0.922,97.94
U008,37,2026-06-11,Thursday,37,9.66,0.62,5.03,1.45,2.46,1.0,7.74,22.72,0.98,98.0
U009,37,2026-06-11,Thursday,37,7.8,1.67,4.93,2.13,2.39,1.92,7.44,23.37,0.91,98.0
U010,37,2026-06-11,Thursday,37,6.74,0.66,6.65,1.92,1.93,3.2,7.57,23.96,0.884,92.29
U001,37,2026-06-12,Friday,37,7.88,1.26,7.68,1.47,2.84,2.43,7.64,23.87,0.905,98.0
U002,37,2026-06-12,Friday,37,7.43,0.53,6.06,2.44,1.72,3.47,6.82,23.19,0.966,93.53
U003,37,2026-06-12,Friday,37,7.56,0.55,6.77,0.87,2.51,3.41,7.02,23.35,0.818,92.58
U004,37,2026-06-12,Friday,37,6.95,0.86,7.15,1.08,2.23,4.03,7.6,23.82,0.897,94.94
U005,37,2026-06-12,Friday,37,7.97,0.44,6.31,1.23,1.54,2.88,7.33,23.5,0.883,93.16
U006,37,2026-06-12,Friday,37,8.29,1.01,4.46,0.49,2.3,3.62,7.11,23.17,0.909,98.0
U007,37,2026-06-12,Friday,37,5.83,0.99,4.64,1.47,1.55,3.88,7.31,23.77,0.859,93.07
U008,37,2026-06-12,Friday,37,7.48,0.85,3.97,1.45,2.07,2.26,7.15,22.93,0.891,96.11
U009,37,2026-06-12,Friday,37,8.83,0.73,7.78,1.09,2.3,3.26,6.93,23.47,0.903,98.0
U010,37,2026-06-12,Friday,37,9.45,0.54,6.99,0.5,1.62,3.44,7.34,23.24,0.894,97.97
U001,37,2026-06-13,Saturday,37,7.66,0.0,3.5,1.18,1.79,2.93,7.22,23.24,0.949,88.64
U002,37,2026-06-13,Saturday,37,7.1,0.76,2.57,1.07,1.6,1.77,7.09,23.31,0.9,94.35
U003,37,2026-06-13,Saturday,37,7.47,0.0,2.49,1.51,3.02,2.89,8.43,23.5,0.885,87.52
U004,37,2026-06-13,Saturday,37,7.43,0.79,1.52,2.22,1.97,2.32,7.04,23.31,0.875,95.23
U005,37,2026-06-13,Saturday,37,7.38,1.29,2.47,0.89,2.98,2.61,7.91,23.38,0.919,98.0
U006,37,2026-06-13,Saturday,37,7.14,0.32,2.02,1.55,2.02,3.65,7.04,22.68,0.91,90.15
U007,37,2026-06-13,Saturday,37,8.62,0.65,3.13,1.1,2.13,1.01,7.66,24.06,0.98,97.85
U008,37,2026-06-13,Saturday,37,6.98,0.56,2.59,2.08,2.39,4.14,7.67,23.66,0.944,92.49
U009,37,2026-06-13,Saturday,37,6.25,0.53,2.89,1.55,2.55,2.69,7.25,23.5,0.98,90.72
U010,37,2026-06-13,Saturday,37,6.79,0.59,3.63,1.5,1.98,4.0,7.34,23.17,0.917,92.05
U001,38,2026-06-14,Sunday,38,7.7,0.0,1.73,1.11,2.73,2.89,7.1,23.33,0.834,87.59
U002,38,2026-06-14,Sunday,38,7.29,0.44,3.2,2.25,2.72,5.0,7.58,23.33,0.923,91.86
U003,38,2026-06-14,Sunday,38,7.46,0.75,2.68,1.97,2.23,1.76,7.94,24.26,0.908,95.23
U004,38,2026-06-14,Sunday,38,7.33,0.68,2.9,1.76,2.72,3.65,7.71,22.93,0.922,94.34
U005,38,2026-06-14,Sunday,38,6.66,0.94,3.66,1.64,1.65,2.41,7.44,23.86,0.955,95.6
U006,38,2026-06-14,Sunday,38,8.72,0.67,1.89,1.64,1.85,3.49,7.68,22.93,0.89,97.4
U007,38,2026-06-14,Sunday,38,7.41,0.75,2.83,1.44,2.23,2.34,7.66,23.66,0.98,95.83
U008,38,2026-06-14,Sunday,38,8.45,0.68,1.5,2.01,2.24,1.92,7.74,23.81,0.937,97.3
U009,38,2026-06-14,Sunday,38,7.32,0.8,1.85,1.79,2.32,3.53,7.27,22.59,0.826,94.56
U010,38,2026-06-14,Sunday,38,7.8,2.0,3.34,1.35,2.01,3.26,7.64,24.7,0.917,98.0
U001,38,2026-06-15,Monday,38,7.44,1.23,6.95,1.82,2.65,2.16,6.48,22.33,0.954,98.0
U002,38,2026-06-15,Monday,38,6.86,0.22,7.01,1.52,2.53,3.12,8.6,24.1,0.87,88.05
U003,38,2026-06-15,Monday,38,7.5,0.25,4.68,0.57,2.46,3.66,7.24,22.79,0.98,91.05
U004,38,2026-06-15,Monday,38,7.32,1.33,5.13,1.16,2.49,3.85,7.53,23.46,0.98,98.0
U005,38,2026-06-15,Monday,38,8.15,0.39,7.87,1.31,2.88,2.81,6.97,22.66,0.87,92.98
U006,38,2026-06-15,Monday,38,6.63,0.68,5.15,1.44,2.81,3.44,7.5,24.04,0.959,92.97
U007,38,2026-06-15,Monday,38,7.15,1.0,6.34,1.16,3.45,3.25,7.16,23.73,0.917,97.05
U008,38,2026-06-15,Monday,38,7.43,0.17,5.97,1.82,1.68,3.77,6.82,22.53,0.855,88.83
U009,38,2026-06-15,Monday,38,6.59,1.25,6.19,1.6,2.45,1.35,6.85,22.3,0.952,98.0
U010,38,2026-06-15,Monday,38,8.36,1.21,6.51,1.12,2.08,2.8,7.49,23.37,0.865,98.0
U001,38,2026-06-16,Tuesday,38,6.75,0.37,4.37,1.56,1.85,2.8,8.67,24.44,0.919,89.77
U002,38,2026-06-16,Tuesday,38,6.21,0.59,5.01,1.4,2.31,2.97,7.34,24.12,0.913,90.56
U003,38,2026-06-16,Tuesday,38,7.92,0.95,4.86,1.91,1.77,3.09,7.01,22.78,0.934,98.0
U004,38,2026-06-16,Tuesday,38,7.47,0.91,6.53,1.38,3.4,2.99,8.11,23.59,0.916,96.93
U005,38,2026-06-16,Tuesday,38,5.87,0.07,6.4,0.5,2.73,3.31,8.73,25.02,0.98,85.17
U006,38,2026-06-16,Tuesday,38,9.63,0.41,4.92,1.54,2.52,4.81,7.5,23.73,0.929,97.47
U007,38,2026-06-16,Tuesday,38,7.97,0.48,6.15,1.15,2.13,2.94,7.09,23.58,0.975,94.47
U008,38,2026-06-16,Tuesday,38,7.76,0.63,6.08,1.11,2.73,3.79,7.92,23.53,0.98,95.5
U009,38,2026-06-16,Tuesday,38,8.42,0.5,5.94,2.32,2.35,4.14,7.87,24.29,0.909,95.14
U010,38,2026-06-16,Tuesday,38,8.08,0.33,6.13,1.1,1.93,2.4,8.27,24.01,0.9,92.5
U001,38,2026-06-17,Wednesday,38,8.37,0.87,4.85,1.84,2.27,2.19,8.75,24.95,0.888,98.0
U002,38,2026-06-17,Wednesday,38,7.28,0.75,5.64,0.72,2.39,2.87,7.37,23.62,0.863,94.33
U003,38,2026-06-17,Wednesday,38,7.34,1.31,5.56,1.21,3.2,2.35,7.48,23.88,0.833,98.0
U004,38,2026-06-17,Wednesday,38,6.86,1.04,6.54,1.7,2.04,2.95,7.79,24.0,0.945,97.0
U005,38,2026-06-17,Wednesday,38,7.82,0.93,6.44,2.13,2.11,4.03,6.58,23.1,0.865,97.5
U006,38,2026-06-17,Wednesday,38,7.09,0.63,6.55,1.89,1.55,1.2,7.54,24.22,0.9,93.02
U007,38,2026-06-17,Wednesday,38,7.65,1.27,7.54,2.17,2.6,2.17,7.02,23.72,0.893,98.0
U008,38,2026-06-17,Wednesday,38,7.6,0.49,5.65,1.92,1.98,2.88,7.71,23.33,0.942,93.32
U009,38,2026-06-17,Wednesday,38,6.61,0.59,7.16,2.13,1.93,2.73,7.7,23.67,0.83,90.73
U010,38,2026-06-17,Wednesday,38,8.29,0.0,5.14,0.43,1.74,3.17,8.42,23.86,0.98,90.52
U001,38,2026-06-18,Thursday,38,7.01,0.5,6.91,1.37,3.03,3.5,6.46,22.88,0.957,92.09
U002,38,2026-06-18,Thursday,38,6.63,0.84,5.46,1.26,2.55,4.41,8.36,24.27,0.933,94.31
U003,38,2026-06-18,Thursday,38,7.07,0.62,7.04,1.89,1.25,3.73,7.02,23.04,0.93,93.17
U004,38,2026-06-18,Thursday,38,6.88,1.02,6.62,1.6,1.52,3.98,6.88,22.19,0.928,96.68
U005,38,2026-06-18,Thursday,38,7.68,0.66,6.99,0.84,1.71,3.56,8.52,24.71,0.911,94.91
U006,38,2026-06-18,Thursday,38,7.08,0.65,8.01,1.74,2.63,4.22,7.88,23.39,0.939,93.59
U007,38,2026-06-18,Thursday,38,7.57,0.64,6.56,1.99,2.1,1.72,7.76,23.75,0.945,94.78
U008,38,2026-06-18,Thursday,38,8.45,0.72,5.11,0.74,2.49,2.59,7.52,23.76,0.85,96.83
U009,38,2026-06-18,Thursday,38,7.63,0.88,5.84,0.53,2.63,1.3,6.76,22.48,0.955,97.42
U010,38,2026-06-18,Thursday,38,6.49,0.25,7.16,1.02,2.39,2.6,6.53,22.92,0.925,87.97
U001,38,2026-06-19,Friday,38,8.07,0.1,5.61,0.86,2.8,2.58,7.45,23.59,0.873,89.91
U002,38,2026-06-19,Friday,38,7.37,1.01,5.73,1.33,2.0,4.15,7.5,23.1,0.964,98.0
U003,38,2026-06-19,Friday,38,8.94,0.28,4.82,1.48,2.2,1.23,6.84,22.77,0.812,93.27
U004,38,2026-06-19,Friday,38,7.28,0.78,6.4,1.38,2.72,2.68,7.15,23.38,0.844,94.44
U005,38,2026-06-19,Friday,38,7.48,0.66,7.01,1.85,1.78,3.22,8.34,23.85,0.9,94.3
U006,38,2026-06-19,Friday,38,7.43,1.22,4.47,2.12,2.11,3.39,7.54,23.85,0.965,98.0
U007,38,2026-06-19,Friday,38,7.45,0.65,7.82,1.01,1.7,2.75,7.85,24.27,0.905,94.17
U008,38,2026-06-19,Friday,38,8.87,0.01,5.9,2.24,1.84,4.79,7.87,24.25,0.958,91.85
U009,38,2026-06-19,Friday,38,7.98,0.74,6.93,0.41,1.91,2.42,8.42,24.72,0.856,95.91
U010,38,2026-06-19,Friday,38,8.56,0.48,5.86,2.08,2.63,2.39,7.93,23.71,0.938,95.58
U001,38,2026-06-20,Saturday,38,7.49,0.64,1.99,2.55,2.53,2.02,6.77,23.04,0.917,94.3
U002,38,2026-06-20,Saturday,38,7.88,0.68,2.02,2.1,2.53,5.67,7.27,23.62,0.881,95.31
U003,38,2026-06-20,Saturday,38,7.58,0.78,2.77,0.86,2.57,2.24,7.67,23.92,0.98,96.55
U004,38,2026-06-20,Saturday,38,7.84,1.28,3.29,0.94,2.46,3.67,7.13,22.95,0.794,98.0
U005,38,2026-06-20,Saturday,38,7.5,0.73,2.46,1.32,1.89,2.17,8.39,25.37,0.859,94.64
U006,38,2026-06-20,Saturday,38,7.87,0.38,3.01,2.05,2.4,3.16,7.0,22.95,0.872,92.19
U007,38,2026-06-20,Saturday,38,8.18,0.4,3.06,1.55,2.93,3.68,7.88,23.98,0.874,93.19
U008,38,2026-06-20,Saturday,38,8.42,1.03,3.94,1.76,1.99,3.05,7.57,24.16,0.98,98.0
U009,38,2026-06-20,Saturday,38,7.97,0.52,2.87,1.63,2.5,3.1,8.13,24.57,0.896,94.09
U010,38,2026-06-20,Saturday,38,7.53,0.02,3.7,1.04,3.09,2.52,7.65,23.9,0.9,88.03
U001,39,2026-06-21,Sunday,39,7.8,1.2,2.64,1.52,2.08,2.86,7.16,23.22,0.946,98.0
U002,39,2026-06-21,Sunday,39,7.83,1.09,2.2,1.96,1.88,5.27,7.6,23.83,0.829,98.0
U003,39,2026-06-21,Sunday,39,8.79,0.28,4.42,1.46,1.77,1.77,7.34,23.29,0.894,93.71
U004,39,2026-06-21,Sunday,39,6.55,0.63,3.66,1.22,2.25,3.87,8.77,24.67,0.849,91.16
U005,39,2026-06-21,Sunday,39,7.76,0.88,2.0,1.81,2.11,3.91,7.07,22.46,0.887,97.07
U006,39,2026-06-21,Sunday,39,7.52,0.89,1.5,0.74,2.3,2.46,7.45,23.1,0.842,96.12
U007,39,2026-06-21,Sunday,39,7.74,1.11,3.0,0.71,2.26,4.24,7.72,23.57,0.949,98.0
U008,39,2026-06-21,Sunday,39,8.31,0.49,2.9,1.34,1.83,3.49,6.92,23.22,0.924,94.92
U009,39,2026-06-21,Sunday,39,6.23,0.84,1.5,2.16,1.75,3.79,6.77,23.18,0.916,93.14
U010,39,2026-06-21,Sunday,39,7.69,0.69,3.53,1.81,3.06,2.63,7.37,23.15,0.959,95.72
U001,39,2026-06-22,Monday,39,7.87,1.01,7.75,0.65,2.48,4.66,6.12,22.5,0.98,98.0
U002,39,2026-06-22,Monday,39,7.37,0.69,6.36,1.58,1.64,5.12,7.76,23.38,0.919,94.52
U003,39,2026-06-22,Monday,39,7.2,0.93,4.13,2.17,2.29,3.49,7.82,23.64,0.974,97.04
U004,39,2026-06-22,Monday,39,7.93,0.94,6.23,1.73,2.12,2.61,8.08,24.14,0.936,98.0
U005,39,2026-06-22,Monday,39,7.27,1.04,7.03,1.59,2.19,3.03,7.71,24.19,0.976,98.0
U006,39,2026-06-22,Monday,39,6.9,0.13,6.26,1.62,2.54,2.42,7.79,23.98,0.927,87.82
U007,39,2026-06-22,Monday,39,8.21,1.08,6.17,0.9,2.53,3.59,7.41,23.17,0.933,98.0
U008,39,2026-06-22,Monday,39,7.28,0.96,6.73,1.67,2.36,1.54,7.54,23.54,0.962,97.42
U009,39,2026-06-22,Monday,39,8.27,0.61,8.19,2.14,2.72,1.9,7.91,24.11,0.919,95.96
U010,39,2026-06-22,Monday,39,7.12,0.92,6.35,0.88,1.82,2.84,8.2,24.39,0.846,95.46
U001,39,2026-06-23,Tuesday,39,6.43,0.96,5.54,1.61,1.83,3.52,7.1,22.68,0.926,94.94
U002,39,2026-06-23,Tuesday,39,7.06,0.07,6.9,2.12,2.5,2.82,7.06,22.96,0.907,87.42
U003,39,2026-06-23,Tuesday,39,8.72,0.43,5.47,1.35,2.38,2.78,8.93,24.47,0.757,93.67
U004,39,2026-06-23,Tuesday,39,6.61,0.51,5.33,1.22,2.12,4.51,8.04,24.53,0.906,90.69
U005,39,2026-06-23,Tuesday,39,6.89,0.08,7.17,1.75,2.6,2.89,7.25,23.48,0.847,86.49
U006,39,2026-06-23,Tuesday,39,7.89,0.41,4.66,0.99,2.6,3.71,8.43,24.97,0.864,92.46
U007,39,2026-06-23,Tuesday,39,7.52,0.68,6.5,1.63,2.28,3.54,7.42,23.93,0.91,94.7
U008,39,2026-06-23,Tuesday,39,7.83,0.53,4.54,1.82,2.28,3.84,7.08,23.36,0.832,93.19
U009,39,2026-06-23,Tuesday,39,7.69,1.18,8.65,1.78,2.83,2.71,6.31,21.66,0.837,98.0
U010,39,2026-06-23,Tuesday,39,8.56,1.07,5.92,1.67,3.02,2.05,8.32,25.54,0.897,98.0
U001,39,2026-06-24,Wednesday,39,8.16,1.38,5.89,1.28,3.59,2.69,7.39,23.5,0.927,98.0
U002,39,2026-06-24,Wednesday,39,7.49,0.9,8.04,1.95,2.88,3.8,7.72,23.63,0.914,96.86
U003,39,2026-06-24,Wednesday,39,7.77,1.1,6.43,2.21,2.49,4.08,7.27,23.1,0.84,98.0
U004,39,2026-06-24,Wednesday,39,7.46,1.05,7.23,1.35,0.88,2.88,7.18,23.39,0.922,98.0
U005,39,2026-06-24,Wednesday,39,7.77,0.62,7.69,0.89,2.58,2.9,6.88,22.54,0.98,95.42
U006,39,2026-06-24,Wednesday,39,8.26,0.51,5.17,1.6,2.24,3.05,8.45,25.2,0.958,95.33
U007,39,2026-06-24,Wednesday,39,8.8,0.68,4.99,1.85,3.38,2.77,7.02,22.0,0.807,96.87
U008,39,2026-06-24,Wednesday,39,6.87,0.56,5.74,0.66,2.29,2.5,7.52,23.45,0.797,90.74
U009,39,2026-06-24,Wednesday,39,6.33,1.11,5.24,1.0,2.17,2.84,7.73,23.96,0.886,95.79
U010,39,2026-06-24,Wednesday,39,6.65,0.15,6.72,0.46,2.85,4.45,7.7,23.94,0.831,86.44
U001,39,2026-06-25,Thursday,39,7.15,0.87,7.91,1.51,1.39,3.28,8.01,24.14,0.935,95.93
U002,39,2026-06-25,Thursday,39,5.96,0.81,6.73,1.82,2.16,1.91,7.35,23.94,0.88,91.8
U003,39,2026-06-25,Thursday,39,8.34,1.0,5.24,1.54,1.79,2.25,6.2,22.5,0.826,98.0
U004,39,2026-06-25,Thursday,39,7.83,0.9,7.09,1.51,2.77,3.14,6.49,22.99,0.933,97.91
U005,39,2026-06-25,Thursday,39,7.22,0.07,5.53,1.71,2.09,1.85,6.61,23.63,0.941,88.16
U006,39,2026-06-25,Thursday,39,8.07,1.27,6.06,2.08,2.06,2.99,8.52,24.86,0.826,98.0
U007,39,2026-06-25,Thursday,39,7.03,0.79,7.18,0.93,2.13,3.57,7.6,23.62,0.895,94.43
U008,39,2026-06-25,Thursday,39,8.13,1.07,4.93,1.54,2.92,2.57,7.12,23.15,0.857,98.0
U009,39,2026-06-25,Thursday,39,6.32,0.88,6.6,1.49,2.64,2.87,8.73,24.1,0.905,93.65
U010,39,2026-06-25,Thursday,39,8.1,1.11,5.81,1.62,2.08,3.55,7.61,23.92,0.831,98.0
U001,39,2026-06-26,Friday,39,7.62,0.48,5.33,1.81,2.55,2.55,7.47,23.12,0.98,93.65
U002,39,2026-06-26,Friday,39,7.1,0.63,5.37,0.2,1.71,4.01,7.59,23.5,0.863,92.68
U003,39,2026-06-26,Friday,39,8.22,0.93,4.63,1.96,2.06,3.39,7.08,23.74,0.861,98.0
U004,39,2026-06-26,Friday,39,7.88,0.63,7.13,1.85,2.5,3.4,6.5,23.01,0.847,94.47
U005,39,2026-06-26,Friday,39,8.17,0.73,6.34,2.59,1.94,2.79,7.18,23.78,0.937,97.09
U006,39,2026-06-26,Friday,39,6.7,0.7,5.92,1.96,2.15,2.81,7.91,24.32,0.837,92.12
U007,39,2026-06-26,Friday,39,9.17,0.73,5.58,1.34,2.85,2.37,7.4,23.46,0.929,98.0
U008,39,2026-06-26,Friday,39,8.73,1.24,6.38,2.97,2.57,4.12,7.88,23.83,0.851,98.0
U009,39,2026-06-26,Friday,39,6.41,0.62,6.01,1.9,2.58,4.5,7.15,23.38,0.974,91.97
U010,39,2026-06-26,Friday,39,6.88,0.77,4.89,1.96,2.26,3.16,7.8,23.6,0.886,93.76
U001,39,2026-06-27,Saturday,39,7.94,0.39,1.5,1.46,2.49,2.75,7.64,23.14,0.924,92.99
U002,39,2026-06-27,Saturday,39,6.45,1.52,3.22,1.29,2.61,4.19,6.71,23.29,0.91,98.0
U003,39,2026-06-27,Saturday,39,8.95,0.73,2.86,1.28,2.64,2.46,8.64,25.16,0.848,98.0
U004,39,2026-06-27,Saturday,39,6.53,0.4,2.82,0.89,2.36,3.78,7.71,23.3,0.826,88.59
U005,39,2026-06-27,Saturday,39,6.79,0.66,3.0,1.53,2.95,3.85,7.59,23.59,0.898,92.55
U006,39,2026-06-27,Saturday,39,7.9,0.51,3.11,0.62,2.56,2.98,7.47,23.24,0.946,94.31
U007,39,2026-06-27,Saturday,39,7.1,0.42,3.71,0.94,2.63,3.53,7.69,23.2,0.98,91.75
U008,39,2026-06-27,Saturday,39,8.59,0.58,1.8,1.15,1.34,4.11,7.09,23.81,0.954,96.81
U009,39,2026-06-27,Saturday,39,7.91,0.9,2.5,0.75,2.53,3.63,8.26,24.22,0.924,98.0
U010,39,2026-06-27,Saturday,39,7.36,0.3,3.27,2.0,2.95,4.22,7.33,23.26,0.91,90.5
U001,40,2026-06-28,Sunday,40,7.72,0.21,2.39,1.96,2.47,3.16,8.19,23.85,0.953,90.93
U002,40,2026-06-28,Sunday,40,7.15,0.74,1.97,1.21,1.97,3.43,8.47,23.97,0.922,94.5
U003,40,2026-06-28,Sunday,40,7.37,0.84,3.38,2.0,1.7,3.38,7.06,23.54,0.946,96.28
U004,40,2026-06-28,Sunday,40,8.71,0.56,2.78,1.34,1.78,2.25,6.95,23.19,0.976,97.14
U005,40,2026-06-28,Sunday,40,7.09,0.33,4.49,1.73,2.19,3.94,7.71,23.64,0.904,90.06
U006,40,2026-06-28,Sunday,40,8.21,0.0,3.04,1.51,1.57,2.36,8.4,24.11,0.889,89.42
U007,40,2026-06-28,Sunday,40,9.58,0.2,2.98,0.37,0.75,3.24,7.94,24.54,0.98,95.75
U008,40,2026-06-28,Sunday,40,7.27,0.84,3.15,1.12,1.76,3.71,7.98,24.35,0.921,95.78
U009,40,2026-06-28,Sunday,40,7.11,0.0,3.18,1.6,1.93,1.0,7.22,23.33,0.856,86.34
U010,40,2026-06-28,Sunday,40,7.28,0.38,3.04,1.24,2.22,3.11,8.19,23.89,0.827,90.27
U001,40,2026-06-29,Monday,40,7.82,0.62,6.66,2.0,2.47,3.94,7.52,23.98,0.949,95.24
U002,40,2026-06-29,Monday,40,6.97,0.2,6.83,2.18,1.98,2.45,7.41,23.52,0.888,88.3
U003,40,2026-06-29,Monday,40,8.46,0.62,6.02,0.84,2.66,2.63,7.91,24.42,0.931,96.66
U004,40,2026-06-29,Monday,40,6.87,0.35,7.66,1.42,1.86,2.78,7.77,23.58,0.917,89.84
U005,40,2026-06-29,Monday,40,6.56,0.32,7.57,0.9,1.86,4.92,7.8,23.86,0.817,87.77
U006,40,2026-06-29,Monday,40,8.66,1.06,4.4,1.88,2.54,3.26,7.79,24.02,0.929,98.0
U007,40,2026-06-29,Monday,40,6.42,0.65,7.57,1.85,1.31,2.43,7.69,23.31,0.971,92.26
U008,40,2026-06-29,Monday,40,8.07,0.68,6.57,2.25,2.66,3.91,7.56,23.68,0.932,96.29
U009,40,2026-06-29,Monday,40,6.74,1.1,7.38,1.16,2.02,3.13,8.31,23.93,0.791,95.76
U010,40,2026-06-29,Monday,40,8.05,0.15,4.28,1.42,1.76,2.2,7.84,23.93,0.98,91.42
U001,40,2026-06-30,Tuesday,40,7.48,0.45,5.12,1.87,2.76,3.15,7.5,23.2,0.857,91.77
U002,40,2026-06-30,Tuesday,40,6.51,0.55,5.63,0.94,1.96,4.71,8.9,25.37,0.942,91.2
U003,40,2026-06-30,Tuesday,40,8.34,0.61,5.59,0.73,1.73,3.41,7.51,23.81,0.969,96.64
U004,40,2026-06-30,Tuesday,40,7.76,0.65,7.97,2.46,1.01,3.21,7.78,23.74,0.926,95.16
U005,40,2026-06-30,Tuesday,40,6.31,1.04,7.57,1.43,1.58,3.07,7.7,23.49,0.885,95.03
U006,40,2026-06-30,Tuesday,40,7.76,0.29,6.02,0.85,2.07,3.19,7.84,23.64,0.971,92.01
U007,40,2026-06-30,Tuesday,40,7.53,0.48,4.65,1.79,2.33,4.17,6.9,22.8,0.938,93.0
U008,40,2026-06-30,Tuesday,40,8.01,0.62,5.65,1.11,2.01,3.66,6.14,22.31,0.803,94.26
U009,40,2026-06-30,Tuesday,40,7.67,0.71,7.39,1.7,1.5,4.88,6.72,23.71,0.802,94.29
U010,40,2026-06-30,Tuesday,40,9.37,1.11,5.79,2.06,2.05,3.41,7.1,22.86,0.925,98.0
U001,40,2026-07-01,Wednesday,40,7.93,0.89,5.03,1.32,1.92,3.95,7.39,23.89,0.975,98.0
U002,40,2026-07-01,Wednesday,40,7.19,1.01,7.08,1.67,3.14,1.7,8.08,23.68,0.909,97.16
U003,40,2026-07-01,Wednesday,40,9.71,0.12,4.0,1.22,1.88,3.23,7.22,23.56,0.915,94.63
U004,40,2026-07-01,Wednesday,40,7.04,0.13,6.6,2.6,1.87,3.68,8.26,23.8,0.929,88.19
U005,40,2026-07-01,Wednesday,40,7.43,0.94,9.0,1.83,1.61,4.3,7.93,23.91,0.86,96.57
U006,40,2026-07-01,Wednesday,40,7.65,0.46,6.15,1.32,2.5,3.52,6.91,22.41,0.895,92.67
U007,40,2026-07-01,Wednesday,40,7.89,0.22,6.93,1.02,2.24,5.11,7.71,23.69,0.839,90.31
U008,40,2026-07-01,Wednesday,40,7.79,0.82,4.06,1.3,2.66,1.93,8.66,24.83,0.906,96.73
U009,40,2026-07-01,Wednesday,40,7.8,1.02,6.44,2.4,1.8,3.06,7.97,23.28,0.929,98.0
U010,40,2026-07-01,Wednesday,40,7.36,1.02,5.85,2.49,1.92,2.32,8.26,24.51,0.931,97.91
U001,40,2026-07-02,Thursday,40,7.73,0.0,5.59,0.75,2.34,2.48,7.68,23.99,0.862,87.95
U002,40,2026-07-02,Thursday,40,6.97,0.21,5.96,1.1,2.33,3.0,7.71,24.0,0.902,88.54
U003,40,2026-07-02,Thursday,40,7.79,0.06,3.9,2.11,2.58,3.38,8.04,23.51,0.899,89.06
U004,40,2026-07-02,Thursday,40,7.09,0.54,3.79,2.67,0.81,4.5,6.94,22.78,0.781,90.94
U005,40,2026-07-02,Thursday,40,7.38,0.93,7.36,0.4,2.0,3.08,7.35,23.0,0.877,96.52
U006,40,2026-07-02,Thursday,40,6.88,0.68,3.93,1.21,2.07,3.81,6.99,22.52,0.873,92.73
U007,40,2026-07-02,Thursday,40,6.83,1.48,7.44,1.35,2.63,4.2,7.15,23.51,0.899,98.0
U008,40,2026-07-02,Thursday,40,9.76,0.39,5.85,1.41,2.19,4.5,7.27,22.96,0.888,97.18
U009,40,2026-07-02,Thursday,40,7.4,1.03,5.58,1.63,2.65,2.13,7.59,23.61,0.928,98.0
U010,40,2026-07-02,Thursday,40,6.92,0.0,5.27,2.29,3.04,3.05,7.33,22.71,0.963,86.93
U001,40,2026-07-03,Friday,40,7.47,0.03,7.01,0.74,1.93,3.03,6.84,22.16,0.951,88.48
U002,40,2026-07-03,Friday,40,7.36,0.43,6.32,1.13,2.76,5.35,7.93,24.01,0.882,91.52
U003,40,2026-07-03,Friday,40,8.35,0.62,5.54,2.51,2.47,1.87,6.45,22.75,0.866,95.73
U004,40,2026-07-03,Friday,40,6.92,0.73,6.47,1.59,2.58,2.7,7.37,23.51,0.929,93.89
U005,40,2026-07-03,Friday,40,6.27,0.97,7.86,1.32,2.92,2.68,6.14,22.04,0.915,94.53
U006,40,2026-07-03,Friday,40,7.87,1.08,5.66,1.19,2.38,4.29,7.71,23.48,0.936,98.0
U007,40,2026-07-03,Friday,40,7.15,0.62,8.0,2.0,2.11,3.67,6.95,22.4,0.907,93.15
U008,40,2026-07-03,Friday,40,8.21,0.6,5.23,1.74,2.37,1.93,7.41,23.54,0.897,95.5
U009,40,2026-07-03,Friday,40,6.93,0.7,6.44,1.32,1.22,3.87,7.64,23.43,0.847,92.8
U010,40,2026-07-03,Friday,40,7.22,0.78,7.61,1.57,2.21,3.23,8.66,24.77,0.926,95.11
U001,40,2026-07-04,Saturday,40,8.38,0.54,2.64,0.55,2.04,2.04,7.86,23.86,0.954,95.89
U002,40,2026-07-04,Saturday,40,7.04,0.75,2.45,1.37,1.88,2.15,6.82,22.85,0.967,94.77
U003,40,2026-07-04,Saturday,40,7.28,0.58,1.5,1.06,2.57,3.95,7.99,24.56,0.943,93.43
U004,40,2026-07-04,Saturday,40,8.99,0.63,3.24,2.16,2.79,4.21,6.79,23.21,0.897,97.74
U005,40,2026-07-04,Saturday,40,5.89,0.47,4.33,1.48,1.88,3.3,6.63,22.47,0.923,88.66
U006,40,2026-07-04,Saturday,40,8.2,0.79,2.92,1.82,2.19,3.5,6.83,22.77,0.962,98.0
U007,40,2026-07-04,Saturday,40,7.2,0.49,2.88,1.16,2.53,4.87,8.12,24.12,0.98,92.7
U008,40,2026-07-04,Saturday,40,7.09,0.3,1.5,0.67,2.74,3.24,8.17,24.15,0.969,90.41
U009,40,2026-07-04,Saturday,40,7.0,0.85,3.28,1.49,2.35,3.61,7.55,23.28,0.98,95.8
U010,40,2026-07-04,Saturday,40,8.26,0.0,2.82,1.35,1.94,3.79,7.42,23.36,0.871,89.36
U001,41,2026-07-05,Sunday,41,8.34,1.01,2.43,0.78,2.75,2.83,7.42,23.67,0.975,98.0
U002,41,2026-07-05,Sunday,41,6.37,0.66,1.5,1.82,2.57,4.1,8.47,24.89,0.927,91.79
U003,41,2026-07-05,Sunday,41,7.88,1.47,3.8,1.71,1.75,2.25,7.35,23.11,0.911,98.0
U004,41,2026-07-05,Sunday,41,5.97,0.67,3.76,1.23,2.16,2.33,7.97,23.98,0.98,91.42
U005,41,2026-07-05,Sunday,41,6.31,0.92,2.83,2.11,3.03,3.07,7.06,23.25,0.891,93.89
U006,41,2026-07-05,Sunday,41,8.41,1.1,2.49,0.8,3.04,1.9,7.17,23.4,0.98,98.0
U007,41,2026-07-05,Sunday,41,7.77,1.05,3.35,1.09,0.96,3.9,8.38,23.62,0.895,98.0
U008,41,2026-07-05,Sunday,41,7.46,0.68,3.14,1.35,2.89,2.68,6.88,22.79,0.808,93.53
U009,41,2026-07-05,Sunday,41,6.86,0.69,1.5,2.7,1.85,3.37,6.75,21.54,0.98,93.85
U010,41,2026-07-05,Sunday,41,6.91,0.12,2.71,1.98,2.04,3.15,7.09,24.02,0.888,87.36
U001,41,2026-07-06,Monday,41,6.4,1.92,5.16,1.96,1.01,2.9,7.25,23.06,0.949,98.0
U002,41,2026-07-06,Monday,41,8.03,0.3,6.76,2.18,1.88,3.62,7.09,23.5,0.935,92.43
U003,41,2026-07-06,Monday,41,8.16,0.14,6.26,1.68,2.15,3.78,6.81,23.53,0.98,91.6
U004,41,2026-07-06,Monday,41,7.09,0.0,6.53,1.41,2.86,4.51,7.98,24.36,0.954,87.26
U005,41,2026-07-06,Monday,41,6.41,1.04,8.14,1.49,1.97,2.51,7.16,23.43,0.897,95.4
U006,41,2026-07-06,Monday,41,8.8,0.55,6.94,1.49,2.6,2.76,7.57,23.35,0.98,97.3
U007,41,2026-07-06,Monday,41,7.91,0.08,7.92,2.35,2.81,2.22,6.85,22.88,0.939,89.97
U008,41,2026-07-06,Monday,41,7.54,0.86,4.84,2.62,2.08,3.71,6.57,22.32,0.903,96.48
U009,41,2026-07-06,Monday,41,8.89,0.57,6.02,0.79,2.7,2.77,7.48,23.14,0.931,97.23
U010,41,2026-07-06,Monday,41,6.91,0.96,5.39,2.0,2.57,2.23,6.49,22.94,0.904,95.92
U001,41,2026-07-07,Tuesday,41,8.43,0.75,6.4,1.78,2.36,4.87,7.52,23.78,0.903,97.61
U002,41,2026-07-07,Tuesday,41,7.54,1.13,5.7,1.67,2.46,4.22,7.33,23.95,0.939,98.0
U003,41,2026-07-07,Tuesday,41,6.93,0.94,4.03,0.97,2.13,3.58,8.13,23.94,0.888,95.6
U004,41,2026-07-07,Tuesday,41,8.01,1.15,5.91,0.46,2.38,3.32,6.9,22.88,0.772,98.0
U005,41,2026-07-07,Tuesday,41,8.77,0.35,8.0,1.42,1.95,2.85,8.34,24.38,0.98,95.22
U006,41,2026-07-07,Tuesday,41,6.74,0.98,5.63,1.88,2.24,2.78,7.77,24.31,0.816,94.81
U007,41,2026-07-07,Tuesday,41,7.24,1.14,7.84,1.26,1.54,2.42,8.25,24.63,0.853,98.0
U008,41,2026-07-07,Tuesday,41,8.32,0.48,4.03,1.44,2.73,3.45,6.65,22.4,0.885,94.45
U009,41,2026-07-07,Tuesday,41,5.31,0.27,8.88,0.2,1.41,4.59,6.92,22.76,0.909,85.07
U010,41,2026-07-07,Tuesday,41,6.96,1.29,5.85,2.58,1.74,3.09,6.74,22.95,0.9,98.0
U001,41,2026-07-08,Wednesday,41,7.36,0.39,5.37,1.05,1.85,3.46,7.74,24.32,0.85,90.8
U002,41,2026-07-08,Wednesday,41,7.46,1.15,6.6,0.41,2.15,3.66,6.9,23.94,0.903,98.0
U003,41,2026-07-08,Wednesday,41,6.74,0.72,5.26,2.1,1.7,2.59,7.66,23.46,0.888,92.93
U004,41,2026-07-08,Wednesday,41,6.99,0.27,4.98,1.6,2.62,4.23,7.47,23.2,0.905,89.22
U005,41,2026-07-08,Wednesday,41,6.12,0.86,6.7,3.04,2.01,3.57,7.39,23.24,0.903,92.93
U006,41,2026-07-08,Wednesday,41,7.21,0.46,4.47,1.2,1.71,2.32,7.47,24.02,0.93,91.92
U007,41,2026-07-08,Wednesday,41,7.0,0.44,6.92,2.12,3.34,2.61,7.89,23.7,0.854,90.44
U008,41,2026-07-08,Wednesday,41,6.96,0.94,5.31,1.24,2.89,3.14,7.58,22.96,0.871,95.51
U009,41,2026-07-08,Wednesday,41,5.28,0.32,7.03,0.85,2.49,3.55,6.91,23.27,0.906,85.46
U010,41,2026-07-08,Wednesday,41,7.17,1.52,7.26,0.23,2.22,2.25,8.19,24.28,0.98,98.0
U001,41,2026-07-09,Thursday,41,7.6,0.75,6.32,1.36,1.94,2.8,7.95,24.13,0.958,96.08
U002,41,2026-07-09,Thursday,41,6.7,1.31,5.74,1.09,2.11,1.63,8.06,23.55,0.883,98.0
U003,41,2026-07-09,Thursday,41,8.26,0.54,6.84,0.2,2.74,2.26,7.07,23.15,0.903,95.08
U004,41,2026-07-09,Thursday,41,5.66,0.4,7.55,0.32,1.62,1.25,6.55,21.81,0.851,86.66
U005,41,2026-07-09,Thursday,41,7.32,0.45,6.22,2.23,2.91,2.07,7.9,24.0,0.944,92.24
U006,41,2026-07-09,Thursday,41,8.3,0.2,5.82,1.08,1.42,3.34,7.48,24.01,0.97,92.45
U007,41,2026-07-09,Thursday,41,6.98,0.52,6.24,1.3,2.48,3.28,7.15,23.44,0.924,91.89
U008,41,2026-07-09,Thursday,41,7.53,0.27,3.67,1.15,1.89,3.15,7.18,23.59,0.921,90.74
U009,41,2026-07-09,Thursday,41,8.97,0.72,6.01,1.09,1.93,2.54,7.43,23.52,0.962,98.0
U010,41,2026-07-09,Thursday,41,6.28,0.89,7.47,0.99,3.26,3.33,7.72,24.19,0.931,93.91
U001,41,2026-07-10,Friday,41,7.02,1.05,4.85,2.12,2.37,3.41,7.69,22.78,0.905,97.1
U002,41,2026-07-10,Friday,41,6.27,0.9,7.52,1.51,1.91,2.77,7.79,23.81,0.89,93.58
U003,41,2026-07-10,Friday,41,8.72,0.55,5.41,0.48,2.19,4.74,7.98,24.04,0.908,96.38
U004,41,2026-07-10,Friday,41,6.96,1.16,6.4,1.74,2.35,2.57,8.07,24.08,0.903,98.0
U005,41,2026-07-10,Friday,41,7.39,0.01,6.66,1.6,2.64,3.93,7.71,24.19,0.901,87.58
U006,41,2026-07-10,Friday,41,5.95,1.01,5.02,2.25,2.43,1.8,7.14,23.31,0.854,93.51
U007,41,2026-07-10,Friday,41,8.43,1.28,5.33,1.36,2.33,4.1,7.03,22.8,0.915,98.0
U008,41,2026-07-10,Friday,41,7.76,1.1,8.06,1.06,2.49,3.31,7.89,24.42,0.98,98.0
U009,41,2026-07-10,Friday,41,7.16,0.45,7.25,1.36,2.42,2.75,8.18,24.07,0.98,92.2
U010,41,2026-07-10,Friday,41,6.2,1.36,5.3,0.98,2.48,4.57,7.4,24.05,0.893,98.0
U001,41,2026-07-11,Saturday,41,7.01,0.44,2.55,0.82,1.6,3.9,7.99,23.99,0.948,91.41
U002,41,2026-07-11,Saturday,41,6.95,0.69,3.49,1.65,2.82,2.91,7.51,23.35,0.896,93.24
U003,41,2026-07-11,Saturday,41,6.31,0.99,2.78,1.88,2.32,4.04,8.2,24.28,0.956,95.24
U004,41,2026-07-11,Saturday,41,8.9,0.2,2.96,0.82,2.31,2.81,7.41,23.83,0.929,93.54
U005,41,2026-07-11,Saturday,41,6.13,0.59,4.42,0.92,2.1,3.15,7.77,23.13,0.88,90.03
U006,41,2026-07-11,Saturday,41,8.48,1.2,3.79,1.87,2.32,2.73,7.06,23.47,0.967,98.0
U007,41,2026-07-11,Saturday,41,8.86,0.41,2.67,1.69,2.84,4.35,6.28,22.32,0.958,95.83
U008,41,2026-07-11,Saturday,41,7.98,0.58,1.64,1.44,2.08,2.84,7.31,23.23,0.863,94.38
U009,41,2026-07-11,Saturday,41,7.92,0.45,1.76,1.36,2.31,3.57,7.47,24.52,0.98,94.1
U010,41,2026-07-11,Saturday,41,8.13,0.13,1.88,0.92,1.9,3.02,8.23,23.93,0.924,90.86
U001,42,2026-07-12,Sunday,42,6.74,0.85,2.69,1.15,2.58,3.5,7.78,24.11,0.864,93.99
U002,42,2026-07-12,Sunday,42,6.68,0.82,2.5,1.64,2.08,3.18,7.14,22.9,0.87,93.6
U003,42,2026-07-12,Sunday,42,9.16,1.09,1.76,1.23,1.98,2.75,8.26,24.48,0.92,98.0
U004,42,2026-07-12,Sunday,42,8.33,0.67,3.04,2.43,2.13,2.76,7.11,23.23,0.856,96.09
U005,42,2026-07-12,Sunday,42,7.8,1.26,2.73,1.94,2.18,2.17,6.95,22.79,0.963,98.0
U006,42,2026-07-12,Sunday,42,6.82,0.59,1.81,1.58,2.38,3.34,7.2,23.33,0.898,91.93
U007,42,2026-07-12,Sunday,42,8.84,0.9,2.46,0.79,1.76,2.7,7.17,23.04,0.851,98.0
U008,42,2026-07-12,Sunday,42,7.28,0.44,2.04,1.84,1.56,2.52,7.67,24.17,0.875,91.35
U009,42,2026-07-12,Sunday,42,6.83,0.31,3.03,0.86,2.25,3.56,7.9,23.39,0.98,89.97
U010,42,2026-07-12,Sunday,42,6.73,0.66,2.35,1.17,1.53,3.09,7.1,23.63,0.924,92.66
U001,42,2026-07-13,Monday,42,8.12,0.3,5.76,1.64,1.57,2.17,6.87,22.92,0.947,92.77
U002,42,2026-07-13,Monday,42,8.06,1.2,8.3,0.62,2.19,2.52,7.86,24.33,0.91,98.0
U003,42,2026-07-13,Monday,42,8.22,0.6,3.5,2.25,2.2,3.37,8.03,23.96,0.896,95.51
U004,42,2026-07-13,Monday,42,7.48,0.36,4.1,1.25,1.85,3.85,7.55,23.74,0.889,91.19
U005,42,2026-07-13,Monday,42,6.6,0.76,7.96,1.56,1.52,3.18,7.79,24.07,0.936,93.46
U006,42,2026-07-13,Monday,42,8.66,0.3,6.86,1.79,2.9,3.29,7.63,23.77,0.866,93.31
U007,42,2026-07-13,Monday,42,8.67,0.16,5.73,2.1,2.34,2.92,8.19,23.82,0.896,92.23
U008,42,2026-07-13,Monday,42,8.49,0.94,4.73,1.89,2.57,2.84,7.43,23.09,0.92,98.0
U009,42,2026-07-13,Monday,42,6.8,1.06,5.39,1.18,1.71,2.63,7.18,23.52,0.908,96.68
U010,42,2026-07-13,Monday,42,8.47,0.67,6.81,1.16,1.41,3.28,8.38,24.13,0.939,97.27
U001,42,2026-07-14,Tuesday,42,6.76,0.32,5.47,1.68,1.77,4.49,8.07,24.1,0.939,89.49
U002,42,2026-07-14,Tuesday,42,6.6,1.18,5.12,0.55,2.54,3.27,9.01,24.46,0.899,97.29
U003,42,2026-07-14,Tuesday,42,8.74,0.52,4.05,2.25,2.15,1.0,7.76,23.44,0.896,96.01
U004,42,2026-07-14,Tuesday,42,7.84,0.67,6.56,1.52,2.37,2.64,6.9,22.49,0.879,95.09
U005,42,2026-07-14,Tuesday,42,7.53,0.6,5.82,1.3,1.84,3.74,8.52,24.04,0.816,92.98
U006,42,2026-07-14,Tuesday,42,7.51,1.45,5.5,1.31,2.09,2.62,6.55,23.27,0.818,98.0
U007,42,2026-07-14,Tuesday,42,7.53,0.4,7.49,2.03,2.21,2.75,7.04,23.71,0.901,91.84
U008,42,2026-07-14,Tuesday,42,6.76,0.13,6.25,1.02,2.07,3.19,8.95,24.88,0.804,86.24
U009,42,2026-07-14,Tuesday,42,6.06,0.72,6.8,2.4,2.15,2.92,8.17,23.8,0.898,91.33
U010,42,2026-07-14,Tuesday,42,6.72,0.86,6.42,2.38,1.82,4.61,6.84,22.9,0.962,95.02
U001,42,2026-07-15,Wednesday,42,6.97,0.05,5.21,1.38,3.27,3.05,7.42,23.4,0.866,86.58
U002,42,2026-07-15,Wednesday,42,6.54,0.44,6.88,1.32,2.33,3.38,6.1,22.16,0.872,89.47
U003,42,2026-07-15,Wednesday,42,7.63,0.74,5.59,1.3,1.4,3.45,6.77,22.6,0.897,95.45
U004,42,2026-07-15,Wednesday,42,7.35,1.27,7.44,1.34,3.36,2.92,7.95,23.53,0.866,98.0
U005,42,2026-07-15,Wednesday,42,7.62,0.5,6.78,1.4,2.33,3.69,7.39,23.73,0.843,92.48
U006,42,2026-07-15,Wednesday,42,7.92,1.39,6.26,2.06,2.15,3.0,6.57,22.73,0.924,98.0
U007,42,2026-07-15,Wednesday,42,7.64,0.7,7.4,1.71,2.01,4.46,6.41,21.83,0.954,95.64
U008,42,2026-07-15,Wednesday,42,8.64,0.5,5.08,1.81,1.86,2.0,8.26,24.09,0.878,95.38
U009,42,2026-07-15,Wednesday,42,6.75,0.97,6.74,1.71,2.32,5.24,8.33,24.76,0.948,96.06
U010,42,2026-07-15,Wednesday,42,8.45,0.31,6.5,2.21,2.02,3.44,7.82,24.38,0.943,93.66
U001,42,2026-07-16,Thursday,42,9.3,0.27,7.63,2.55,2.92,2.65,7.3,22.61,0.882,94.77
U002,42,2026-07-16,Thursday,42,7.46,0.03,6.47,1.05,2.46,3.79,8.54,24.16,0.98,88.75
U003,42,2026-07-16,Thursday,42,7.33,0.09,5.95,1.22,2.07,3.43,6.75,22.57,0.905,88.28
U004,42,2026-07-16,Thursday,42,7.21,0.63,6.21,0.86,1.79,2.78,7.86,23.64,0.915,93.48
U005,42,2026-07-16,Thursday,42,8.14,0.59,5.74,1.5,1.91,1.82,7.32,23.91,0.892,95.17
U006,42,2026-07-16,Thursday,42,7.41,0.98,6.38,1.5,2.96,3.28,6.69,23.1,0.92,97.53
U007,42,2026-07-16,Thursday,42,7.91,1.15,6.38,2.01,3.28,3.22,7.57,23.84,0.802,98.0
U008,42,2026-07-16,Thursday,42,7.63,0.37,3.21,1.08,2.54,3.21,6.39,21.95,0.911,91.89
U009,42,2026-07-16,Thursday,42,6.81,0.46,6.78,1.72,2.75,3.57,7.47,24.23,0.909,90.72
U010,42,2026-07-16,Thursday,42,6.82,0.0,4.13,1.95,2.75,2.18,8.06,23.09,0.858,85.63
U001,42,2026-07-17,Friday,42,7.7,0.81,6.45,1.86,2.57,2.69,7.19,22.76,0.923,96.58
U002,42,2026-07-17,Friday,42,5.99,0.0,6.97,2.83,2.26,2.9,7.76,23.99,0.904,84.02
U003,42,2026-07-17,Friday,42,7.07,1.06,7.35,0.82,2.64,4.15,7.22,22.91,0.866,96.94
U004,42,2026-07-17,Friday,42,8.99,0.34,5.65,2.23,2.62,3.39,7.19,22.71,0.886,94.73
U005,42,2026-07-17,Friday,42,7.54,0.42,5.22,1.55,1.78,3.42,7.02,23.62,0.876,91.81
U006,42,2026-07-17,Friday,42,8.83,1.2,5.12,2.12,2.33,3.4,7.92,24.14,0.961,98.0
U007,42,2026-07-17,Friday,42,7.69,0.44,4.24,0.96,2.94,4.18,6.84,22.48,0.857,92.19
U008,42,2026-07-17,Friday,42,7.96,1.28,5.19,1.03,2.09,4.62,8.2,23.99,0.98,98.0
U009,42,2026-07-17,Friday,42,7.42,0.44,6.15,1.12,1.79,3.74,7.45,23.61,0.841,91.36
U010,42,2026-07-17,Friday,42,6.56,1.01,3.56,2.32,2.29,3.5,8.0,23.85,0.933,95.83
U001,42,2026-07-18,Saturday,42,7.05,1.41,2.32,2.43,2.51,2.98,8.62,23.89,0.95,98.0
U002,42,2026-07-18,Saturday,42,7.6,0.63,1.87,2.33,1.98,3.74,6.45,22.48,0.957,94.87
U003,42,2026-07-18,Saturday,42,6.92,0.0,1.5,1.65,3.0,4.17,7.24,23.35,0.927,86.57
U004,42,2026-07-18,Saturday,42,7.92,0.48,1.94,1.8,2.19,2.8,7.78,24.43,0.972,94.32
U005,42,2026-07-18,Saturday,42,6.73,0.75,1.5,1.49,2.74,2.74,6.85,22.82,0.98,94.12
U006,42,2026-07-18,Saturday,42,7.69,0.0,2.41,1.67,2.69,2.32,7.72,23.94,0.98,89.02
U007,42,2026-07-18,Saturday,42,6.25,1.1,1.57,1.24,1.71,3.63,8.07,23.8,0.942,96.05
U008,42,2026-07-18,Saturday,42,7.82,0.34,1.95,2.1,3.02,2.72,7.41,23.96,0.947,92.42
U009,42,2026-07-18,Saturday,42,6.6,1.43,2.04,1.39,1.88,3.28,7.99,24.1,0.839,98.0
U010,42,2026-07-18,Saturday,42,8.57,1.04,1.63,1.76,2.17,2.18,7.0,22.91,0.799,98.0
U001,43,2026-07-19,Sunday,43,7.11,1.05,2.52,2.39,1.69,2.96,8.11,23.69,0.968,97.96
U002,43,2026-07-19,Sunday,43,6.99,0.63,1.5,1.67,2.21,3.8,7.47,23.22,0.917,92.94
U003,43,2026-07-19,Sunday,43,8.26,0.53,3.2,2.18,1.3,3.63,8.38,24.55,0.905,95.0
U004,43,2026-07-19,Sunday,43,6.4,0.71,4.42,1.38,2.03,4.42,6.53,23.25,0.842,91.52
U005,43,2026-07-19,Sunday,43,5.94,1.05,2.58,1.09,2.4,3.17,7.86,23.31,0.849,93.84
U006,43,2026-07-19,Sunday,43,8.32,0.54,2.77,1.02,2.23,2.91,7.5,22.71,0.807,94.27
U007,43,2026-07-19,Sunday,43,7.28,1.19,1.92,1.31,2.58,2.82,7.79,22.82,0.822,98.0
U008,43,2026-07-19,Sunday,43,8.55,1.08,2.47,1.14,1.39,3.53,7.15,23.36,0.925,98.0
U009,43,2026-07-19,Sunday,43,6.86,0.68,1.97,0.99,1.23,2.69,8.27,24.84,0.938,93.33
U010,43,2026-07-19,Sunday,43,8.63,0.78,2.58,1.86,2.29,3.57,8.22,24.06,0.98,98.0
U001,43,2026-07-20,Monday,43,8.45,0.93,5.4,1.22,3.22,2.41,7.23,23.61,0.891,98.0
U002,43,2026-07-20,Monday,43,7.01,0.1,4.58,1.7,2.18,2.26,7.21,23.52,0.92,87.73
U003,43,2026-07-20,Monday,43,8.01,0.69,5.02,1.89,1.55,3.98,7.64,23.82,0.81,95.03
U004,43,2026-07-20,Monday,43,7.82,1.01,6.19,2.1,2.27,2.4,7.29,23.87,0.866,98.0
U005,43,2026-07-20,Monday,43,6.04,0.86,4.97,1.71,3.36,2.49,6.47,21.99,0.914,92.84
U006,43,2026-07-20,Monday,43,7.68,0.73,5.78,2.4,1.37,2.9,6.95,23.07,0.945,95.95
U007,43,2026-07-20,Monday,43,7.81,0.67,5.7,1.91,2.09,2.66,7.79,23.58,0.832,94.55
U008,43,2026-07-20,Monday,43,8.93,1.14,3.78,0.2,2.7,1.74,7.82,23.53,0.934,98.0
U009,43,2026-07-20,Monday,43,7.2,1.15,4.82,0.94,2.08,3.21,7.83,23.84,0.868,98.0
U010,43,2026-07-20,Monday,43,8.14,0.76,7.48,1.71,2.12,3.9,7.16,23.0,0.872,96.67
U001,43,2026-07-21,Tuesday,43,6.86,1.11,5.95,1.7,2.14,3.48,7.34,23.65,0.941,97.66
U002,43,2026-07-21,Tuesday,43,7.4,1.48,5.32,1.85,2.49,3.26,7.57,23.55,0.791,98.0
U003,43,2026-07-21,Tuesday,43,7.62,0.73,4.99,1.06,2.47,2.71,8.42,24.84,0.86,94.95
U004,43,2026-07-21,Tuesday,43,6.71,0.84,3.91,1.31,2.7,3.63,7.73,23.53,0.902,94.2
U005,43,2026-07-21,Tuesday,43,6.1,1.39,8.42,0.79,1.2,4.24,7.45,23.16,0.848,97.63
U006,43,2026-07-21,Tuesday,43,7.3,1.13,5.27,1.33,2.83,2.93,7.61,23.13,0.879,98.0
U007,43,2026-07-21,Tuesday,43,7.26,1.3,6.44,1.84,2.0,2.68,6.49,23.18,0.946,98.0
U008,43,2026-07-21,Tuesday,43,7.97,0.6,6.19,1.39,1.92,2.75,6.62,22.8,0.942,95.34
U009,43,2026-07-21,Tuesday,43,7.16,0.43,7.58,1.75,2.58,3.09,6.3,22.64,0.905,91.25
U010,43,2026-07-21,Tuesday,43,6.81,0.86,6.36,1.44,2.39,3.56,8.33,24.07,0.93,94.92
U001,43,2026-07-22,Wednesday,43,9.7,1.11,4.97,0.64,1.86,1.57,7.9,23.78,0.872,98.0
U002,43,2026-07-22,Wednesday,43,6.82,0.78,7.49,1.31,2.81,4.52,7.03,22.89,0.899,93.84
U003,43,2026-07-22,Wednesday,43,8.18,0.43,6.92,1.94,3.15,3.27,7.77,23.71,0.907,93.82
U004,43,2026-07-22,Wednesday,43,7.07,0.62,5.39,1.42,1.75,3.77,7.67,23.24,0.892,92.8
U005,43,2026-07-22,Wednesday,43,6.91,1.28,7.43,0.96,2.06,2.69,8.29,24.49,0.907,98.0
U006,43,2026-07-22,Wednesday,43,6.69,1.14,6.75,1.43,1.87,3.16,8.38,24.63,0.82,96.33
U007,43,2026-07-22,Wednesday,43,6.64,0.59,5.36,1.25,2.59,2.72,7.48,23.75,0.855,91.05
U008,43,2026-07-22,Wednesday,43,7.35,0.43,4.27,1.36,2.55,3.18,8.57,24.82,0.875,91.42
U009,43,2026-07-22,Wednesday,43,7.68,0.79,6.67,2.62,2.04,3.82,6.16,22.12,0.901,96.11
U010,43,2026-07-22,Wednesday,43,7.54,0.8,4.46,1.61,2.64,4.0,6.94,22.19,0.876,95.61
U001,43,2026-07-23,Thursday,43,7.97,0.66,6.89,1.67,2.48,3.37,7.29,23.28,0.883,95.35
U002,43,2026-07-23,Thursday,43,5.6,1.16,6.4,1.54,2.12,2.54,6.83,23.12,0.936,94.96
U003,43,2026-07-23,Thursday,43,7.64,0.43,5.39,0.99,1.46,3.36,8.47,24.77,0.948,92.88
U004,43,2026-07-23,Thursday,43,8.49,0.25,5.12,1.18,2.16,3.33,7.27,22.75,0.905,92.77
U005,43,2026-07-23,Thursday,43,7.63,0.0,6.5,1.12,2.94,2.43,7.15,22.64,0.886,87.94
U006,43,2026-07-23,Thursday,43,8.06,0.94,5.29,1.13,2.56,3.31,7.49,23.61,0.811,97.66
U007,43,2026-07-23,Thursday,43,7.51,1.05,5.44,1.58,2.21,3.79,8.83,24.96,0.838,97.66
U008,43,2026-07-23,Thursday,43,7.05,0.38,7.09,0.33,2.93,3.24,7.27,23.01,0.934,90.77
U009,43,2026-07-23,Thursday,43,6.78,1.04,5.6,1.73,2.68,3.11,7.81,23.47,0.947,96.82
U010,43,2026-07-23,Thursday,43,8.52,1.02,6.93,1.33,2.0,2.66,7.17,23.13,0.836,98.0
U001,43,2026-07-24,Friday,43,7.58,0.88,7.91,1.01,2.83,3.27,7.47,23.11,0.898,96.73
U002,43,2026-07-24,Friday,43,6.35,1.26,6.32,1.45,1.55,3.29,6.69,22.02,0.873,97.2
U003,43,2026-07-24,Friday,43,8.24,0.52,6.86,1.61,1.59,3.87,7.81,23.62,0.959,95.39
U004,43,2026-07-24,Friday,43,6.79,1.81,6.41,1.73,1.91,2.45,7.53,23.35,0.915,98.0
U005,43,2026-07-24,Friday,43,5.95,1.49,6.48,0.9,2.15,3.29,7.9,23.85,0.876,98.0
U006,43,2026-07-24,Friday,43,8.76,0.65,5.55,1.57,1.42,2.96,7.96,23.97,0.892,97.32
U007,43,2026-07-24,Friday,43,7.97,0.73,6.13,2.07,1.86,2.99,7.09,23.65,0.974,96.96
U008,43,2026-07-24,Friday,43,8.75,0.8,5.33,2.24,1.55,1.65,7.77,23.69,0.853,98.0
U009,43,2026-07-24,Friday,43,7.5,0.82,6.57,1.28,2.2,3.58,6.98,23.55,0.944,96.39
U010,43,2026-07-24,Friday,43,7.73,0.27,5.0,2.03,2.08,3.62,7.37,23.47,0.875,90.78
U001,43,2026-07-25,Saturday,43,7.83,0.76,3.36,2.16,2.1,2.78,7.62,23.94,0.912,96.3
U002,43,2026-07-25,Saturday,43,7.77,0.16,3.22,2.63,1.59,4.47,8.45,24.34,0.817,89.19
U003,43,2026-07-25,Saturday,43,7.14,0.98,3.42,0.72,0.99,2.89,7.07,23.33,0.877,96.42
U004,43,2026-07-25,Saturday,43,6.85,0.75,1.85,2.63,1.94,3.25,7.68,23.21,0.961,94.23
U005,43,2026-07-25,Saturday,43,6.31,1.09,2.92,1.6,1.43,3.18,9.21,24.93,0.952,96.2
U006,43,2026-07-25,Saturday,43,7.13,1.23,1.63,1.73,2.48,2.96,8.73,24.94,0.879,98.0
U007,43,2026-07-25,Saturday,43,7.86,0.99,2.39,1.6,2.26,2.29,8.44,25.23,0.896,98.0
U008,43,2026-07-25,Saturday,43,7.66,0.38,2.88,1.19,2.11,3.4,8.27,25.16,0.98,92.75
U009,43,2026-07-25,Saturday,43,7.02,0.88,3.9,1.77,2.15,2.69,7.69,23.47,0.831,94.66
U010,43,2026-07-25,Saturday,43,7.0,0.37,2.45,2.01,2.63,2.79,8.02,24.63,0.869,89.89
U001,44,2026-07-26,Sunday,44,6.97,0.53,2.56,0.62,2.26,3.99,7.34,23.73,0.951,92.23
U002,44,2026-07-26,Sunday,44,7.26,1.21,3.23,2.0,0.96,3.16,7.13,23.56,0.891,98.0
U003,44,2026-07-26,Sunday,44,7.61,0.0,2.65,1.46,3.35,3.8,6.88,22.96,0.931,88.34
U004,44,2026-07-26,Sunday,44,8.58,0.47,2.91,2.33,2.25,1.87,6.78,22.47,0.851,94.66
U005,44,2026-07-26,Sunday,44,8.02,0.63,1.58,1.5,1.69,4.15,7.71,24.14,0.97,96.05
U006,44,2026-07-26,Sunday,44,8.11,0.46,3.82,0.96,2.47,2.78,8.23,24.18,0.898,93.86
U007,44,2026-07-26,Sunday,44,7.36,0.8,1.74,1.51,3.06,2.69,6.41,22.14,0.875,95.15
U008,44,2026-07-26,Sunday,44,8.71,0.07,2.73,2.04,2.58,2.84,8.38,24.02,0.963,92.11
U009,44,2026-07-26,Sunday,44,7.27,0.52,1.58,2.05,2.09,3.45,6.95,22.47,0.96,92.97
U010,44,2026-07-26,Sunday,44,7.74,0.58,3.1,0.36,2.07,3.17,7.6,23.62,0.922,94.37
U001,44,2026-07-27,Monday,44,8.06,0.41,5.76,1.46,2.68,2.69,7.42,22.96,0.939,93.64
U002,44,2026-07-27,Monday,44,6.61,0.52,4.79,1.23,2.71,2.82,7.41,23.12,0.946,91.19
U003,44,2026-07-27,Monday,44,7.8,0.11,5.4,0.95,2.27,2.49,7.7,23.68,0.847,89.07
U004,44,2026-07-27,Monday,44,6.85,0.35,5.33,1.61,1.7,3.88,7.05,23.53,0.918,89.81
U005,44,2026-07-27,Monday,44,8.03,0.0,6.86,2.28,2.68,3.18,7.36,23.62,0.98,89.88
U006,44,2026-07-27,Monday,44,8.17,0.15,5.02,0.79,3.04,2.98,8.36,24.33,0.98,91.72
U007,44,2026-07-27,Monday,44,7.97,1.18,6.58,0.67,2.46,4.15,7.13,23.08,0.801,98.0
U008,44,2026-07-27,Monday,44,7.76,0.21,5.1,1.82,2.34,2.91,6.51,22.17,0.873,90.23
U009,44,2026-07-27,Monday,44,8.27,0.78,5.7,1.26,2.81,1.0,8.86,24.89,0.783,96.3
U010,44,2026-07-27,Monday,44,8.1,0.68,7.03,1.22,1.97,1.6,7.87,24.16,0.914,96.19
U001,44,2026-07-28,Tuesday,44,8.93,1.26,5.13,1.24,2.17,4.04,7.03,23.2,0.867,98.0
U002,44,2026-07-28,Tuesday,44,6.82,0.75,6.3,1.0,2.47,4.14,7.89,23.96,0.906,93.61
U003,44,2026-07-28,Tuesday,44,7.42,0.85,3.98,1.9,2.03,4.1,7.19,24.35,0.964,96.69
U004,44,2026-07-28,Tuesday,44,7.81,1.08,6.51,1.82,2.34,2.71,7.4,23.81,0.869,98.0
U005,44,2026-07-28,Tuesday,44,7.26,1.31,7.49,1.08,2.54,3.49,7.31,24.27,0.852,98.0
U006,44,2026-07-28,Tuesday,44,7.26,1.42,6.52,0.71,1.77,2.44,7.54,23.02,0.876,98.0
U007,44,2026-07-28,Tuesday,44,7.82,0.48,3.9,1.73,1.8,2.65,7.52,23.33,0.98,94.15
U008,44,2026-07-28,Tuesday,44,7.55,1.03,5.78,1.1,1.97,3.06,8.33,23.51,0.839,97.56
U009,44,2026-07-28,Tuesday,44,7.45,0.39,7.06,1.94,2.29,3.44,7.37,23.1,0.789,90.42
U010,44,2026-07-28,Tuesday,44,7.0,0.8,6.66,0.53,1.97,3.01,7.42,23.74,0.95,95.0
U001,44,2026-07-29,Wednesday,44,8.02,1.32,5.54,2.16,2.48,2.46,7.14,23.62,0.98,98.0
U002,44,2026-07-29,Wednesday,44,8.11,0.9,6.38,1.56,2.05,2.76,7.59,24.26,0.867,97.95
U003,44,2026-07-29,Wednesday,44,8.34,0.81,5.86,0.83,2.11,2.32,7.44,23.43,0.946,98.0
U004,44,2026-07-29,Wednesday,44,7.53,0.97,5.5,0.99,1.97,3.69,7.82,23.55,0.979,98.0
U005,44,2026-07-29,Wednesday,44,7.28,1.08,7.82,1.65,2.25,3.97,6.88,22.76,0.84,97.4
U006,44,2026-07-29,Wednesday,44,7.56,0.55,4.81,1.22,1.42,3.84,7.46,23.41,0.813,92.53
U007,44,2026-07-29,Wednesday,44,7.25,0.19,5.76,1.02,1.62,2.22,6.91,23.12,0.896,88.99
U008,44,2026-07-29,Wednesday,44,8.15,0.8,5.1,0.77,2.73,1.95,7.76,23.93,0.9,97.38
U009,44,2026-07-29,Wednesday,44,6.84,0.2,6.53,1.02,2.0,3.49,7.0,23.0,0.942,88.52
U010,44,2026-07-29,Wednesday,44,7.15,0.53,5.79,1.27,2.88,3.32,6.94,22.63,0.81,91.28
U001,44,2026-07-30,Thursday,44,8.98,0.78,6.49,0.7,2.31,2.14,7.73,23.6,0.9,98.0
U002,44,2026-07-30,Thursday,44,6.99,0.0,6.28,0.88,2.02,2.19,7.39,22.99,0.913,86.6
U003,44,2026-07-30,Thursday,44,7.44,0.59,2.97,1.5,3.18,3.92,6.52,22.64,0.932,93.82
U004,44,2026-07-30,Thursday,44,6.41,0.86,4.67,1.54,2.12,1.49,7.82,23.82,0.94,94.03
U005,44,2026-07-30,Thursday,44,7.78,0.69,7.21,1.14,2.43,2.23,7.82,23.88,0.889,95.24
U006,44,2026-07-30,Thursday,44,9.81,1.04,5.98,1.37,2.18,3.15,7.87,23.98,0.98,98.0
U007,44,2026-07-30,Thursday,44,9.57,0.43,7.34,2.2,2.86,3.4,7.93,23.55,0.98,98.0
U008,44,2026-07-30,Thursday,44,7.95,0.88,5.81,1.27,1.52,2.67,7.23,23.71,0.921,97.88
U009,44,2026-07-30,Thursday,44,7.34,0.39,3.97,1.69,2.52,3.04,7.42,23.25,0.98,92.05
U010,44,2026-07-30,Thursday,44,8.24,0.57,6.19,1.64,2.31,1.92,7.64,23.32,0.814,94.44
U001,44,2026-07-31,Friday,44,7.14,0.4,4.9,1.63,2.38,3.64,7.64,22.89,0.89,90.75
U002,44,2026-07-31,Friday,44,7.58,0.63,6.99,1.96,1.66,3.73,8.15,24.15,0.947,94.72
U003,44,2026-07-31,Friday,44,8.03,0.45,5.59,2.02,1.5,1.83,7.24,23.1,0.899,93.56
U004,44,2026-07-31,Friday,44,5.75,0.79,5.19,1.33,1.95,3.72,7.45,23.17,0.939,91.67
U005,44,2026-07-31,Friday,44,6.43,0.48,6.5,1.71,2.87,2.92,6.75,22.38,0.97,90.58
U006,44,2026-07-31,Friday,44,7.18,0.05,4.63,1.52,2.21,2.15,7.99,23.79,0.954,87.99
U007,44,2026-07-31,Friday,44,7.51,0.62,4.37,1.9,2.14,4.24,6.49,22.32,0.903,94.01
U008,44,2026-07-31,Friday,44,7.94,0.39,5.36,1.62,2.88,2.86,8.38,23.74,0.848,92.23
U009,44,2026-07-31,Friday,44,7.6,0.0,5.76,1.43,2.81,3.13,8.36,25.09,0.939,88.39
U010,44,2026-07-31,Friday,44,7.86,1.11,6.69,2.02,2.25,4.32,7.19,23.73,0.957,98.0
U001,44,2026-08-01,Saturday,44,7.2,0.99,2.4,1.56,2.23,2.48,6.89,22.78,0.9,96.9
U002,44,2026-08-01,Saturday,44,7.26,0.93,2.03,1.53,2.45,1.11,7.24,23.81,0.882,96.27
U003,44,2026-08-01,Saturday,44,7.35,0.91,2.71,1.58,1.57,1.29,8.27,24.73,0.898,96.45
U004,44,2026-08-01,Saturday,44,8.32,1.25,1.74,2.16,2.17,2.6,6.86,22.96,0.882,98.0
U005,44,2026-08-01,Saturday,44,5.9,1.0,2.71,0.84,2.22,2.59,7.04,22.53,0.909,93.84
U006,44,2026-08-01,Saturday,44,9.54,0.73,3.61,1.46,2.01,2.63,6.83,22.64,0.948,98.0
U007,44,2026-08-01,Saturday,44,7.2,0.16,1.5,1.04,2.73,4.74,7.79,23.51,0.923,88.83
U008,44,2026-08-01,Saturday,44,8.16,0.04,2.06,1.4,2.11,4.18,6.75,22.73,0.879,89.59
U009,44,2026-08-01,Saturday,44,8.27,0.37,3.27,2.31,1.76,2.21,9.11,24.92,0.809,92.47
U010,44,2026-08-01,Saturday,44,7.96,0.17,3.44,0.51,1.54,3.17,7.93,23.38,0.946,91.06
U001,45,2026-08-02,Sunday,45,8.39,0.89,2.34,1.52,2.08,2.14,6.04,21.88,0.784,97.72
U002,45,2026-08-02,Sunday,45,6.95,0.81,4.6,0.64,1.95,1.81,6.94,23.13,0.886,94.33
U003,45,2026-08-02,Sunday,45,8.32,0.5,2.16,1.11,1.23,4.29,6.27,22.05,0.949,95.29
U004,45,2026-08-02,Sunday,45,6.66,0.65,2.4,1.98,2.15,2.25,7.06,22.87,0.894,92.09
U005,45,2026-08-02,Sunday,45,7.24,0.51,2.48,1.6,2.6,3.78,8.27,23.97,0.919,92.39
U006,45,2026-08-02,Sunday,45,7.11,0.71,2.02,1.33,1.45,1.67,7.01,22.67,0.854,93.41
U007,45,2026-08-02,Sunday,45,7.29,0.68,2.96,0.97,1.31,3.94,7.51,23.92,0.902,94.04
U008,45,2026-08-02,Sunday,45,7.5,0.9,2.68,1.5,1.96,2.97,6.37,21.72,0.832,96.07
U009,45,2026-08-02,Sunday,45,7.4,1.46,3.31,1.6,2.99,3.5,8.13,24.02,0.907,98.0
U010,45,2026-08-02,Sunday,45,7.92,1.26,1.5,1.06,1.96,2.98,7.07,23.58,0.98,98.0
U001,45,2026-08-03,Monday,45,7.94,0.55,5.03,1.58,2.46,3.37,7.85,24.53,0.926,94.61
U002,45,2026-08-03,Monday,45,7.48,0.92,5.28,1.07,1.78,3.73,6.99,22.87,0.888,96.78
U003,45,2026-08-03,Monday,45,7.48,1.04,4.62,0.5,1.14,3.43,8.0,23.57,0.963,98.0
U004,45,2026-08-03,Monday,45,7.17,0.01,5.33,1.81,1.54,4.32,7.61,24.14,0.903,87.05
U005,45,2026-08-03,Monday,45,8.58,0.43,5.57,1.23,2.42,3.23,7.88,23.72,0.921,94.96
U006,45,2026-08-03,Monday,45,7.13,0.72,3.21,2.13,1.98,3.16,7.24,22.93,0.942,94.45
U007,45,2026-08-03,Monday,45,6.63,0.8,5.95,1.18,2.49,3.08,8.05,24.02,0.98,94.38
U008,45,2026-08-03,Monday,45,8.15,0.44,5.59,0.84,2.18,3.17,6.83,23.08,0.966,94.44
U009,45,2026-08-03,Monday,45,6.95,0.73,5.15,0.71,2.5,4.69,6.96,22.98,0.843,93.1
U010,45,2026-08-03,Monday,45,8.56,1.31,6.14,1.87,2.58,3.21,8.12,24.13,0.836,98.0
U001,45,2026-08-04,Tuesday,45,7.63,0.48,6.65,1.7,2.49,3.06,6.61,22.07,0.901,92.89
U002,45,2026-08-04,Tuesday,45,6.59,0.78,5.54,1.0,2.34,1.83,7.68,23.32,0.945,93.72
U003,45,2026-08-04,Tuesday,45,7.37,0.49,3.81,0.8,1.65,2.62,5.68,21.6,0.905,92.38
U004,45,2026-08-04,Tuesday,45,6.88,0.85,4.5,1.24,3.48,2.25,7.8,24.04,0.895,94.65
U005,45,2026-08-04,Tuesday,45,8.15,0.85,7.7,1.92,2.77,2.63,7.32,23.32,0.871,97.59
U006,45,2026-08-04,Tuesday,45,6.8,0.36,4.55,1.81,1.71,3.26,6.39,22.3,0.947,90.07
U007,45,2026-08-04,Tuesday,45,7.25,1.37,7.36,0.91,1.51,3.2,8.02,23.9,0.904,98.0
U008,45,2026-08-04,Tuesday,45,6.5,0.53,6.71,0.68,2.43,3.79,7.15,22.72,0.825,89.8
U009,45,2026-08-04,Tuesday,45,7.52,0.44,5.84,1.92,1.64,2.63,7.49,22.76,0.88,92.0
U010,45,2026-08-04,Tuesday,45,7.5,0.26,4.94,1.36,2.01,3.06,7.94,24.67,0.859,89.94
U001,45,2026-08-05,Wednesday,45,8.1,0.78,6.65,0.2,1.92,2.4,7.83,23.74,0.826,96.31
U002,45,2026-08-05,Wednesday,45,8.05,1.46,5.32,2.23,2.7,4.2,7.97,23.98,0.851,98.0
U003,45,2026-08-05,Wednesday,45,7.31,1.21,5.12,0.92,1.44,4.0,7.3,23.31,0.918,98.0
U004,45,2026-08-05,Wednesday,45,5.09,0.31,5.39,1.63,2.2,1.22,7.26,22.63,0.879,84.61
U005,45,2026-08-05,Wednesday,45,6.57,0.85,6.75,1.61,2.37,4.7,7.47,23.08,0.928,94.2
U006,45,2026-08-05,Wednesday,45,9.23,0.41,6.2,1.07,2.47,4.05,7.51,22.73,0.917,96.34
U007,45,2026-08-05,Wednesday,45,7.72,0.72,6.5,1.51,2.29,4.5,7.83,23.11,0.926,95.76
U008,45,2026-08-05,Wednesday,45,7.39,0.4,4.47,1.6,1.71,3.46,8.59,24.67,0.924,91.71
U009,45,2026-08-05,Wednesday,45,9.21,1.11,7.0,3.02,1.32,3.66,8.6,24.19,0.925,98.0
U010,45,2026-08-05,Wednesday,45,8.62,0.35,7.4,1.35,1.29,3.75,8.0,24.2,0.893,93.98
U001,45,2026-08-06,Thursday,45,7.35,0.0,4.13,1.25,1.9,3.37,6.47,22.48,0.886,87.23
U002,45,2026-08-06,Thursday,45,8.84,0.52,5.34,1.43,2.37,2.18,8.29,24.19,0.98,97.1
U003,45,2026-08-06,Thursday,45,8.44,0.14,6.18,1.79,3.11,3.53,7.36,23.35,0.98,92.3
U004,45,2026-08-06,Thursday,45,8.52,0.32,6.27,1.3,2.67,3.58,8.5,24.58,0.951,94.01
U005,45,2026-08-06,Thursday,45,8.67,0.26,5.12,1.38,1.57,2.83,8.45,24.33,0.83,92.57
U006,45,2026-08-06,Thursday,45,8.47,0.51,5.69,1.17,1.24,4.43,7.85,23.69,0.98,96.07
U007,45,2026-08-06,Thursday,45,6.82,0.34,6.27,1.16,1.73,4.25,8.42,24.05,0.963,90.08
U008,45,2026-08-06,Thursday,45,7.38,1.14,5.77,1.07,3.18,3.56,7.6,23.55,0.876,98.0
U009,45,2026-08-06,Thursday,45,8.02,0.67,4.7,0.94,3.41,2.85,7.8,23.13,0.872,95.47
U010,45,2026-08-06,Thursday,45,8.05,0.85,5.15,1.03,2.98,3.84,7.12,23.69,0.978,98.0
U001,45,2026-08-07,Friday,45,7.79,0.62,5.68,0.82,2.58,3.0,6.75,22.07,0.923,94.91
U002,45,2026-08-07,Friday,45,8.59,0.75,4.12,1.79,3.16,2.07,7.16,22.61,0.879,97.76
U003,45,2026-08-07,Friday,45,7.39,1.06,4.91,1.65,2.02,3.2,7.06,22.98,0.889,97.96
U004,45,2026-08-07,Friday,45,7.01,0.96,6.64,2.13,2.81,3.67,8.1,24.3,0.935,96.47
U005,45,2026-08-07,Friday,45,6.61,0.96,4.86,1.82,2.08,3.87,8.18,24.43,0.855,94.67
U006,45,2026-08-07,Friday,45,7.35,0.68,6.98,1.55,2.28,4.32,7.04,23.33,0.952,94.69
U007,45,2026-08-07,Friday,45,7.94,1.33,5.86,1.87,2.78,3.08,6.7,23.01,0.874,98.0
U008,45,2026-08-07,Friday,45,8.04,0.23,4.41,1.71,2.19,3.36,7.64,23.58,0.929,91.69
U009,45,2026-08-07,Friday,45,7.04,0.67,6.17,1.46,2.53,4.23,8.98,24.7,0.91,93.4
U010,45,2026-08-07,Friday,45,7.04,1.19,6.48,1.4,1.82,3.51,7.35,23.57,0.968,98.0
U001,45,2026-08-08,Saturday,45,7.98,0.36,1.69,0.51,2.28,3.57,7.61,23.44,0.926,92.81
U002,45,2026-08-08,Saturday,45,7.1,0.84,1.88,1.46,2.44,4.69,7.32,23.73,0.98,95.95
U003,45,2026-08-08,Saturday,45,8.45,0.2,3.43,1.52,2.86,2.77,7.41,23.62,0.879,91.91
U004,45,2026-08-08,Saturday,45,7.68,0.5,2.52,1.14,1.74,3.19,7.43,24.19,0.98,94.0
U005,45,2026-08-08,Saturday,45,6.75,0.71,1.73,0.61,1.69,2.46,7.23,22.85,0.901,92.98
U006,45,2026-08-08,Saturday,45,8.1,0.48,1.75,1.14,2.99,3.92,7.43,24.31,0.82,93.25
U007,45,2026-08-08,Saturday,45,7.41,0.87,1.5,1.55,1.78,2.38,7.86,24.07,0.892,96.15
U008,45,2026-08-08,Saturday,45,7.75,0.97,1.82,2.04,1.91,2.69,7.45,23.23,0.947,98.0
U009,45,2026-08-08,Saturday,45,6.69,0.83,3.95,2.3,1.63,4.37,8.95,24.39,0.832,93.34
U010,45,2026-08-08,Saturday,45,8.38,0.77,3.64,0.21,3.15,2.94,7.96,24.48,0.849,97.14
U001,46,2026-08-09,Sunday,46,7.32,0.55,3.73,2.45,2.25,3.45,7.83,23.08,0.93,93.1
U002,46,2026-08-09,Sunday,46,6.95,0.0,2.16,1.38,1.11,2.97,7.43,23.86,0.884,86.22
U003,46,2026-08-09,Sunday,46,7.44,0.0,3.16,2.1,3.43,4.11,7.69,22.82,0.962,88.22
U004,46,2026-08-09,Sunday,46,6.91,0.28,3.54,1.18,2.57,2.92,7.71,24.36,0.863,88.7
U005,46,2026-08-09,Sunday,46,7.69,0.33,3.21,1.14,2.07,3.3,8.08,24.02,0.932,91.84
U006,46,2026-08-09,Sunday,46,8.39,0.22,2.97,0.98,2.34,2.15,8.05,23.84,0.936,92.53
U007,46,2026-08-09,Sunday,46,7.49,0.75,1.99,0.87,3.18,2.26,8.25,24.94,0.874,94.96
U008,46,2026-08-09,Sunday,46,7.68,0.35,1.5,1.56,2.34,5.16,7.87,23.18,0.967,92.37
U009,46,2026-08-09,Sunday,46,5.83,0.21,2.72,1.57,2.9,4.14,7.76,23.48,0.883,85.5
U010,46,2026-08-09,Sunday,46,7.51,0.95,3.2,0.85,2.97,2.92,8.04,24.46,0.98,98.0
U001,46,2026-08-10,Monday,46,7.83,0.27,4.97,2.09,2.73,2.67,6.62,22.36,0.944,91.72
U002,46,2026-08-10,Monday,46,6.22,1.19,4.84,1.56,2.94,3.27,8.27,24.47,0.84,95.85
U003,46,2026-08-10,Monday,46,7.72,0.85,6.94,0.86,1.86,2.53,7.28,23.78,0.959,97.39
U004,46,2026-08-10,Monday,46,8.05,0.46,5.32,1.1,2.14,2.07,6.86,23.17,0.964,94.36
U005,46,2026-08-10,Monday,46,6.65,0.0,5.26,1.97,2.57,4.11,6.94,22.8,0.886,85.48
U006,46,2026-08-10,Monday,46,8.46,0.73,3.78,1.8,2.45,5.18,8.63,24.88,0.923,97.68
U007,46,2026-08-10,Monday,46,6.85,0.74,5.35,0.88,1.91,3.78,7.34,23.02,0.892,93.45
U008,46,2026-08-10,Monday,46,7.47,0.18,7.1,2.24,1.73,1.83,7.54,24.15,0.843,88.91
U009,46,2026-08-10,Monday,46,7.57,0.41,4.64,2.14,2.65,3.95,8.03,24.07,0.941,92.43
U010,46,2026-08-10,Monday,46,7.68,0.48,7.82,1.15,2.43,3.81,7.51,23.42,0.909,93.09
U001,46,2026-08-11,Tuesday,46,8.22,1.0,7.03,1.63,1.33,2.54,7.46,23.52,0.972,98.0
U002,46,2026-08-11,Tuesday,46,8.32,0.96,6.42,0.95,2.21,3.82,7.55,23.59,0.886,98.0
U003,46,2026-08-11,Tuesday,46,6.59,0.55,5.67,1.65,2.11,3.82,7.85,23.79,0.922,91.19
U004,46,2026-08-11,Tuesday,46,6.96,0.0,6.54,1.6,1.53,3.75,7.3,24.04,0.841,85.81
U005,46,2026-08-11,Tuesday,46,6.68,0.57,6.52,2.3,2.3,2.12,7.92,23.39,0.934,91.74
U006,46,2026-08-11,Tuesday,46,8.25,0.23,6.15,1.22,2.07,2.4,7.11,23.4,0.865,91.58
U007,46,2026-08-11,Tuesday,46,6.81,1.37,6.32,1.87,2.64,2.08,7.34,22.99,0.955,98.0
U008,46,2026-08-11,Tuesday,46,7.98,0.93,4.14,1.98,2.58,1.47,7.55,23.46,0.924,98.0
U009,46,2026-08-11,Tuesday,46,7.49,1.85,6.34,2.64,2.85,2.6,7.75,24.06,0.947,98.0
U010,46,2026-08-11,Tuesday,46,6.98,0.02,6.96,1.68,2.6,3.57,6.92,23.25,0.9,86.65
U001,46,2026-08-12,Wednesday,46,8.5,0.0,5.51,1.48,2.33,3.45,7.36,23.33,0.927,90.52
U002,46,2026-08-12,Wednesday,46,7.52,0.0,4.54,1.64,2.09,4.07,6.82,22.89,0.879,87.59
U003,46,2026-08-12,Wednesday,46,7.46,0.68,5.97,0.83,1.31,1.37,7.28,23.41,0.857,94.02
U004,46,2026-08-12,Wednesday,46,6.86,0.97,3.97,1.26,1.18,2.36,7.64,23.69,0.863,95.48
U005,46,2026-08-12,Wednesday,46,7.06,0.18,7.35,2.11,2.27,4.69,7.67,23.7,0.97,89.15
U006,46,2026-08-12,Wednesday,46,7.69,0.59,6.26,1.54,3.25,3.55,7.28,23.44,0.957,94.69
U007,46,2026-08-12,Wednesday,46,6.86,0.8,7.09,2.12,2.8,2.9,6.94,22.94,0.916,94.31
U008,46,2026-08-12,Wednesday,46,9.69,0.0,5.24,1.73,2.64,3.1,8.26,24.29,0.917,93.39
U009,46,2026-08-12,Wednesday,46,7.21,1.36,8.43,2.48,3.34,2.83,6.89,22.96,0.926,98.0
U010,46,2026-08-12,Wednesday,46,6.46,0.37,5.87,1.06,2.25,3.8,7.78,24.47,0.918,89.03
U001,46,2026-08-13,Thursday,46,8.81,0.58,5.9,2.38,2.56,3.31,7.91,24.26,0.798,95.81
U002,46,2026-08-13,Thursday,46,7.55,0.18,5.26,1.86,1.48,2.79,7.4,23.37,0.949,90.16
U003,46,2026-08-13,Thursday,46,7.73,0.88,4.55,1.28,2.41,4.33,7.75,23.9,0.884,96.97
U004,46,2026-08-13,Thursday,46,8.18,0.13,5.01,1.53,2.8,2.91,6.17,22.54,0.775,89.5
U005,46,2026-08-13,Thursday,46,7.31,0.55,6.5,1.8,1.76,2.22,8.16,24.38,0.862,92.4
U006,46,2026-08-13,Thursday,46,7.8,1.33,5.31,1.56,2.45,3.1,7.57,23.66,0.899,98.0
U007,46,2026-08-13,Thursday,46,8.67,0.89,6.64,1.69,2.21,3.37,8.34,24.16,0.846,98.0
U008,46,2026-08-13,Thursday,46,7.27,0.28,3.35,1.67,1.88,1.79,7.14,23.54,0.91,90.07
U009,46,2026-08-13,Thursday,46,7.22,0.17,6.61,1.96,2.36,2.53,7.49,23.71,0.93,89.05
U010,46,2026-08-13,Thursday,46,7.56,1.05,5.19,0.83,2.17,4.52,8.52,24.99,0.86,98.0
U001,46,2026-08-14,Friday,46,6.56,0.97,3.93,1.6,2.31,3.95,7.79,24.91,0.891,95.01
U002,46,2026-08-14,Friday,46,6.89,0.69,5.75,0.84,1.74,2.29,6.52,21.46,0.932,93.44
U003,46,2026-08-14,Friday,46,8.65,1.36,6.1,2.39,2.12,3.76,7.54,24.05,0.92,98.0
U004,46,2026-08-14,Friday,46,8.14,1.12,5.72,1.81,2.43,3.27,6.62,22.18,0.892,98.0
U005,46,2026-08-14,Friday,46,7.8,1.38,6.61,2.16,1.63,2.51,6.91,22.05,0.874,98.0
U006,46,2026-08-14,Friday,46,7.26,0.89,7.07,2.12,2.35,5.16,7.42,23.1,0.874,95.79
U007,46,2026-08-14,Friday,46,7.74,1.21,5.33,0.91,2.67,2.22,8.77,24.34,0.98,98.0
U008,46,2026-08-14,Friday,46,8.16,0.87,4.79,1.71,2.41,3.38,7.21,22.81,0.875,97.85
U009,46,2026-08-14,Friday,46,7.15,1.43,3.83,1.02,2.47,2.44,6.92,23.25,0.877,98.0
U010,46,2026-08-14,Friday,46,8.59,0.77,6.63,1.48,2.09,2.62,7.55,23.2,0.979,98.0
U001,46,2026-08-15,Saturday,46,7.22,0.0,2.57,1.21,1.66,2.18,8.04,24.11,0.936,87.41
U002,46,2026-08-15,Saturday,46,7.17,1.24,2.62,1.71,2.2,3.48,7.14,23.5,0.98,98.0
U003,46,2026-08-15,Saturday,46,7.8,0.9,3.36,0.84,2.3,3.71,7.3,23.47,0.879,97.29
U004,46,2026-08-15,Saturday,46,8.3,0.96,2.1,0.53,2.46,3.3,7.12,23.86,0.837,98.0
U005,46,2026-08-15,Saturday,46,6.86,1.09,3.28,1.16,2.27,4.06,8.3,24.24,0.904,97.09
U006,46,2026-08-15,Saturday,46,7.73,0.75,1.9,2.04,2.16,2.36,7.73,24.44,0.875,95.58
U007,46,2026-08-15,Saturday,46,8.34,0.36,2.31,1.26,2.63,3.43,7.07,23.28,0.842,92.87
U008,46,2026-08-15,Saturday,46,8.16,0.27,2.76,1.79,1.81,2.32,7.32,22.74,0.872,91.82
U009,46,2026-08-15,Saturday,46,7.6,0.32,1.95,2.26,2.33,3.88,7.3,22.6,0.934,91.54
U010,46,2026-08-15,Saturday,46,6.65,0.39,3.42,2.04,1.29,3.21,7.64,23.25,0.941,89.94
U001,47,2026-08-16,Sunday,47,7.29,1.93,2.64,2.12,2.21,3.44,7.25,22.53,0.98,98.0
U002,47,2026-08-16,Sunday,47,6.17,0.65,2.42,1.71,2.71,3.6,7.7,23.93,0.882,90.75
U003,47,2026-08-16,Sunday,47,8.19,0.74,1.95,0.97,1.59,3.28,7.59,23.63,0.874,96.61
U004,47,2026-08-16,Sunday,47,7.01,0.46,4.49,1.93,2.04,3.29,6.98,23.34,0.736,89.48
U005,47,2026-08-16,Sunday,47,6.65,0.37,2.52,1.04,1.83,3.16,8.08,23.97,0.9,89.33
U006,47,2026-08-16,Sunday,47,8.32,0.87,2.51,1.54,2.3,2.56,7.55,22.99,0.98,98.0
U007,47,2026-08-16,Sunday,47,7.93,1.38,2.38,1.14,2.64,3.0,6.4,23.0,0.854,98.0
U008,47,2026-08-16,Sunday,47,8.12,1.06,2.79,1.69,1.91,3.07,7.14,23.26,0.939,98.0
U009,47,2026-08-16,Sunday,47,7.19,0.73,2.48,1.82,2.16,2.85,7.47,22.75,0.959,94.86
U010,47,2026-08-16,Sunday,47,8.64,0.37,2.32,1.96,2.24,3.2,8.11,24.42,0.891,94.21
U001,47,2026-08-17,Monday,47,7.96,0.41,5.91,0.93,2.85,2.48,7.06,23.52,0.924,93.24
U002,47,2026-08-17,Monday,47,6.7,0.71,6.01,0.89,2.39,2.19,7.89,23.68,0.853,92.38
U003,47,2026-08-17,Monday,47,7.5,1.21,3.5,1.29,2.96,2.49,7.45,23.69,0.912,98.0
U004,47,2026-08-17,Monday,47,8.87,0.5,6.69,2.13,2.89,3.68,7.99,23.73,0.897,96.14
U005,47,2026-08-17,Monday,47,7.7,0.65,5.58,1.87,2.83,2.52,7.76,23.17,0.816,93.91
U006,47,2026-08-17,Monday,47,7.98,0.44,6.46,1.11,1.79,2.85,7.55,23.82,0.873,93.08
U007,47,2026-08-17,Monday,47,7.3,0.35,6.63,0.83,1.85,3.84,8.79,25.2,0.946,91.21
U008,47,2026-08-17,Monday,47,6.77,0.0,6.85,1.63,2.44,2.93,7.7,23.42,0.909,86.02
U009,47,2026-08-17,Monday,47,7.4,1.05,6.35,2.32,1.97,2.53,8.3,24.05,0.856,97.56
U010,47,2026-08-17,Monday,47,7.85,0.95,5.59,1.51,2.66,4.63,6.25,21.85,0.913,98.0
U001,47,2026-08-18,Tuesday,47,8.36,0.24,5.78,1.94,2.02,3.82,7.01,22.75,0.961,92.91
U002,47,2026-08-18,Tuesday,47,7.0,0.64,6.24,2.04,2.67,2.45,7.8,24.13,0.953,93.43
U003,47,2026-08-18,Tuesday,47,8.66,0.0,6.45,0.83,2.27,3.35,8.07,24.17,0.874,90.39
U004,47,2026-08-18,Tuesday,47,7.14,0.95,7.1,1.41,2.01,2.71,8.12,24.22,0.914,96.49
U005,47,2026-08-18,Tuesday,47,6.27,1.4,8.29,2.13,1.64,2.27,7.44,23.5,0.936,98.0
U006,47,2026-08-18,Tuesday,47,9.02,0.37,6.2,1.4,2.19,3.7,6.75,22.44,0.865,94.9
U007,47,2026-08-18,Tuesday,47,8.29,0.3,5.72,2.15,2.14,2.64,8.48,24.4,0.904,92.77
U008,47,2026-08-18,Tuesday,47,6.65,1.03,4.33,1.82,2.37,3.57,7.34,24.0,0.877,95.69
U009,47,2026-08-18,Tuesday,47,7.72,1.65,5.38,0.91,2.6,3.86,6.91,22.79,0.852,98.0
U010,47,2026-08-18,Tuesday,47,7.36,1.12,5.14,1.58,2.05,5.19,6.85,23.05,0.973,98.0
U001,47,2026-08-19,Wednesday,47,7.62,0.97,5.22,1.7,1.86,2.5,7.29,23.35,0.975,98.0
U002,47,2026-08-19,Wednesday,47,7.97,0.63,7.53,1.2,1.59,3.46,7.25,23.15,0.931,95.53
U003,47,2026-08-19,Wednesday,47,7.28,0.58,4.74,1.93,2.81,3.06,7.83,23.88,0.94,93.4
U004,47,2026-08-19,Wednesday,47,7.07,0.75,6.32,1.76,2.3,3.28,8.69,23.91,0.845,93.62
U005,47,2026-08-19,Wednesday,47,7.63,0.9,5.45,1.55,1.62,2.88,7.22,23.23,0.89,96.98
U006,47,2026-08-19,Wednesday,47,6.31,0.09,6.59,0.36,1.88,3.94,7.86,23.18,0.92,85.88
U007,47,2026-08-19,Wednesday,47,8.73,1.49,5.55,1.51,2.65,3.55,7.52,23.82,0.878,98.0
U008,47,2026-08-19,Wednesday,47,8.11,0.97,5.2,1.42,2.81,1.77,7.01,22.86,0.912,98.0
U009,47,2026-08-19,Wednesday,47,6.29,0.61,7.77,1.62,1.88,3.32,7.88,23.51,0.897,90.79
U010,47,2026-08-19,Wednesday,47,8.11,0.7,5.83,1.47,2.18,3.15,7.35,23.37,0.871,95.99
U001,47,2026-08-20,Thursday,47,6.59,0.53,5.23,2.0,2.18,2.13,7.68,23.31,0.85,90.27
U002,47,2026-08-20,Thursday,47,6.21,0.66,5.74,2.25,1.76,2.13,6.47,22.16,0.765,89.78
U003,47,2026-08-20,Thursday,47,8.26,0.97,5.79,0.96,1.77,2.5,7.46,23.9,0.875,98.0
U004,47,2026-08-20,Thursday,47,7.63,0.92,4.26,1.76,2.58,3.46,7.44,23.54,0.794,96.22
U005,47,2026-08-20,Thursday,47,7.43,0.54,7.15,1.19,2.49,3.29,6.38,22.32,0.957,93.55
U006,47,2026-08-20,Thursday,47,8.05,1.13,6.02,1.32,2.33,3.75,6.88,22.06,0.903,98.0
U007,47,2026-08-20,Thursday,47,9.13,1.2,6.82,1.45,2.59,3.92,7.27,23.17,0.922,98.0
U008,47,2026-08-20,Thursday,47,7.37,0.59,6.28,0.59,1.56,3.32,7.78,23.66,0.968,94.0
U009,47,2026-08-20,Thursday,47,7.41,0.9,6.74,2.23,3.03,1.97,7.7,23.95,0.849,96.02
U010,47,2026-08-20,Thursday,47,7.64,0.97,5.29,1.83,2.86,2.45,7.68,24.49,0.922,98.0
U001,47,2026-08-21,Friday,47,6.73,0.99,6.76,2.35,2.95,2.72,7.67,24.32,0.934,96.07
U002,47,2026-08-21,Friday,47,6.02,0.58,5.39,0.83,1.92,3.92,6.81,21.95,0.978,90.63
U003,47,2026-08-21,Friday,47,8.44,0.59,6.77,0.48,2.43,4.88,7.42,23.31,0.877,95.77
U004,47,2026-08-21,Friday,47,7.87,1.44,4.91,2.02,2.09,3.06,7.62,23.48,0.887,98.0
U005,47,2026-08-21,Friday,47,7.23,0.79,6.95,1.03,2.2,4.44,7.33,23.75,0.89,94.88
U006,47,2026-08-21,Friday,47,7.24,0.45,6.23,1.49,2.78,4.71,7.37,22.82,0.881,91.41
U007,47,2026-08-21,Friday,47,7.37,0.94,5.76,2.2,2.23,3.51,8.33,24.54,0.909,96.91
U008,47,2026-08-21,Friday,47,8.17,0.74,4.84,1.57,2.1,3.48,7.47,24.32,0.9,96.83
U009,47,2026-08-21,Friday,47,7.59,0.58,7.25,1.8,2.06,3.39,7.36,23.1,0.782,92.59
U010,47,2026-08-21,Friday,47,9.43,0.86,5.93,1.04,1.61,3.3,7.19,23.05,0.918,98.0
U001,47,2026-08-22,Saturday,47,7.83,0.99,3.43,0.86,2.0,3.15,7.19,23.65,0.972,98.0
U002,47,2026-08-22,Saturday,47,6.52,1.68,2.13,1.74,2.29,1.84,6.97,23.62,0.814,98.0
U003,47,2026-08-22,Saturday,47,7.94,0.57,2.26,2.49,2.04,2.95,7.48,23.5,0.873,94.28
U004,47,2026-08-22,Saturday,47,7.75,0.67,1.93,1.34,2.8,2.54,7.52,23.58,0.911,95.19
U005,47,2026-08-22,Saturday,47,7.19,1.01,2.61,0.99,1.57,2.4,7.04,23.33,0.963,97.7
U006,47,2026-08-22,Saturday,47,8.35,0.03,2.26,1.92,1.88,1.75,7.82,23.86,0.98,90.97
U007,47,2026-08-22,Saturday,47,6.74,0.87,2.44,1.92,1.52,2.89,6.92,23.53,0.972,95.27
U008,47,2026-08-22,Saturday,47,7.65,0.31,3.38,1.38,1.93,3.36,7.64,23.61,0.853,90.75
U009,47,2026-08-22,Saturday,47,7.37,0.55,2.18,1.12,2.34,2.49,6.97,23.25,0.929,93.22
U010,47,2026-08-22,Saturday,47,7.51,0.84,2.47,0.61,2.27,3.66,6.94,22.93,0.98,96.98
U001,48,2026-08-23,Sunday,48,6.89,0.8,3.13,1.56,2.15,3.84,6.92,22.58,0.881,94.03
U002,48,2026-08-23,Sunday,48,7.36,0.57,3.17,1.49,2.78,3.06,7.75,23.49,0.96,93.7
U003,48,2026-08-23,Sunday,48,8.45,0.11,2.33,1.86,2.36,3.12,8.33,24.66,0.98,92.02
U004,48,2026-08-23,Sunday,48,6.98,0.09,3.93,0.37,2.24,3.68,6.83,23.43,0.896,87.31
U005,48,2026-08-23,Sunday,48,6.17,1.01,1.61,1.4,1.52,2.88,6.88,23.39,0.862,94.14
U006,48,2026-08-23,Sunday,48,7.35,0.89,3.32,1.69,2.1,1.87,7.76,23.41,0.932,96.59
U007,48,2026-08-23,Sunday,48,7.24,0.0,2.22,1.86,2.5,5.38,7.59,22.85,0.859,86.69
U008,48,2026-08-23,Sunday,48,7.08,1.01,1.54,1.31,2.71,4.58,6.1,21.59,0.907,96.87
U009,48,2026-08-23,Sunday,48,7.88,1.06,4.16,1.96,2.17,2.55,7.52,23.36,0.864,98.0
U010,48,2026-08-23,Sunday,48,8.33,0.8,3.24,0.6,2.1,2.07,7.53,23.53,0.907,97.9
U001,48,2026-08-24,Monday,48,6.69,0.99,5.47,2.01,1.99,1.76,7.16,22.81,0.877,95.39
U002,48,2026-08-24,Monday,48,7.33,0.32,6.25,2.46,1.75,3.21,7.56,23.56,0.919,90.72
U003,48,2026-08-24,Monday,48,6.76,0.99,4.75,2.11,2.39,4.46,7.27,22.88,0.98,96.6
U004,48,2026-08-24,Monday,48,8.12,0.0,6.39,0.39,1.34,1.79,7.33,22.55,0.798,88.28
U005,48,2026-08-24,Monday,48,5.78,0.87,5.66,1.28,2.44,1.79,8.37,24.05,0.895,92.1
U006,48,2026-08-24,Monday,48,8.12,0.94,4.94,1.29,2.16,3.48,7.21,23.73,0.825,97.95
U007,48,2026-08-24,Monday,48,7.68,0.66,4.17,2.39,2.03,1.69,7.4,23.87,0.98,95.6
U008,48,2026-08-24,Monday,48,8.47,0.7,5.47,1.46,2.93,3.97,7.88,24.87,0.94,97.57
U009,48,2026-08-24,Monday,48,6.91,1.22,5.88,1.02,2.14,3.53,8.03,24.16,0.93,98.0
U010,48,2026-08-24,Monday,48,7.89,0.39,6.85,0.94,2.33,3.43,7.79,24.27,0.885,92.47
U001,48,2026-08-25,Tuesday,48,6.98,0.88,3.65,1.3,2.62,2.3,7.76,23.3,0.952,95.77
U002,48,2026-08-25,Tuesday,48,5.1,1.02,7.35,2.4,2.84,3.52,7.97,23.83,0.882,91.77
U003,48,2026-08-25,Tuesday,48,9.17,0.83,4.73,1.45,2.16,2.63,8.3,24.13,0.926,98.0
U004,48,2026-08-25,Tuesday,48,7.56,0.14,5.17,1.98,3.02,4.07,7.6,23.29,0.936,89.66
U005,48,2026-08-25,Tuesday,48,6.24,0.99,8.47,1.37,2.84,3.06,7.44,23.73,0.972,95.22
U006,48,2026-08-25,Tuesday,48,7.57,1.67,5.33,1.93,2.07,2.64,7.0,23.04,0.896,98.0
U007,48,2026-08-25,Tuesday,48,7.06,0.3,6.21,1.83,2.15,3.17,7.73,23.84,0.98,90.45
U008,48,2026-08-25,Tuesday,48,7.09,1.15,6.38,1.52,1.48,2.78,7.61,23.92,0.861,97.83
U009,48,2026-08-25,Tuesday,48,7.33,0.16,5.46,1.27,2.2,2.73,7.27,23.53,0.914,89.06
U010,48,2026-08-25,Tuesday,48,7.14,1.34,5.16,1.3,1.3,3.59,8.03,23.33,0.874,98.0
U001,48,2026-08-26,Wednesday,48,8.1,0.0,6.8,1.56,2.31,3.92,7.18,23.19,0.914,89.39
U002,48,2026-08-26,Wednesday,48,7.3,0.71,4.2,1.63,2.6,3.59,7.34,22.76,0.933,94.68
U003,48,2026-08-26,Wednesday,48,6.91,0.54,4.11,1.2,2.89,4.74,8.09,24.7,0.878,91.46
U004,48,2026-08-26,Wednesday,48,7.98,1.24,5.52,1.18,2.62,3.14,7.84,23.43,0.94,98.0
U005,48,2026-08-26,Wednesday,48,5.89,0.0,6.94,1.68,2.91,1.69,8.59,23.92,0.953,84.25
U006,48,2026-08-26,Wednesday,48,7.31,1.08,5.93,1.96,2.87,1.68,8.0,24.03,0.917,98.0
U007,48,2026-08-26,Wednesday,48,6.77,0.6,5.19,1.32,3.1,2.38,7.1,22.95,0.803,90.95
U008,48,2026-08-26,Wednesday,48,7.11,0.7,5.06,0.28,2.06,2.67,7.22,22.65,0.98,94.58
U009,48,2026-08-26,Wednesday,48,8.32,0.29,4.77,1.84,2.93,3.68,7.14,22.73,0.856,92.26
U010,48,2026-08-26,Wednesday,48,7.05,1.03,7.1,1.59,2.41,2.77,8.62,25.16,0.877,96.69
U001,48,2026-08-27,Thursday,48,5.82,0.58,6.52,1.56,2.54,4.94,6.95,22.58,0.918,89.53
U002,48,2026-08-27,Thursday,48,8.47,0.75,5.86,0.97,1.9,2.44,7.7,24.19,0.98,98.0
U003,48,2026-08-27,Thursday,48,7.98,0.57,6.02,0.67,2.14,2.24,7.29,23.43,0.82,93.85
U004,48,2026-08-27,Thursday,48,7.23,0.81,4.47,2.18,1.97,3.92,7.54,23.23,0.98,95.98
U005,48,2026-08-27,Thursday,48,7.31,0.09,6.35,0.61,2.6,3.06,8.77,24.77,0.941,88.59
U006,48,2026-08-27,Thursday,48,9.12,0.48,6.51,0.54,2.89,3.99,7.23,23.74,0.919,96.79
U007,48,2026-08-27,Thursday,48,7.92,1.02,5.86,1.88,1.69,2.94,6.63,22.16,0.973,98.0
U008,48,2026-08-27,Thursday,48,9.14,0.52,4.34,2.02,2.34,3.3,6.49,22.54,0.941,97.46
U009,48,2026-08-27,Thursday,48,7.53,0.27,7.0,0.94,2.31,2.35,6.36,21.9,0.967,91.2
U010,48,2026-08-27,Thursday,48,7.22,0.65,6.05,2.04,2.46,2.98,7.25,22.86,0.914,93.69
U001,48,2026-08-28,Friday,48,7.2,0.92,5.35,1.17,1.78,3.4,8.75,24.93,0.937,96.57
U002,48,2026-08-28,Friday,48,8.47,0.47,7.17,2.07,1.85,3.6,7.49,22.67,0.846,94.33
U003,48,2026-08-28,Friday,48,7.77,1.19,5.0,1.45,2.25,2.89,6.56,23.17,0.871,98.0
U004,48,2026-08-28,Friday,48,7.81,0.85,5.22,1.79,1.75,3.34,6.53,22.43,0.884,96.87
U005,48,2026-08-28,Friday,48,6.93,0.4,6.72,2.13,0.87,2.66,7.73,23.86,0.87,90.03
U006,48,2026-08-28,Friday,48,6.26,0.39,5.85,0.91,2.08,3.36,8.45,24.74,0.946,89.01
U007,48,2026-08-28,Friday,48,7.28,1.53,6.65,1.33,2.16,2.33,7.6,24.47,0.889,98.0
U008,48,2026-08-28,Friday,48,6.87,0.28,5.96,2.23,1.4,4.78,7.05,23.38,0.905,89.02
U009,48,2026-08-28,Friday,48,8.95,0.04,7.35,0.89,1.51,2.89,7.82,24.05,0.904,91.82
U010,48,2026-08-28,Friday,48,7.49,0.48,5.03,1.51,2.36,3.25,6.42,22.79,0.841,91.93
U001,48,2026-08-29,Saturday,48,7.12,1.55,1.52,1.88,1.94,3.67,6.96,23.22,0.98,98.0
U002,48,2026-08-29,Saturday,48,6.9,0.91,2.04,2.6,2.06,3.51,7.11,22.94,0.931,95.66
U003,48,2026-08-29,Saturday,48,8.27,0.84,2.42,1.03,2.15,4.49,8.3,24.02,0.959,98.0
U004,48,2026-08-29,Saturday,48,9.33,0.18,2.76,1.6,2.6,2.92,8.24,24.11,0.885,93.97
U005,48,2026-08-29,Saturday,48,6.85,0.78,2.9,2.04,2.27,3.51,8.21,23.44,0.902,93.94
U006,48,2026-08-29,Saturday,48,8.34,0.75,4.03,1.19,1.76,2.61,6.53,22.61,0.98,98.0
U007,48,2026-08-29,Saturday,48,8.58,1.34,2.8,2.02,2.38,2.61,7.43,23.35,0.956,98.0
U008,48,2026-08-29,Saturday,48,7.04,0.29,2.3,1.09,2.3,3.99,7.38,22.7,0.918,89.68
U009,48,2026-08-29,Saturday,48,8.29,0.62,3.19,1.35,2.81,3.01,7.51,23.11,0.859,95.52
U010,48,2026-08-29,Saturday,48,7.41,1.07,2.31,1.9,2.47,3.36,7.56,24.23,0.964,98.0
U001,49,2026-08-30,Sunday,49,8.49,1.64,3.3,1.89,1.73,3.91,7.71,23.22,0.908,98.0
U002,49,2026-08-30,Sunday,49,8.22,0.68,2.58,1.42,3.67,3.62,7.32,23.74,0.85,95.85
U003,49,2026-08-30,Sunday,49,8.41,0.5,1.74,1.81,1.54,3.11,7.82,24.6,0.98,95.83
U004,49,2026-08-30,Sunday,49,6.96,1.45,2.69,1.61,2.59,3.6,7.62,23.54,0.974,98.0
U005,49,2026-08-30,Sunday,49,6.99,0.48,1.76,0.85,2.14,2.87,7.43,24.05,0.921,91.48
U006,49,2026-08-30,Sunday,49,8.37,0.14,4.06,2.04,1.05,2.15,7.92,23.95,0.878,91.11
U007,49,2026-08-30,Sunday,49,5.72,1.84,2.06,1.98,2.95,2.34,6.73,23.37,0.869,98.0
U008,49,2026-08-30,Sunday,49,8.28,0.69,1.97,1.44,2.39,4.09,7.03,23.21,0.886,96.46
U009,49,2026-08-30,Sunday,49,7.22,1.04,2.16,1.01,1.97,3.73,6.6,22.84,0.88,97.25
U010,49,2026-08-30,Sunday,49,7.46,0.0,2.64,1.15,2.19,4.29,7.99,23.83,0.943,88.08
U001,49,2026-08-31,Monday,49,7.09,1.29,7.52,1.32,2.85,3.05,7.27,23.42,0.873,98.0
U002,49,2026-08-31,Monday,49,7.83,0.76,6.45,1.21,2.38,2.77,7.37,22.94,0.869,95.86
U003,49,2026-08-31,Monday,49,7.38,1.27,3.72,1.93,2.45,2.96,6.5,22.52,0.817,98.0
U004,49,2026-08-31,Monday,49,7.07,0.0,5.4,0.81,1.45,2.63,8.92,24.45,0.935,87.03
U005,49,2026-08-31,Monday,49,6.98,0.81,4.85,1.19,1.39,4.29,7.86,24.37,0.885,94.4
U006,49,2026-08-31,Monday,49,8.65,0.23,5.26,1.69,3.11,4.42,7.89,23.46,0.862,92.55
U007,49,2026-08-31,Monday,49,9.17,0.87,5.74,1.33,2.33,3.16,7.21,23.14,0.826,98.0
U008,49,2026-08-31,Monday,49,7.79,0.88,2.88,2.1,2.4,4.3,7.77,23.59,0.906,97.33
U009,49,2026-08-31,Monday,49,7.36,0.53,7.35,1.98,1.8,3.24,6.78,22.97,0.913,92.83
U010,49,2026-08-31,Monday,49,8.08,0.43,5.68,0.98,1.8,3.07,7.59,23.49,0.923,93.73
U001,49,2026-09-01,Tuesday,49,7.74,0.9,4.8,1.14,2.66,3.33,7.6,23.12,0.867,97.02
U002,49,2026-09-01,Tuesday,49,6.22,1.24,5.19,0.91,2.14,4.84,7.08,22.81,0.957,97.52
U003,49,2026-09-01,Tuesday,49,9.91,1.44,4.91,1.81,2.13,3.05,7.22,22.94,0.945,98.0
U004,49,2026-09-01,Tuesday,49,6.59,1.15,7.9,0.94,2.81,2.94,7.13,23.31,0.905,97.02
U005,49,2026-09-01,Tuesday,49,6.98,0.64,5.23,1.16,1.98,4.7,6.98,23.07,0.94,93.25
U006,49,2026-09-01,Tuesday,49,7.1,1.23,6.01,1.52,2.66,4.43,8.86,24.52,0.945,98.0
U007,49,2026-09-01,Tuesday,49,7.75,0.74,7.74,1.25,2.11,3.27,8.48,24.31,0.905,95.83
U008,49,2026-09-01,Tuesday,49,8.34,1.26,4.76,1.37,2.52,3.08,7.88,24.17,0.856,98.0
U009,49,2026-09-01,Tuesday,49,6.91,0.45,6.8,0.81,2.37,2.01,8.38,24.67,0.878,90.56
U010,49,2026-09-01,Tuesday,49,6.54,0.43,5.76,1.53,2.34,4.06,7.48,23.79,0.892,89.57
U001,49,2026-09-02,Wednesday,49,7.21,0.66,5.96,0.2,2.39,3.02,7.11,22.41,0.941,94.03
U002,49,2026-09-02,Wednesday,49,8.3,1.03,6.24,1.12,1.72,3.17,6.69,22.26,0.872,98.0
U003,49,2026-09-02,Wednesday,49,7.86,0.3,5.61,1.64,2.18,3.21,8.08,24.04,0.899,91.64
U004,49,2026-09-02,Wednesday,49,8.26,1.51,6.15,1.95,2.27,4.36,7.72,24.18,0.894,98.0
U005,49,2026-09-02,Wednesday,49,7.21,0.46,6.61,1.54,2.05,2.42,6.88,22.71,0.881,91.44
U006,49,2026-09-02,Wednesday,49,5.94,0.48,3.59,1.74,1.56,3.73,7.31,23.6,0.79,87.55
U007,49,2026-09-02,Wednesday,49,6.22,0.32,5.1,1.9,2.51,3.58,7.38,24.27,0.851,87.26
U008,49,2026-09-02,Wednesday,49,7.84,0.27,6.63,2.45,2.6,3.27,7.23,22.97,0.971,92.01
U009,49,2026-09-02,Wednesday,49,6.34,0.17,6.07,1.71,2.28,3.88,7.9,23.95,0.98,87.35
U010,49,2026-09-02,Wednesday,49,7.71,0.55,6.58,1.81,2.47,2.58,7.27,23.15,0.942,94.2
U001,49,2026-09-03,Thursday,49,6.8,1.17,8.01,1.3,3.08,4.0,7.5,23.36,0.949,98.0
U002,49,2026-09-03,Thursday,49,7.88,0.36,5.93,1.33,2.4,3.09,6.46,22.07,0.941,92.71
U003,49,2026-09-03,Thursday,49,8.33,1.07,4.9,1.08,1.83,4.07,8.23,23.94,0.852,98.0
U004,49,2026-09-03,Thursday,49,6.76,1.1,5.24,0.63,2.45,3.12,7.41,23.75,0.98,97.7
U005,49,2026-09-03,Thursday,49,7.6,0.9,6.68,1.69,2.91,2.19,8.18,23.81,0.851,96.51
U006,49,2026-09-03,Thursday,49,7.2,0.62,5.53,1.29,2.52,3.52,7.34,23.7,0.98,94.0
U007,49,2026-09-03,Thursday,49,6.75,0.86,5.22,1.4,0.84,3.22,7.6,23.3,0.883,94.3
U008,49,2026-09-03,Thursday,49,7.67,1.04,5.04,1.1,1.91,3.17,7.52,23.06,0.92,98.0
U009,49,2026-09-03,Thursday,49,7.27,1.05,6.48,1.97,1.75,2.91,6.56,22.38,0.939,98.0
U010,49,2026-09-03,Thursday,49,6.44,0.39,7.27,1.23,1.55,2.98,7.83,24.03,0.912,89.12
U001,49,2026-09-04,Friday,49,7.69,0.24,5.44,0.99,3.15,2.43,7.69,23.89,0.953,91.16
U002,49,2026-09-04,Friday,49,7.25,0.0,6.08,2.13,2.21,3.58,7.31,23.18,0.913,87.25
U003,49,2026-09-04,Friday,49,8.33,0.0,6.69,1.51,2.02,4.11,8.48,24.54,0.918,90.0
U004,49,2026-09-04,Friday,49,8.57,0.74,7.81,1.09,1.95,3.04,7.25,23.39,0.965,98.0
U005,49,2026-09-04,Friday,49,8.23,0.85,5.74,1.39,1.34,3.02,7.48,23.73,0.911,98.0
U006,49,2026-09-04,Friday,49,7.33,0.62,5.95,2.04,2.2,3.69,7.5,23.63,0.877,93.3
U007,49,2026-09-04,Friday,49,7.83,0.5,4.02,1.65,2.13,3.64,7.45,23.52,0.938,93.95
U008,49,2026-09-04,Friday,49,7.44,1.2,6.01,2.12,2.54,4.25,7.21,23.32,0.916,98.0
U009,49,2026-09-04,Friday,49,7.6,1.23,5.19,0.94,1.85,3.05,7.08,22.61,0.88,98.0
U010,49,2026-09-04,Friday,49,8.07,0.0,5.0,2.2,2.57,2.92,7.76,24.08,0.98,89.97
U001,49,2026-09-05,Saturday,49,7.91,0.74,3.15,1.11,1.89,2.91,7.81,23.94,0.98,96.98
U002,49,2026-09-05,Saturday,49,7.71,0.84,3.57,2.0,2.19,4.27,6.52,23.24,0.908,96.76
U003,49,2026-09-05,Saturday,49,7.13,0.5,3.45,1.78,1.76,2.69,7.13,23.2,0.9,91.83
U004,49,2026-09-05,Saturday,49,6.71,0.28,3.33,0.87,2.92,3.88,7.09,23.71,0.937,88.95
U005,49,2026-09-05,Saturday,49,7.33,0.07,2.03,1.06,1.9,2.98,7.03,23.09,0.833,87.36
U006,49,2026-09-05,Saturday,49,7.32,0.47,2.76,1.42,2.2,2.56,8.1,24.59,0.921,92.21
U007,49,2026-09-05,Saturday,49,8.02,0.18,4.32,2.73,1.3,4.45,6.46,22.69,0.862,90.47
U008,49,2026-09-05,Saturday,49,7.8,0.37,3.27,1.71,1.7,2.85,6.93,22.77,0.938,92.58
U009,49,2026-09-05,Saturday,49,7.64,0.79,3.78,0.93,2.25,3.31,8.71,24.63,0.882,95.82
U010,49,2026-09-05,Saturday,49,8.73,0.72,2.64,1.87,1.95,3.37,6.63,22.67,0.914,98.0
U001,50,2026-09-06,Sunday,50,6.5,1.23,3.01,2.41,2.76,4.05,7.77,23.43,0.859,97.14
U002,50,2026-09-06,Sunday,50,6.51,0.63,2.21,0.8,1.89,2.53,7.24,23.4,0.919,91.77
U003,50,2026-09-06,Sunday,50,7.51,0.03,3.14,1.17,2.62,3.02,7.32,22.47,0.924,88.31
U004,50,2026-09-06,Sunday,50,8.22,0.85,3.13,1.44,2.23,3.49,7.86,23.59,0.908,98.0
U005,50,2026-09-06,Sunday,50,7.19,1.13,2.42,2.03,2.21,3.28,8.09,23.82,0.845,97.72
U006,50,2026-09-06,Sunday,50,7.77,0.57,3.28,1.06,1.95,2.85,6.38,22.62,0.923,94.36
U007,50,2026-09-06,Sunday,50,7.72,0.43,3.47,1.53,1.74,3.97,7.67,24.48,0.98,93.4
U008,50,2026-09-06,Sunday,50,8.38,1.09,1.5,1.76,1.67,3.4,6.34,22.55,0.975,98.0
U009,50,2026-09-06,Sunday,50,7.45,1.22,2.52,1.38,1.81,3.23,6.92,22.39,0.937,98.0
U010,50,2026-09-06,Sunday,50,8.23,0.11,2.33,1.75,2.97,4.27,7.08,22.76,0.888,90.55
U001,50,2026-09-07,Monday,50,7.97,0.93,4.79,1.12,2.78,3.5,7.79,24.28,0.961,98.0
U002,50,2026-09-07,Monday,50,8.16,0.49,6.78,1.2,2.13,3.24,8.3,24.42,0.914,94.44
U003,50,2026-09-07,Monday,50,7.68,1.36,4.8,2.13,2.4,2.81,7.82,23.98,0.861,98.0
U004,50,2026-09-07,Monday,50,6.42,1.28,4.73,1.31,1.96,2.86,7.05,22.89,0.865,97.5
U005,50,2026-09-07,Monday,50,6.21,1.04,6.08,1.93,1.8,3.21,7.81,23.97,0.98,95.73
U006,50,2026-09-07,Monday,50,8.02,0.37,5.4,1.46,2.47,2.05,7.53,24.15,0.937,93.12
U007,50,2026-09-07,Monday,50,7.39,1.14,6.55,2.07,2.23,2.45,6.9,23.12,0.923,98.0
U008,50,2026-09-07,Monday,50,7.37,0.09,4.65,0.94,2.41,2.57,8.26,23.92,0.864,87.97
U009,50,2026-09-07,Monday,50,8.72,0.2,5.23,1.42,2.09,4.08,8.16,23.96,0.871,92.51
U010,50,2026-09-07,Monday,50,7.34,0.68,5.88,1.96,1.88,2.07,7.97,24.83,0.936,94.51
U001,50,2026-09-08,Tuesday,50,7.4,0.46,6.8,1.91,2.92,3.24,7.96,23.5,0.946,92.56
U002,50,2026-09-08,Tuesday,50,5.42,0.44,6.24,0.7,2.18,1.86,7.49,23.5,0.945,87.4
U003,50,2026-09-08,Tuesday,50,8.23,0.49,5.2,1.19,0.69,2.74,7.93,24.32,0.847,93.95
U004,50,2026-09-08,Tuesday,50,7.74,0.67,4.46,1.57,2.13,4.09,7.83,23.88,0.88,94.85
U005,50,2026-09-08,Tuesday,50,5.77,0.6,5.73,1.41,2.47,4.37,7.43,23.33,0.98,90.22
U006,50,2026-09-08,Tuesday,50,7.4,0.17,5.17,1.91,2.15,2.7,7.34,23.79,0.961,89.81
U007,50,2026-09-08,Tuesday,50,7.78,0.85,6.12,1.48,2.52,3.21,6.69,22.54,0.927,97.22
U008,50,2026-09-08,Tuesday,50,8.12,1.51,5.57,1.33,1.28,3.34,7.25,23.59,0.837,98.0
U009,50,2026-09-08,Tuesday,50,5.76,0.66,5.5,0.71,2.85,3.77,7.52,23.56,0.871,89.71
U010,50,2026-09-08,Tuesday,50,7.9,0.72,5.46,1.51,2.02,2.94,8.07,23.53,0.963,96.58
U001,50,2026-09-09,Wednesday,50,8.07,0.0,4.88,1.35,2.2,3.47,7.63,22.82,0.893,89.1
U002,50,2026-09-09,Wednesday,50,6.79,0.01,5.38,1.06,1.82,3.28,7.92,24.01,0.956,86.63
U003,50,2026-09-09,Wednesday,50,8.03,0.78,5.79,1.64,2.02,3.54,7.68,23.32,0.98,97.67
U004,50,2026-09-09,Wednesday,50,6.98,0.89,4.6,1.48,2.35,3.92,5.9,22.23,0.799,94.34
U005,50,2026-09-09,Wednesday,50,7.84,0.38,6.86,1.21,2.28,2.05,7.14,22.79,0.939,92.79
U006,50,2026-09-09,Wednesday,50,6.85,1.01,4.92,1.55,2.17,3.65,7.08,23.53,0.98,97.02
U007,50,2026-09-09,Wednesday,50,6.5,0.98,5.8,1.21,2.16,2.28,7.36,24.01,0.876,94.81
U008,50,2026-09-09,Wednesday,50,7.38,1.02,6.19,1.28,3.04,3.06,7.78,24.89,0.884,97.49
U009,50,2026-09-09,Wednesday,50,7.6,0.21,6.61,1.71,1.87,1.64,7.93,24.04,0.915,90.25
U010,50,2026-09-09,Wednesday,50,7.09,0.02,6.1,1.14,2.31,3.07,7.78,23.86,0.974,87.66
U001,50,2026-09-10,Thursday,50,7.38,0.08,6.67,1.23,1.05,3.92,6.71,22.31,0.914,88.39
U002,50,2026-09-10,Thursday,50,7.51,0.15,5.03,0.61,2.31,1.98,7.44,23.69,0.929,89.57
U003,50,2026-09-10,Thursday,50,8.37,0.49,4.74,1.5,2.53,2.39,6.64,22.83,0.923,95.06
U004,50,2026-09-10,Thursday,50,8.08,0.11,3.78,1.89,2.72,2.43,7.22,23.65,0.94,90.7
U005,50,2026-09-10,Thursday,50,6.49,0.89,6.5,1.1,2.87,3.64,6.91,22.74,0.869,93.81
U006,50,2026-09-10,Thursday,50,7.87,0.31,6.38,1.28,1.56,2.54,6.41,21.88,0.959,92.36
U007,50,2026-09-10,Thursday,50,6.9,0.49,5.13,1.42,1.29,4.24,7.8,23.71,0.837,90.52
U008,50,2026-09-10,Thursday,50,8.67,0.67,4.54,1.05,2.13,4.39,8.69,24.96,0.854,96.91
U009,50,2026-09-10,Thursday,50,6.88,1.05,8.51,1.07,2.37,3.28,9.03,24.86,0.931,97.01
U010,50,2026-09-10,Thursday,50,7.51,0.78,4.75,1.31,2.31,3.1,6.47,22.49,0.91,95.67
U001,50,2026-09-11,Friday,50,7.93,0.57,5.57,0.87,2.78,4.33,8.16,23.81,0.925,94.78
U002,50,2026-09-11,Friday,50,7.2,0.83,6.19,0.92,1.91,4.48,7.72,23.81,0.915,95.45
U003,50,2026-09-11,Friday,50,8.35,1.57,3.96,1.46,2.22,2.21,6.86,22.77,0.894,98.0
U004,50,2026-09-11,Friday,50,7.59,0.53,4.28,1.65,2.14,2.69,7.78,23.68,0.87,92.97
U005,50,2026-09-11,Friday,50,7.08,0.91,6.97,1.07,1.35,3.0,8.15,25.45,0.924,96.04
U006,50,2026-09-11,Friday,50,8.7,1.6,6.86,1.64,1.23,3.53,6.86,22.25,0.971,98.0
U007,50,2026-09-11,Friday,50,6.35,0.81,6.42,0.2,2.29,1.0,8.39,24.15,0.911,93.08
U008,50,2026-09-11,Friday,50,8.56,0.45,3.89,1.46,1.92,4.29,8.71,25.76,0.956,95.46
U009,50,2026-09-11,Friday,50,7.68,0.39,7.75,1.36,2.05,3.88,7.11,23.06,0.888,91.98
U010,50,2026-09-11,Friday,50,6.52,0.53,4.99,2.1,1.65,4.83,7.78,23.31,0.917,90.77
U001,50,2026-09-12,Saturday,50,7.38,0.47,2.84,1.49,1.59,3.66,7.43,23.93,0.963,92.78
U002,50,2026-09-12,Saturday,50,7.29,0.59,3.55,1.14,2.41,3.0,7.67,24.32,0.897,93.09
U003,50,2026-09-12,Saturday,50,8.97,0.84,2.14,2.59,2.68,3.44,6.4,22.24,0.98,98.0
U004,50,2026-09-12,Saturday,50,8.72,0.4,3.85,1.8,2.12,2.41,6.91,22.57,0.965,95.45
U005,50,2026-09-12,Saturday,50,7.39,0.23,2.58,1.45,1.56,5.23,6.86,22.68,0.928,90.05
U006,50,2026-09-12,Saturday,50,8.21,0.54,1.96,0.8,3.28,2.36,8.07,24.34,0.956,95.49
U007,50,2026-09-12,Saturday,50,7.33,0.59,2.22,0.47,2.32,2.83,7.69,23.79,0.945,93.68
U008,50,2026-09-12,Saturday,50,8.6,1.11,4.06,1.19,2.84,4.22,8.14,24.2,0.864,98.0
U009,50,2026-09-12,Saturday,50,7.34,0.52,2.54,1.3,2.3,3.06,7.22,22.91,0.926,92.81
U010,50,2026-09-12,Saturday,50,8.17,0.16,3.58,1.84,2.55,2.89,7.51,24.59,0.855,90.57
U001,51,2026-09-13,Sunday,51,8.38,0.41,3.18,0.8,2.0,4.32,6.76,22.11,0.908,94.13
U002,51,2026-09-13,Sunday,51,8.0,1.09,1.5,2.31,1.68,3.71,7.78,24.02,0.899,98.0
U003,51,2026-09-13,Sunday,51,9.2,0.21,3.25,1.35,1.98,2.75,7.93,24.39,0.909,94.19
U004,51,2026-09-13,Sunday,51,7.6,0.54,2.55,1.32,1.92,3.02,6.56,22.29,0.931,93.71
U005,51,2026-09-13,Sunday,51,6.9,1.6,2.13,1.22,2.04,3.32,7.94,24.0,0.98,98.0
U006,51,2026-09-13,Sunday,51,7.78,1.11,2.62,1.86,2.71,3.44,7.7,23.88,0.844,98.0
U007,51,2026-09-13,Sunday,51,7.66,0.66,1.67,1.4,2.85,4.95,6.46,22.47,0.821,93.96
U008,51,2026-09-13,Sunday,51,7.39,1.54,3.15,1.73,1.93,1.41,6.73,22.46,0.878,98.0
U009,51,2026-09-13,Sunday,51,7.23,0.16,2.04,0.65,2.25,2.17,8.27,25.03,0.876,88.44
U010,51,2026-09-13,Sunday,51,8.24,0.8,3.38,1.4,1.84,3.88,7.6,24.31,0.908,97.68
U001,51,2026-09-14,Monday,51,6.78,0.22,7.27,2.25,1.73,2.65,6.06,21.56,0.896,88.11
U002,51,2026-09-14,Monday,51,7.81,0.51,5.81,0.83,1.56,3.53,7.24,23.11,0.943,94.06
U003,51,2026-09-14,Monday,51,7.38,1.36,6.39,1.36,1.44,3.41,8.65,25.4,0.892,98.0
U004,51,2026-09-14,Monday,51,8.28,1.06,4.95,1.83,1.56,2.99,7.76,23.44,0.936,98.0
U005,51,2026-09-14,Monday,51,7.39,0.21,6.79,2.68,2.05,3.86,7.34,23.44,0.913,89.7
U006,51,2026-09-14,Monday,51,8.24,0.95,5.3,1.26,2.11,1.79,7.25,23.6,0.868,98.0
U007,51,2026-09-14,Monday,51,7.33,0.01,7.05,1.38,2.6,3.11,7.67,23.14,0.935,87.78
U008,51,2026-09-14,Monday,51,7.97,0.55,4.48,1.64,1.88,2.5,7.37,23.11,0.887,94.3
U009,51,2026-09-14,Monday,51,5.71,0.5,6.49,1.91,1.5,2.97,7.13,22.66,0.875,88.03
U010,51,2026-09-14,Monday,51,8.41,0.7,5.77,0.98,2.68,3.7,7.63,23.15,0.933,97.36
U001,51,2026-09-15,Tuesday,51,7.58,0.26,5.81,0.92,1.53,2.57,7.32,23.23,0.903,90.58
U002,51,2026-09-15,Tuesday,51,7.65,0.69,5.59,1.36,2.08,2.29,7.84,23.57,0.955,95.58
U003,51,2026-09-15,Tuesday,51,7.29,0.92,5.56,0.59,2.0,2.35,8.24,23.91,0.875,96.17
U004,51,2026-09-15,Tuesday,51,8.32,0.62,5.98,2.03,2.57,2.99,7.55,23.64,0.911,96.11
U005,51,2026-09-15,Tuesday,51,7.29,0.86,6.06,0.84,3.5,4.46,7.62,23.75,0.92,96.02
U006,51,2026-09-15,Tuesday,51,7.21,0.43,5.41,1.91,1.99,4.47,7.19,23.66,0.892,91.25
U007,51,2026-09-15,Tuesday,51,7.1,0.68,6.83,0.88,1.83,2.48,6.1,22.02,0.902,93.57
U008,51,2026-09-15,Tuesday,51,8.61,0.94,4.23,1.25,2.56,3.29,7.74,23.77,0.867,98.0
U009,51,2026-09-15,Tuesday,51,7.44,0.14,5.59,1.1,2.0,3.27,8.68,25.0,0.881,88.81
U010,51,2026-09-15,Tuesday,51,7.05,0.69,6.55,1.41,2.62,2.86,6.43,22.41,0.9,93.53
U001,51,2026-09-16,Wednesday,51,8.84,1.56,5.75,1.23,1.96,2.65,7.09,23.0,0.819,98.0
U002,51,2026-09-16,Wednesday,51,7.33,0.74,6.51,1.55,1.93,3.47,7.61,23.37,0.929,95.02
U003,51,2026-09-16,Wednesday,51,7.83,0.47,6.34,1.31,2.72,4.43,7.6,22.89,0.905,93.33
U004,51,2026-09-16,Wednesday,51,7.62,1.1,5.83,2.12,3.24,3.1,8.05,24.14,0.935,98.0
U005,51,2026-09-16,Wednesday,51,6.74,0.34,4.8,1.0,1.43,2.58,6.53,22.18,0.866,88.91
U006,51,2026-09-16,Wednesday,51,6.38,0.41,5.57,1.02,2.07,3.78,6.56,22.51,0.921,89.26
U007,51,2026-09-16,Wednesday,51,8.2,0.13,5.87,0.44,2.17,4.39,8.1,23.98,0.892,90.72
U008,51,2026-09-16,Wednesday,51,8.83,0.76,5.1,1.29,2.29,4.63,7.2,23.59,0.832,98.0
U009,51,2026-09-16,Wednesday,51,6.21,1.24,6.99,1.66,1.81,3.02,6.89,22.54,0.827,96.2
U010,51,2026-09-16,Wednesday,51,7.18,0.68,6.44,2.65,3.06,3.41,7.07,23.1,0.904,93.79
U001,51,2026-09-17,Thursday,51,7.4,1.21,5.39,2.03,2.99,2.48,8.14,24.67,0.964,98.0
U002,51,2026-09-17,Thursday,51,7.28,0.75,5.05,1.97,2.29,3.77,7.17,23.17,0.839,94.09
U003,51,2026-09-17,Thursday,51,8.69,0.14,5.31,1.22,2.06,3.67,8.24,23.71,0.889,92.02
U004,51,2026-09-17,Thursday,51,7.94,0.94,4.65,0.97,1.43,2.93,8.38,23.63,0.85,97.75
U005,51,2026-09-17,Thursday,51,6.5,0.63,7.86,0.78,1.93,3.51,7.44,23.23,0.892,91.47
U006,51,2026-09-17,Thursday,51,8.41,1.12,5.5,1.81,1.67,3.33,6.65,22.49,0.98,98.0
U007,51,2026-09-17,Thursday,51,6.51,0.54,3.79,1.99,1.79,3.45,8.53,24.32,0.929,90.97
U008,51,2026-09-17,Thursday,51,8.07,0.88,3.86,2.5,2.33,3.9,8.07,23.77,0.95,98.0
U009,51,2026-09-17,Thursday,51,7.36,0.0,6.47,1.13,2.8,1.97,7.85,23.86,0.923,87.63
U010,51,2026-09-17,Thursday,51,6.55,0.62,5.23,1.21,1.47,2.51,6.78,22.23,0.913,91.7
U001,51,2026-09-18,Friday,51,7.58,0.46,5.42,1.64,2.12,2.45,6.61,22.4,0.878,92.33
U002,51,2026-09-18,Friday,51,8.58,0.88,6.76,1.31,1.99,2.34,8.7,24.52,0.843,98.0
U003,51,2026-09-18,Friday,51,6.83,0.59,5.78,1.66,1.7,4.03,7.3,23.48,0.871,91.69
U004,51,2026-09-18,Friday,51,7.22,1.29,5.1,2.41,3.12,2.25,6.87,22.88,0.89,98.0
U005,51,2026-09-18,Friday,51,7.3,0.96,7.88,1.12,1.64,3.58,7.56,23.03,0.927,97.12
U006,51,2026-09-18,Friday,51,8.3,0.0,5.45,1.4,1.96,2.69,7.39,23.81,0.94,90.15
U007,51,2026-09-18,Friday,51,6.19,0.23,5.83,1.65,3.26,2.61,7.77,24.15,0.877,86.54
U008,51,2026-09-18,Friday,51,8.5,0.36,4.1,1.34,1.5,2.38,6.92,22.97,0.869,93.54
U009,51,2026-09-18,Friday,51,7.2,0.73,6.47,2.05,2.16,2.93,7.81,23.12,0.867,93.97
U010,51,2026-09-18,Friday,51,7.11,0.05,4.75,1.25,2.34,2.87,6.67,22.14,0.855,86.83
U001,51,2026-09-19,Saturday,51,8.58,0.35,2.98,1.92,1.38,3.84,7.06,23.61,0.916,94.11
U002,51,2026-09-19,Saturday,51,7.45,0.82,2.4,1.41,1.8,2.87,7.32,24.07,0.878,95.61
U003,51,2026-09-19,Saturday,51,6.82,1.14,1.5,0.27,2.08,3.38,7.98,24.0,0.907,97.52
U004,51,2026-09-19,Saturday,51,6.58,0.28,1.95,1.26,2.17,5.42,6.78,23.02,0.969,88.94
U005,51,2026-09-19,Saturday,51,8.45,0.04,3.24,1.72,2.43,3.43,7.48,24.11,0.853,90.06
U006,51,2026-09-19,Saturday,51,7.46,0.25,3.65,0.9,2.78,3.61,7.09,22.88,0.908,90.23
U007,51,2026-09-19,Saturday,51,8.37,1.75,2.69,0.54,1.39,3.43,6.96,22.67,0.922,98.0
U008,51,2026-09-19,Saturday,51,9.03,1.06,3.49,1.49,3.21,2.55,6.22,22.58,0.958,98.0
U009,51,2026-09-19,Saturday,51,8.34,0.47,1.99,1.52,2.1,3.02,7.7,22.58,0.854,94.09
U010,51,2026-09-19,Saturday,51,7.65,1.1,3.29,0.61,1.83,4.44,7.36,23.45,0.827,98.0
U001,52,2026-09-20,Sunday,52,6.55,1.08,3.28,1.35,1.89,3.24,7.54,23.65,0.964,96.81
U002,52,2026-09-20,Sunday,52,5.38,0.5,2.5,1.3,1.76,3.84,8.43,24.4,0.852,86.97
U003,52,2026-09-20,Sunday,52,9.8,0.93,2.53,2.26,3.03,3.86,8.28,25.21,0.924,98.0
U004,52,2026-09-20,Sunday,52,7.47,1.33,2.49,0.84,1.05,3.8,6.32,22.96,0.98,98.0
U005,52,2026-09-20,Sunday,52,6.03,1.99,1.5,1.23,2.32,4.22,6.89,22.15,0.859,98.0
U006,52,2026-09-20,Sunday,52,7.39,1.14,3.47,1.62,1.23,3.5,7.53,23.48,0.881,98.0
U007,52,2026-09-20,Sunday,52,7.89,0.0,3.15,1.23,2.09,2.49,7.24,22.55,0.924,88.96
U008,52,2026-09-20,Sunday,52,8.49,0.8,1.5,1.25,2.63,3.08,8.77,24.07,0.9,98.0
U009,52,2026-09-20,Sunday,52,7.83,0.98,3.61,0.58,2.53,4.03,8.84,24.63,0.916,98.0
U010,52,2026-09-20,Sunday,52,7.98,0.84,3.26,0.95,3.16,3.19,8.19,23.21,0.848,96.83
U001,52,2026-09-21,Monday,52,7.21,0.81,5.46,0.4,2.04,2.73,6.79,22.74,0.916,95.28
U002,52,2026-09-21,Monday,52,8.4,0.37,5.78,1.52,2.28,3.38,7.75,24.0,0.929,93.99
U003,52,2026-09-21,Monday,52,7.28,0.68,3.95,1.19,2.6,3.12,8.15,24.25,0.936,94.36
U004,52,2026-09-21,Monday,52,7.51,1.0,3.41,1.26,1.97,3.37,7.78,23.54,0.886,97.64
U005,52,2026-09-21,Monday,52,5.67,0.65,5.62,1.74,2.17,4.39,6.87,23.06,0.912,89.8
U006,52,2026-09-21,Monday,52,8.54,1.48,2.64,1.81,2.95,2.82,7.15,22.91,0.972,98.0
U007,52,2026-09-21,Monday,52,7.59,0.53,4.73,1.37,2.51,3.73,7.13,23.52,0.974,94.01
U008,52,2026-09-21,Monday,52,7.47,0.35,4.72,0.68,1.23,3.75,6.67,22.31,0.842,90.59
U009,52,2026-09-21,Monday,52,7.99,1.41,5.57,1.74,3.11,2.84,8.67,25.07,0.894,98.0
U010,52,2026-09-21,Monday,52,8.07,0.53,5.35,2.12,2.66,2.74,8.16,23.68,0.909,94.56
U001,52,2026-09-22,Tuesday,52,7.93,0.07,5.74,0.25,2.07,1.95,7.06,23.01,0.905,89.58
U002,52,2026-09-22,Tuesday,52,6.63,0.47,5.74,0.34,1.88,3.9,6.54,22.75,0.882,90.09
U003,52,2026-09-22,Tuesday,52,6.93,0.76,4.84,1.51,2.54,3.83,8.26,24.29,0.98,94.72
U004,52,2026-09-22,Tuesday,52,6.28,0.0,6.43,2.4,2.8,3.61,6.77,23.29,0.911,84.81
U005,52,2026-09-22,Tuesday,52,7.69,1.02,5.79,2.14,2.72,2.96,7.48,23.34,0.938,98.0
U006,52,2026-09-22,Tuesday,52,7.02,1.22,5.47,0.79,1.7,1.87,6.52,22.64,0.881,98.0
U007,52,2026-09-22,Tuesday,52,7.06,0.64,7.65,2.0,2.32,2.35,7.38,23.03,0.896,93.01
U008,52,2026-09-22,Tuesday,52,7.72,1.08,5.3,1.12,2.37,3.87,6.9,22.19,0.918,98.0
U009,52,2026-09-22,Tuesday,52,7.25,0.68,4.96,2.08,1.95,2.02,8.32,23.96,0.895,93.88
U010,52,2026-09-22,Tuesday,52,7.64,1.04,6.63,1.96,1.79,2.99,8.67,24.93,0.98,98.0
U001,52,2026-09-23,Wednesday,52,7.89,0.45,6.2,1.84,2.96,3.5,7.89,24.16,0.919,93.41
U002,52,2026-09-23,Wednesday,52,6.86,1.01,6.69,1.5,2.05,3.15,7.59,23.61,0.907,96.32
U003,52,2026-09-23,Wednesday,52,6.97,0.32,7.71,1.19,2.64,3.17,7.87,23.49,0.902,89.64
U004,52,2026-09-23,Wednesday,52,7.9,1.41,7.0,1.5,2.16,2.72,8.62,24.89,0.879,98.0
U005,52,2026-09-23,Wednesday,52,5.9,0.85,5.97,1.31,1.68,4.05,6.82,22.28,0.816,91.41
U006,52,2026-09-23,Wednesday,52,7.59,0.76,5.62,0.79,1.88,3.99,8.67,24.69,0.904,95.61
U007,52,2026-09-23,Wednesday,52,7.69,0.78,5.76,1.96,2.71,3.27,7.56,23.55,0.926,96.28
U008,52,2026-09-23,Wednesday,52,8.54,1.01,4.52,2.87,1.83,4.21,8.2,23.62,0.937,98.0
U009,52,2026-09-23,Wednesday,52,6.37,1.11,5.81,1.76,2.41,3.0,8.18,24.22,0.8,95.03
U010,52,2026-09-23,Wednesday,52,8.43,0.25,5.67,2.4,1.32,3.51,8.46,24.63,0.98,93.38
U001,52,2026-09-24,Thursday,52,7.69,0.0,5.72,1.27,2.49,2.48,7.23,23.21,0.874,87.96
U002,52,2026-09-24,Thursday,52,7.62,1.04,6.34,1.16,2.24,1.82,6.41,23.08,0.807,97.52
U003,52,2026-09-24,Thursday,52,8.74,1.36,4.57,0.59,2.21,3.0,6.66,22.55,0.906,98.0
U004,52,2026-09-24,Thursday,52,7.9,0.6,6.7,1.84,2.22,3.52,7.54,22.9,0.904,94.79
U005,52,2026-09-24,Thursday,52,7.37,0.41,6.83,1.66,2.14,2.8,6.8,22.86,0.92,91.72
U006,52,2026-09-24,Thursday,52,8.06,0.52,5.57,1.07,2.29,4.05,6.52,23.15,0.802,93.37
U007,52,2026-09-24,Thursday,52,8.01,0.52,6.76,0.55,1.82,4.13,8.2,24.12,0.98,95.03
U008,52,2026-09-24,Thursday,52,8.37,0.43,6.01,0.2,2.17,3.91,8.06,23.9,0.948,94.7
U009,52,2026-09-24,Thursday,52,7.3,0.24,7.32,1.34,1.84,2.69,7.79,23.54,0.827,88.92
U010,52,2026-09-24,Thursday,52,8.22,0.65,7.79,1.8,2.26,3.08,7.64,23.79,0.854,95.59
U001,52,2026-09-25,Friday,52,7.71,0.0,4.11,2.09,3.5,1.43,8.13,23.65,0.887,88.15
U002,52,2026-09-25,Friday,52,6.68,0.2,4.54,0.63,2.03,2.94,8.03,23.97,0.974,88.44
U003,52,2026-09-25,Friday,52,6.75,0.39,3.96,1.38,2.43,2.61,6.14,22.48,0.92,89.98
U004,52,2026-09-25,Friday,52,7.69,0.0,5.04,0.7,2.41,3.92,5.97,22.24,0.905,88.27
U005,52,2026-09-25,Friday,52,7.44,0.84,7.35,1.78,2.1,4.04,6.88,22.63,0.89,95.9
U006,52,2026-09-25,Friday,52,7.72,0.39,6.56,2.04,2.24,2.44,8.06,24.18,0.874,91.94
U007,52,2026-09-25,Friday,52,8.05,0.3,6.01,1.75,1.7,2.34,7.29,23.74,0.931,92.44
U008,52,2026-09-25,Friday,52,8.69,0.19,4.65,0.49,2.38,3.74,5.5,21.67,0.874,92.36
U009,52,2026-09-25,Friday,52,7.97,1.08,5.67,1.63,3.45,2.75,7.78,24.27,0.835,98.0
U010,52,2026-09-25,Friday,52,8.24,0.27,5.26,1.35,2.34,2.16,6.27,22.15,0.86,91.9
U001,52,2026-09-26,Saturday,52,7.89,0.28,3.2,1.78,1.7,3.66,7.83,23.58,0.846,90.98
U002,52,2026-09-26,Saturday,52,7.51,0.64,2.89,2.25,1.73,3.35,7.58,23.45,0.933,94.51
U003,52,2026-09-26,Saturday,52,8.2,0.5,3.24,1.29,2.51,2.98,7.56,24.08,0.913,94.63
U004,52,2026-09-26,Saturday,52,6.92,0.0,4.03,1.0,2.16,3.42,7.39,23.65,0.885,86.15
U005,52,2026-09-26,Saturday,52,7.03,0.2,2.46,2.07,1.63,4.27,6.47,22.54,0.878,88.36
U006,52,2026-09-26,Saturday,52,8.35,0.32,3.81,1.3,1.72,3.83,7.21,23.11,0.808,92.16
U007,52,2026-09-26,Saturday,52,7.24,0.11,2.79,0.99,2.71,2.47,6.48,21.5,0.952,88.72
U008,52,2026-09-26,Saturday,52,8.09,1.19,2.45,0.65,2.59,1.66,7.61,24.28,0.828,98.0
U009,52,2026-09-26,Saturday,52,6.79,0.5,3.6,1.6,2.27,2.66,8.15,24.79,0.98,91.77
U010,52,2026-09-26,Saturday,52,7.65,0.95,2.25,2.06,1.77,2.22,8.13,23.92,0.922,97.84
U001,53,2026-09-27,Sunday,53,8.42,0.61,1.5,1.0,1.8,3.5,7.06,23.23,0.884,95.99
U002,53,2026-09-27,Sunday,53,7.74,0.61,3.35,0.83,1.69,2.45,7.78,24.88,0.922,94.67
U003,53,2026-09-27,Sunday,53,8.31,1.17,2.23,1.41,2.18,2.05,7.47,23.59,0.98,98.0
U004,53,2026-09-27,Sunday,53,7.97,0.0,2.72,1.16,1.43,4.02,6.5,22.17,0.823,88.16
U005,53,2026-09-27,Sunday,53,6.79,0.65,3.5,0.8,2.73,3.82,7.85,24.13,0.853,92.0
U006,53,2026-09-27,Sunday,53,7.68,0.85,3.65,1.92,2.68,3.49,7.59,23.32,0.811,95.81
U007,53,2026-09-27,Sunday,53,7.76,1.65,2.82,0.2,1.9,3.47,7.78,23.7,0.856,98.0
U008,53,2026-09-27,Sunday,53,8.62,0.99,2.84,0.79,2.13,2.82,7.26,23.15,0.898,98.0
U009,53,2026-09-27,Sunday,53,6.83,0.73,2.48,0.68,1.94,2.71,7.8,23.34,0.913,93.5
U010,53,2026-09-27,Sunday,53,8.29,0.45,3.87,1.76,2.37,3.58,6.16,22.54,0.969,94.91
U001,53,2026-09-28,Monday,53,6.57,0.37,5.25,1.93,2.18,2.98,7.85,23.08,0.859,88.72
U002,53,2026-09-28,Monday,53,8.28,0.71,5.06,1.46,1.39,1.9,7.12,23.21,0.856,96.36
U003,53,2026-09-28,Monday,53,7.88,0.78,5.34,1.57,1.69,1.0,6.82,22.94,0.97,97.2
U004,53,2026-09-28,Monday,53,7.73,1.18,5.39,0.84,1.58,2.68,6.86,22.23,0.919,98.0
U005,53,2026-09-28,Monday,53,7.75,1.01,5.29,0.85,2.48,3.21,8.92,25.21,0.91,98.0
U006,53,2026-09-28,Monday,53,7.27,0.93,5.01,1.01,1.83,1.97,7.49,23.59,0.956,97.03
U007,53,2026-09-28,Monday,53,7.71,0.84,5.42,1.54,1.94,3.95,7.65,24.24,0.98,97.48
U008,53,2026-09-28,Monday,53,8.49,0.48,5.38,0.69,1.99,3.22,8.09,24.66,0.979,95.81
U009,53,2026-09-28,Monday,53,6.45,0.59,6.23,1.71,1.71,2.72,7.44,23.3,0.867,90.7
U010,53,2026-09-28,Monday,53,8.9,1.29,5.08,1.74,2.18,4.36,6.99,22.43,0.91,98.0
