user_id,week,date,day_of_week,week_number,weekly_income,weekly_expenses,essential_expenses,nonessential_expenses,savings,budget,budget_used,budget_remaining,savings_rate,expense_count,financial_stress_score,overspending_flag
U001,1,2025-09-28,Sunday,1,1575.69,2335.3,1408.6,926.7,-698.48,2685.02,2335.3,349.72,-44.33,8,6,0
U002,1,2025-09-28,Sunday,1,1526.26,1988.12,1230.32,757.8,-493.8,1962.85,1988.12,-25.27,-32.35,10,9,1
U003,1,2025-09-28,Sunday,1,1306.12,2968.26,1942.57,1025.69,-1628.87,3103.75,2968.26,135.49,-80.0,14,5,0
U004,1,2025-09-28,Sunday,1,1435.86,2775.72,1663.99,1111.73,-1322.02,2666.0,2775.72,-109.72,-80.0,15,10,1
U005,1,2025-09-28,Sunday,1,1426.05,2725.25,1593.0,1132.25,-1347.46,3494.82,2725.25,769.57,-80.0,13,5,0
U006,1,2025-09-28,Sunday,1,1364.1,2711.51,1847.04,864.47,-1277.14,2385.04,2711.51,-326.47,-80.0,18,9,1
U007,1,2025-09-28,Sunday,1,1183.12,2579.88,1792.85,787.03,-1302.92,2827.15,2579.88,247.27,-80.0,12,5,0
U008,1,2025-09-28,Sunday,1,1373.24,1816.64,1014.25,802.39,-431.79,1787.53,1816.64,-29.11,-31.44,7,10,1
U009,1,2025-09-28,Sunday,1,886.67,2761.78,1629.37,1132.41,-1893.71,2928.94,2761.78,167.16,-80.0,20,6,0
U010,1,2025-09-28,Sunday,1,1165.6,2878.93,1921.38,957.55,-1748.28,2494.52,2878.93,-384.41,-80.0,17,10,1
U001,1,2025-09-29,Monday,1,1188.29,2918.51,1847.27,1071.24,-1771.33,2662.5,2918.51,-256.01,-80.0,16,10,1
U002,1,2025-09-29,Monday,1,1506.01,2037.14,1357.78,679.36,-490.1,2188.6,2037.14,151.46,-32.54,18,5,0
U003,1,2025-09-29,Monday,1,1191.89,2754.12,1807.91,946.21,-1515.82,3242.41,2754.12,488.29,-80.0,16,6,0
U004,1,2025-09-29,Monday,1,1308.26,2978.03,1738.69,1239.34,-1717.87,2512.04,2978.03,-465.99,-80.0,10,10,1
U005,1,2025-09-29,Monday,1,1001.84,3377.35,1935.36,1441.99,-2411.48,2751.48,3377.35,-625.87,-80.0,7,10,1
U006,1,2025-09-29,Monday,1,1490.47,2423.11,1510.88,912.23,-875.25,2030.27,2423.11,-392.84,-58.72,8,10,1
U007,1,2025-09-29,Monday,1,1509.69,1993.16,1098.42,894.74,-470.37,2856.39,1993.16,863.23,-31.16,11,5,0
U008,1,2025-09-29,Monday,1,1284.49,1680.34,1126.35,553.99,-368.79,2582.33,1680.34,901.99,-28.71,17,6,0
U009,1,2025-09-29,Monday,1,1362.02,2902.85,1745.45,1157.4,-1615.55,2665.98,2902.85,-236.87,-80.0,20,10,1
U010,1,2025-09-29,Monday,1,1454.47,1889.11,1130.39,758.72,-417.17,2435.84,1889.11,546.73,-28.68,18,6,0
U001,1,2025-09-30,Tuesday,1,1204.81,2595.49,1580.96,1014.53,-1358.31,2426.83,2595.49,-168.66,-80.0,6,9,1
U002,1,2025-09-30,Tuesday,1,1600.35,1742.78,1180.59,562.19,-137.48,2756.32,1742.78,1013.54,-8.59,17,5,0
U003,1,2025-09-30,Tuesday,1,1440.56,2938.95,1840.06,1098.89,-1563.52,2771.96,2938.95,-166.99,-80.0,11,9,1
U004,1,2025-09-30,Tuesday,1,1359.58,2388.51,1459.84,928.67,-1060.33,2426.63,2388.51,38.12,-77.99,15,7,0
U005,1,2025-09-30,Tuesday,1,1473.09,3197.95,1955.13,1242.82,-1676.41,4153.66,3197.95,955.71,-80.0,18,6,0
U006,1,2025-09-30,Tuesday,1,1445.11,1811.11,1255.01,556.1,-420.67,2784.29,1811.11,973.18,-29.11,6,6,0
U007,1,2025-09-30,Tuesday,1,1631.5,2685.29,1576.97,1108.32,-1147.83,3230.89,2685.29,545.6,-70.35,7,5,0
U008,1,2025-09-30,Tuesday,1,1055.31,2067.14,1242.78,824.36,-1047.44,2335.53,2067.14,268.39,-80.0,20,7,0
U009,1,2025-09-30,Tuesday,1,1526.4,2815.86,1865.35,950.51,-1259.24,2578.72,2815.86,-237.14,-80.0,17,10,1
U010,1,2025-09-30,Tuesday,1,1332.63,2468.96,1695.06,773.9,-1115.84,2835.91,2468.96,366.95,-80.0,16,7,0
U001,1,2025-10-01,Wednesday,1,1889.03,2915.21,1885.33,1029.88,-1005.62,2286.81,2915.21,-628.4,-53.23,16,9,1
U002,1,2025-10-01,Wednesday,1,1530.65,1891.37,1182.32,709.05,-320.97,2316.99,1891.37,425.62,-20.97,20,7,0
U003,1,2025-10-01,Wednesday,1,1250.04,2735.54,1772.19,963.35,-1396.93,3029.25,2735.54,293.71,-80.0,13,6,0
U004,1,2025-10-01,Wednesday,1,1694.59,1803.81,1051.84,751.97,-127.38,1864.74,1803.81,60.93,-7.52,8,7,0
U005,1,2025-10-01,Wednesday,1,1348.67,3576.83,2281.54,1295.29,-2289.56,3425.04,3576.83,-151.79,-80.0,16,9,1
U006,1,2025-10-01,Wednesday,1,1284.67,2398.17,1380.27,1017.9,-1169.64,2667.86,2398.17,269.69,-80.0,15,5,0
U007,1,2025-10-01,Wednesday,1,1559.16,2482.65,1461.32,1021.33,-965.29,2665.85,2482.65,183.2,-61.91,13,7,0
U008,1,2025-10-01,Wednesday,1,1267.72,1562.13,1064.94,497.19,-398.63,1852.76,1562.13,290.63,-31.44,20,6,0
U009,1,2025-10-01,Wednesday,1,1575.31,2844.19,1980.02,864.17,-1245.45,3081.03,2844.19,236.84,-79.06,12,6,0
U010,1,2025-10-01,Wednesday,1,1665.73,2685.86,1811.62,874.24,-978.67,3023.69,2685.86,337.83,-58.75,20,6,0
U001,1,2025-10-02,Thursday,1,1359.19,2196.77,1395.58,801.19,-824.78,2552.5,2196.77,355.73,-60.68,6,5,0
U002,1,2025-10-02,Thursday,1,808.88,2492.29,1528.43,963.86,-1665.38,2025.8,2492.29,-466.49,-80.0,9,10,1
U003,1,2025-10-02,Thursday,1,1397.32,2733.23,1615.03,1118.2,-1231.11,2421.88,2733.23,-311.35,-80.0,11,9,1
U004,1,2025-10-02,Thursday,1,1391.37,2346.32,1336.54,1009.78,-927.54,3199.25,2346.32,852.93,-66.66,17,7,0
U005,1,2025-10-02,Thursday,1,1447.39,3377.35,2333.14,1044.21,-2019.0,3168.51,3377.35,-208.84,-80.0,14,10,1
U006,1,2025-10-02,Thursday,1,1605.76,2321.0,1348.96,972.04,-722.89,1835.74,2321.0,-485.26,-45.02,10,10,1
U007,1,2025-10-02,Thursday,1,1391.48,2262.67,1380.92,881.75,-725.48,2823.58,2262.67,560.91,-52.14,13,6,0
U008,1,2025-10-02,Thursday,1,1633.91,1657.05,1138.35,518.7,40.5,2146.4,1657.05,489.35,2.48,13,7,0
U009,1,2025-10-02,Thursday,1,1292.44,2476.17,1491.25,984.92,-1210.65,3368.53,2476.17,892.36,-80.0,20,7,0
U010,1,2025-10-02,Thursday,1,1294.31,1881.57,1060.27,821.3,-657.14,2831.89,1881.57,950.32,-50.77,16,6,0
U001,1,2025-10-03,Friday,1,1268.73,2784.72,1763.13,1021.59,-1430.49,2530.31,2784.72,-254.41,-80.0,19,10,1
U002,1,2025-10-03,Friday,1,1642.58,1542.8,890.4,652.4,150.56,2732.75,1542.8,1189.95,9.17,20,5,0
U003,1,2025-10-03,Friday,1,978.46,3227.61,2031.07,1196.54,-2293.13,3330.77,3227.61,103.16,-80.0,21,5,0
U004,1,2025-10-03,Friday,1,1261.61,2665.31,1528.05,1137.26,-1473.55,2549.4,2665.31,-115.91,-80.0,9,9,1
U005,1,2025-10-03,Friday,1,1604.9,2502.08,1468.31,1033.77,-910.5,2965.05,2502.08,462.97,-56.73,6,7,0
U006,1,2025-10-03,Friday,1,1161.52,1843.97,1116.24,727.73,-645.83,2325.07,1843.97,481.1,-55.6,15,6,0
U007,1,2025-10-03,Friday,1,1432.86,2405.19,1377.94,1027.25,-1009.05,2607.85,2405.19,202.66,-70.42,18,5,0
U008,1,2025-10-03,Friday,1,1478.4,1867.96,1287.72,580.24,-278.85,2291.15,1867.96,423.19,-18.86,6,7,0
U009,1,2025-10-03,Friday,1,1301.31,2561.08,1559.12,1001.96,-1222.93,3197.85,2561.08,636.77,-80.0,21,7,0
U010,1,2025-10-03,Friday,1,1365.43,2338.68,1611.7,726.98,-983.05,2939.37,2338.68,600.69,-72.0,18,5,0
U001,1,2025-10-04,Saturday,1,1451.33,2150.16,1193.61,956.55,-712.81,2185.65,2150.16,35.49,-49.11,18,7,0
U002,1,2025-10-04,Saturday,1,1329.7,2396.21,1612.01,784.2,-1003.55,2474.68,2396.21,78.47,-75.47,8,5,0
U003,1,2025-10-04,Saturday,1,1229.84,2695.12,1559.15,1135.97,-1448.53,2776.73,2695.12,81.61,-80.0,8,7,0
U004,1,2025-10-04,Saturday,1,1341.13,2453.18,1370.86,1082.32,-1133.76,2463.15,2453.18,9.97,-80.0,9,7,0
U005,1,2025-10-04,Saturday,1,1645.88,2412.21,1438.03,974.18,-741.72,2958.2,2412.21,545.99,-45.07,12,7,0
U006,1,2025-10-04,Saturday,1,787.24,2860.17,1819.2,1040.97,-2172.14,2116.57,2860.17,-743.6,-80.0,10,10,1
U007,1,2025-10-04,Saturday,1,1565.28,2979.07,2034.56,944.51,-1388.98,2883.77,2979.07,-95.3,-80.0,6,10,1
U008,1,2025-10-04,Saturday,1,1206.04,1657.88,942.65,715.23,-414.37,2147.09,1657.88,489.21,-34.36,18,6,0
U009,1,2025-10-04,Saturday,1,1345.26,2163.5,1294.57,868.93,-784.04,3237.1,2163.5,1073.6,-58.28,7,5,0
U010,1,2025-10-04,Saturday,1,1111.73,2824.87,1804.26,1020.61,-1744.74,2982.99,2824.87,158.12,-80.0,14,7,0
U001,2,2025-10-05,Sunday,2,1324.78,2669.14,1799.99,869.15,-1371.11,2562.58,2669.14,-106.56,-80.0,21,10,1
U002,2,2025-10-05,Sunday,2,1223.75,2087.46,1151.98,935.48,-869.43,2465.23,2087.46,377.77,-71.05,8,5,0
U003,2,2025-10-05,Sunday,2,1424.75,2803.84,1889.83,914.01,-1351.33,2924.05,2803.84,120.21,-80.0,15,5,0
U004,2,2025-10-05,Sunday,2,1337.62,1692.76,1100.14,592.62,-439.1,3206.19,1692.76,1513.43,-32.83,20,5,0
U005,2,2025-10-05,Sunday,2,1593.6,3018.93,2051.18,967.75,-1375.61,3173.91,3018.93,154.98,-80.0,7,7,0
U006,2,2025-10-05,Sunday,2,1398.49,1930.07,1277.41,652.66,-565.81,2779.11,1930.07,849.04,-40.46,18,6,0
U007,2,2025-10-05,Sunday,2,1020.44,2210.62,1382.69,827.93,-1219.48,3185.98,2210.62,975.36,-80.0,12,6,0
U008,2,2025-10-05,Sunday,2,1048.7,2350.39,1547.97,802.42,-1365.66,2128.07,2350.39,-222.32,-80.0,17,9,1
U009,2,2025-10-05,Sunday,2,1657.99,2762.88,1804.24,958.64,-1123.43,2479.62,2762.88,-283.26,-67.76,6,10,1
U010,2,2025-10-05,Sunday,2,1527.75,2612.55,1458.09,1154.46,-1119.52,2749.46,2612.55,136.91,-73.28,8,7,0
U001,2,2025-10-06,Monday,2,1378.29,2219.3,1364.32,854.98,-807.23,2464.26,2219.3,244.96,-58.57,9,7,0
U002,2,2025-10-06,Monday,2,1376.75,2773.57,1779.37,994.2,-1272.12,2952.65,2773.57,179.08,-80.0,8,7,0
U003,2,2025-10-06,Monday,2,1106.27,2525.81,1527.55,998.26,-1473.84,3289.86,2525.81,764.05,-80.0,8,6,0
U004,2,2025-10-06,Monday,2,1157.92,2327.52,1469.69,857.83,-1129.17,2893.65,2327.52,566.13,-80.0,8,7,0
U005,2,2025-10-06,Monday,2,1250.78,3312.36,2233.8,1078.56,-2099.34,3460.9,3312.36,148.54,-80.0,14,6,0
U006,2,2025-10-06,Monday,2,1405.67,2693.47,1766.69,926.78,-1186.23,2020.02,2693.47,-673.45,-80.0,13,10,1
U007,2,2025-10-06,Monday,2,1333.18,2740.69,1804.84,935.85,-1484.9,3174.71,2740.69,434.02,-80.0,15,5,0
U008,2,2025-10-06,Monday,2,1154.1,2282.05,1576.11,705.94,-1120.99,2307.14,2282.05,25.09,-80.0,6,7,0
U009,2,2025-10-06,Monday,2,1487.05,2404.14,1620.51,783.63,-906.7,3623.01,2404.14,1218.87,-60.97,20,5,0
U010,2,2025-10-06,Monday,2,1556.24,2325.25,1455.8,869.45,-731.09,2965.79,2325.25,640.54,-46.98,7,7,0
U001,2,2025-10-07,Tuesday,2,1613.14,3090.27,1767.53,1322.74,-1325.54,2861.23,3090.27,-229.04,-80.0,20,10,1
U002,2,2025-10-07,Tuesday,2,1595.33,2371.88,1650.13,721.75,-733.4,2411.79,2371.88,39.91,-45.97,10,6,0
U003,2,2025-10-07,Tuesday,2,1464.09,2608.08,1684.32,923.76,-1147.07,3406.26,2608.08,798.18,-78.35,16,5,0
U004,2,2025-10-07,Tuesday,2,1451.91,2469.79,1620.56,849.23,-1060.07,2677.47,2469.79,207.68,-73.01,7,6,0
U005,2,2025-10-07,Tuesday,2,978.01,2760.1,1717.03,1043.07,-1743.66,2970.11,2760.1,210.01,-80.0,14,5,0
U006,2,2025-10-07,Tuesday,2,1365.17,2580.61,1796.41,784.2,-1223.53,2541.47,2580.61,-39.14,-80.0,21,9,1
U007,2,2025-10-07,Tuesday,2,1435.52,2179.03,1485.6,693.43,-722.49,2961.79,2179.03,782.76,-50.33,10,6,0
U008,2,2025-10-07,Tuesday,2,1775.68,1874.28,1111.88,762.4,-99.77,1999.33,1874.28,125.05,-5.62,17,5,0
U009,2,2025-10-07,Tuesday,2,1413.11,3030.55,1855.01,1175.54,-1556.02,3034.54,3030.55,3.99,-80.0,17,6,0
U010,2,2025-10-07,Tuesday,2,1083.74,3029.3,2027.51,1001.79,-1872.47,2861.26,3029.3,-168.04,-80.0,7,10,1
U001,2,2025-10-08,Wednesday,2,1616.27,2492.94,1656.04,836.9,-888.53,2919.87,2492.94,426.93,-54.97,20,5,0
U002,2,2025-10-08,Wednesday,2,1254.53,1990.71,1168.49,822.22,-782.2,2412.1,1990.71,421.39,-62.35,18,5,0
U003,2,2025-10-08,Wednesday,2,1349.46,2943.41,1979.08,964.33,-1635.27,3036.54,2943.41,93.13,-80.0,9,6,0
U004,2,2025-10-08,Wednesday,2,1290.6,2771.56,1761.96,1009.6,-1458.55,2585.12,2771.56,-186.44,-80.0,9,10,1
U005,2,2025-10-08,Wednesday,2,1223.31,2877.65,2011.01,866.64,-1652.02,3515.62,2877.65,637.97,-80.0,12,7,0
U006,2,2025-10-08,Wednesday,2,1783.09,2201.51,1500.24,701.27,-398.3,2227.92,2201.51,26.41,-22.34,8,6,0
U007,2,2025-10-08,Wednesday,2,1012.25,2948.98,2034.64,914.34,-1971.69,2403.31,2948.98,-545.67,-80.0,16,10,1
U008,2,2025-10-08,Wednesday,2,1526.48,1986.45,1175.93,810.52,-424.9,2284.63,1986.45,298.18,-27.84,6,7,0
U009,2,2025-10-08,Wednesday,2,1460.61,2677.23,1714.98,962.25,-1170.39,3177.1,2677.23,499.87,-80.0,10,6,0
U010,2,2025-10-08,Wednesday,2,1188.91,2332.53,1332.73,999.8,-1181.06,2901.76,2332.53,569.23,-80.0,6,6,0
U001,2,2025-10-09,Thursday,2,1364.43,2900.88,1828.98,1071.9,-1507.54,2467.57,2900.88,-433.31,-80.0,12,9,1
U002,2,2025-10-09,Thursday,2,1732.85,2297.0,1308.05,988.95,-615.47,2494.51,2297.0,197.51,-35.52,20,7,0
U003,2,2025-10-09,Thursday,2,1532.51,2719.13,1534.36,1184.77,-1064.3,2643.31,2719.13,-75.82,-69.45,9,10,1
U004,2,2025-10-09,Thursday,2,1639.95,2323.84,1401.88,921.96,-678.13,2740.92,2323.84,417.08,-41.35,7,5,0
U005,2,2025-10-09,Thursday,2,1087.26,2982.11,1951.14,1030.97,-1928.27,3265.82,2982.11,283.71,-80.0,19,7,0
U006,2,2025-10-09,Thursday,2,1338.49,2364.39,1498.92,865.47,-967.59,2404.59,2364.39,40.2,-72.29,8,5,0
U007,2,2025-10-09,Thursday,2,1418.44,2489.03,1688.55,800.48,-1118.72,2754.65,2489.03,265.62,-78.87,21,5,0
U008,2,2025-10-09,Thursday,2,1235.08,1731.68,1157.38,574.3,-522.1,1416.34,1731.68,-315.34,-42.27,10,10,1
U009,2,2025-10-09,Thursday,2,1511.75,2475.03,1436.44,1038.59,-1003.71,3167.55,2475.03,692.52,-66.39,7,5,0
U010,2,2025-10-09,Thursday,2,1031.79,3048.05,1796.83,1251.22,-2102.93,2678.3,3048.05,-369.75,-80.0,6,9,1
U001,2,2025-10-10,Friday,2,1640.9,1904.05,1223.02,681.03,-264.6,2723.76,1904.05,819.71,-16.13,19,5,0
U002,2,2025-10-10,Friday,2,1675.97,2267.09,1537.19,729.9,-610.44,2762.86,2267.09,495.77,-36.42,6,6,0
U003,2,2025-10-10,Friday,2,1346.46,2968.84,1940.83,1028.01,-1661.91,2969.97,2968.84,1.13,-80.0,8,6,0
U004,2,2025-10-10,Friday,2,1738.46,2061.98,1369.25,692.73,-302.83,2385.76,2061.98,323.78,-17.42,20,5,0
U005,2,2025-10-10,Friday,2,1256.83,2376.52,1356.32,1020.2,-1166.35,3230.04,2376.52,853.52,-80.0,8,5,0
U006,2,2025-10-10,Friday,2,1249.86,2073.09,1241.94,831.15,-725.5,2753.18,2073.09,680.09,-58.05,6,6,0
U007,2,2025-10-10,Friday,2,1436.48,2123.6,1325.31,798.29,-745.22,3184.28,2123.6,1060.68,-51.88,19,5,0
U008,2,2025-10-10,Friday,2,1545.51,1413.32,915.97,497.35,57.48,2251.2,1413.32,837.88,3.72,9,6,0
U009,2,2025-10-10,Friday,2,1442.42,2681.32,1489.67,1191.65,-1269.75,3114.51,2681.32,433.19,-80.0,10,7,0
U010,2,2025-10-10,Friday,2,1464.69,2182.52,1523.37,659.15,-705.81,2238.08,2182.52,55.56,-48.19,20,6,0
U001,2,2025-10-11,Saturday,2,1686.3,2501.55,1458.75,1042.8,-890.19,2972.58,2501.55,471.03,-52.79,7,5,0
U002,2,2025-10-11,Saturday,2,1500.24,1024.44,583.79,440.65,507.91,2435.43,1024.44,1410.99,33.86,13,7,0
U003,2,2025-10-11,Saturday,2,1466.06,3461.66,2210.46,1251.2,-1993.39,3454.16,3461.66,-7.5,-80.0,13,10,1
U004,2,2025-10-11,Saturday,2,1220.71,2409.63,1456.9,952.73,-1346.1,2246.66,2409.63,-162.97,-80.0,16,10,1
U005,2,2025-10-11,Saturday,2,1559.05,2624.55,1738.61,885.94,-1070.62,3755.86,2624.55,1131.31,-68.67,6,5,0
U006,2,2025-10-11,Saturday,2,1302.03,2293.93,1490.45,803.48,-963.13,1956.22,2293.93,-337.71,-73.97,15,10,1
U007,2,2025-10-11,Saturday,2,1243.77,2784.64,1794.8,989.84,-1554.4,3069.95,2784.64,285.31,-80.0,12,6,0
U008,2,2025-10-11,Saturday,2,869.96,2128.88,1256.69,872.19,-1223.17,2097.85,2128.88,-31.03,-80.0,11,9,1
U009,2,2025-10-11,Saturday,2,1795.4,2501.05,1659.84,841.21,-702.29,2818.61,2501.05,317.56,-39.12,19,6,0
U010,2,2025-10-11,Saturday,2,1199.44,1951.3,1075.92,875.38,-708.45,2189.17,1951.3,237.87,-59.07,9,5,0
U001,3,2025-10-12,Sunday,3,1587.39,2583.05,1505.2,1077.85,-1022.73,2873.52,2583.05,290.47,-64.43,9,5,0
U002,3,2025-10-12,Sunday,3,1500.09,1719.09,996.6,722.49,-213.88,2507.07,1719.09,787.98,-14.26,20,7,0
U003,3,2025-10-12,Sunday,3,1677.01,2791.15,1658.36,1132.79,-1057.64,3206.34,2791.15,415.19,-63.07,14,5,0
U004,3,2025-10-12,Sunday,3,1439.16,2965.19,1831.24,1133.95,-1505.06,2086.54,2965.19,-878.65,-80.0,11,10,1
U005,3,2025-10-12,Sunday,3,1213.21,2483.3,1575.51,907.79,-1308.93,3046.87,2483.3,563.57,-80.0,9,7,0
U006,3,2025-10-12,Sunday,3,1429.64,1944.25,1070.59,873.66,-515.5,2828.55,1944.25,884.3,-36.06,12,7,0
U007,3,2025-10-12,Sunday,3,1204.83,1997.32,1386.95,610.37,-777.26,2579.82,1997.32,582.5,-64.51,14,5,0
U008,3,2025-10-12,Sunday,3,1115.47,1870.99,1085.58,785.41,-681.43,2101.58,1870.99,230.59,-61.09,17,7,0
U009,3,2025-10-12,Sunday,3,1270.54,2481.56,1731.94,749.62,-1213.68,3148.48,2481.56,666.92,-80.0,13,7,0
U010,3,2025-10-12,Sunday,3,1502.28,2549.57,1527.76,1021.81,-1000.44,2748.28,2549.57,198.71,-66.59,6,7,0
U001,3,2025-10-13,Monday,3,1409.78,2528.5,1733.68,794.82,-1075.33,2617.41,2528.5,88.91,-76.28,6,6,0
U002,3,2025-10-13,Monday,3,1504.64,2274.0,1567.99,706.01,-818.59,2671.01,2274.0,397.01,-54.4,10,6,0
U003,3,2025-10-13,Monday,3,1692.37,2785.27,1921.48,863.79,-1073.03,2877.9,2785.27,92.63,-63.4,18,7,0
U004,3,2025-10-13,Monday,3,1477.53,2406.31,1346.4,1059.91,-873.66,2719.69,2406.31,313.38,-59.13,19,6,0
U005,3,2025-10-13,Monday,3,1458.34,2707.49,1838.56,868.93,-1248.88,3798.42,2707.49,1090.93,-80.0,6,7,0
U006,3,2025-10-13,Monday,3,1637.67,2456.02,1660.13,795.89,-818.1,2406.37,2456.02,-49.65,-49.96,8,10,1
U007,3,2025-10-13,Monday,3,1212.29,2293.76,1564.08,729.68,-1065.31,2597.61,2293.76,303.85,-80.0,10,7,0
U008,3,2025-10-13,Monday,3,1584.92,1732.6,1095.37,637.23,-167.0,2110.86,1732.6,378.26,-10.54,18,5,0
U009,3,2025-10-13,Monday,3,1414.83,2520.29,1598.89,921.4,-1096.9,2716.39,2520.29,196.1,-77.53,17,5,0
U010,3,2025-10-13,Monday,3,958.01,1925.73,1208.17,717.56,-949.17,2819.42,1925.73,893.69,-80.0,6,6,0
U001,3,2025-10-14,Tuesday,3,1331.28,2617.42,1681.46,935.96,-1290.27,2230.86,2617.42,-386.56,-80.0,7,10,1
U002,3,2025-10-14,Tuesday,3,1356.77,2180.31,1421.58,758.73,-777.47,2430.42,2180.31,250.11,-57.3,20,5,0
U003,3,2025-10-14,Tuesday,3,1027.72,3412.41,2385.79,1026.62,-2484.08,3307.56,3412.41,-104.85,-80.0,11,9,1
U004,3,2025-10-14,Tuesday,3,1070.84,2381.04,1416.81,964.23,-1336.77,2714.87,2381.04,333.83,-80.0,15,6,0
U005,3,2025-10-14,Tuesday,3,773.62,3799.61,2581.99,1217.62,-3038.06,3314.85,3799.61,-484.76,-80.0,13,10,1
U006,3,2025-10-14,Tuesday,3,1036.25,1942.4,1144.24,798.16,-886.74,2049.68,1942.4,107.28,-80.0,8,7,0
U007,3,2025-10-14,Tuesday,3,1092.51,2318.77,1278.57,1040.2,-1137.81,2444.84,2318.77,126.07,-80.0,10,7,0
U008,3,2025-10-14,Tuesday,3,1454.51,2053.46,1152.59,900.87,-618.08,2119.29,2053.46,65.83,-42.49,6,5,0
U009,3,2025-10-14,Tuesday,3,1614.6,2190.88,1521.58,669.3,-590.02,3194.57,2190.88,1003.69,-36.54,16,7,0
U010,3,2025-10-14,Tuesday,3,1473.63,2664.02,1534.67,1129.35,-1148.95,3242.47,2664.02,578.45,-77.97,8,5,0
U001,3,2025-10-15,Wednesday,3,1741.47,1978.47,1155.29,823.18,-284.86,3513.16,1978.47,1534.69,-16.36,6,6,0
U002,3,2025-10-15,Wednesday,3,1217.66,1593.07,1075.76,517.31,-395.87,2634.16,1593.07,1041.09,-32.51,17,7,0
U003,3,2025-10-15,Wednesday,3,1584.45,2690.12,1659.15,1030.97,-1179.16,3172.91,2690.12,482.79,-74.42,11,7,0
U004,3,2025-10-15,Wednesday,3,1417.8,2599.14,1815.74,783.4,-1164.01,2406.87,2599.14,-192.27,-80.0,14,10,1
U005,3,2025-10-15,Wednesday,3,1225.89,3074.66,1805.29,1269.37,-1831.08,3246.64,3074.66,171.98,-80.0,8,6,0
U006,3,2025-10-15,Wednesday,3,1598.21,2549.46,1547.0,1002.46,-967.48,2247.16,2549.46,-302.3,-60.54,12,9,1
U007,3,2025-10-15,Wednesday,3,1434.01,1985.42,1258.97,726.45,-552.43,3067.57,1985.42,1082.15,-38.52,9,5,0
U008,3,2025-10-15,Wednesday,3,1533.96,1876.62,1275.7,600.92,-276.35,1399.92,1876.62,-476.7,-18.02,17,10,1
U009,3,2025-10-15,Wednesday,3,1233.73,2632.39,1498.77,1133.62,-1480.19,3043.55,2632.39,411.16,-80.0,21,7,0
U010,3,2025-10-15,Wednesday,3,1365.79,1987.15,1140.95,846.2,-564.57,2255.01,1987.15,267.86,-41.34,8,5,0
U001,3,2025-10-16,Thursday,3,994.31,3485.66,2120.26,1365.4,-2497.31,2861.05,3485.66,-624.61,-80.0,16,10,1
U002,3,2025-10-16,Thursday,3,1047.64,2542.67,1776.73,765.94,-1466.7,2296.15,2542.67,-246.52,-80.0,17,10,1
U003,3,2025-10-16,Thursday,3,1231.23,2518.43,1607.55,910.88,-1227.78,3286.68,2518.43,768.25,-80.0,6,7,0
U004,3,2025-10-16,Thursday,3,1428.66,2539.73,1594.19,945.54,-1113.95,2067.77,2539.73,-471.96,-77.97,10,9,1
U005,3,2025-10-16,Thursday,3,1751.62,2549.19,1769.09,780.1,-877.44,3221.88,2549.19,672.69,-50.09,17,7,0
U006,3,2025-10-16,Thursday,3,1381.82,2802.55,1955.6,846.95,-1421.14,2509.97,2802.55,-292.58,-80.0,7,9,1
U007,3,2025-10-16,Thursday,3,1291.14,2424.6,1446.78,977.82,-1150.54,2725.72,2424.6,301.12,-80.0,7,6,0
U008,3,2025-10-16,Thursday,3,1372.46,1390.56,811.26,579.3,-62.25,1621.74,1390.56,231.18,-4.54,11,5,0
U009,3,2025-10-16,Thursday,3,833.15,2701.94,1668.23,1033.71,-1881.71,2712.92,2701.94,10.98,-80.0,8,5,0
U010,3,2025-10-16,Thursday,3,1483.13,2221.99,1368.19,853.8,-724.6,2607.48,2221.99,385.49,-48.86,11,6,0
U001,3,2025-10-17,Friday,3,1620.84,2350.9,1591.42,759.48,-659.11,2522.97,2350.9,172.07,-40.66,12,5,0
U002,3,2025-10-17,Friday,3,1181.23,2581.22,1635.85,945.37,-1410.77,2526.91,2581.22,-54.31,-80.0,11,10,1
U003,3,2025-10-17,Friday,3,1182.74,3437.22,2002.57,1434.65,-2232.53,3547.99,3437.22,110.77,-80.0,12,6,0
U004,3,2025-10-17,Friday,3,1282.96,2460.94,1399.25,1061.69,-1122.47,2180.94,2460.94,-280.0,-80.0,12,10,1
U005,3,2025-10-17,Friday,3,1497.78,2476.81,1451.96,1024.85,-901.7,3063.84,2476.81,587.03,-60.2,16,7,0
U006,3,2025-10-17,Friday,3,1548.88,2324.49,1475.42,849.07,-772.35,2387.38,2324.49,62.89,-49.87,7,6,0
U007,3,2025-10-17,Friday,3,1634.42,1604.81,1099.67,505.14,-39.32,2206.22,1604.81,601.41,-2.41,6,5,0
U008,3,2025-10-17,Friday,3,1397.83,2441.25,1667.5,773.75,-1057.88,1811.51,2441.25,-629.74,-75.68,13,9,1
U009,3,2025-10-17,Friday,3,1381.53,2732.29,1829.26,903.03,-1402.43,2744.94,2732.29,12.65,-80.0,8,7,0
U010,3,2025-10-17,Friday,3,1441.05,2634.56,1507.23,1127.33,-1184.02,2229.56,2634.56,-405.0,-80.0,13,10,1
U001,3,2025-10-18,Saturday,3,1691.56,2905.52,1969.36,936.16,-1094.09,2790.09,2905.52,-115.43,-64.68,16,9,1
U002,3,2025-10-18,Saturday,3,1494.13,1788.29,1070.76,717.53,-304.55,1961.78,1788.29,173.49,-20.38,17,7,0
U003,3,2025-10-18,Saturday,3,1318.87,2375.44,1596.98,778.46,-1097.57,2962.12,2375.44,586.68,-80.0,11,7,0
U004,3,2025-10-18,Saturday,3,1382.89,2378.27,1522.43,855.84,-1013.68,2723.17,2378.27,344.9,-73.3,11,6,0
U005,3,2025-10-18,Saturday,3,1606.3,2851.89,1967.44,884.45,-1228.35,3144.09,2851.89,292.2,-76.47,20,6,0
U006,3,2025-10-18,Saturday,3,2058.77,1717.01,1028.58,688.43,296.26,2626.3,1717.01,909.29,14.39,7,7,0
U007,3,2025-10-18,Saturday,3,1302.32,2985.12,1860.76,1124.36,-1688.18,3263.22,2985.12,278.1,-80.0,10,7,0
U008,3,2025-10-18,Saturday,3,1261.34,1794.96,1047.6,747.36,-524.74,2211.95,1794.96,416.99,-41.6,7,5,0
U009,3,2025-10-18,Saturday,3,931.66,2863.34,2001.18,862.16,-1910.33,2663.52,2863.34,-199.82,-80.0,15,9,1
U010,3,2025-10-18,Saturday,3,1832.39,2090.94,1329.55,761.39,-305.93,2574.02,2090.94,483.08,-16.7,13,6,0
U001,4,2025-10-19,Sunday,4,1228.78,2406.6,1562.52,844.08,-1201.98,3188.76,2406.6,782.16,-80.0,18,5,0
U002,4,2025-10-19,Sunday,4,1028.52,1977.82,1101.31,876.51,-918.26,2786.03,1977.82,808.21,-80.0,6,7,0
U003,4,2025-10-19,Sunday,4,1386.11,2827.62,1939.54,888.08,-1386.98,2862.08,2827.62,34.46,-80.0,20,5,0
U004,4,2025-10-19,Sunday,4,1135.69,2036.68,1394.31,642.37,-964.18,2531.57,2036.68,494.89,-80.0,20,7,0
U005,4,2025-10-19,Sunday,4,932.65,3167.17,1919.12,1248.05,-2250.85,2868.27,3167.17,-298.9,-80.0,21,10,1
U006,4,2025-10-19,Sunday,4,1467.65,2536.82,1596.4,940.42,-1077.45,2639.59,2536.82,102.77,-73.41,16,6,0
U007,4,2025-10-19,Sunday,4,1099.41,2632.14,1619.35,1012.79,-1508.95,2008.52,2632.14,-623.62,-80.0,19,10,1
U008,4,2025-10-19,Sunday,4,1550.62,1822.86,1161.92,660.94,-296.14,2248.82,1822.86,425.96,-19.1,11,7,0
U009,4,2025-10-19,Sunday,4,1795.28,3101.14,2060.7,1040.44,-1326.87,2712.91,3101.14,-388.23,-73.91,12,10,1
U010,4,2025-10-19,Sunday,4,1233.62,2457.98,1469.28,988.7,-1233.83,2651.35,2457.98,193.37,-80.0,11,6,0
U001,4,2025-10-20,Monday,4,1446.15,2715.51,1716.34,999.17,-1312.85,2463.25,2715.51,-252.26,-80.0,17,9,1
U002,4,2025-10-20,Monday,4,1563.61,1887.08,1099.98,787.1,-348.15,2684.67,1887.08,797.59,-22.27,14,6,0
U003,4,2025-10-20,Monday,4,1183.14,2754.96,1851.47,903.49,-1620.31,3012.2,2754.96,257.24,-80.0,11,5,0
U004,4,2025-10-20,Monday,4,1284.33,2796.07,1645.35,1150.72,-1484.04,2743.74,2796.07,-52.33,-80.0,15,9,1
U005,4,2025-10-20,Monday,4,1220.31,2595.71,1449.25,1146.46,-1326.89,3632.76,2595.71,1037.05,-80.0,13,6,0
U006,4,2025-10-20,Monday,4,1456.41,2617.09,1671.69,945.4,-1226.28,2665.78,2617.09,48.69,-80.0,18,7,0
U007,4,2025-10-20,Monday,4,1242.7,2479.17,1712.87,766.3,-1246.22,3062.13,2479.17,582.96,-80.0,18,5,0
U008,4,2025-10-20,Monday,4,1616.44,1639.98,1131.15,508.83,5.2,2043.6,1639.98,403.62,0.32,21,7,0
U009,4,2025-10-20,Monday,4,1468.97,2968.97,1748.01,1220.96,-1473.57,3177.97,2968.97,209.0,-80.0,15,5,0
U010,4,2025-10-20,Monday,4,1346.48,2902.58,1767.46,1135.12,-1469.61,2847.62,2902.58,-54.96,-80.0,19,10,1
U001,4,2025-10-21,Tuesday,4,1419.82,2334.77,1413.92,920.85,-894.71,2461.8,2334.77,127.03,-63.02,19,7,0
U002,4,2025-10-21,Tuesday,4,1425.45,1376.3,769.17,607.13,67.38,2626.95,1376.3,1250.65,4.73,8,5,0
U003,4,2025-10-21,Tuesday,4,1827.94,2779.29,1683.47,1095.82,-920.49,2839.42,2779.29,60.13,-50.36,19,7,0
U004,4,2025-10-21,Tuesday,4,1235.09,2557.08,1418.32,1138.76,-1363.6,2566.86,2557.08,9.78,-80.0,11,7,0
U005,4,2025-10-21,Tuesday,4,1142.58,2886.36,1648.49,1237.87,-1721.59,3163.48,2886.36,277.12,-80.0,9,5,0
U006,4,2025-10-21,Tuesday,4,1767.28,1635.24,976.07,659.17,159.32,2569.67,1635.24,934.43,9.01,12,6,0
U007,4,2025-10-21,Tuesday,4,1142.17,2115.12,1269.26,845.86,-931.11,2922.51,2115.12,807.39,-80.0,19,5,0
U008,4,2025-10-21,Tuesday,4,1437.32,1841.62,1034.7,806.92,-338.72,1999.16,1841.62,157.54,-23.57,18,5,0
U009,4,2025-10-21,Tuesday,4,1544.9,2347.82,1364.21,983.61,-835.46,3252.22,2347.82,904.4,-54.08,13,7,0
U010,4,2025-10-21,Tuesday,4,1505.71,2299.76,1552.57,747.19,-760.31,2859.08,2299.76,559.32,-50.5,14,5,0
U001,4,2025-10-22,Wednesday,4,1248.54,1635.48,1112.23,523.25,-282.76,1983.71,1635.48,348.23,-22.65,17,6,0
U002,4,2025-10-22,Wednesday,4,1665.55,1840.82,1191.78,649.04,-233.23,2292.0,1840.82,451.18,-14.0,19,5,0
U003,4,2025-10-22,Wednesday,4,1389.16,2816.23,1818.06,998.17,-1340.9,3259.35,2816.23,443.12,-80.0,20,5,0
U004,4,2025-10-22,Wednesday,4,1477.16,2351.13,1503.65,847.48,-886.58,2439.98,2351.13,88.85,-60.02,9,5,0
U005,4,2025-10-22,Wednesday,4,1317.39,3244.62,1951.8,1292.82,-1852.83,3126.7,3244.62,-117.92,-80.0,14,9,1
U006,4,2025-10-22,Wednesday,4,1511.23,2455.99,1639.97,816.02,-935.07,2693.89,2455.99,237.9,-61.87,20,6,0
U007,4,2025-10-22,Wednesday,4,1158.31,2543.46,1685.98,857.48,-1433.49,2531.36,2543.46,-12.1,-80.0,15,9,1
U008,4,2025-10-22,Wednesday,4,1343.13,2189.14,1502.67,686.47,-848.98,2320.52,2189.14,131.38,-63.21,15,7,0
U009,4,2025-10-22,Wednesday,4,1269.57,2775.84,1776.15,999.69,-1493.73,3067.6,2775.84,291.76,-80.0,7,5,0
U010,4,2025-10-22,Wednesday,4,1407.24,2378.32,1565.61,812.71,-914.73,2875.21,2378.32,496.89,-65.0,13,7,0
U001,4,2025-10-23,Thursday,4,1640.48,2233.16,1316.65,916.51,-564.04,2519.36,2233.16,286.2,-34.38,18,7,0
U002,4,2025-10-23,Thursday,4,1288.67,2251.26,1407.42,843.84,-1038.92,2566.06,2251.26,314.8,-80.0,6,5,0
U003,4,2025-10-23,Thursday,4,1100.7,2195.65,1300.15,895.5,-1152.53,2596.17,2195.65,400.52,-80.0,6,5,0
U004,4,2025-10-23,Thursday,4,1470.19,2117.17,1479.74,637.43,-625.88,2745.98,2117.17,628.81,-42.57,17,6,0
U005,4,2025-10-23,Thursday,4,1560.44,3285.97,2121.03,1164.94,-1846.9,3588.64,3285.97,302.67,-80.0,15,5,0
U006,4,2025-10-23,Thursday,4,1306.71,2025.07,1278.28,746.79,-709.37,2260.46,2025.07,235.39,-54.29,6,7,0
U007,4,2025-10-23,Thursday,4,1144.44,2871.64,1690.19,1181.45,-1698.69,2954.21,2871.64,82.57,-80.0,13,6,0
U008,4,2025-10-23,Thursday,4,1326.39,2303.32,1565.97,737.35,-929.22,2074.84,2303.32,-228.48,-70.06,11,10,1
U009,4,2025-10-23,Thursday,4,969.19,2828.3,1659.63,1168.67,-1891.87,3062.14,2828.3,233.84,-80.0,18,7,0
U010,4,2025-10-23,Thursday,4,1414.32,2149.16,1374.55,774.61,-725.58,2461.71,2149.16,312.55,-51.3,8,7,0
U001,4,2025-10-24,Friday,4,1211.95,2558.21,1755.23,802.98,-1247.01,2840.26,2558.21,282.05,-80.0,9,5,0
U002,4,2025-10-24,Friday,4,1282.08,1550.02,985.03,564.99,-258.76,1888.69,1550.02,338.67,-20.18,12,7,0
U003,4,2025-10-24,Friday,4,1270.56,2439.56,1455.95,983.61,-1196.85,3241.08,2439.56,801.52,-80.0,14,7,0
U004,4,2025-10-24,Friday,4,1735.85,2748.5,1748.18,1000.32,-957.2,2412.69,2748.5,-335.81,-55.14,13,10,1
U005,4,2025-10-24,Friday,4,1139.78,2247.8,1454.1,793.7,-1177.62,3202.99,2247.8,955.19,-80.0,15,7,0
U006,4,2025-10-24,Friday,4,1245.87,1913.94,1256.75,657.19,-689.08,2135.49,1913.94,221.55,-55.31,9,5,0
U007,4,2025-10-24,Friday,4,1514.53,2995.7,1970.87,1024.83,-1363.56,2812.52,2995.7,-183.18,-80.0,9,10,1
U008,4,2025-10-24,Friday,4,1469.91,2267.14,1306.74,960.4,-768.5,2199.02,2267.14,-68.12,-52.28,16,10,1
U009,4,2025-10-24,Friday,4,1290.16,2754.18,1575.83,1178.35,-1420.56,2755.0,2754.18,0.82,-80.0,19,5,0
U010,4,2025-10-24,Friday,4,1080.01,2817.76,1891.99,925.77,-1673.8,2877.79,2817.76,60.03,-80.0,16,5,0
U001,4,2025-10-25,Saturday,4,1230.56,2212.91,1460.24,752.67,-1048.81,2965.22,2212.91,752.31,-80.0,14,7,0
U002,4,2025-10-25,Saturday,4,1204.21,1825.96,1259.32,566.64,-641.4,2608.67,1825.96,782.71,-53.26,7,6,0
U003,4,2025-10-25,Saturday,4,1249.56,3028.78,1915.57,1113.21,-1770.79,2604.76,3028.78,-424.02,-80.0,6,10,1
U004,4,2025-10-25,Saturday,4,1765.15,2626.7,1815.0,811.7,-870.53,2596.91,2626.7,-29.79,-49.32,10,9,1
U005,4,2025-10-25,Saturday,4,1870.46,2632.18,1657.35,974.83,-761.69,3321.22,2632.18,689.04,-40.72,20,7,0
U006,4,2025-10-25,Saturday,4,1304.9,2435.47,1357.25,1078.22,-1053.5,2786.75,2435.47,351.28,-80.0,12,5,0
U007,4,2025-10-25,Saturday,4,1714.0,2035.53,1263.37,772.16,-282.5,2749.09,2035.53,713.56,-16.48,14,6,0
U008,4,2025-10-25,Saturday,4,1501.01,1504.32,908.09,596.23,44.42,2434.13,1504.32,929.81,2.96,14,7,0
U009,4,2025-10-25,Saturday,4,1126.32,2641.4,1805.45,835.95,-1513.89,3410.89,2641.4,769.49,-80.0,20,7,0
U010,4,2025-10-25,Saturday,4,1356.47,2643.79,1549.69,1094.1,-1291.91,2844.41,2643.79,200.62,-80.0,20,5,0
U001,5,2025-10-26,Sunday,5,1399.36,2308.67,1611.24,697.43,-873.15,2833.5,2308.67,524.83,-62.4,14,7,0
U002,5,2025-10-26,Sunday,5,1270.1,2156.21,1442.18,714.03,-876.25,2965.71,2156.21,809.5,-68.99,10,6,0
U003,5,2025-10-26,Sunday,5,1397.62,2424.43,1483.5,940.93,-1092.88,3017.98,2424.43,593.55,-78.2,14,6,0
U004,5,2025-10-26,Sunday,5,1287.19,2474.15,1421.09,1053.06,-1269.66,2769.06,2474.15,294.91,-80.0,17,6,0
U005,5,2025-10-26,Sunday,5,1686.98,2637.84,1500.94,1136.9,-936.7,2886.29,2637.84,248.45,-55.53,11,5,0
U006,5,2025-10-26,Sunday,5,1211.98,2504.83,1657.38,847.45,-1310.57,2670.81,2504.83,165.98,-80.0,6,5,0
U007,5,2025-10-26,Sunday,5,1892.3,1882.79,1035.66,847.13,-4.26,2565.3,1882.79,682.51,-0.23,15,6,0
U008,5,2025-10-26,Sunday,5,1294.29,1680.52,1015.32,665.2,-389.39,2408.91,1680.52,728.39,-30.09,17,7,0
U009,5,2025-10-26,Sunday,5,1081.7,2880.63,1788.78,1091.85,-1768.95,2785.91,2880.63,-94.72,-80.0,11,10,1
U010,5,2025-10-26,Sunday,5,957.85,2035.8,1287.37,748.43,-1115.76,2776.0,2035.8,740.2,-80.0,13,6,0
U001,5,2025-10-27,Monday,5,1328.56,2202.43,1313.79,888.64,-925.19,3613.6,2202.43,1411.17,-69.64,6,6,0
U002,5,2025-10-27,Monday,5,1505.96,2378.12,1395.18,982.94,-964.39,2375.13,2378.12,-2.99,-64.04,19,10,1
U003,5,2025-10-27,Monday,5,1207.42,2725.35,1706.11,1019.24,-1535.11,2958.55,2725.35,233.2,-80.0,13,5,0
U004,5,2025-10-27,Monday,5,1171.12,2106.1,1426.2,679.9,-846.71,2911.04,2106.1,804.94,-72.3,10,5,0
U005,5,2025-10-27,Monday,5,1237.1,3322.48,1853.15,1469.33,-2047.97,3258.59,3322.48,-63.89,-80.0,13,10,1
U006,5,2025-10-27,Monday,5,1300.42,2013.71,1126.13,887.58,-727.32,2370.14,2013.71,356.43,-55.93,15,5,0
U007,5,2025-10-27,Monday,5,1328.43,2315.16,1347.78,967.38,-1057.33,3038.42,2315.16,723.26,-79.59,14,5,0
U008,5,2025-10-27,Monday,5,1124.9,1731.9,1110.68,621.22,-677.15,2454.15,1731.9,722.25,-60.2,12,6,0
U009,5,2025-10-27,Monday,5,1837.4,2796.09,1780.32,1015.77,-913.13,3189.91,2796.09,393.82,-49.7,9,5,0
U010,5,2025-10-27,Monday,5,1460.33,2396.8,1482.18,914.62,-876.8,2489.3,2396.8,92.5,-60.04,11,6,0
U001,5,2025-10-28,Tuesday,5,1241.71,2328.27,1319.37,1008.9,-1050.72,2929.72,2328.27,601.45,-80.0,13,5,0
U002,5,2025-10-28,Tuesday,5,1593.49,2206.31,1385.33,820.98,-652.21,2482.97,2206.31,276.66,-40.93,18,5,0
U003,5,2025-10-28,Tuesday,5,1086.11,2824.45,1678.06,1146.39,-1797.43,2493.17,2824.45,-331.28,-80.0,16,10,1
U004,5,2025-10-28,Tuesday,5,1141.18,2490.85,1575.49,915.36,-1310.17,2314.42,2490.85,-176.43,-80.0,8,9,1
U005,5,2025-10-28,Tuesday,5,1663.27,2604.96,1715.87,889.09,-958.02,3403.18,2604.96,798.22,-57.6,17,6,0
U006,5,2025-10-28,Tuesday,5,1458.09,2155.78,1507.63,648.15,-650.97,2325.82,2155.78,170.04,-44.65,18,5,0
U007,5,2025-10-28,Tuesday,5,1566.19,2687.07,1718.1,968.97,-1095.75,3219.1,2687.07,532.03,-69.96,6,7,0
U008,5,2025-10-28,Tuesday,5,1279.01,1685.69,1044.05,641.64,-330.82,2575.14,1685.69,889.45,-25.87,14,5,0
U009,5,2025-10-28,Tuesday,5,1237.74,2766.31,1579.37,1186.94,-1584.76,2869.46,2766.31,103.15,-80.0,14,7,0
U010,5,2025-10-28,Tuesday,5,1209.01,2543.71,1451.06,1092.65,-1316.64,2672.81,2543.71,129.1,-80.0,7,6,0
U001,5,2025-10-29,Wednesday,5,1412.84,1967.49,1205.72,761.77,-601.07,3258.7,1967.49,1291.21,-42.54,21,7,0
U002,5,2025-10-29,Wednesday,5,1667.98,1932.71,1314.37,618.34,-310.94,2223.76,1932.71,291.05,-18.64,11,7,0
U003,5,2025-10-29,Wednesday,5,1263.35,3517.61,2438.3,1079.31,-2218.24,3456.8,3517.61,-60.81,-80.0,12,9,1
U004,5,2025-10-29,Wednesday,5,1348.12,2029.05,1196.74,832.31,-636.53,2603.77,2029.05,574.72,-47.22,7,5,0
U005,5,2025-10-29,Wednesday,5,1243.51,2929.5,1879.62,1049.88,-1702.17,2760.02,2929.5,-169.48,-80.0,6,9,1
U006,5,2025-10-29,Wednesday,5,1198.4,2879.92,1610.63,1269.29,-1799.3,2302.73,2879.92,-577.19,-80.0,12,10,1
U007,5,2025-10-29,Wednesday,5,1454.16,2575.93,1633.61,942.32,-1144.95,3001.45,2575.93,425.52,-78.74,9,5,0
U008,5,2025-10-29,Wednesday,5,1151.73,1900.86,1327.05,573.81,-733.52,2164.0,1900.86,263.14,-63.69,12,7,0
U009,5,2025-10-29,Wednesday,5,1337.84,2807.3,1646.97,1160.33,-1348.41,3462.74,2807.3,655.44,-80.0,19,6,0
U010,5,2025-10-29,Wednesday,5,1375.76,2791.31,1716.97,1074.34,-1417.15,2886.06,2791.31,94.75,-80.0,9,5,0
U001,5,2025-10-30,Thursday,5,1485.87,2214.2,1442.28,771.92,-797.27,3208.73,2214.2,994.53,-53.66,12,5,0
U002,5,2025-10-30,Thursday,5,1526.03,2024.44,1194.76,829.68,-542.04,2826.37,2024.44,801.93,-35.52,20,6,0
U003,5,2025-10-30,Thursday,5,1459.98,3564.76,2387.4,1177.36,-2157.06,3291.12,3564.76,-273.64,-80.0,17,10,1
U004,5,2025-10-30,Thursday,5,968.62,1868.43,1102.05,766.38,-940.22,2804.83,1868.43,936.4,-80.0,14,6,0
U005,5,2025-10-30,Thursday,5,1667.08,2763.17,1575.13,1188.04,-1145.03,3123.25,2763.17,360.08,-68.68,8,6,0
U006,5,2025-10-30,Thursday,5,1132.45,1315.22,915.17,400.05,-198.89,2461.05,1315.22,1145.83,-17.56,11,6,0
U007,5,2025-10-30,Thursday,5,1357.71,3166.21,2115.12,1051.09,-1754.48,2713.81,3166.21,-452.4,-80.0,12,10,1
U008,5,2025-10-30,Thursday,5,1125.1,2309.52,1477.9,831.62,-1135.64,1917.26,2309.52,-392.26,-80.0,12,10,1
U009,5,2025-10-30,Thursday,5,1424.03,2893.85,1679.61,1214.24,-1393.35,3473.51,2893.85,579.66,-80.0,21,5,0
U010,5,2025-10-30,Thursday,5,1200.48,2264.98,1263.44,1001.54,-993.83,3014.44,2264.98,749.46,-80.0,7,7,0
U001,5,2025-10-31,Friday,5,1599.53,2698.94,1512.46,1186.48,-1090.79,2850.79,2698.94,151.85,-68.19,18,5,0
U002,5,2025-10-31,Friday,5,1241.16,2478.99,1490.01,988.98,-1219.0,2725.5,2478.99,246.51,-80.0,16,6,0
U003,5,2025-10-31,Friday,5,1403.69,3246.86,2000.66,1246.2,-1855.21,2916.96,3246.86,-329.9,-80.0,13,10,1
U004,5,2025-10-31,Friday,5,1230.5,1914.58,1064.13,850.45,-747.76,2898.55,1914.58,983.97,-60.77,11,6,0
U005,5,2025-10-31,Friday,5,1339.85,2495.22,1603.62,891.6,-1188.9,3132.47,2495.22,637.25,-80.0,15,5,0
U006,5,2025-10-31,Friday,5,1253.92,2922.82,1715.37,1207.45,-1689.85,2381.6,2922.82,-541.22,-80.0,17,10,1
U007,5,2025-10-31,Friday,5,1533.76,2577.12,1617.32,959.8,-1073.17,2798.9,2577.12,221.78,-69.97,10,6,0
U008,5,2025-10-31,Friday,5,1352.5,1871.45,1044.46,826.99,-395.3,2022.33,1871.45,150.88,-29.23,7,5,0
U009,5,2025-10-31,Friday,5,1372.36,2425.23,1517.4,907.83,-1063.89,3189.94,2425.23,764.71,-77.52,14,5,0
U010,5,2025-10-31,Friday,5,1183.56,2246.25,1493.83,752.42,-1062.22,2454.2,2246.25,207.95,-80.0,11,7,0
U001,5,2025-11-01,Saturday,5,1077.99,1922.46,1170.2,752.26,-836.66,2757.65,1922.46,835.19,-77.61,7,7,0
U002,5,2025-11-01,Saturday,5,1324.7,2806.08,1899.1,906.98,-1404.32,2894.27,2806.08,88.19,-80.0,8,6,0
U003,5,2025-11-01,Saturday,5,1332.57,2715.82,1549.25,1166.57,-1462.87,2561.42,2715.82,-154.4,-80.0,11,10,1
U004,5,2025-11-01,Saturday,5,1550.19,2958.93,1633.17,1325.76,-1405.59,2757.19,2958.93,-201.74,-80.0,19,10,1
U005,5,2025-11-01,Saturday,5,1236.64,3163.82,1962.58,1201.24,-2016.22,3156.71,3163.82,-7.11,-80.0,14,10,1
U006,5,2025-11-01,Saturday,5,1405.69,2125.98,1488.17,637.81,-702.18,2588.43,2125.98,462.45,-49.95,10,6,0
U007,5,2025-11-01,Saturday,5,1473.21,2480.06,1602.0,878.06,-982.08,2482.32,2480.06,2.26,-66.66,13,5,0
U008,5,2025-11-01,Saturday,5,1221.72,1771.0,1036.43,734.57,-570.13,2687.21,1771.0,916.21,-46.67,21,7,0
U009,5,2025-11-01,Saturday,5,1303.37,2429.72,1601.06,828.66,-1143.58,3085.17,2429.72,655.45,-80.0,14,7,0
U010,5,2025-11-01,Saturday,5,1435.67,2155.1,1457.71,697.39,-725.79,2528.14,2155.1,373.04,-50.55,20,6,0
U001,6,2025-11-02,Sunday,6,1343.03,2615.72,1695.05,920.67,-1323.78,3150.17,2615.72,534.45,-80.0,7,7,0
U002,6,2025-11-02,Sunday,6,1294.3,2130.02,1237.25,892.77,-829.3,2081.46,2130.02,-48.56,-64.07,9,9,1
U003,6,2025-11-02,Sunday,6,1470.33,2775.0,1879.19,895.81,-1287.22,2837.92,2775.0,62.92,-80.0,13,6,0
U004,6,2025-11-02,Sunday,6,1327.89,2070.38,1194.16,876.22,-682.56,3154.41,2070.38,1084.03,-51.4,21,5,0
U005,6,2025-11-02,Sunday,6,1529.69,2611.5,1654.55,956.95,-985.39,3367.31,2611.5,755.81,-64.42,8,6,0
U006,6,2025-11-02,Sunday,6,1499.9,2264.39,1503.83,760.56,-885.93,2396.83,2264.39,132.44,-59.07,14,6,0
U007,6,2025-11-02,Sunday,6,1345.26,2185.28,1445.99,739.29,-861.74,2269.06,2185.28,83.78,-64.06,15,5,0
U008,6,2025-11-02,Sunday,6,1639.43,1596.34,884.01,712.33,85.82,2131.62,1596.34,535.28,5.23,10,5,0
U009,6,2025-11-02,Sunday,6,1936.88,2667.45,1629.31,1038.14,-797.74,3165.26,2667.45,497.81,-41.19,19,6,0
U010,6,2025-11-02,Sunday,6,1067.75,2664.68,1718.08,946.6,-1542.4,2642.67,2664.68,-22.01,-80.0,15,10,1
U001,6,2025-11-03,Monday,6,1418.59,2550.05,1421.45,1128.6,-1122.4,3023.23,2550.05,473.18,-79.12,10,7,0
U002,6,2025-11-03,Monday,6,1111.73,2189.39,1427.91,761.48,-1065.57,2422.56,2189.39,233.17,-80.0,20,6,0
U003,6,2025-11-03,Monday,6,1112.11,3079.63,1761.97,1317.66,-1958.6,3266.72,3079.63,187.09,-80.0,13,5,0
U004,6,2025-11-03,Monday,6,1221.34,1615.65,1052.61,563.04,-407.46,2533.01,1615.65,917.36,-33.36,6,5,0
U005,6,2025-11-03,Monday,6,1920.39,3062.49,1992.09,1070.4,-1170.98,3295.59,3062.49,233.1,-60.98,18,6,0
U006,6,2025-11-03,Monday,6,1724.89,2257.69,1320.28,937.41,-566.81,3120.33,2257.69,862.64,-32.86,12,7,0
U007,6,2025-11-03,Monday,6,1086.76,2990.65,1677.66,1312.99,-1920.47,3185.13,2990.65,194.48,-80.0,20,5,0
U008,6,2025-11-03,Monday,6,1544.38,1900.94,1184.13,716.81,-300.91,2021.81,1900.94,120.87,-19.48,8,6,0
U009,6,2025-11-03,Monday,6,1337.04,2500.16,1610.87,889.29,-1143.03,3224.74,2500.16,724.58,-80.0,19,6,0
U010,6,2025-11-03,Monday,6,1364.74,2617.6,1796.62,820.98,-1194.6,2698.53,2617.6,80.93,-80.0,6,6,0
U001,6,2025-11-04,Tuesday,6,1339.38,2057.5,1364.07,693.43,-694.97,3164.61,2057.5,1107.11,-51.89,14,5,0
U002,6,2025-11-04,Tuesday,6,1283.25,1271.23,810.24,460.99,70.38,2582.38,1271.23,1311.15,5.48,11,7,0
U003,6,2025-11-04,Tuesday,6,1103.14,2643.44,1809.73,833.71,-1578.72,3241.94,2643.44,598.5,-80.0,21,6,0
U004,6,2025-11-04,Tuesday,6,1709.33,2320.55,1427.71,892.84,-629.25,2544.57,2320.55,224.02,-36.81,6,7,0
U005,6,2025-11-04,Tuesday,6,1253.85,2923.29,1805.61,1117.68,-1641.04,3224.77,2923.29,301.48,-80.0,18,5,0
U006,6,2025-11-04,Tuesday,6,1067.29,1816.09,1108.75,707.34,-778.12,2515.79,1816.09,699.7,-72.91,17,5,0
U007,6,2025-11-04,Tuesday,6,1072.45,2784.68,1735.73,1048.95,-1682.38,2561.35,2784.68,-223.33,-80.0,13,9,1
U008,6,2025-11-04,Tuesday,6,1504.69,955.74,637.28,318.46,588.99,2324.0,955.74,1368.26,39.14,13,5,0
U009,6,2025-11-04,Tuesday,6,1403.77,2931.73,1812.01,1119.72,-1552.33,3241.42,2931.73,309.69,-80.0,10,6,0
U010,6,2025-11-04,Tuesday,6,1331.08,1905.1,1153.21,751.89,-574.47,2920.59,1905.1,1015.49,-43.16,7,5,0
U001,6,2025-11-05,Wednesday,6,1330.99,2179.37,1520.4,658.97,-798.01,3091.38,2179.37,912.01,-59.96,20,5,0
U002,6,2025-11-05,Wednesday,6,1660.77,1703.83,1007.58,696.25,-70.38,2558.83,1703.83,855.0,-4.24,12,5,0
U003,6,2025-11-05,Wednesday,6,1615.91,2742.52,1799.72,942.8,-1224.36,3664.16,2742.52,921.64,-75.77,16,6,0
U004,6,2025-11-05,Wednesday,6,1332.88,2325.47,1395.3,930.17,-945.95,2284.11,2325.47,-41.36,-70.97,17,10,1
U005,6,2025-11-05,Wednesday,6,1434.8,2933.34,1752.17,1181.17,-1493.72,2890.83,2933.34,-42.51,-80.0,13,10,1
U006,6,2025-11-05,Wednesday,6,1002.22,1579.95,977.84,602.11,-556.41,2202.09,1579.95,622.14,-55.52,15,7,0
U007,6,2025-11-05,Wednesday,6,1579.63,1890.81,1187.31,703.5,-300.65,2922.46,1890.81,1031.65,-19.03,8,6,0
U008,6,2025-11-05,Wednesday,6,1364.86,1944.61,1083.64,860.97,-591.88,1761.69,1944.61,-182.92,-43.37,6,10,1
U009,6,2025-11-05,Wednesday,6,1432.73,3289.24,1829.99,1459.25,-1872.64,2958.57,3289.24,-330.67,-80.0,10,10,1
U010,6,2025-11-05,Wednesday,6,1315.11,2400.68,1648.1,752.58,-1167.37,2955.43,2400.68,554.75,-80.0,8,6,0
U001,6,2025-11-06,Thursday,6,1113.21,2362.07,1318.26,1043.81,-1231.3,2559.89,2362.07,197.82,-80.0,20,7,0
U002,6,2025-11-06,Thursday,6,1713.14,2062.58,1240.42,822.16,-430.0,2459.56,2062.58,396.98,-25.1,17,6,0
U003,6,2025-11-06,Thursday,6,1302.1,2522.09,1485.93,1036.16,-1164.33,2990.78,2522.09,468.69,-80.0,13,7,0
U004,6,2025-11-06,Thursday,6,1420.04,2719.91,1817.17,902.74,-1384.48,2550.35,2719.91,-169.56,-80.0,13,10,1
U005,6,2025-11-06,Thursday,6,1785.8,2727.24,1519.29,1207.95,-910.46,2971.55,2727.24,244.31,-50.98,20,6,0
U006,6,2025-11-06,Thursday,6,1396.62,2301.55,1268.6,1032.95,-835.96,2911.61,2301.55,610.06,-59.86,17,6,0
U007,6,2025-11-06,Thursday,6,1241.24,2250.12,1332.6,917.52,-1025.31,2720.05,2250.12,469.93,-80.0,12,6,0
U008,6,2025-11-06,Thursday,6,1172.73,2041.5,1350.6,690.9,-801.59,2291.39,2041.5,249.89,-68.35,18,6,0
U009,6,2025-11-06,Thursday,6,1174.1,2830.38,1936.54,893.84,-1636.4,3137.3,2830.38,306.92,-80.0,13,5,0
U010,6,2025-11-06,Thursday,6,1618.92,1144.4,787.51,356.89,521.09,2756.29,1144.4,1611.89,32.19,16,6,0
U001,6,2025-11-07,Friday,6,1560.42,2097.64,1349.0,748.64,-519.14,2536.75,2097.64,439.11,-33.27,17,5,0
U002,6,2025-11-07,Friday,6,1260.67,2103.26,1244.55,858.71,-885.67,2594.02,2103.26,490.76,-70.25,11,6,0
U003,6,2025-11-07,Friday,6,1192.8,3022.65,1817.51,1205.14,-1849.16,2964.35,3022.65,-58.3,-80.0,16,9,1
U004,6,2025-11-07,Friday,6,1381.85,2063.99,1173.12,890.87,-643.99,2899.05,2063.99,835.06,-46.6,8,6,0
U005,6,2025-11-07,Friday,6,1378.54,2917.03,1770.07,1146.96,-1473.67,3421.48,2917.03,504.45,-80.0,9,5,0
U006,6,2025-11-07,Friday,6,969.69,2201.46,1266.86,934.6,-1318.14,2368.89,2201.46,167.43,-80.0,11,7,0
U007,6,2025-11-07,Friday,6,1265.97,2705.45,1507.29,1198.16,-1469.13,2963.12,2705.45,257.67,-80.0,16,7,0
U008,6,2025-11-07,Friday,6,1585.33,2001.02,1290.64,710.38,-432.99,2341.57,2001.02,340.55,-27.31,7,5,0
U009,6,2025-11-07,Friday,6,1411.65,2907.97,1608.91,1299.06,-1535.26,3120.79,2907.97,212.82,-80.0,11,7,0
U010,6,2025-11-07,Friday,6,1232.57,2201.79,1471.41,730.38,-942.36,2886.21,2201.79,684.42,-76.45,11,5,0
U001,6,2025-11-08,Saturday,6,1147.65,2604.2,1488.59,1115.61,-1403.47,2262.39,2604.2,-341.81,-80.0,9,10,1
U002,6,2025-11-08,Saturday,6,1787.94,1472.53,827.97,644.56,266.21,2637.68,1472.53,1165.15,14.89,17,7,0
U003,6,2025-11-08,Saturday,6,1457.56,2869.92,1615.04,1254.88,-1368.96,3434.61,2869.92,564.69,-80.0,15,5,0
U004,6,2025-11-08,Saturday,6,1822.37,2011.58,1266.92,744.66,-79.75,2697.55,2011.58,685.97,-4.38,8,7,0
U005,6,2025-11-08,Saturday,6,1495.06,2912.43,1835.66,1076.77,-1401.34,3407.31,2912.43,494.88,-80.0,21,6,0
U006,6,2025-11-08,Saturday,6,1069.03,2583.58,1654.17,929.41,-1447.4,2230.03,2583.58,-353.55,-80.0,12,9,1
U007,6,2025-11-08,Saturday,6,1643.73,2685.85,1837.62,848.23,-1050.06,3071.49,2685.85,385.64,-63.88,15,5,0
U008,6,2025-11-08,Saturday,6,1311.51,1633.37,971.44,661.93,-352.39,2181.4,1633.37,548.03,-26.87,15,6,0
U009,6,2025-11-08,Saturday,6,1495.89,2977.63,1925.1,1052.53,-1474.13,2576.9,2977.63,-400.73,-80.0,11,9,1
U010,6,2025-11-08,Saturday,6,1315.92,2576.79,1635.97,940.82,-1210.67,2541.87,2576.79,-34.92,-80.0,18,9,1
U001,7,2025-11-09,Sunday,7,1520.32,1891.43,1252.98,638.45,-423.79,2568.26,1891.43,676.83,-27.88,6,7,0
U002,7,2025-11-09,Sunday,7,1348.65,2367.51,1356.49,1011.02,-993.2,2270.81,2367.51,-96.7,-73.64,7,10,1
U003,7,2025-11-09,Sunday,7,1617.33,2967.53,2028.69,938.84,-1333.82,3174.25,2967.53,206.72,-80.0,8,7,0
U004,7,2025-11-09,Sunday,7,1180.13,2660.2,1592.87,1067.33,-1469.54,1862.09,2660.2,-798.11,-80.0,18,10,1
U005,7,2025-11-09,Sunday,7,1273.68,2719.23,1872.42,846.81,-1508.53,3065.61,2719.23,346.38,-80.0,12,5,0
U006,7,2025-11-09,Sunday,7,1596.2,2974.16,2008.72,965.44,-1298.09,2791.18,2974.16,-182.98,-80.0,12,10,1
U007,7,2025-11-09,Sunday,7,1287.09,2038.97,1175.34,863.63,-678.76,2353.37,2038.97,314.4,-52.74,10,5,0
U008,7,2025-11-09,Sunday,7,1398.04,1815.54,1083.87,731.67,-401.37,2269.38,1815.54,453.84,-28.71,16,6,0
U009,7,2025-11-09,Sunday,7,1474.23,2744.51,1579.63,1164.88,-1281.89,3765.4,2744.51,1020.89,-80.0,7,6,0
U010,7,2025-11-09,Sunday,7,1791.11,1742.56,1214.6,527.96,73.58,3117.09,1742.56,1374.53,4.11,20,6,0
U001,7,2025-11-10,Monday,7,1284.82,2376.37,1527.78,848.59,-1134.2,2332.19,2376.37,-44.18,-80.0,7,9,1
U002,7,2025-11-10,Monday,7,1287.54,2097.83,1170.76,927.07,-859.77,2525.78,2097.83,427.95,-66.78,16,6,0
U003,7,2025-11-10,Monday,7,1440.91,2526.97,1525.77,1001.2,-1116.91,2512.18,2526.97,-14.79,-77.51,20,9,1
U004,7,2025-11-10,Monday,7,1556.67,2668.1,1573.94,1094.16,-1132.71,2945.9,2668.1,277.8,-72.76,18,7,0
U005,7,2025-11-10,Monday,7,1458.76,3587.85,2135.36,1452.49,-2049.41,3366.35,3587.85,-221.5,-80.0,20,9,1
U006,7,2025-11-10,Monday,7,1677.19,2743.44,1619.44,1124.0,-1103.84,2939.82,2743.44,196.38,-65.81,21,5,0
U007,7,2025-11-10,Monday,7,1796.18,2167.35,1419.22,748.13,-373.45,2314.72,2167.35,147.37,-20.79,6,6,0
U008,7,2025-11-10,Monday,7,1017.86,2240.15,1442.12,798.03,-1288.11,2024.64,2240.15,-215.51,-80.0,10,10,1
U009,7,2025-11-10,Monday,7,1630.76,2781.36,1901.38,879.98,-1119.47,3378.91,2781.36,597.55,-68.65,14,5,0
U010,7,2025-11-10,Monday,7,1530.03,1522.06,1015.42,506.64,38.14,2997.37,1522.06,1475.31,2.49,19,6,0
U001,7,2025-11-11,Tuesday,7,1264.04,2531.3,1558.64,972.66,-1280.84,3127.64,2531.3,596.34,-80.0,17,7,0
U002,7,2025-11-11,Tuesday,7,1220.44,1788.66,1161.24,627.42,-625.57,2659.36,1788.66,870.7,-51.26,15,5,0
U003,7,2025-11-11,Tuesday,7,1604.98,2742.76,1667.52,1075.24,-1120.89,3134.62,2742.76,391.86,-69.84,11,6,0
U004,7,2025-11-11,Tuesday,7,1236.32,2308.22,1586.01,722.21,-998.76,2302.64,2308.22,-5.58,-80.0,21,10,1
U005,7,2025-11-11,Tuesday,7,1695.94,2449.71,1357.47,1092.24,-669.43,2902.8,2449.71,453.09,-39.47,11,5,0
U006,7,2025-11-11,Tuesday,7,1791.54,2138.81,1470.02,668.79,-279.68,2731.12,2138.81,592.31,-15.61,18,6,0
U007,7,2025-11-11,Tuesday,7,1231.49,2277.03,1533.15,743.88,-1045.03,2422.53,2277.03,145.5,-80.0,16,7,0
U008,7,2025-11-11,Tuesday,7,1300.74,2281.09,1306.84,974.25,-952.33,2392.84,2281.09,111.75,-73.21,19,7,0
U009,7,2025-11-11,Tuesday,7,1285.96,3088.5,1947.17,1141.33,-1804.02,2716.01,3088.5,-372.49,-80.0,15,10,1
U010,7,2025-11-11,Tuesday,7,1605.76,2579.19,1696.48,882.71,-1040.3,2255.32,2579.19,-323.87,-64.79,21,9,1
U001,7,2025-11-12,Wednesday,7,1590.5,2297.51,1377.91,919.6,-691.93,2740.77,2297.51,443.26,-43.5,10,6,0
U002,7,2025-11-12,Wednesday,7,1633.98,2192.58,1434.82,757.76,-459.0,2126.56,2192.58,-66.02,-28.09,6,9,1
U003,7,2025-11-12,Wednesday,7,1295.45,2221.94,1531.88,690.06,-939.68,2743.33,2221.94,521.39,-72.54,10,6,0
U004,7,2025-11-12,Wednesday,7,1505.84,2302.57,1434.34,868.23,-759.42,2973.91,2302.57,671.34,-50.43,14,5,0
U005,7,2025-11-12,Wednesday,7,1443.78,2577.35,1784.22,793.13,-1107.37,3509.71,2577.35,932.36,-76.7,17,5,0
U006,7,2025-11-12,Wednesday,7,1492.83,2276.08,1533.04,743.04,-819.97,2470.23,2276.08,194.15,-54.93,17,7,0
U007,7,2025-11-12,Wednesday,7,1456.14,1928.34,1298.65,629.69,-496.01,3297.58,1928.34,1369.24,-34.06,11,5,0
U008,7,2025-11-12,Wednesday,7,1431.08,1856.64,1140.7,715.94,-393.39,2270.4,1856.64,413.76,-27.49,21,7,0
U009,7,2025-11-12,Wednesday,7,1266.03,2638.66,1489.1,1149.56,-1376.6,2948.06,2638.66,309.4,-80.0,17,7,0
U010,7,2025-11-12,Wednesday,7,1187.77,1968.23,1176.38,791.85,-766.62,2749.43,1968.23,781.2,-64.54,13,7,0
U001,7,2025-11-13,Thursday,7,1385.64,1944.01,1330.55,613.46,-579.35,2785.06,1944.01,841.05,-41.81,9,7,0
U002,7,2025-11-13,Thursday,7,1287.87,1522.53,942.52,580.01,-266.84,2706.81,1522.53,1184.28,-20.72,15,7,0
U003,7,2025-11-13,Thursday,7,1665.52,2811.06,1875.93,935.13,-1235.91,3185.67,2811.06,374.61,-74.21,20,5,0
U004,7,2025-11-13,Thursday,7,1851.15,2585.86,1531.82,1054.04,-698.2,2947.76,2585.86,361.9,-37.72,16,7,0
U005,7,2025-11-13,Thursday,7,1311.71,2084.33,1302.6,781.73,-834.47,3769.13,2084.33,1684.8,-63.62,7,6,0
U006,7,2025-11-13,Thursday,7,1607.17,2433.78,1505.63,928.15,-832.61,2315.21,2433.78,-118.57,-51.81,16,9,1
U007,7,2025-11-13,Thursday,7,1724.44,3051.26,1980.46,1070.8,-1373.21,2643.67,3051.26,-407.59,-79.63,11,9,1
U008,7,2025-11-13,Thursday,7,1157.62,2240.91,1513.33,727.58,-1111.65,1845.35,2240.91,-395.56,-80.0,12,10,1
U009,7,2025-11-13,Thursday,7,1330.35,2190.82,1409.49,781.33,-839.17,2693.6,2190.82,502.78,-63.08,21,7,0
U010,7,2025-11-13,Thursday,7,1482.48,2283.93,1471.66,812.27,-700.12,2537.57,2283.93,253.64,-47.23,12,5,0
U001,7,2025-11-14,Friday,7,1168.24,2790.78,1817.66,973.12,-1655.67,2618.83,2790.78,-171.95,-80.0,17,9,1
U002,7,2025-11-14,Friday,7,1532.1,2231.49,1476.22,755.27,-817.01,1921.78,2231.49,-309.71,-53.33,20,10,1
U003,7,2025-11-14,Friday,7,1310.5,2512.4,1650.35,862.05,-1187.67,3114.69,2512.4,602.29,-80.0,20,5,0
U004,7,2025-11-14,Friday,7,1324.93,2101.41,1435.68,665.73,-833.14,2288.29,2101.41,186.88,-62.88,8,6,0
U005,7,2025-11-14,Friday,7,1207.28,2951.93,1974.97,976.96,-1825.53,3822.81,2951.93,870.88,-80.0,10,5,0
U006,7,2025-11-14,Friday,7,1385.93,2052.91,1160.62,892.29,-768.77,2621.68,2052.91,568.77,-55.47,6,5,0
U007,7,2025-11-14,Friday,7,1421.8,1623.53,986.81,636.72,-188.15,3664.99,1623.53,2041.46,-13.23,19,6,0
U008,7,2025-11-14,Friday,7,1565.38,1995.08,1383.6,611.48,-437.58,2192.82,1995.08,197.74,-27.95,12,6,0
U009,7,2025-11-14,Friday,7,1189.99,2791.21,1842.79,948.42,-1664.41,2901.28,2791.21,110.07,-80.0,6,7,0
U010,7,2025-11-14,Friday,7,1729.16,2506.83,1532.32,974.51,-764.28,2804.14,2506.83,297.31,-44.2,8,7,0
U001,7,2025-11-15,Saturday,7,975.56,2251.15,1435.4,815.75,-1296.86,2687.63,2251.15,436.48,-80.0,11,5,0
U002,7,2025-11-15,Saturday,7,1479.08,2317.81,1600.15,717.66,-783.05,2133.94,2317.81,-183.87,-52.94,8,9,1
U003,7,2025-11-15,Saturday,7,1470.77,3021.41,2041.86,979.55,-1482.94,2516.1,3021.41,-505.31,-80.0,9,10,1
U004,7,2025-11-15,Saturday,7,1667.93,2704.43,1663.36,1041.07,-1047.61,2217.52,2704.43,-486.91,-62.81,9,10,1
U005,7,2025-11-15,Saturday,7,1780.34,2337.58,1529.3,808.28,-598.18,2750.17,2337.58,412.59,-33.6,15,5,0
U006,7,2025-11-15,Saturday,7,1182.86,1506.18,947.91,558.27,-321.13,2760.76,1506.18,1254.58,-27.15,21,7,0
U007,7,2025-11-15,Saturday,7,1055.7,2355.17,1488.59,866.58,-1265.34,2293.67,2355.17,-61.5,-80.0,9,10,1
U008,7,2025-11-15,Saturday,7,1409.97,1645.88,955.84,690.04,-271.12,2487.67,1645.88,841.79,-19.23,13,6,0
U009,7,2025-11-15,Saturday,7,1240.26,2689.41,1820.18,869.23,-1495.58,3071.67,2689.41,382.26,-80.0,8,6,0
U010,7,2025-11-15,Saturday,7,1339.22,2703.1,1620.85,1082.25,-1327.94,2808.39,2703.1,105.29,-80.0,14,7,0
U001,8,2025-11-16,Sunday,8,1291.11,3085.1,2058.36,1026.74,-1767.35,2658.94,3085.1,-426.16,-80.0,20,10,1
U002,8,2025-11-16,Sunday,8,1604.08,1596.81,1014.29,582.52,52.51,2164.06,1596.81,567.25,3.27,17,7,0
U003,8,2025-11-16,Sunday,8,1709.93,2688.38,1786.79,901.59,-1044.28,2947.02,2688.38,258.64,-61.07,21,5,0
U004,8,2025-11-16,Sunday,8,1314.71,2234.11,1512.84,721.27,-928.32,3287.22,2234.11,1053.11,-70.61,18,6,0
U005,8,2025-11-16,Sunday,8,1300.24,2788.98,1758.16,1030.82,-1491.88,2915.78,2788.98,126.8,-80.0,8,6,0
U006,8,2025-11-16,Sunday,8,1427.93,1928.1,1291.31,636.79,-478.74,2281.47,1928.1,353.37,-33.53,20,7,0
U007,8,2025-11-16,Sunday,8,1347.76,2402.32,1539.25,863.07,-1022.94,2689.92,2402.32,287.6,-75.9,13,6,0
U008,8,2025-11-16,Sunday,8,1664.25,2033.47,1211.07,822.4,-362.38,2145.3,2033.47,111.83,-21.77,21,6,0
U009,8,2025-11-16,Sunday,8,1657.55,2059.78,1142.56,917.22,-399.32,2955.31,2059.78,895.53,-24.09,20,5,0
U010,8,2025-11-16,Sunday,8,1206.55,2299.23,1500.91,798.32,-1107.36,2999.36,2299.23,700.13,-80.0,20,5,0
U001,8,2025-11-17,Monday,8,1398.78,1944.78,1113.01,831.77,-529.52,2590.99,1944.78,646.21,-37.86,13,7,0
U002,8,2025-11-17,Monday,8,1762.95,2524.06,1647.56,876.5,-768.61,2577.14,2524.06,53.08,-43.6,10,5,0
U003,8,2025-11-17,Monday,8,1648.94,2896.97,1595.8,1301.17,-1244.63,2821.49,2896.97,-75.48,-75.48,8,10,1
U004,8,2025-11-17,Monday,8,1468.09,2474.83,1409.22,1065.61,-1012.47,2545.45,2474.83,70.62,-68.97,20,6,0
U005,8,2025-11-17,Monday,8,1396.29,2984.35,1910.66,1073.69,-1528.68,3043.3,2984.35,58.95,-80.0,20,6,0
U006,8,2025-11-17,Monday,8,1703.11,2292.82,1557.97,734.85,-542.87,2892.29,2292.82,599.47,-31.88,19,5,0
U007,8,2025-11-17,Monday,8,1436.72,2817.04,1590.56,1226.48,-1359.29,2742.55,2817.04,-74.49,-80.0,20,9,1
U008,8,2025-11-17,Monday,8,1563.59,1981.34,1268.13,713.21,-386.0,2367.81,1981.34,386.47,-24.69,20,6,0
U009,8,2025-11-17,Monday,8,1643.66,2430.25,1437.83,992.42,-782.83,3419.71,2430.25,989.46,-47.63,12,5,0
U010,8,2025-11-17,Monday,8,1811.11,1902.24,1086.87,815.37,-77.7,2349.33,1902.24,447.09,-4.29,13,6,0
U001,8,2025-11-18,Tuesday,8,1497.39,2298.73,1389.2,909.53,-765.94,2742.55,2298.73,443.82,-51.15,20,5,0
U002,8,2025-11-18,Tuesday,8,1199.09,2146.56,1469.74,676.82,-1042.53,2201.67,2146.56,55.11,-80.0,6,5,0
U003,8,2025-11-18,Tuesday,8,1281.74,2609.05,1555.38,1053.67,-1287.27,2484.61,2609.05,-124.44,-80.0,18,10,1
U004,8,2025-11-18,Tuesday,8,882.57,2207.74,1326.81,880.93,-1230.78,2079.38,2207.74,-128.36,-80.0,7,10,1
U005,8,2025-11-18,Tuesday,8,1355.19,3019.69,1786.67,1233.02,-1589.8,3344.08,3019.69,324.39,-80.0,17,5,0
U006,8,2025-11-18,Tuesday,8,1749.15,2456.31,1569.8,886.51,-719.16,2155.55,2456.31,-300.76,-41.11,12,9,1
U007,8,2025-11-18,Tuesday,8,1732.37,2445.27,1506.62,938.65,-797.7,2475.27,2445.27,30.0,-46.05,10,6,0
U008,8,2025-11-18,Tuesday,8,1598.17,1368.36,940.18,428.18,299.04,1794.35,1368.36,425.99,18.71,16,7,0
U009,8,2025-11-18,Tuesday,8,1344.11,2753.57,1865.43,888.14,-1400.98,2617.61,2753.57,-135.96,-80.0,14,9,1
U010,8,2025-11-18,Tuesday,8,1233.99,2338.29,1397.0,941.29,-1113.07,2719.04,2338.29,380.75,-80.0,11,7,0
U001,8,2025-11-19,Wednesday,8,1699.0,2929.84,1937.88,991.96,-1202.44,2194.77,2929.84,-735.07,-70.77,6,9,1
U002,8,2025-11-19,Wednesday,8,1504.76,2177.58,1225.74,951.84,-645.14,2350.87,2177.58,173.29,-42.87,15,6,0
U003,8,2025-11-19,Wednesday,8,1081.15,3065.81,1874.52,1191.29,-1996.22,2919.67,3065.81,-146.14,-80.0,11,9,1
U004,8,2025-11-19,Wednesday,8,875.66,1689.39,1155.52,533.87,-819.14,2676.27,1689.39,986.88,-80.0,20,5,0
U005,8,2025-11-19,Wednesday,8,1447.54,2660.4,1470.09,1190.31,-1203.65,3445.88,2660.4,785.48,-80.0,14,7,0
U006,8,2025-11-19,Wednesday,8,1665.3,2208.58,1266.86,941.72,-499.28,2562.1,2208.58,353.52,-29.98,7,5,0
U007,8,2025-11-19,Wednesday,8,1680.34,2385.66,1347.27,1038.39,-718.44,2615.68,2385.66,230.02,-42.76,6,5,0
U008,8,2025-11-19,Wednesday,8,1665.37,1547.21,1049.55,497.66,204.31,2185.29,1547.21,638.08,12.27,8,6,0
U009,8,2025-11-19,Wednesday,8,1416.88,2869.08,1661.56,1207.52,-1416.44,3557.45,2869.08,688.37,-80.0,18,7,0
U010,8,2025-11-19,Wednesday,8,1206.75,1726.28,1157.58,568.7,-416.09,2283.61,1726.28,557.33,-34.48,19,5,0
U001,8,2025-11-20,Thursday,8,1541.44,1493.78,1023.61,470.17,33.17,2755.05,1493.78,1261.27,2.15,15,5,0
U002,8,2025-11-20,Thursday,8,1502.63,2094.77,1267.25,827.52,-528.03,1878.77,2094.77,-216.0,-35.14,11,9,1
U003,8,2025-11-20,Thursday,8,1246.98,2530.61,1575.6,955.01,-1313.49,3164.13,2530.61,633.52,-80.0,12,7,0
U004,8,2025-11-20,Thursday,8,1147.7,2577.87,1422.25,1155.62,-1510.88,2681.82,2577.87,103.95,-80.0,11,6,0
U005,8,2025-11-20,Thursday,8,1266.38,2488.08,1612.33,875.75,-1220.42,3449.25,2488.08,961.17,-80.0,16,6,0
U006,8,2025-11-20,Thursday,8,1419.64,1959.88,1352.41,607.47,-620.2,2263.57,1959.88,303.69,-43.69,11,7,0
U007,8,2025-11-20,Thursday,8,1297.22,2226.0,1401.66,824.34,-993.39,3133.52,2226.0,907.52,-76.58,8,5,0
U008,8,2025-11-20,Thursday,8,1255.38,2086.56,1230.07,856.49,-860.63,1989.53,2086.56,-97.03,-68.56,17,10,1
U009,8,2025-11-20,Thursday,8,1364.43,3183.31,1820.11,1363.2,-1816.02,3424.07,3183.31,240.76,-80.0,17,6,0
U010,8,2025-11-20,Thursday,8,1797.32,1828.91,1274.42,554.49,-92.64,2680.08,1828.91,851.17,-5.15,11,5,0
U001,8,2025-11-21,Friday,8,967.18,2229.5,1465.52,763.98,-1329.18,2726.2,2229.5,496.7,-80.0,6,6,0
U002,8,2025-11-21,Friday,8,1285.41,2110.28,1252.32,857.96,-899.38,2944.0,2110.28,833.72,-69.97,6,7,0
U003,8,2025-11-21,Friday,8,1567.55,2601.62,1666.98,934.64,-1087.69,3076.76,2601.62,475.14,-69.39,10,7,0
U004,8,2025-11-21,Friday,8,1760.73,2684.73,1557.09,1127.64,-1019.0,2716.96,2684.73,32.23,-57.87,16,5,0
U005,8,2025-11-21,Friday,8,1365.57,3078.25,1833.2,1245.05,-1686.85,3134.55,3078.25,56.3,-80.0,13,5,0
U006,8,2025-11-21,Friday,8,1480.03,2715.62,1532.98,1182.64,-1205.11,2636.81,2715.62,-78.81,-80.0,18,10,1
U007,8,2025-11-21,Friday,8,1358.01,2770.61,1563.28,1207.33,-1508.12,2491.43,2770.61,-279.18,-80.0,10,9,1
U008,8,2025-11-21,Friday,8,1469.94,1602.9,1001.01,601.89,-147.74,2290.03,1602.9,687.13,-10.05,21,5,0
U009,8,2025-11-21,Friday,8,1062.32,2638.41,1556.44,1081.97,-1630.39,2394.3,2638.41,-244.11,-80.0,8,9,1
U010,8,2025-11-21,Friday,8,1379.73,1630.24,1041.31,588.93,-287.53,2203.28,1630.24,573.04,-20.84,15,6,0
U001,8,2025-11-22,Saturday,8,724.58,1954.5,1366.96,587.54,-1177.29,2622.18,1954.5,667.68,-80.0,13,7,0
U002,8,2025-11-22,Saturday,8,1447.4,2601.83,1767.88,833.95,-1292.92,2544.23,2601.83,-57.6,-80.0,6,10,1
U003,8,2025-11-22,Saturday,8,1412.7,2889.08,1684.03,1205.05,-1552.16,2645.03,2889.08,-244.05,-80.0,13,10,1
U004,8,2025-11-22,Saturday,8,1536.06,2099.8,1266.47,833.33,-570.86,2191.93,2099.8,92.13,-37.16,10,5,0
U005,8,2025-11-22,Saturday,8,1821.46,2359.39,1522.88,836.51,-550.83,2809.38,2359.39,449.99,-30.24,11,6,0
U006,8,2025-11-22,Saturday,8,1512.51,1959.97,1327.01,632.96,-497.21,2283.73,1959.97,323.76,-32.87,11,5,0
U007,8,2025-11-22,Saturday,8,1423.52,2172.33,1258.04,914.29,-763.2,2974.54,2172.33,802.21,-53.61,15,5,0
U008,8,2025-11-22,Saturday,8,1139.55,2599.89,1582.82,1017.07,-1338.0,2158.86,2599.89,-441.03,-80.0,11,10,1
U009,8,2025-11-22,Saturday,8,1589.49,3045.99,1971.17,1074.82,-1487.74,2634.28,3045.99,-411.71,-80.0,7,9,1
U010,8,2025-11-22,Saturday,8,1657.22,1878.28,1267.28,611.0,-184.41,2188.24,1878.28,309.96,-11.13,11,5,0
U001,9,2025-11-23,Sunday,9,898.54,2099.03,1221.26,877.77,-1168.52,2971.02,2099.03,871.99,-80.0,6,7,0
U002,9,2025-11-23,Sunday,9,1477.66,2341.13,1521.75,819.38,-817.69,2565.32,2341.13,224.19,-55.34,11,6,0
U003,9,2025-11-23,Sunday,9,1180.77,2652.61,1734.68,917.93,-1490.09,2658.45,2652.61,5.84,-80.0,9,7,0
U004,9,2025-11-23,Sunday,9,1574.51,2313.29,1279.53,1033.76,-669.64,2850.43,2313.29,537.14,-42.53,10,6,0
U005,9,2025-11-23,Sunday,9,1335.65,3108.03,1745.45,1362.58,-1726.84,2642.1,3108.03,-465.93,-80.0,8,9,1
U006,9,2025-11-23,Sunday,9,1378.13,3123.08,1720.53,1402.55,-1794.96,1943.12,3123.08,-1179.96,-80.0,16,10,1
U007,9,2025-11-23,Sunday,9,1495.3,2206.03,1531.83,674.2,-697.67,2746.64,2206.03,540.61,-46.66,11,5,0
U008,9,2025-11-23,Sunday,9,1308.08,1468.82,861.65,607.17,-171.58,2459.93,1468.82,991.11,-13.12,17,7,0
U009,9,2025-11-23,Sunday,9,1658.23,2561.6,1651.2,910.4,-834.93,2812.26,2561.6,250.66,-50.35,7,7,0
U010,9,2025-11-23,Sunday,9,1401.24,2179.33,1235.07,944.26,-813.95,2378.45,2179.33,199.12,-58.09,21,5,0
U001,9,2025-11-24,Monday,9,1334.54,1682.78,1021.94,660.84,-402.03,2634.25,1682.78,951.47,-30.12,21,7,0
U002,9,2025-11-24,Monday,9,1461.61,1811.29,1063.09,748.2,-372.71,2865.5,1811.29,1054.21,-25.5,16,6,0
U003,9,2025-11-24,Monday,9,1675.66,2855.17,1935.51,919.66,-1038.4,3397.4,2855.17,542.23,-61.97,16,7,0
U004,9,2025-11-24,Monday,9,1289.06,2261.1,1507.61,753.49,-904.66,3106.33,2261.1,845.23,-70.18,16,7,0
U005,9,2025-11-24,Monday,9,1472.51,2965.04,1976.99,988.05,-1566.8,3301.47,2965.04,336.43,-80.0,12,5,0
U006,9,2025-11-24,Monday,9,1506.21,1619.63,1119.75,499.88,-116.32,2852.49,1619.63,1232.86,-7.72,12,5,0
U007,9,2025-11-24,Monday,9,1326.81,2476.49,1506.76,969.73,-1093.33,3376.42,2476.49,899.93,-80.0,10,5,0
U008,9,2025-11-24,Monday,9,1108.76,2061.02,1439.78,621.24,-1002.76,1760.55,2061.02,-300.47,-80.0,7,10,1
U009,9,2025-11-24,Monday,9,1250.07,3527.73,2353.59,1174.14,-2305.97,2761.36,3527.73,-766.37,-80.0,8,9,1
U010,9,2025-11-24,Monday,9,1587.23,2531.52,1737.48,794.04,-958.94,2527.99,2531.52,-3.53,-60.42,11,10,1
U001,9,2025-11-25,Tuesday,9,1646.69,2693.08,1608.22,1084.86,-1043.84,3477.58,2693.08,784.5,-63.39,13,6,0
U002,9,2025-11-25,Tuesday,9,1341.14,2254.04,1523.45,730.59,-896.49,1797.42,2254.04,-456.62,-66.85,10,10,1
U003,9,2025-11-25,Tuesday,9,1636.81,3154.15,1963.9,1190.25,-1428.14,2978.78,3154.15,-175.37,-80.0,11,10,1
U004,9,2025-11-25,Tuesday,9,1280.22,2410.77,1528.39,882.38,-1144.05,2642.16,2410.77,231.39,-80.0,20,6,0
U005,9,2025-11-25,Tuesday,9,1547.61,2707.79,1857.75,850.04,-1185.21,2905.68,2707.79,197.89,-76.58,14,7,0
U006,9,2025-11-25,Tuesday,9,1308.47,2498.49,1624.04,874.45,-1117.65,2396.48,2498.49,-102.01,-80.0,13,9,1
U007,9,2025-11-25,Tuesday,9,1589.28,2530.64,1643.33,887.31,-876.23,2666.22,2530.64,135.58,-55.13,21,7,0
U008,9,2025-11-25,Tuesday,9,1207.19,2064.5,1263.1,801.4,-916.74,2128.43,2064.5,63.93,-75.94,18,6,0
U009,9,2025-11-25,Tuesday,9,1314.53,2339.63,1381.31,958.32,-1008.29,2446.9,2339.63,107.27,-76.7,15,6,0
U010,9,2025-11-25,Tuesday,9,1741.83,2357.21,1336.7,1020.51,-539.25,3046.37,2357.21,689.16,-30.96,7,7,0
U001,9,2025-11-26,Wednesday,9,963.35,2522.62,1542.82,979.8,-1544.1,3006.87,2522.62,484.25,-80.0,20,7,0
U002,9,2025-11-26,Wednesday,9,1174.64,1856.68,1158.08,698.6,-744.48,2283.61,1856.68,426.93,-63.38,9,7,0
U003,9,2025-11-26,Wednesday,9,1611.15,2386.96,1632.94,754.02,-737.27,2697.42,2386.96,310.46,-45.76,16,7,0
U004,9,2025-11-26,Wednesday,9,950.75,2202.21,1260.63,941.58,-1205.88,2617.49,2202.21,415.28,-80.0,13,6,0
U005,9,2025-11-26,Wednesday,9,1395.14,2527.11,1704.91,822.2,-1114.62,3080.14,2527.11,553.03,-79.89,21,7,0
U006,9,2025-11-26,Wednesday,9,1481.51,2267.43,1320.1,947.33,-806.51,2211.71,2267.43,-55.72,-54.44,13,10,1
U007,9,2025-11-26,Wednesday,9,1437.66,2691.53,1716.91,974.62,-1215.21,2981.26,2691.53,289.73,-80.0,6,6,0
U008,9,2025-11-26,Wednesday,9,1240.55,1613.01,907.98,705.03,-401.37,2171.54,1613.01,558.53,-32.35,9,5,0
U009,9,2025-11-26,Wednesday,9,1208.37,2927.32,1995.97,931.35,-1750.31,2745.54,2927.32,-181.78,-80.0,17,9,1
U010,9,2025-11-26,Wednesday,9,1563.92,2645.03,1696.16,948.87,-1060.67,2841.09,2645.03,196.06,-67.82,21,6,0
U001,9,2025-11-27,Thursday,9,1656.76,2773.64,1780.86,992.78,-1114.19,2560.34,2773.64,-213.3,-67.25,12,10,1
U002,9,2025-11-27,Thursday,9,1355.85,1945.65,1299.95,645.7,-625.06,2743.17,1945.65,797.52,-46.1,6,6,0
U003,9,2025-11-27,Thursday,9,1438.86,3013.74,1931.46,1082.28,-1660.54,3084.02,3013.74,70.28,-80.0,13,7,0
U004,9,2025-11-27,Thursday,9,1547.04,2576.76,1774.41,802.35,-997.91,2910.39,2576.76,333.63,-64.5,15,7,0
U005,9,2025-11-27,Thursday,9,1696.49,2244.23,1498.55,745.68,-579.21,2916.8,2244.23,672.57,-34.14,14,7,0
U006,9,2025-11-27,Thursday,9,1467.62,2501.35,1607.86,893.49,-975.26,2497.19,2501.35,-4.16,-66.45,21,10,1
U007,9,2025-11-27,Thursday,9,1522.56,2073.34,1247.91,825.43,-525.03,2749.01,2073.34,675.67,-34.48,18,6,0
U008,9,2025-11-27,Thursday,9,1254.35,1418.62,804.69,613.93,-162.58,2251.32,1418.62,832.7,-12.96,13,6,0
U009,9,2025-11-27,Thursday,9,1487.59,2968.76,1953.84,1014.92,-1527.12,3125.64,2968.76,156.88,-80.0,8,6,0
U010,9,2025-11-27,Thursday,9,1541.1,2337.01,1471.9,865.11,-800.23,2803.06,2337.01,466.05,-51.93,13,7,0
U001,9,2025-11-28,Friday,9,1754.59,2481.43,1405.17,1076.26,-714.8,3000.21,2481.43,518.78,-40.74,9,6,0
U002,9,2025-11-28,Friday,9,1288.71,1526.45,934.33,592.12,-190.74,2012.49,1526.45,486.04,-14.8,18,5,0
U003,9,2025-11-28,Friday,9,937.89,3500.89,2187.09,1313.8,-2572.75,3344.21,3500.89,-156.68,-80.0,12,10,1
U004,9,2025-11-28,Friday,9,1813.84,2419.23,1576.78,842.45,-696.87,3118.99,2419.23,699.76,-38.42,13,5,0
U005,9,2025-11-28,Friday,9,1356.84,2778.11,1836.26,941.85,-1371.64,3381.1,2778.11,602.99,-80.0,8,6,0
U006,9,2025-11-28,Friday,9,1440.38,2720.7,1861.8,858.9,-1285.56,2452.77,2720.7,-267.93,-80.0,8,10,1
U007,9,2025-11-28,Friday,9,1255.68,2256.01,1367.49,888.52,-983.43,2268.58,2256.01,12.57,-78.32,18,7,0
U008,9,2025-11-28,Friday,9,1604.99,1415.9,947.01,468.89,149.49,2325.02,1415.9,909.12,9.31,12,5,0
U009,9,2025-11-28,Friday,9,1436.35,3188.52,2133.16,1055.36,-1613.36,3476.56,3188.52,288.04,-80.0,15,7,0
U010,9,2025-11-28,Friday,9,1121.32,2858.18,1677.91,1180.27,-1777.68,2467.11,2858.18,-391.07,-80.0,12,10,1
U001,9,2025-11-29,Saturday,9,1591.85,2057.35,1379.49,677.86,-454.56,2167.9,2057.35,110.55,-28.56,13,5,0
U002,9,2025-11-29,Saturday,9,1434.71,1637.66,1015.08,622.58,-253.96,2993.94,1637.66,1356.28,-17.7,17,5,0
U003,9,2025-11-29,Saturday,9,1395.04,3529.66,2298.66,1231.0,-2126.06,2641.78,3529.66,-887.88,-80.0,18,9,1
U004,9,2025-11-29,Saturday,9,1189.45,1832.35,1007.91,824.44,-624.4,2645.85,1832.35,813.5,-52.49,15,5,0
U005,9,2025-11-29,Saturday,9,1550.54,2790.51,1921.64,868.87,-1233.05,3463.8,2790.51,673.29,-79.52,18,5,0
U006,9,2025-11-29,Saturday,9,1128.43,2101.14,1364.83,736.31,-955.52,2463.42,2101.14,362.28,-80.0,19,7,0
U007,9,2025-11-29,Saturday,9,1320.9,2653.83,1495.29,1158.54,-1361.78,2618.3,2653.83,-35.53,-80.0,18,9,1
U008,9,2025-11-29,Saturday,9,1319.46,1452.47,847.82,604.65,-209.97,2640.16,1452.47,1187.69,-15.91,21,6,0
U009,9,2025-11-29,Saturday,9,1390.01,2930.25,1733.36,1196.89,-1545.17,2782.55,2930.25,-147.7,-80.0,20,9,1
U010,9,2025-11-29,Saturday,9,1435.47,2387.29,1481.1,906.19,-923.04,2338.0,2387.29,-49.29,-64.3,17,9,1
U001,10,2025-11-30,Sunday,10,1378.01,2112.53,1302.72,809.81,-710.73,2811.05,2112.53,698.52,-51.58,19,7,0
U002,10,2025-11-30,Sunday,10,1710.41,2745.05,1880.16,864.89,-1037.47,2332.61,2745.05,-412.44,-60.66,18,10,1
U003,10,2025-11-30,Sunday,10,1328.29,2970.02,1738.24,1231.78,-1644.5,3332.7,2970.02,362.68,-80.0,7,5,0
U004,10,2025-11-30,Sunday,10,1533.56,2080.18,1380.76,699.42,-460.19,3014.84,2080.18,934.66,-30.01,10,5,0
U005,10,2025-11-30,Sunday,10,1443.56,2956.35,1859.34,1097.01,-1552.27,3567.17,2956.35,610.82,-80.0,8,7,0
U006,10,2025-11-30,Sunday,10,1360.19,2496.34,1374.96,1121.38,-1122.99,2981.92,2496.34,485.58,-80.0,14,7,0
U007,10,2025-11-30,Sunday,10,1486.54,2495.7,1396.5,1099.2,-1052.98,2494.68,2495.7,-1.02,-70.83,21,10,1
U008,10,2025-11-30,Sunday,10,1285.52,2305.84,1503.94,801.9,-1054.92,2475.88,2305.84,170.04,-80.0,15,6,0
U009,10,2025-11-30,Sunday,10,1153.21,2873.93,1682.92,1191.01,-1768.92,2430.48,2873.93,-443.45,-80.0,12,10,1
U010,10,2025-11-30,Sunday,10,1500.9,2666.0,1664.22,1001.78,-1270.53,2501.18,2666.0,-164.82,-80.0,11,10,1
U001,10,2025-12-01,Monday,10,1356.57,2086.43,1215.19,871.24,-743.98,3029.74,2086.43,943.31,-54.84,16,5,0
U002,10,2025-12-01,Monday,10,1475.4,2130.44,1479.02,651.42,-634.24,1963.7,2130.44,-166.74,-42.99,11,10,1
U003,10,2025-12-01,Monday,10,1773.9,2723.86,1811.59,912.27,-906.25,3137.28,2723.86,413.42,-51.09,7,7,0
U004,10,2025-12-01,Monday,10,1725.09,2447.43,1511.18,936.25,-759.08,2809.18,2447.43,361.75,-44.0,7,7,0
U005,10,2025-12-01,Monday,10,1542.24,3286.26,1829.61,1456.65,-1745.47,3069.64,3286.26,-216.62,-80.0,7,10,1
U006,10,2025-12-01,Monday,10,1316.2,2201.03,1513.24,687.79,-890.18,2588.01,2201.03,386.98,-67.63,6,6,0
U007,10,2025-12-01,Monday,10,1598.74,2200.49,1513.75,686.74,-578.11,2384.7,2200.49,184.21,-36.16,6,5,0
U008,10,2025-12-01,Monday,10,1219.2,1566.86,1031.25,535.61,-365.78,2964.63,1566.86,1397.77,-30.0,18,5,0
U009,10,2025-12-01,Monday,10,1102.02,3341.2,1942.8,1398.4,-2189.12,3146.19,3341.2,-195.01,-80.0,13,10,1
U010,10,2025-12-01,Monday,10,1130.79,2020.17,1153.64,866.53,-864.82,2997.87,2020.17,977.7,-76.48,16,6,0
U001,10,2025-12-02,Tuesday,10,1224.61,2223.44,1358.94,864.5,-1000.69,2971.84,2223.44,748.4,-80.0,7,6,0
U002,10,2025-12-02,Tuesday,10,1297.62,2106.81,1405.49,701.32,-823.55,2535.45,2106.81,428.64,-63.47,16,7,0
U003,10,2025-12-02,Tuesday,10,1578.94,2704.03,1503.08,1200.95,-1196.33,2962.27,2704.03,258.24,-75.77,15,7,0
U004,10,2025-12-02,Tuesday,10,1137.84,2956.61,1789.38,1167.23,-1799.73,3230.53,2956.61,273.92,-80.0,18,6,0
U005,10,2025-12-02,Tuesday,10,1295.08,2651.11,1491.44,1159.67,-1361.99,3345.53,2651.11,694.42,-80.0,12,5,0
U006,10,2025-12-02,Tuesday,10,1126.93,2072.35,1412.18,660.17,-944.82,2086.28,2072.35,13.93,-80.0,11,7,0
U007,10,2025-12-02,Tuesday,10,1272.76,2661.87,1757.06,904.81,-1357.66,2595.4,2661.87,-66.47,-80.0,8,10,1
U008,10,2025-12-02,Tuesday,10,1300.88,1879.35,1143.75,735.6,-475.44,2009.32,1879.35,129.97,-36.55,16,7,0
U009,10,2025-12-02,Tuesday,10,1526.24,2612.57,1488.22,1124.35,-1143.25,2939.51,2612.57,326.94,-74.91,6,5,0
U010,10,2025-12-02,Tuesday,10,1722.82,2051.57,1205.29,846.28,-338.15,2633.28,2051.57,581.71,-19.63,17,7,0
U001,10,2025-12-03,Wednesday,10,1416.1,2806.23,1869.59,936.64,-1420.09,2673.78,2806.23,-132.45,-80.0,8,9,1
U002,10,2025-12-03,Wednesday,10,1399.64,1637.61,1136.04,501.57,-211.19,2379.49,1637.61,741.88,-15.09,12,7,0
U003,10,2025-12-03,Wednesday,10,1423.94,2641.61,1784.11,857.5,-1178.15,2896.24,2641.61,254.63,-80.0,12,6,0
U004,10,2025-12-03,Wednesday,10,1218.06,2747.27,1602.52,1144.75,-1534.15,2529.68,2747.27,-217.59,-80.0,13,10,1
U005,10,2025-12-03,Wednesday,10,1387.97,2929.95,2041.22,888.73,-1580.74,2699.79,2929.95,-230.16,-80.0,9,9,1
U006,10,2025-12-03,Wednesday,10,1405.37,2330.9,1359.09,971.81,-1007.09,2493.53,2330.9,162.63,-71.66,7,5,0
U007,10,2025-12-03,Wednesday,10,1430.35,2754.75,1736.0,1018.75,-1343.07,2714.82,2754.75,-39.93,-80.0,8,9,1
U008,10,2025-12-03,Wednesday,10,1486.98,2269.11,1541.98,727.13,-805.56,1911.12,2269.11,-357.99,-54.17,13,10,1
U009,10,2025-12-03,Wednesday,10,1786.3,2763.33,1858.13,905.2,-981.6,3094.25,2763.33,330.92,-54.95,16,6,0
U010,10,2025-12-03,Wednesday,10,1205.12,2150.91,1373.98,776.93,-941.09,2613.66,2150.91,462.75,-78.09,6,5,0
U001,10,2025-12-04,Thursday,10,1768.46,1939.45,1074.8,864.65,-158.87,2423.63,1939.45,484.18,-8.98,6,5,0
U002,10,2025-12-04,Thursday,10,1005.7,2482.69,1555.24,927.45,-1444.59,2533.62,2482.69,50.93,-80.0,8,5,0
U003,10,2025-12-04,Thursday,10,1433.54,2935.79,1981.95,953.84,-1513.17,2548.35,2935.79,-387.44,-80.0,13,9,1
U004,10,2025-12-04,Thursday,10,1327.43,1868.75,1221.91,646.84,-597.71,2992.96,1868.75,1124.21,-45.03,12,5,0
U005,10,2025-12-04,Thursday,10,1218.01,2971.37,1717.88,1253.49,-1733.36,3139.0,2971.37,167.63,-80.0,9,6,0
U006,10,2025-12-04,Thursday,10,1423.94,2376.53,1595.58,780.95,-911.64,2380.96,2376.53,4.43,-64.02,11,7,0
U007,10,2025-12-04,Thursday,10,1781.57,2653.71,1544.56,1109.15,-877.72,3369.19,2653.71,715.48,-49.27,20,7,0
U008,10,2025-12-04,Thursday,10,1434.65,2424.28,1462.95,961.33,-1018.03,2090.81,2424.28,-333.47,-70.96,10,10,1
U009,10,2025-12-04,Thursday,10,1410.44,3308.4,2232.45,1075.95,-1792.57,3002.21,3308.4,-306.19,-80.0,9,10,1
U010,10,2025-12-04,Thursday,10,1351.49,2195.63,1423.39,772.24,-950.23,2540.65,2195.63,345.02,-70.31,15,6,0
U001,10,2025-12-05,Friday,10,1162.91,2269.17,1359.96,909.21,-1138.88,2696.75,2269.17,427.58,-80.0,8,6,0
U002,10,2025-12-05,Friday,10,1330.27,2326.53,1477.63,848.9,-923.86,2259.68,2326.53,-66.85,-69.45,13,10,1
U003,10,2025-12-05,Friday,10,1640.48,2937.28,1697.68,1239.6,-1253.08,3176.98,2937.28,239.7,-76.38,21,6,0
U004,10,2025-12-05,Friday,10,1494.23,1916.88,1126.72,790.16,-424.65,2408.45,1916.88,491.57,-28.42,10,6,0
U005,10,2025-12-05,Friday,10,1810.16,3320.17,1896.58,1423.59,-1527.67,3342.14,3320.17,21.97,-80.0,6,7,0
U006,10,2025-12-05,Friday,10,1310.23,2286.33,1293.96,992.37,-991.17,2765.01,2286.33,478.68,-75.65,8,7,0
U007,10,2025-12-05,Friday,10,1676.47,2428.28,1402.66,1025.62,-802.58,2963.56,2428.28,535.28,-47.87,16,6,0
U008,10,2025-12-05,Friday,10,1137.51,1955.09,1088.96,866.13,-870.31,2585.28,1955.09,630.19,-76.51,18,7,0
U009,10,2025-12-05,Friday,10,1419.42,3231.58,1892.78,1338.8,-1878.43,3218.41,3231.58,-13.17,-80.0,10,9,1
U010,10,2025-12-05,Friday,10,1332.69,2687.44,1636.14,1051.3,-1460.18,2695.32,2687.44,7.88,-80.0,18,7,0
U001,10,2025-12-06,Saturday,10,1006.37,2252.13,1439.74,812.39,-1267.39,2921.64,2252.13,669.51,-80.0,8,6,0
U002,10,2025-12-06,Saturday,10,1678.71,2275.06,1285.28,989.78,-642.65,2300.81,2275.06,25.75,-38.28,6,5,0
U003,10,2025-12-06,Saturday,10,1624.14,3023.48,1834.14,1189.34,-1358.2,3239.21,3023.48,215.73,-80.0,15,6,0
U004,10,2025-12-06,Saturday,10,1396.32,2777.12,1881.24,895.88,-1309.09,2516.83,2777.12,-260.29,-80.0,11,10,1
U005,10,2025-12-06,Saturday,10,1604.02,2994.41,1768.22,1226.19,-1305.07,3267.88,2994.41,273.47,-80.0,7,7,0
U006,10,2025-12-06,Saturday,10,1376.21,2385.23,1351.18,1034.05,-1047.43,2553.07,2385.23,167.84,-76.11,15,5,0
U007,10,2025-12-06,Saturday,10,1547.93,2326.57,1609.1,717.47,-801.38,2876.67,2326.57,550.1,-51.77,11,5,0
U008,10,2025-12-06,Saturday,10,1169.25,1241.51,858.0,383.51,-58.88,2393.01,1241.51,1151.5,-5.04,7,5,0
U009,10,2025-12-06,Saturday,10,1413.01,2452.66,1374.44,1078.22,-1054.93,3511.11,2452.66,1058.45,-74.66,7,6,0
U010,10,2025-12-06,Saturday,10,1642.35,2025.52,1349.83,675.69,-425.1,2642.23,2025.52,616.71,-25.88,10,5,0
U001,11,2025-12-07,Sunday,11,1216.73,2355.27,1327.03,1028.24,-1197.05,2477.26,2355.27,121.99,-80.0,8,5,0
U002,11,2025-12-07,Sunday,11,1223.94,1740.4,1062.12,678.28,-512.37,2525.41,1740.4,785.01,-41.86,13,5,0
U003,11,2025-12-07,Sunday,11,1731.03,2769.92,1853.18,916.74,-1047.44,3062.11,2769.92,292.19,-60.51,12,5,0
U004,11,2025-12-07,Sunday,11,1547.77,2739.09,1795.43,943.66,-1226.0,2688.04,2739.09,-51.05,-79.21,8,10,1
U005,11,2025-12-07,Sunday,11,1489.38,3042.57,1740.46,1302.11,-1418.74,3517.94,3042.57,475.37,-80.0,7,5,0
U006,11,2025-12-07,Sunday,11,1409.66,2012.85,1333.22,679.63,-606.73,2380.63,2012.85,367.78,-43.04,6,7,0
U007,11,2025-12-07,Sunday,11,1132.57,2790.04,1924.13,865.91,-1692.02,3227.67,2790.04,437.63,-80.0,11,6,0
U008,11,2025-12-07,Sunday,11,1455.33,1973.14,1267.47,705.67,-551.93,2410.21,1973.14,437.07,-37.92,16,6,0
U009,11,2025-12-07,Sunday,11,1418.34,2058.91,1353.17,705.74,-558.56,3150.01,2058.91,1091.1,-39.38,8,7,0
U010,11,2025-12-07,Sunday,11,1373.72,1848.41,1172.67,675.74,-534.49,2054.69,1848.41,206.28,-38.91,21,5,0
U001,11,2025-12-08,Monday,11,1822.05,2501.93,1531.84,970.09,-669.97,2744.84,2501.93,242.91,-36.77,6,5,0
U002,11,2025-12-08,Monday,11,1451.59,2603.03,1722.72,880.31,-1180.96,2239.47,2603.03,-363.56,-80.0,14,9,1
U003,11,2025-12-08,Monday,11,1311.99,2958.46,1719.43,1239.03,-1688.04,2499.41,2958.46,-459.05,-80.0,20,9,1
U004,11,2025-12-08,Monday,11,1659.37,2477.32,1538.19,939.13,-756.28,2290.58,2477.32,-186.74,-45.58,16,9,1
U005,11,2025-12-08,Monday,11,1612.53,2906.9,1931.22,975.68,-1364.05,3395.57,2906.9,488.67,-80.0,12,7,0
U006,11,2025-12-08,Monday,11,1390.04,2144.03,1268.91,875.12,-719.11,2932.4,2144.03,788.37,-51.73,21,6,0
U007,11,2025-12-08,Monday,11,1439.35,2558.08,1421.39,1136.69,-1134.92,2845.25,2558.08,287.17,-78.85,20,5,0
U008,11,2025-12-08,Monday,11,1525.81,2257.01,1330.7,926.31,-693.45,2201.01,2257.01,-56.0,-45.45,7,10,1
U009,11,2025-12-08,Monday,11,1377.07,3291.92,1838.23,1453.69,-1912.59,3411.7,3291.92,119.78,-80.0,9,6,0
U010,11,2025-12-08,Monday,11,1346.25,2343.51,1478.52,864.99,-1014.47,2640.8,2343.51,297.29,-75.36,8,5,0
U001,11,2025-12-09,Tuesday,11,1389.48,1750.84,1023.73,727.11,-402.13,2941.46,1750.84,1190.62,-28.94,18,5,0
U002,11,2025-12-09,Tuesday,11,1456.92,1680.51,1001.85,678.66,-225.48,2422.77,1680.51,742.26,-15.48,15,7,0
U003,11,2025-12-09,Tuesday,11,1169.64,2853.11,1943.52,909.59,-1673.14,3535.5,2853.11,682.39,-80.0,10,5,0
U004,11,2025-12-09,Tuesday,11,1386.37,2436.81,1650.59,786.22,-1046.73,2512.67,2436.81,75.86,-75.5,11,5,0
U005,11,2025-12-09,Tuesday,11,1384.19,3049.05,2054.85,994.2,-1625.38,3453.86,3049.05,404.81,-80.0,12,5,0
U006,11,2025-12-09,Tuesday,11,908.24,2224.36,1519.6,704.76,-1288.97,2591.32,2224.36,366.96,-80.0,18,5,0
U007,11,2025-12-09,Tuesday,11,1274.07,2267.84,1389.04,878.8,-1074.73,2856.87,2267.84,589.03,-80.0,8,7,0
U008,11,2025-12-09,Tuesday,11,1147.78,1843.1,1267.14,575.96,-665.94,2562.76,1843.1,719.66,-58.02,8,6,0
U009,11,2025-12-09,Tuesday,11,1457.01,3220.17,1858.37,1361.8,-1781.66,2979.65,3220.17,-240.52,-80.0,21,9,1
U010,11,2025-12-09,Tuesday,11,1762.12,3126.54,2039.68,1086.86,-1357.59,2909.88,3126.54,-216.66,-77.04,8,10,1
U001,11,2025-12-10,Wednesday,11,1165.41,2142.15,1469.21,672.94,-956.25,2725.58,2142.15,583.43,-80.0,20,6,0
U002,11,2025-12-10,Wednesday,11,1500.49,1753.42,1089.05,664.37,-266.92,1820.24,1753.42,66.82,-17.79,21,7,0
U003,11,2025-12-10,Wednesday,11,1264.95,2061.05,1281.67,779.38,-839.91,2873.7,2061.05,812.65,-66.4,11,7,0
U004,11,2025-12-10,Wednesday,11,1448.94,2747.76,1894.94,852.82,-1278.05,2968.78,2747.76,221.02,-80.0,16,7,0
U005,11,2025-12-10,Wednesday,11,1521.04,2556.56,1587.03,969.53,-1027.9,3316.88,2556.56,760.32,-67.58,12,7,0
U006,11,2025-12-10,Wednesday,11,1313.19,2172.84,1381.06,791.78,-854.33,2403.93,2172.84,231.09,-65.06,6,5,0
U007,11,2025-12-10,Wednesday,11,1684.6,2450.19,1514.12,936.07,-755.71,2694.05,2450.19,243.86,-44.86,12,7,0
U008,11,2025-12-10,Wednesday,11,1578.08,2209.41,1268.66,940.75,-569.44,1952.49,2209.41,-256.92,-36.08,18,10,1
U009,11,2025-12-10,Wednesday,11,1355.07,2755.78,1712.4,1043.38,-1388.98,2601.44,2755.78,-154.34,-80.0,14,10,1
U010,11,2025-12-10,Wednesday,11,1389.75,2800.02,1840.52,959.5,-1365.42,2669.97,2800.02,-130.05,-80.0,19,9,1
U001,11,2025-12-11,Thursday,11,1874.48,2020.9,1405.12,615.78,-81.82,2391.83,2020.9,370.93,-4.36,9,6,0
U002,11,2025-12-11,Thursday,11,1231.9,2597.46,1564.83,1032.63,-1300.86,2636.34,2597.46,38.88,-80.0,7,5,0
U003,11,2025-12-11,Thursday,11,1406.55,2613.21,1780.83,832.38,-1214.13,3172.78,2613.21,559.57,-80.0,14,5,0
U004,11,2025-12-11,Thursday,11,1586.14,2493.12,1709.15,783.97,-858.99,2720.88,2493.12,227.76,-54.16,10,7,0
U005,11,2025-12-11,Thursday,11,1077.92,3243.42,2052.22,1191.2,-2163.92,3710.33,3243.42,466.91,-80.0,14,7,0
U006,11,2025-12-11,Thursday,11,1307.92,1566.14,1052.36,513.78,-266.39,2379.88,1566.14,813.74,-20.37,19,5,0
U007,11,2025-12-11,Thursday,11,1870.67,2623.06,1592.42,1030.64,-735.31,2810.48,2623.06,187.42,-39.31,10,6,0
U008,11,2025-12-11,Thursday,11,1504.15,1417.73,947.54,470.19,106.89,1790.03,1417.73,372.3,7.11,7,5,0
U009,11,2025-12-11,Thursday,11,1453.02,2541.95,1566.58,975.37,-1125.75,3066.34,2541.95,524.39,-77.48,16,5,0
U010,11,2025-12-11,Thursday,11,1324.56,2230.78,1315.48,915.3,-942.71,2628.52,2230.78,397.74,-71.17,18,6,0
U001,11,2025-12-12,Friday,11,1380.24,2168.31,1289.82,878.49,-759.48,2758.11,2168.31,589.8,-55.03,14,7,0
U002,11,2025-12-12,Friday,11,1534.07,2172.57,1461.69,710.88,-681.34,2390.66,2172.57,218.09,-44.41,13,5,0
U003,11,2025-12-12,Friday,11,1476.65,3055.53,2052.45,1003.08,-1518.79,2957.54,3055.53,-97.99,-80.0,6,9,1
U004,11,2025-12-12,Friday,11,1160.87,2029.06,1303.22,725.84,-901.97,2328.56,2029.06,299.5,-77.7,9,5,0
U005,11,2025-12-12,Friday,11,1161.03,3243.74,1907.63,1336.11,-2034.06,3291.87,3243.74,48.13,-80.0,6,7,0
U006,11,2025-12-12,Friday,11,1552.12,1978.9,1361.42,617.48,-360.98,2271.25,1978.9,292.35,-23.26,21,6,0
U007,11,2025-12-12,Friday,11,1498.14,2589.59,1429.76,1159.83,-1096.6,2783.05,2589.59,193.46,-73.2,18,5,0
U008,11,2025-12-12,Friday,11,872.25,2256.86,1528.59,728.27,-1431.44,2534.75,2256.86,277.89,-80.0,21,6,0
U009,11,2025-12-12,Friday,11,1476.82,2840.93,1637.84,1203.09,-1363.93,2859.98,2840.93,19.05,-80.0,11,6,0
U010,11,2025-12-12,Friday,11,1288.78,2696.4,1644.37,1052.03,-1391.21,2745.71,2696.4,49.31,-80.0,14,7,0
U001,11,2025-12-13,Saturday,11,1236.03,1924.05,1162.86,761.19,-729.73,2679.53,1924.05,755.48,-59.04,20,6,0
U002,11,2025-12-13,Saturday,11,1458.04,2579.07,1793.13,785.94,-1131.54,2625.91,2579.07,46.84,-77.61,12,6,0
U003,11,2025-12-13,Saturday,11,1525.43,2417.4,1605.18,812.22,-928.23,3069.86,2417.4,652.46,-60.85,20,5,0
U004,11,2025-12-13,Saturday,11,1558.16,2327.14,1623.62,703.52,-712.6,3055.51,2327.14,728.37,-45.73,14,6,0
U005,11,2025-12-13,Saturday,11,1520.53,2915.53,1885.08,1030.45,-1416.7,3262.98,2915.53,347.45,-80.0,16,6,0
U006,11,2025-12-13,Saturday,11,1625.44,1908.47,1252.49,655.98,-319.82,2000.12,1908.47,91.65,-19.68,10,6,0
U007,11,2025-12-13,Saturday,11,1187.7,2186.72,1378.21,808.51,-925.16,2919.63,2186.72,732.91,-77.9,10,7,0
U008,11,2025-12-13,Saturday,11,1280.96,1912.45,1199.22,713.23,-677.7,2130.57,1912.45,218.12,-52.91,17,7,0
U009,11,2025-12-13,Saturday,11,1223.76,2048.32,1350.86,697.46,-863.94,3413.87,2048.32,1365.55,-70.6,6,6,0
U010,11,2025-12-13,Saturday,11,1168.73,2236.34,1488.21,748.13,-1141.56,2657.92,2236.34,421.58,-80.0,21,5,0
U001,12,2025-12-14,Sunday,12,1343.56,2622.87,1833.66,789.21,-1316.24,2800.18,2622.87,177.31,-80.0,9,7,0
U002,12,2025-12-14,Sunday,12,863.49,2057.13,1349.61,707.52,-1215.2,2471.01,2057.13,413.88,-80.0,20,6,0
U003,12,2025-12-14,Sunday,12,1823.97,2005.23,1394.62,610.61,-183.77,3098.21,2005.23,1092.98,-10.08,16,7,0
U004,12,2025-12-14,Sunday,12,1350.46,2950.81,1838.35,1112.46,-1577.54,2267.88,2950.81,-682.93,-80.0,17,10,1
U005,12,2025-12-14,Sunday,12,1181.54,2812.76,1673.97,1138.79,-1608.69,3980.22,2812.76,1167.46,-80.0,6,5,0
U006,12,2025-12-14,Sunday,12,971.06,2269.71,1356.37,913.34,-1258.85,2291.86,2269.71,22.15,-80.0,10,7,0
U007,12,2025-12-14,Sunday,12,1618.94,2018.4,1189.23,829.17,-475.14,2858.76,2018.4,840.36,-29.35,21,7,0
U008,12,2025-12-14,Sunday,12,1556.21,2161.37,1341.96,819.41,-647.49,1349.77,2161.37,-811.6,-41.61,10,9,1
U009,12,2025-12-14,Sunday,12,1484.14,2419.89,1672.51,747.38,-901.86,3031.5,2419.89,611.61,-60.77,11,5,0
U010,12,2025-12-14,Sunday,12,1556.62,2672.15,1810.08,862.07,-1070.58,2732.82,2672.15,60.67,-68.78,19,5,0
U001,12,2025-12-15,Monday,12,1598.85,2677.41,1853.22,824.19,-1075.85,2690.47,2677.41,13.06,-67.29,20,6,0
U002,12,2025-12-15,Monday,12,1121.8,2008.14,1184.51,823.63,-942.42,2652.74,2008.14,644.6,-80.0,6,7,0
U003,12,2025-12-15,Monday,12,1384.47,2340.23,1509.6,830.63,-926.04,3088.05,2340.23,747.82,-66.89,13,5,0
U004,12,2025-12-15,Monday,12,1254.56,2003.45,1156.05,847.4,-746.06,2525.98,2003.45,522.53,-59.47,14,5,0
U005,12,2025-12-15,Monday,12,1407.81,3159.62,2039.08,1120.54,-1647.11,3213.4,3159.62,53.78,-80.0,11,6,0
U006,12,2025-12-15,Monday,12,1394.11,3144.55,1977.87,1166.68,-1762.73,3114.23,3144.55,-30.32,-80.0,19,10,1
U007,12,2025-12-15,Monday,12,1433.71,2245.52,1268.63,976.89,-873.89,2461.5,2245.52,215.98,-60.95,11,6,0
U008,12,2025-12-15,Monday,12,1290.53,1912.3,1125.49,786.81,-569.19,2031.53,1912.3,119.23,-44.11,16,6,0
U009,12,2025-12-15,Monday,12,1109.9,3325.73,1907.18,1418.55,-2292.22,2878.91,3325.73,-446.82,-80.0,6,10,1
U010,12,2025-12-15,Monday,12,1267.74,1982.2,1377.5,604.7,-782.5,2665.83,1982.2,683.63,-61.72,15,5,0
U001,12,2025-12-16,Tuesday,12,1511.31,2332.02,1308.01,1024.01,-881.36,3046.34,2332.02,714.32,-58.32,11,5,0
U002,12,2025-12-16,Tuesday,12,1144.2,1897.28,1231.08,666.2,-716.47,2353.19,1897.28,455.91,-62.62,17,7,0
U003,12,2025-12-16,Tuesday,12,1431.55,2390.75,1551.88,838.87,-946.72,2934.28,2390.75,543.53,-66.13,15,7,0
U004,12,2025-12-16,Tuesday,12,1234.03,2489.82,1528.36,961.46,-1307.09,2795.35,2489.82,305.53,-80.0,14,6,0
U005,12,2025-12-16,Tuesday,12,1387.89,2734.71,1578.1,1156.61,-1356.43,2550.84,2734.71,-183.87,-80.0,19,10,1
U006,12,2025-12-16,Tuesday,12,1652.99,2080.12,1215.57,864.55,-400.47,2789.88,2080.12,709.76,-24.23,20,7,0
U007,12,2025-12-16,Tuesday,12,1516.55,2557.59,1613.99,943.6,-1071.12,2979.91,2557.59,422.32,-70.63,15,5,0
U008,12,2025-12-16,Tuesday,12,1077.83,1784.17,1112.56,671.61,-704.78,1806.12,1784.17,21.95,-65.39,14,6,0
U009,12,2025-12-16,Tuesday,12,1334.34,3300.11,2044.39,1255.72,-2018.83,3445.61,3300.11,145.5,-80.0,13,7,0
U010,12,2025-12-16,Tuesday,12,1301.26,1626.01,936.06,689.95,-311.22,2650.27,1626.01,1024.26,-23.92,18,7,0
U001,12,2025-12-17,Wednesday,12,1386.53,1848.96,1096.67,752.29,-435.32,2637.35,1848.96,788.39,-31.4,8,5,0
U002,12,2025-12-17,Wednesday,12,1738.42,2841.19,1591.53,1249.66,-1121.97,2337.53,2841.19,-503.66,-64.54,17,10,1
U003,12,2025-12-17,Wednesday,12,1579.0,2991.85,1738.29,1253.56,-1412.33,3061.32,2991.85,69.47,-80.0,21,7,0
U004,12,2025-12-17,Wednesday,12,1295.34,2129.63,1307.25,822.38,-858.37,2653.66,2129.63,524.03,-66.27,8,7,0
U005,12,2025-12-17,Wednesday,12,1279.95,3383.82,2068.1,1315.72,-2114.82,3269.51,3383.82,-114.31,-80.0,17,10,1
U006,12,2025-12-17,Wednesday,12,1620.16,2725.85,1814.31,911.54,-1102.23,2452.13,2725.85,-273.72,-68.03,10,10,1
U007,12,2025-12-17,Wednesday,12,1156.42,3024.52,1846.97,1177.55,-1978.56,2655.56,3024.52,-368.96,-80.0,20,10,1
U008,12,2025-12-17,Wednesday,12,1326.56,1702.15,1041.7,660.45,-469.68,2274.62,1702.15,572.47,-35.41,7,6,0
U009,12,2025-12-17,Wednesday,12,1136.73,2660.03,1500.26,1159.77,-1410.95,3258.28,2660.03,598.25,-80.0,15,6,0
U010,12,2025-12-17,Wednesday,12,1276.06,2174.7,1330.13,844.57,-893.59,2699.61,2174.7,524.91,-70.03,9,6,0
U001,12,2025-12-18,Thursday,12,1410.27,2566.58,1638.18,928.4,-1187.48,2316.74,2566.58,-249.84,-80.0,21,10,1
U002,12,2025-12-18,Thursday,12,1711.48,2190.04,1524.14,665.9,-473.21,2067.01,2190.04,-123.03,-27.65,8,9,1
U003,12,2025-12-18,Thursday,12,1171.8,2982.85,1826.29,1156.56,-1720.58,2996.84,2982.85,13.99,-80.0,13,6,0
U004,12,2025-12-18,Thursday,12,1135.29,2003.2,1214.42,788.78,-821.99,2540.16,2003.2,536.96,-72.4,9,7,0
U005,12,2025-12-18,Thursday,12,1799.92,2969.91,2016.64,953.27,-1229.04,3220.42,2969.91,250.51,-68.28,12,7,0
U006,12,2025-12-18,Thursday,12,1830.52,2395.99,1551.44,844.55,-509.39,2628.38,2395.99,232.39,-27.83,12,5,0
U007,12,2025-12-18,Thursday,12,1002.84,3085.79,1865.09,1220.7,-2089.01,2808.18,3085.79,-277.61,-80.0,20,9,1
U008,12,2025-12-18,Thursday,12,1612.96,1792.08,1119.09,672.99,-217.44,2541.77,1792.08,749.69,-13.48,6,6,0
U009,12,2025-12-18,Thursday,12,1452.36,2917.63,1921.65,995.98,-1471.6,3240.08,2917.63,322.45,-80.0,7,6,0
U010,12,2025-12-18,Thursday,12,1217.23,2249.6,1330.11,919.49,-1095.35,2446.53,2249.6,196.93,-80.0,20,5,0
U001,12,2025-12-19,Friday,12,1456.97,2941.89,1828.87,1113.02,-1548.46,2504.68,2941.89,-437.21,-80.0,20,10,1
U002,12,2025-12-19,Friday,12,1548.54,2323.63,1396.62,927.01,-726.21,2492.44,2323.63,168.81,-46.9,19,6,0
U003,12,2025-12-19,Friday,12,1621.74,3496.85,1928.65,1568.2,-1955.44,2592.32,3496.85,-904.53,-80.0,17,9,1
U004,12,2025-12-19,Friday,12,1652.16,2478.17,1550.91,927.26,-812.18,2926.52,2478.17,448.35,-49.16,10,5,0
U005,12,2025-12-19,Friday,12,1610.1,2532.71,1703.18,829.53,-850.3,3486.83,2532.71,954.12,-52.81,8,5,0
U006,12,2025-12-19,Friday,12,1761.59,2077.41,1421.37,656.04,-319.85,2377.92,2077.41,300.51,-18.16,11,5,0
U007,12,2025-12-19,Friday,12,1394.18,2486.29,1562.54,923.75,-1148.82,2432.5,2486.29,-53.79,-80.0,11,9,1
U008,12,2025-12-19,Friday,12,1380.12,2164.11,1482.77,681.34,-768.84,2034.93,2164.11,-129.18,-55.71,6,10,1
U009,12,2025-12-19,Friday,12,1323.62,2141.91,1428.68,713.23,-807.13,2579.07,2141.91,437.16,-60.98,18,6,0
U010,12,2025-12-19,Friday,12,1191.97,2287.91,1380.66,907.25,-1084.86,3097.14,2287.91,809.23,-80.0,19,5,0
U001,12,2025-12-20,Saturday,12,1595.42,2676.13,1657.87,1018.26,-1050.21,3010.03,2676.13,333.9,-65.83,21,7,0
U002,12,2025-12-20,Saturday,12,1156.9,1701.16,1182.1,519.06,-469.04,1843.85,1701.16,142.69,-40.54,19,7,0
U003,12,2025-12-20,Saturday,12,1646.69,2674.04,1533.99,1140.05,-998.85,2854.97,2674.04,180.93,-60.66,10,6,0
U004,12,2025-12-20,Saturday,12,1606.0,2072.87,1291.2,781.67,-516.62,2486.64,2072.87,413.77,-32.17,11,5,0
U005,12,2025-12-20,Saturday,12,1247.32,2715.23,1846.93,868.3,-1461.01,3059.1,2715.23,343.87,-80.0,18,5,0
U006,12,2025-12-20,Saturday,12,1262.36,1920.98,1158.54,762.44,-640.06,2220.54,1920.98,299.56,-50.7,6,7,0
U007,12,2025-12-20,Saturday,12,1337.13,2486.89,1718.59,768.3,-1161.52,3103.91,2486.89,617.02,-80.0,11,6,0
U008,12,2025-12-20,Saturday,12,1685.99,2024.43,1245.79,778.64,-345.02,2064.67,2024.43,40.24,-20.46,17,7,0
U009,12,2025-12-20,Saturday,12,1445.72,3211.15,2077.14,1134.01,-1774.99,3150.92,3211.15,-60.23,-80.0,12,10,1
U010,12,2025-12-20,Saturday,12,1452.37,2307.15,1355.49,951.66,-829.83,2956.47,2307.15,649.32,-57.14,16,6,0
U001,13,2025-12-21,Sunday,13,1384.05,2465.96,1482.09,983.87,-1058.64,3073.36,2465.96,607.4,-76.49,18,7,0
U002,13,2025-12-21,Sunday,13,1163.13,2279.63,1271.31,1008.32,-1052.66,2703.29,2279.63,423.66,-80.0,9,5,0
U003,13,2025-12-21,Sunday,13,1243.26,2893.8,1819.26,1074.54,-1582.65,3310.2,2893.8,416.4,-80.0,20,5,0
U004,13,2025-12-21,Sunday,13,1605.84,2803.69,1948.05,855.64,-1128.22,2566.07,2803.69,-237.62,-70.26,16,10,1
U005,13,2025-12-21,Sunday,13,1270.27,3450.28,2346.78,1103.5,-2210.55,3228.07,3450.28,-222.21,-80.0,15,10,1
U006,13,2025-12-21,Sunday,13,1391.11,2052.62,1340.92,711.7,-662.08,2639.01,2052.62,586.39,-47.59,19,5,0
U007,13,2025-12-21,Sunday,13,1263.55,2913.84,1906.15,1007.69,-1485.02,2907.43,2913.84,-6.41,-80.0,8,9,1
U008,13,2025-12-21,Sunday,13,1695.57,2237.58,1409.26,828.32,-432.91,2363.34,2237.58,125.76,-25.53,20,6,0
U009,13,2025-12-21,Sunday,13,1480.37,2620.43,1523.13,1097.3,-1153.38,3345.34,2620.43,724.91,-77.91,8,6,0
U010,13,2025-12-21,Sunday,13,1133.91,3183.12,2101.92,1081.2,-2017.95,2616.85,3183.12,-566.27,-80.0,20,10,1
U001,13,2025-12-22,Monday,13,1658.53,1886.77,1040.17,846.6,-216.12,2484.14,1886.77,597.37,-13.03,15,5,0
U002,13,2025-12-22,Monday,13,1572.06,1252.32,786.6,465.72,290.69,2336.15,1252.32,1083.83,18.49,21,6,0
U003,13,2025-12-22,Monday,13,1379.42,2272.87,1355.12,917.75,-904.35,3122.56,2272.87,849.69,-65.56,10,5,0
U004,13,2025-12-22,Monday,13,903.96,2491.0,1508.73,982.27,-1564.44,2947.91,2491.0,456.91,-80.0,12,6,0
U005,13,2025-12-22,Monday,13,1364.28,2558.81,1491.91,1066.9,-1119.03,3459.35,2558.81,900.54,-80.0,17,7,0
U006,13,2025-12-22,Monday,13,1202.25,2182.18,1328.09,854.09,-966.08,2134.43,2182.18,-47.75,-80.0,12,10,1
U007,13,2025-12-22,Monday,13,1297.07,1700.72,992.45,708.27,-470.21,2300.13,1700.72,599.41,-36.25,10,7,0
U008,13,2025-12-22,Monday,13,1215.45,1911.22,1332.18,579.04,-648.53,2042.29,1911.22,131.07,-53.36,18,6,0
U009,13,2025-12-22,Monday,13,1398.84,2808.9,1957.42,851.48,-1408.33,2805.09,2808.9,-3.81,-80.0,17,10,1
U010,13,2025-12-22,Monday,13,1740.19,2879.92,1674.9,1205.02,-1179.41,2593.88,2879.92,-286.04,-67.77,16,10,1
U001,13,2025-12-23,Tuesday,13,1107.63,3090.21,1711.92,1378.29,-1943.1,2439.45,3090.21,-650.76,-80.0,10,9,1
U002,13,2025-12-23,Tuesday,13,1399.31,2360.46,1576.61,783.85,-1051.56,2345.85,2360.46,-14.61,-75.15,9,10,1
U003,13,2025-12-23,Tuesday,13,1380.94,3377.27,1962.56,1414.71,-1930.24,3219.06,3377.27,-158.21,-80.0,14,10,1
U004,13,2025-12-23,Tuesday,13,1004.53,2417.89,1550.06,867.83,-1308.5,2667.93,2417.89,250.04,-80.0,12,7,0
U005,13,2025-12-23,Tuesday,13,1404.69,3155.87,2053.81,1102.06,-1708.5,2716.97,3155.87,-438.9,-80.0,16,10,1
U006,13,2025-12-23,Tuesday,13,1474.63,2197.63,1303.54,894.09,-774.52,2204.84,2197.63,7.21,-52.52,18,7,0
U007,13,2025-12-23,Tuesday,13,1298.41,2223.78,1408.1,815.68,-940.1,2440.38,2223.78,216.6,-72.4,20,5,0
U008,13,2025-12-23,Tuesday,13,1454.42,2289.23,1290.76,998.47,-860.03,1970.87,2289.23,-318.36,-59.13,8,9,1
U009,13,2025-12-23,Tuesday,13,1090.83,2998.82,2042.05,956.77,-1974.52,3299.38,2998.82,300.56,-80.0,9,7,0
U010,13,2025-12-23,Tuesday,13,1569.29,3024.75,1815.59,1209.16,-1469.87,3073.75,3024.75,49.0,-80.0,18,6,0
U001,13,2025-12-24,Wednesday,13,1535.81,2452.83,1662.23,790.6,-912.27,2756.43,2452.83,303.6,-59.4,14,7,0
U002,13,2025-12-24,Wednesday,13,1593.33,2125.19,1367.21,757.98,-476.04,2117.51,2125.19,-7.68,-29.88,14,10,1
U003,13,2025-12-24,Wednesday,13,1498.73,2680.56,1781.36,899.2,-1201.9,3413.81,2680.56,733.25,-80.0,13,7,0
U004,13,2025-12-24,Wednesday,13,1283.21,2057.63,1409.94,647.69,-847.1,3498.65,2057.63,1441.02,-66.01,20,5,0
U005,13,2025-12-24,Wednesday,13,1310.03,2817.95,1871.4,946.55,-1581.27,3619.24,2817.95,801.29,-80.0,11,6,0
U006,13,2025-12-24,Wednesday,13,869.04,2648.87,1531.93,1116.94,-1849.53,2744.44,2648.87,95.57,-80.0,12,5,0
U007,13,2025-12-24,Wednesday,13,1728.54,2205.33,1227.94,977.39,-467.99,2850.34,2205.33,645.01,-27.07,9,7,0
U008,13,2025-12-24,Wednesday,13,1483.53,2444.04,1496.11,947.93,-925.49,1927.11,2444.04,-516.93,-62.38,17,10,1
U009,13,2025-12-24,Wednesday,13,1390.73,2445.02,1687.75,757.27,-976.39,2692.04,2445.02,247.02,-70.21,13,7,0
U010,13,2025-12-24,Wednesday,13,1396.31,2611.79,1521.89,1089.9,-1158.52,2586.97,2611.79,-24.82,-80.0,10,10,1
U001,13,2025-12-25,Thursday,13,1520.32,2398.97,1442.2,956.77,-859.68,1873.38,2398.97,-525.59,-56.55,13,10,1
U002,13,2025-12-25,Thursday,13,1206.69,1897.0,1140.78,756.22,-652.19,2236.86,1897.0,339.86,-54.05,17,5,0
U003,13,2025-12-25,Thursday,13,1606.43,2614.03,1695.75,918.28,-1006.01,3175.66,2614.03,561.63,-62.62,19,7,0
U004,13,2025-12-25,Thursday,13,1600.28,2052.47,1129.92,922.55,-403.31,2247.01,2052.47,194.54,-25.2,13,6,0
U005,13,2025-12-25,Thursday,13,1780.12,2790.1,1802.19,987.91,-1015.01,3334.22,2790.1,544.12,-57.02,11,7,0
U006,13,2025-12-25,Thursday,13,999.52,2462.86,1642.45,820.41,-1391.32,2285.31,2462.86,-177.55,-80.0,6,10,1
U007,13,2025-12-25,Thursday,13,1798.24,2144.42,1368.54,775.88,-399.99,2691.35,2144.42,546.93,-22.24,15,6,0
U008,13,2025-12-25,Thursday,13,1443.02,1853.21,1258.37,594.84,-340.74,2054.97,1853.21,201.76,-23.61,16,5,0
U009,13,2025-12-25,Thursday,13,1238.76,2872.73,1940.67,932.06,-1724.36,3082.37,2872.73,209.64,-80.0,6,6,0
U010,13,2025-12-25,Thursday,13,1299.28,2614.02,1709.12,904.9,-1372.24,2760.39,2614.02,146.37,-80.0,11,7,0
U001,13,2025-12-26,Friday,13,1260.26,1948.73,1076.76,871.97,-692.61,2630.13,1948.73,681.4,-54.96,19,5,0
U002,13,2025-12-26,Friday,13,1332.54,1633.66,1022.64,611.02,-274.13,2646.08,1633.66,1012.42,-20.57,7,5,0
U003,13,2025-12-26,Friday,13,1284.09,3249.25,2075.88,1173.37,-1922.03,3112.5,3249.25,-136.75,-80.0,11,10,1
U004,13,2025-12-26,Friday,13,1148.63,2038.0,1314.66,723.34,-914.24,2600.46,2038.0,562.46,-79.59,9,7,0
U005,13,2025-12-26,Friday,13,1286.21,2532.18,1513.93,1018.25,-1266.98,3361.7,2532.18,829.52,-80.0,8,5,0
U006,13,2025-12-26,Friday,13,1341.96,2322.21,1338.51,983.7,-950.97,1908.05,2322.21,-414.16,-70.86,13,10,1
U007,13,2025-12-26,Friday,13,1191.85,2409.52,1512.91,896.61,-1181.32,2854.52,2409.52,445.0,-80.0,11,5,0
U008,13,2025-12-26,Friday,13,1274.86,1772.6,1020.93,751.67,-491.19,2576.69,1772.6,804.09,-38.53,10,6,0
U009,13,2025-12-26,Friday,13,1337.44,2062.22,1234.38,827.84,-652.11,2512.73,2062.22,450.51,-48.76,14,5,0
U010,13,2025-12-26,Friday,13,1087.24,3281.53,2123.66,1157.87,-2140.16,2424.12,3281.53,-857.41,-80.0,12,10,1
U001,13,2025-12-27,Saturday,13,1396.67,2253.34,1305.69,947.65,-830.24,3003.94,2253.34,750.6,-59.44,10,5,0
U002,13,2025-12-27,Saturday,13,1599.74,1767.9,992.09,775.81,-194.26,2004.19,1767.9,236.29,-12.14,15,7,0
U003,13,2025-12-27,Saturday,13,1115.11,2696.38,1803.12,893.26,-1573.79,3230.09,2696.38,533.71,-80.0,15,7,0
U004,13,2025-12-27,Saturday,13,1255.96,2321.22,1338.22,983.0,-1021.96,2750.92,2321.22,429.7,-80.0,15,7,0
U005,13,2025-12-27,Saturday,13,1603.64,3517.79,1979.39,1538.4,-1967.13,3460.65,3517.79,-57.14,-80.0,7,9,1
U006,13,2025-12-27,Saturday,13,1853.32,2392.01,1487.55,904.46,-656.08,2722.69,2392.01,330.68,-35.4,13,6,0
U007,13,2025-12-27,Saturday,13,1296.28,2333.21,1465.04,868.17,-964.55,2487.21,2333.21,154.0,-74.41,18,7,0
U008,13,2025-12-27,Saturday,13,1377.29,2075.59,1356.05,719.54,-664.91,2439.99,2075.59,364.4,-48.28,15,6,0
U009,13,2025-12-27,Saturday,13,1355.72,2254.86,1534.89,719.97,-815.57,2605.62,2254.86,350.76,-60.16,9,5,0
U010,13,2025-12-27,Saturday,13,1355.94,1932.2,1063.79,868.41,-617.82,2651.93,1932.2,719.73,-45.56,8,6,0
U001,14,2025-12-28,Sunday,14,1458.31,2487.35,1398.7,1088.65,-1049.25,2604.17,2487.35,116.82,-71.95,19,6,0
U002,14,2025-12-28,Sunday,14,1598.27,2286.46,1353.77,932.69,-702.26,1741.98,2286.46,-544.48,-43.94,11,10,1
U003,14,2025-12-28,Sunday,14,1262.09,2718.05,1784.26,933.79,-1458.23,2835.93,2718.05,117.88,-80.0,6,5,0
U004,14,2025-12-28,Sunday,14,1302.48,2561.73,1694.28,867.45,-1321.68,2924.29,2561.73,362.56,-80.0,18,6,0
U005,14,2025-12-28,Sunday,14,1159.25,3501.47,2380.86,1120.61,-2429.91,3821.62,3501.47,320.15,-80.0,9,7,0
U006,14,2025-12-28,Sunday,14,1211.5,2092.77,1269.49,823.28,-822.01,2463.35,2092.77,370.58,-67.85,16,6,0
U007,14,2025-12-28,Sunday,14,1399.08,2662.55,1673.53,989.02,-1282.84,2706.89,2662.55,44.34,-80.0,8,5,0
U008,14,2025-12-28,Sunday,14,1241.19,2546.65,1710.39,836.26,-1310.81,1643.27,2546.65,-903.38,-80.0,9,9,1
U009,14,2025-12-28,Sunday,14,1750.72,2825.13,1743.55,1081.58,-1058.32,3562.19,2825.13,737.06,-60.45,16,7,0
U010,14,2025-12-28,Sunday,14,1388.62,2550.55,1692.06,858.49,-1178.59,2970.8,2550.55,420.25,-80.0,16,6,0
U001,14,2025-12-29,Monday,14,1851.01,2776.13,1539.98,1236.15,-985.08,2679.5,2776.13,-96.63,-53.22,10,10,1
U002,14,2025-12-29,Monday,14,1421.79,2365.35,1639.87,725.48,-1039.63,2419.71,2365.35,54.36,-73.12,19,5,0
U003,14,2025-12-29,Monday,14,1255.12,2126.02,1372.3,753.72,-946.81,3408.89,2126.02,1282.87,-75.44,7,7,0
U004,14,2025-12-29,Monday,14,1629.82,2085.42,1301.4,784.02,-330.07,2681.16,2085.42,595.74,-20.25,17,7,0
U005,14,2025-12-29,Monday,14,1547.29,3487.29,1979.24,1508.05,-1911.72,2838.24,3487.29,-649.05,-80.0,19,10,1
U006,14,2025-12-29,Monday,14,1426.79,2757.6,1630.23,1127.37,-1381.25,3271.29,2757.6,513.69,-80.0,9,7,0
U007,14,2025-12-29,Monday,14,1313.65,3716.8,2279.78,1437.02,-2339.33,2873.02,3716.8,-843.78,-80.0,17,9,1
U008,14,2025-12-29,Monday,14,1055.57,2084.55,1146.55,938.0,-1032.12,2240.13,2084.55,155.58,-80.0,7,6,0
U009,14,2025-12-29,Monday,14,1468.54,2586.35,1459.09,1127.26,-1148.3,3134.57,2586.35,548.22,-78.19,6,7,0
U010,14,2025-12-29,Monday,14,1359.48,1819.66,1179.83,639.83,-524.72,2746.74,1819.66,927.08,-38.6,20,6,0
U001,14,2025-12-30,Tuesday,14,1382.09,2365.13,1395.36,969.77,-925.64,2864.96,2365.13,499.83,-66.97,8,6,0
U002,14,2025-12-30,Tuesday,14,1135.42,2000.18,1315.25,684.93,-824.29,2496.33,2000.18,496.15,-72.6,6,5,0
U003,14,2025-12-30,Tuesday,14,1118.6,3373.06,1935.32,1437.74,-2180.37,2769.69,3373.06,-603.37,-80.0,14,10,1
U004,14,2025-12-30,Tuesday,14,1740.36,2318.54,1474.93,843.61,-522.35,2486.43,2318.54,167.89,-30.01,14,6,0
U005,14,2025-12-30,Tuesday,14,1403.23,3041.67,1842.06,1199.61,-1608.43,3284.28,3041.67,242.61,-80.0,18,5,0
U006,14,2025-12-30,Tuesday,14,1686.02,2237.7,1303.28,934.42,-564.44,2967.23,2237.7,729.53,-33.48,20,7,0
U007,14,2025-12-30,Tuesday,14,1345.17,2370.4,1386.97,983.43,-1006.17,2532.26,2370.4,161.86,-74.8,19,6,0
U008,14,2025-12-30,Tuesday,14,1677.21,1996.56,1249.35,747.21,-332.27,2255.88,1996.56,259.32,-19.81,12,6,0
U009,14,2025-12-30,Tuesday,14,1532.45,3008.07,2075.35,932.72,-1486.04,3048.96,3008.07,40.89,-80.0,16,6,0
U010,14,2025-12-30,Tuesday,14,1435.97,2290.41,1342.12,948.29,-848.25,3108.0,2290.41,817.59,-59.07,20,5,0
U001,14,2025-12-31,Wednesday,14,1333.88,1903.85,1081.92,821.93,-586.45,2851.61,1903.85,947.76,-43.97,11,5,0
U002,14,2025-12-31,Wednesday,14,1525.33,2505.92,1544.33,961.59,-881.92,2153.79,2505.92,-352.13,-57.82,20,10,1
U003,14,2025-12-31,Wednesday,14,1758.53,2481.83,1640.24,841.59,-789.38,3198.28,2481.83,716.45,-44.89,12,5,0
U004,14,2025-12-31,Wednesday,14,1755.67,2379.45,1502.37,877.08,-628.47,2761.39,2379.45,381.94,-35.8,6,5,0
U005,14,2025-12-31,Wednesday,14,1296.26,3501.6,2064.15,1437.45,-2260.56,2625.14,3501.6,-876.46,-80.0,9,9,1
U006,14,2025-12-31,Wednesday,14,1604.15,1603.18,919.76,683.42,32.77,2388.24,1603.18,785.06,2.04,10,6,0
U007,14,2025-12-31,Wednesday,14,1425.35,2805.46,1609.43,1196.03,-1304.57,3018.99,2805.46,213.53,-80.0,18,5,0
U008,14,2025-12-31,Wednesday,14,1261.03,1330.79,885.83,444.96,-92.66,1735.86,1330.79,405.07,-7.35,10,5,0
U009,14,2025-12-31,Wednesday,14,1266.56,3129.6,1880.52,1249.08,-1815.27,3453.18,3129.6,323.58,-80.0,15,7,0
U010,14,2025-12-31,Wednesday,14,1530.29,2994.65,1808.49,1186.16,-1420.94,2665.56,2994.65,-329.09,-80.0,19,10,1
U001,14,2026-01-01,Thursday,14,1281.82,1887.65,1048.01,839.64,-603.61,2474.85,1887.65,587.2,-47.09,12,6,0
U002,14,2026-01-01,Thursday,14,1186.22,2611.93,1519.25,1092.68,-1369.57,2672.7,2611.93,60.77,-80.0,14,7,0
U003,14,2026-01-01,Thursday,14,1658.94,2200.99,1452.1,748.89,-486.02,3380.22,2200.99,1179.23,-29.3,7,6,0
U004,14,2026-01-01,Thursday,14,1437.81,2052.84,1164.06,888.78,-621.57,2487.74,2052.84,434.9,-43.23,6,6,0
U005,14,2026-01-01,Thursday,14,1223.54,3161.73,1953.03,1208.7,-1912.33,3702.23,3161.73,540.5,-80.0,8,6,0
U006,14,2026-01-01,Thursday,14,1518.5,2322.95,1559.46,763.49,-879.44,2770.68,2322.95,447.73,-57.92,6,5,0
U007,14,2026-01-01,Thursday,14,1576.67,2263.19,1283.64,979.55,-645.79,2986.33,2263.19,723.14,-40.96,20,5,0
U008,14,2026-01-01,Thursday,14,1673.66,1457.61,845.47,612.14,227.72,1881.11,1457.61,423.5,13.61,12,6,0
U009,14,2026-01-01,Thursday,14,1558.02,2255.29,1276.12,979.17,-667.02,2677.06,2255.29,421.77,-42.81,15,5,0
U010,14,2026-01-01,Thursday,14,1347.57,1803.19,1049.17,754.02,-464.77,2578.29,1803.19,775.1,-34.49,20,6,0
U001,14,2026-01-02,Friday,14,1389.46,3253.41,1925.07,1328.34,-2001.58,2949.01,3253.41,-304.4,-80.0,13,9,1
U002,14,2026-01-02,Friday,14,1446.55,2106.87,1297.73,809.14,-718.16,2222.75,2106.87,115.88,-49.65,7,7,0
U003,14,2026-01-02,Friday,14,1821.6,2954.66,1757.5,1197.16,-1185.06,2919.82,2954.66,-34.84,-65.06,12,9,1
U004,14,2026-01-02,Friday,14,1407.15,2615.34,1766.85,848.49,-1131.96,2744.14,2615.34,128.8,-80.0,7,6,0
U005,14,2026-01-02,Friday,14,1030.97,2906.23,1609.73,1296.5,-1831.05,3180.05,2906.23,273.82,-80.0,20,6,0
U006,14,2026-01-02,Friday,14,1868.71,1446.8,958.53,488.27,440.32,2664.59,1446.8,1217.79,23.56,6,6,0
U007,14,2026-01-02,Friday,14,1198.19,1929.0,1242.82,686.18,-671.67,2796.68,1929.0,867.68,-56.06,17,7,0
U008,14,2026-01-02,Friday,14,1578.84,1719.1,1128.98,590.12,-58.39,1661.61,1719.1,-57.49,-3.7,20,10,1
U009,14,2026-01-02,Friday,14,1248.89,2974.58,2035.35,939.23,-1744.26,2737.38,2974.58,-237.2,-80.0,14,10,1
U010,14,2026-01-02,Friday,14,1387.06,2146.06,1489.25,656.81,-756.75,2810.69,2146.06,664.63,-54.56,7,5,0
U001,14,2026-01-03,Saturday,14,1478.1,2380.37,1410.73,969.64,-998.82,2978.4,2380.37,598.03,-67.57,10,7,0
U002,14,2026-01-03,Saturday,14,1544.56,2422.02,1552.97,869.05,-808.62,2611.97,2422.02,189.95,-52.35,12,7,0
U003,14,2026-01-03,Saturday,14,1496.33,2748.97,1673.06,1075.91,-1204.6,3284.6,2748.97,535.63,-80.0,18,5,0
U004,14,2026-01-03,Saturday,14,1265.23,2129.4,1199.21,930.19,-878.8,2314.15,2129.4,184.75,-69.46,13,5,0
U005,14,2026-01-03,Saturday,14,1536.66,2485.22,1642.61,842.61,-936.36,3904.19,2485.22,1418.97,-60.93,17,5,0
U006,14,2026-01-03,Saturday,14,1497.02,2283.22,1259.14,1024.08,-762.68,2286.11,2283.22,2.89,-50.95,14,6,0
U007,14,2026-01-03,Saturday,14,1250.84,2775.08,1568.23,1206.85,-1540.83,2550.59,2775.08,-224.49,-80.0,21,9,1
U008,14,2026-01-03,Saturday,14,1077.73,2048.97,1228.35,820.62,-955.76,2450.09,2048.97,401.12,-80.0,16,6,0
U009,14,2026-01-03,Saturday,14,1486.8,2675.4,1632.85,1042.55,-1172.18,2352.98,2675.4,-322.42,-78.84,15,9,1
U010,14,2026-01-03,Saturday,14,1329.17,2222.68,1250.97,971.71,-902.54,2702.32,2222.68,479.64,-67.9,18,7,0
U001,15,2026-01-04,Sunday,15,1656.86,2799.21,1949.39,849.82,-1122.71,2703.34,2799.21,-95.87,-67.76,16,10,1
U002,15,2026-01-04,Sunday,15,1451.73,2276.09,1289.77,986.32,-845.82,2751.94,2276.09,475.85,-58.26,16,5,0
U003,15,2026-01-04,Sunday,15,1441.25,2437.09,1371.39,1065.7,-896.13,2842.5,2437.09,405.41,-62.18,13,7,0
U004,15,2026-01-04,Sunday,15,1297.9,1939.27,1164.78,774.49,-710.38,2453.15,1939.27,513.88,-54.73,9,6,0
U005,15,2026-01-04,Sunday,15,1271.93,2439.14,1576.29,862.85,-1084.96,3570.5,2439.14,1131.36,-80.0,21,7,0
U006,15,2026-01-04,Sunday,15,1135.97,2955.95,1675.01,1280.94,-1801.85,2969.24,2955.95,13.29,-80.0,18,6,0
U007,15,2026-01-04,Sunday,15,1384.26,2561.84,1659.69,902.15,-1096.68,2282.6,2561.84,-279.24,-79.23,7,10,1
U008,15,2026-01-04,Sunday,15,1032.01,2053.28,1388.3,664.98,-975.35,2116.95,2053.28,63.67,-80.0,19,7,0
U009,15,2026-01-04,Sunday,15,1131.4,2682.28,1606.57,1075.71,-1439.3,3413.27,2682.28,730.99,-80.0,18,6,0
U010,15,2026-01-04,Sunday,15,1421.06,2345.89,1414.26,931.63,-1015.61,2667.45,2345.89,321.56,-71.47,6,6,0
U001,1,2026-01-05,Monday,1,629.58,2527.91,1361.77,1166.13,-200.0,3628.74,2369.06,1259.67,-31.77,13,8,0
U002,1,2026-01-05,Monday,1,555.52,1514.9,983.15,531.76,-200.0,2105.42,1524.62,580.8,-36.0,7,8,0
U003,1,2026-01-05,Monday,1,848.06,2506.03,1516.37,989.66,-200.0,3024.37,2529.38,494.99,-23.58,14,6,0
U004,1,2026-01-05,Monday,1,784.37,2752.61,1667.4,1085.21,-200.0,2827.94,2721.64,106.29,-25.5,8,4,0
U005,1,2026-01-05,Monday,1,687.57,1945.02,1273.46,671.56,-200.0,2088.84,1833.54,255.3,-29.09,12,9,0
U006,1,2026-01-05,Monday,1,512.93,2509.4,1047.7,1461.7,-200.0,2865.36,2339.49,525.87,-38.99,10,6,0
U007,1,2026-01-05,Monday,1,724.05,1890.37,1013.61,876.75,-200.0,1747.96,1895.03,-147.08,-27.62,5,9,1
U008,1,2026-01-05,Monday,1,717.76,2362.67,1237.34,1125.33,-200.0,2721.73,2423.56,298.18,-27.86,15,8,0
U009,1,2026-01-05,Monday,1,5000.14,3359.26,1808.29,1550.97,1817.82,3501.87,3429.41,72.47,36.36,16,7,0
U010,1,2026-01-05,Monday,1,670.45,1248.84,555.82,693.02,-200.0,1906.43,1009.56,896.88,-29.83,9,7,0
U001,1,2026-01-06,Tuesday,1,569.79,2564.6,1305.72,1258.88,-200.0,2745.83,2304.34,441.49,-35.1,11,7,0
U002,1,2026-01-06,Tuesday,1,606.9,1993.94,1409.53,584.41,-200.0,2245.92,2109.67,136.26,-32.95,13,8,0
U003,1,2026-01-06,Tuesday,1,472.02,1908.28,993.17,915.1,-200.0,2552.98,1855.56,697.42,-42.37,18,7,0
U004,1,2026-01-06,Tuesday,1,754.09,2468.89,1270.83,1198.06,-200.0,3007.64,2245.86,761.78,-26.52,6,8,0
U005,1,2026-01-06,Tuesday,1,661.76,1921.33,1095.09,826.24,-200.0,2375.14,1619.77,755.36,-30.22,11,8,0
U006,1,2026-01-06,Tuesday,1,615.17,2809.09,1642.86,1166.23,-200.0,3675.06,2960.32,714.73,-32.51,25,6,0
U007,1,2026-01-06,Tuesday,1,596.95,1626.31,964.34,661.97,-200.0,1405.22,1584.43,-179.22,-33.5,11,7,1
U008,1,2026-01-06,Tuesday,1,764.02,3152.51,1893.45,1259.06,-200.0,3858.63,3003.52,855.11,-26.18,9,8,0
U009,1,2026-01-06,Tuesday,1,761.78,2481.14,1425.27,1055.88,-200.0,2618.52,2589.86,28.67,-26.25,12,5,0
U010,1,2026-01-06,Tuesday,1,4658.5,3780.25,2119.67,1660.58,997.37,3772.71,3698.26,74.45,21.41,12,2,0
U001,1,2026-01-07,Wednesday,1,640.23,2148.59,1427.81,720.78,-200.0,2235.47,1893.5,341.97,-31.24,8,8,0
U002,1,2026-01-07,Wednesday,1,442.24,2681.78,1434.45,1247.33,-200.0,3160.97,2659.23,501.74,-45.22,10,9,0
U003,1,2026-01-07,Wednesday,1,695.87,2699.72,1448.92,1250.8,-200.0,3357.43,2887.04,470.39,-28.74,16,7,0
U004,1,2026-01-07,Wednesday,1,532.25,1748.06,958.96,789.11,-200.0,1981.4,1625.52,355.88,-37.58,11,9,0
U005,1,2026-01-07,Wednesday,1,635.91,1983.09,1202.08,781.01,-200.0,2553.32,1885.21,668.11,-31.45,12,7,0
U006,1,2026-01-07,Wednesday,1,4410.1,2936.85,1671.22,1265.63,1734.54,3123.85,3056.35,67.5,39.33,16,6,0
U007,1,2026-01-07,Wednesday,1,5018.17,3026.72,2213.23,813.49,1967.75,3315.06,2882.94,432.13,39.21,11,7,0
U008,1,2026-01-07,Wednesday,1,861.57,2339.93,1456.69,883.24,-200.0,3518.51,2362.04,1156.47,-23.21,14,7,0
U009,1,2026-01-07,Wednesday,1,587.88,1480.75,1069.86,410.88,-200.0,1676.15,1607.61,68.54,-34.02,6,6,0
U010,1,2026-01-07,Wednesday,1,743.96,3160.31,1705.23,1455.09,-200.0,2883.22,2995.92,-112.69,-26.88,15,9,1
U001,1,2026-01-08,Thursday,1,698.92,2527.03,1568.97,958.06,-200.0,3319.75,2530.01,789.74,-28.62,15,8,0
U002,1,2026-01-08,Thursday,1,4287.6,2932.49,1988.39,944.1,1348.52,3386.17,2997.19,388.99,31.45,21,7,0
U003,1,2026-01-08,Thursday,1,619.39,2761.8,1363.58,1398.22,-200.0,3101.02,2673.22,427.8,-32.29,19,7,0
U004,1,2026-01-08,Thursday,1,734.41,1996.56,849.76,1146.8,-200.0,2634.26,2047.76,586.5,-27.23,8,5,0
U005,1,2026-01-08,Thursday,1,968.68,1373.5,1185.14,188.36,-200.0,1909.96,1514.33,395.64,-20.65,13,6,0
U006,1,2026-01-08,Thursday,1,5345.61,3817.39,2005.02,1812.37,1511.23,3792.46,3668.13,124.33,28.27,20,4,0
U007,1,2026-01-08,Thursday,1,550.27,2487.94,1311.78,1176.16,-200.0,2897.5,2438.86,458.64,-36.35,11,8,0
U008,1,2026-01-08,Thursday,1,4339.03,3676.23,2012.39,1663.84,630.28,3695.16,3557.25,137.92,14.53,14,4,0
U009,1,2026-01-08,Thursday,1,497.64,1725.27,1183.48,541.79,-200.0,2280.45,1648.13,632.32,-40.19,13,7,0
U010,1,2026-01-08,Thursday,1,4654.85,3103.89,1801.82,1302.07,1693.72,3750.42,3073.66,676.76,36.39,9,6,0
U001,1,2026-01-09,Friday,1,720.38,1764.42,966.24,798.18,-200.0,2744.17,1925.59,818.58,-27.76,16,8,0
U002,1,2026-01-09,Friday,1,4615.74,2953.34,1819.83,1133.51,1633.4,3024.36,3115.58,-91.22,35.39,14,4,1
U003,1,2026-01-09,Friday,1,509.39,2107.28,1149.5,957.78,-200.0,2712.64,2125.82,586.81,-39.26,22,7,0
U004,1,2026-01-09,Friday,1,638.16,2335.55,1380.02,955.53,-200.0,2301.51,2197.7,103.81,-31.34,9,7,0
U005,1,2026-01-09,Friday,1,5189.84,2928.46,1636.22,1292.24,2225.0,2781.88,2895.13,-113.26,42.87,12,7,1
U006,1,2026-01-09,Friday,1,703.36,1727.54,1113.88,613.67,-200.0,2214.96,2036.69,178.27,-28.43,8,7,0
U007,1,2026-01-09,Friday,1,658.06,1908.2,1240.81,667.39,-200.0,2229.09,1963.04,266.05,-30.39,11,9,0
U008,1,2026-01-09,Friday,1,5201.69,3320.5,2121.7,1198.79,1885.55,3986.4,3312.92,673.48,36.25,19,5,0
U009,1,2026-01-09,Friday,1,807.94,2154.86,1458.99,695.87,-200.0,2212.83,2080.88,131.96,-24.75,12,9,0
U010,1,2026-01-09,Friday,1,610.73,1809.26,1147.18,662.08,-200.0,2382.62,1814.11,568.52,-32.75,15,5,0
U001,1,2026-01-10,Saturday,1,615.05,1312.03,607.79,704.24,-200.0,2125.8,1213.86,911.94,-32.52,11,10,0
U002,1,2026-01-10,Saturday,1,745.13,2196.9,1389.01,807.9,-200.0,2603.05,2209.47,393.58,-26.84,12,6,0
U003,1,2026-01-10,Saturday,1,832.99,2336.24,1181.2,1155.04,-200.0,2675.09,2623.3,51.79,-24.01,21,8,0
U004,1,2026-01-10,Saturday,1,704.53,2487.48,1725.36,762.12,-200.0,3043.14,2675.65,367.49,-28.39,10,7,0
U005,1,2026-01-10,Saturday,1,408.04,3036.43,1507.57,1528.86,-200.0,3002.72,3178.4,-175.68,-49.02,12,9,1
U006,1,2026-01-10,Saturday,1,685.2,2118.07,1389.47,728.61,-200.0,2901.62,2306.39,595.23,-29.19,10,8,0
U007,1,2026-01-10,Saturday,1,800.9,1823.38,1314.2,509.17,-200.0,2263.15,1788.93,474.22,-24.97,9,6,0
U008,1,2026-01-10,Saturday,1,658.88,1642.86,1423.36,219.5,-200.0,1729.09,1667.68,61.41,-30.35,8,8,0
U009,1,2026-01-10,Saturday,1,488.19,2089.37,1377.68,711.69,-200.0,2495.83,1579.8,916.04,-40.97,12,8,0
U010,1,2026-01-10,Saturday,1,538.26,2476.86,1200.93,1275.93,-200.0,3063.61,2378.12,685.5,-37.16,14,7,0
U001,1,2026-01-11,Sunday,1,5300.11,3199.4,1981.57,1217.82,2267.93,3785.97,3225.25,560.71,42.79,19,3,0
U002,1,2026-01-11,Sunday,1,632.84,2040.02,1286.36,753.66,-200.0,2363.79,2019.71,344.09,-31.6,19,6,0
U003,1,2026-01-11,Sunday,1,622.23,2660.93,1590.14,1070.79,-200.0,2832.58,2739.35,93.23,-32.14,9,3,0
U004,1,2026-01-11,Sunday,1,807.5,2045.38,1033.73,1011.65,-200.0,3215.39,2058.06,1157.34,-24.77,7,6,0
U005,1,2026-01-11,Sunday,1,5928.9,3577.93,2098.02,1479.91,2249.15,4057.61,3336.78,720.83,37.94,18,4,0
U006,1,2026-01-11,Sunday,1,354.07,2543.89,1207.7,1336.19,-200.0,3048.38,2132.34,916.04,-56.49,15,9,0
U007,1,2026-01-11,Sunday,1,603.51,2312.92,1494.16,818.76,-200.0,2892.36,2154.18,738.18,-33.14,13,9,0
U008,1,2026-01-11,Sunday,1,879.62,3000.07,1968.75,1031.32,-200.0,2976.43,3122.89,-146.46,-22.74,12,8,1
U009,1,2026-01-11,Sunday,1,4918.43,3691.89,2292.45,1399.44,1334.86,4155.39,3852.33,303.06,27.14,9,5,0
U010,1,2026-01-11,Sunday,1,6164.04,3303.54,2408.94,894.59,2932.57,3617.05,3635.07,-18.02,47.58,16,5,1
U001,2,2026-01-12,Monday,2,659.44,1682.19,961.61,720.58,-200.0,2038.16,1674.53,363.63,-30.33,9,8,0
U002,2,2026-01-12,Monday,2,792.35,1785.82,1023.25,762.56,-200.0,2578.28,1654.77,923.51,-25.24,13,8,0
U003,2,2026-01-12,Monday,2,442.83,1819.47,911.97,907.5,-200.0,1756.06,1879.35,-123.29,-45.16,10,7,1
U004,2,2026-01-12,Monday,2,512.53,1868.08,1171.55,696.52,-200.0,2105.09,1946.03,159.06,-39.02,14,8,0
U005,2,2026-01-12,Monday,2,913.64,2006.5,1402.59,603.91,-200.0,1849.25,2060.45,-211.2,-21.89,18,7,1
U006,2,2026-01-12,Monday,2,699.72,2671.46,1869.36,802.1,-200.0,2960.88,2330.95,629.92,-28.58,13,9,0
U007,2,2026-01-12,Monday,2,945.0,2265.77,1379.51,886.27,-200.0,2193.85,2058.88,134.97,-21.16,7,6,0
U008,2,2026-01-12,Monday,2,4460.8,3728.34,2367.78,1360.57,691.23,3410.16,3834.04,-423.87,15.5,17,4,1
U009,2,2026-01-12,Monday,2,676.48,2390.02,1327.5,1062.52,-200.0,2807.42,2279.04,528.38,-29.56,10,5,0
U010,2,2026-01-12,Monday,2,1099.69,2612.89,1605.82,1007.06,-200.0,2559.24,2645.46,-86.22,-18.19,4,8,1
U001,2,2026-01-13,Tuesday,2,634.99,2026.54,1095.46,931.08,-200.0,1535.0,1765.25,-230.25,-31.5,9,7,1
U002,2,2026-01-13,Tuesday,2,402.87,2024.41,1061.39,963.03,-200.0,2247.33,1684.49,562.84,-49.64,15,8,0
U003,2,2026-01-13,Tuesday,2,721.41,2128.35,1132.76,995.59,-200.0,1567.37,1802.48,-235.11,-27.72,7,8,1
U004,2,2026-01-13,Tuesday,2,989.66,2656.83,1225.42,1431.41,-200.0,3066.36,2664.59,401.77,-20.21,12,6,0
U005,2,2026-01-13,Tuesday,2,704.36,2704.22,1332.9,1371.32,-200.0,3443.23,2714.64,728.6,-28.39,18,8,0
U006,2,2026-01-13,Tuesday,2,736.05,2278.73,1237.62,1041.11,-200.0,1957.64,2251.29,-293.65,-27.17,9,9,1
U007,2,2026-01-13,Tuesday,2,606.36,1940.71,1176.67,764.04,-200.0,2461.91,2006.79,455.13,-32.98,12,8,0
U008,2,2026-01-13,Tuesday,2,451.03,1880.45,1311.14,569.31,-200.0,1793.35,1991.45,-198.11,-44.34,13,8,1
U009,2,2026-01-13,Tuesday,2,774.79,2390.6,1317.93,1072.67,-200.0,2658.28,2462.83,195.45,-25.81,10,10,0
U010,2,2026-01-13,Tuesday,2,684.61,2154.61,1456.06,698.55,-200.0,2912.37,2091.05,821.32,-29.21,12,7,0
U001,2,2026-01-14,Wednesday,2,591.85,1402.61,1005.53,397.08,-200.0,1947.72,1376.64,571.08,-33.79,12,7,0
U002,2,2026-01-14,Wednesday,2,719.21,2574.35,1585.07,989.27,-200.0,3126.48,2601.03,525.44,-27.81,17,6,0
U003,2,2026-01-14,Wednesday,2,1054.71,2587.99,1378.04,1209.95,-200.0,2201.88,2384.46,-182.58,-18.96,7,8,1
U004,2,2026-01-14,Wednesday,2,691.61,1638.82,1279.61,359.21,-200.0,2043.65,1786.06,257.59,-28.92,11,6,0
U005,2,2026-01-14,Wednesday,2,561.72,2567.12,1527.54,1039.58,-200.0,2918.08,2574.43,343.66,-35.61,14,9,0
U006,2,2026-01-14,Wednesday,2,879.79,3041.66,1794.9,1246.77,-200.0,3861.14,3007.66,853.49,-22.73,15,6,0
U007,2,2026-01-14,Wednesday,2,691.67,2150.1,1204.08,946.02,-200.0,2072.81,2194.51,-121.7,-28.92,8,8,1
U008,2,2026-01-14,Wednesday,2,831.83,2179.79,1213.69,966.1,-200.0,2362.54,1986.99,375.55,-24.04,15,7,0
U009,2,2026-01-14,Wednesday,2,554.93,2269.37,1311.15,958.22,-200.0,2920.25,2209.4,710.85,-36.04,12,6,0
U010,2,2026-01-14,Wednesday,2,492.88,1551.04,1122.78,428.26,-200.0,1776.26,1722.27,53.99,-40.58,11,5,0
U001,2,2026-01-15,Thursday,2,855.38,2494.86,1776.79,718.06,-200.0,3073.41,2459.7,613.71,-23.38,9,7,0
U002,2,2026-01-15,Thursday,2,708.63,2231.23,1328.64,902.59,-200.0,2450.34,2044.21,406.13,-28.22,9,8,0
U003,2,2026-01-15,Thursday,2,678.79,1922.12,1179.73,742.4,-200.0,2596.83,2189.64,407.19,-29.46,11,6,0
U004,2,2026-01-15,Thursday,2,4924.64,3737.1,2361.51,1375.59,1259.34,4434.19,3565.93,868.26,25.57,14,5,0
U005,2,2026-01-15,Thursday,2,395.84,1503.86,717.57,786.29,-200.0,1512.6,1374.96,137.64,-50.53,14,8,0
U006,2,2026-01-15,Thursday,2,683.68,2312.5,1173.09,1139.41,-200.0,3229.26,2263.2,966.06,-29.25,11,7,0
U007,2,2026-01-15,Thursday,2,662.97,2080.55,1298.0,782.55,-200.0,2191.86,2043.12,148.74,-30.17,12,8,0
U008,2,2026-01-15,Thursday,2,655.8,2108.64,1372.33,736.32,-200.0,2316.16,1956.01,360.15,-30.5,11,10,0
U009,2,2026-01-15,Thursday,2,551.21,2150.87,1497.75,653.12,-200.0,2586.0,2204.11,381.89,-36.28,9,6,0
U010,2,2026-01-15,Thursday,2,757.93,2592.53,1607.78,984.75,-200.0,2946.13,2273.46,672.67,-26.39,16,8,0
U001,2,2026-01-16,Friday,2,523.13,1756.33,1289.81,466.52,-200.0,2065.74,1979.21,86.54,-38.23,10,7,0
U002,2,2026-01-16,Friday,2,4278.99,3438.39,2326.43,1111.96,822.42,3897.41,3449.11,448.3,19.22,18,4,0
U003,2,2026-01-16,Friday,2,717.15,2481.47,1570.7,910.77,-200.0,2492.86,2697.04,-204.18,-27.89,12,6,1
U004,2,2026-01-16,Friday,2,526.98,2249.4,1400.23,849.17,-200.0,2094.91,1954.8,140.11,-37.95,14,9,0
U005,2,2026-01-16,Friday,2,1024.52,2246.6,1234.61,1011.99,-200.0,3118.77,2415.83,702.94,-19.52,13,5,0
U006,2,2026-01-16,Friday,2,666.53,2551.2,1655.14,896.06,-200.0,2552.96,2257.62,295.34,-30.01,6,9,0
U007,2,2026-01-16,Friday,2,742.05,2424.06,1634.68,789.38,-200.0,2979.65,2381.37,598.28,-26.95,11,10,0
U008,2,2026-01-16,Friday,2,555.74,2836.18,1411.78,1424.4,-200.0,3296.77,2610.95,685.82,-35.99,15,6,0
U009,2,2026-01-16,Friday,2,752.3,2661.18,1627.25,1033.93,-200.0,3141.84,2478.53,663.31,-26.59,15,7,0
U010,2,2026-01-16,Friday,2,731.26,2584.61,1906.88,677.73,-200.0,3632.75,2370.34,1262.41,-27.35,17,7,0
U001,2,2026-01-17,Saturday,2,720.65,2385.15,1235.75,1149.4,-200.0,2905.84,2544.28,361.56,-27.75,9,9,0
U002,2,2026-01-17,Saturday,2,480.05,1851.42,1036.96,814.45,-200.0,2483.07,1713.33,769.74,-41.66,5,7,0
U003,2,2026-01-17,Saturday,2,554.13,2442.69,1354.11,1088.58,-200.0,3067.49,2525.53,541.96,-36.09,15,7,0
U004,2,2026-01-17,Saturday,2,700.41,1598.41,1249.71,348.7,-200.0,1971.43,1484.52,486.9,-28.55,12,8,0
U005,2,2026-01-17,Saturday,2,689.82,2919.35,1494.2,1425.15,-200.0,3485.45,2859.23,626.22,-28.99,11,6,0
U006,2,2026-01-17,Saturday,2,708.32,2496.38,1548.3,948.07,-200.0,2253.53,2363.02,-109.5,-28.24,14,7,1
U007,2,2026-01-17,Saturday,2,793.39,1835.58,1393.61,441.98,-200.0,1865.27,1924.98,-59.71,-25.21,7,9,1
U008,2,2026-01-17,Saturday,2,4647.21,3767.19,2043.76,1723.43,924.81,4053.94,3654.11,399.83,19.9,14,5,0
U009,2,2026-01-17,Saturday,2,670.08,2664.41,1170.4,1494.01,-200.0,2455.26,2580.05,-124.79,-29.85,14,10,1
U010,2,2026-01-17,Saturday,2,729.22,2327.16,1165.43,1161.74,-200.0,3281.61,2398.45,883.17,-27.43,13,7,0
U001,2,2026-01-18,Sunday,2,592.36,2207.89,1354.68,853.21,-200.0,2091.68,2229.1,-137.42,-33.76,12,9,1
U002,2,2026-01-18,Sunday,2,574.14,2016.55,872.75,1143.8,-200.0,1877.09,2122.6,-245.51,-34.83,8,8,1
U003,2,2026-01-18,Sunday,2,379.21,2373.82,1056.43,1317.39,-200.0,2511.29,2514.76,-3.47,-52.74,10,9,1
U004,2,2026-01-18,Sunday,2,847.35,1954.57,1182.29,772.28,-200.0,2468.78,2178.78,290.01,-23.6,13,8,0
U005,2,2026-01-18,Sunday,2,740.65,2357.35,1375.04,982.3,-200.0,2953.35,2177.6,775.75,-27.0,11,9,0
U006,2,2026-01-18,Sunday,2,733.8,2731.74,1163.38,1568.36,-200.0,2680.17,2574.59,105.58,-27.26,13,6,0
U007,2,2026-01-18,Sunday,2,4978.7,3984.85,2493.27,1491.58,976.68,5059.23,3840.18,1219.05,19.62,7,5,0
U008,2,2026-01-18,Sunday,2,5218.83,3823.15,2589.19,1233.96,1435.75,4137.97,3800.5,337.47,27.51,16,5,0
U009,2,2026-01-18,Sunday,2,998.83,2690.67,1371.92,1318.75,-200.0,3055.04,2770.26,284.78,-20.02,16,7,0
U010,2,2026-01-18,Sunday,2,785.33,1991.32,1339.72,651.6,-200.0,2400.03,1979.11,420.92,-25.47,11,8,0
U001,3,2026-01-19,Monday,3,496.95,1976.48,1327.92,648.56,-200.0,2386.84,1998.77,388.07,-40.25,12,7,0
U002,3,2026-01-19,Monday,3,931.32,2483.58,1167.68,1315.9,-200.0,2497.08,2274.5,222.58,-21.47,10,7,0
U003,3,2026-01-19,Monday,3,714.99,1290.23,1035.93,254.31,-200.0,1359.79,1111.6,248.2,-27.97,10,8,0
U004,3,2026-01-19,Monday,3,492.9,1977.01,847.51,1129.5,-200.0,2389.01,1975.64,413.37,-40.58,5,7,0
U005,3,2026-01-19,Monday,3,875.33,2412.17,1608.17,804.0,-200.0,2952.72,2526.95,425.77,-22.85,13,8,0
U006,3,2026-01-19,Monday,3,754.54,2118.67,1298.9,819.77,-200.0,2498.53,2270.42,228.11,-26.51,14,7,0
U007,3,2026-01-19,Monday,3,664.47,1948.51,902.4,1046.11,-200.0,2260.94,1808.24,452.7,-30.1,11,9,0
U008,3,2026-01-19,Monday,3,917.91,3034.6,1867.44,1167.17,-200.0,3243.87,2988.72,255.15,-21.79,20,7,0
U009,3,2026-01-19,Monday,3,657.06,2223.2,1349.11,874.09,-200.0,2836.0,2425.23,410.77,-30.44,8,9,0
U010,3,2026-01-19,Monday,3,825.28,2657.21,1378.79,1278.42,-200.0,2771.2,2415.44,355.76,-24.23,7,6,0
U001,3,2026-01-20,Tuesday,3,688.85,2496.59,1404.13,1092.46,-200.0,3137.39,2578.94,558.44,-29.03,14,7,0
U002,3,2026-01-20,Tuesday,3,5376.51,3074.98,1998.97,1076.01,2309.16,3686.25,2960.28,725.97,42.95,13,5,0
U003,3,2026-01-20,Tuesday,3,530.25,1752.08,981.13,770.95,-200.0,1691.05,1832.18,-141.13,-37.72,20,9,1
U004,3,2026-01-20,Tuesday,3,683.94,2160.78,1259.09,901.68,-200.0,2423.98,2265.63,158.35,-29.24,11,9,0
U005,3,2026-01-20,Tuesday,3,352.04,1808.93,813.67,995.26,-200.0,3112.79,1880.25,1232.55,-56.81,11,10,0
U006,3,2026-01-20,Tuesday,3,4939.99,3461.09,1842.44,1618.65,1600.08,3392.76,3670.04,-277.28,32.39,17,5,1
U007,3,2026-01-20,Tuesday,3,695.18,1876.34,1110.04,766.3,-200.0,1970.08,1797.08,172.99,-28.77,7,9,0
U008,3,2026-01-20,Tuesday,3,805.89,2070.23,1185.52,884.7,-200.0,2390.38,1961.54,428.83,-24.82,11,7,0
U009,3,2026-01-20,Tuesday,3,484.15,1934.3,1434.96,499.33,-200.0,2228.16,1904.09,324.08,-41.31,18,9,0
U010,3,2026-01-20,Tuesday,3,694.54,1695.01,1008.99,686.02,-200.0,886.41,1019.38,-132.96,-28.8,13,7,1
U001,3,2026-01-21,Wednesday,3,4353.63,2536.13,1575.83,960.3,1901.29,2935.89,2513.03,422.86,43.67,13,4,0
U002,3,2026-01-21,Wednesday,3,527.67,1980.24,1294.56,685.67,-200.0,2101.52,2071.98,29.54,-37.9,9,8,0
U003,3,2026-01-21,Wednesday,3,626.23,1506.73,865.57,641.16,-200.0,2326.5,1755.38,571.12,-31.94,11,9,0
U004,3,2026-01-21,Wednesday,3,6184.63,3878.92,2128.92,1750.0,2215.31,4560.29,3692.91,867.38,35.82,14,4,0
U005,3,2026-01-21,Wednesday,3,530.07,2227.44,1910.04,317.4,-200.0,2625.53,2214.81,410.73,-37.73,12,7,0
U006,3,2026-01-21,Wednesday,3,774.34,2374.86,1301.49,1073.37,-200.0,2962.65,2438.55,524.1,-25.83,11,10,0
U007,3,2026-01-21,Wednesday,3,726.28,2244.37,1256.47,987.9,-200.0,2342.46,2221.72,120.74,-27.54,17,7,0
U008,3,2026-01-21,Wednesday,3,451.28,2712.65,1513.45,1199.2,-200.0,3183.63,2573.87,609.76,-44.32,16,7,0
U009,3,2026-01-21,Wednesday,3,287.13,1952.68,1067.1,885.58,-200.0,2529.14,1682.69,846.45,-69.65,15,8,0
U010,3,2026-01-21,Wednesday,3,450.86,2593.18,1094.84,1498.33,-200.0,2456.31,2517.12,-60.81,-44.36,14,9,1
U001,3,2026-01-22,Thursday,3,651.13,2230.3,1487.06,743.24,-200.0,2783.9,2219.98,563.92,-30.72,8,8,0
U002,3,2026-01-22,Thursday,3,546.56,2072.76,1612.15,460.61,-200.0,2563.92,2030.47,533.45,-36.59,11,8,0
U003,3,2026-01-22,Thursday,3,4435.95,3195.46,1879.07,1316.38,1226.52,3451.07,3058.17,392.9,27.65,15,7,0
U004,3,2026-01-22,Thursday,3,805.59,2376.8,1448.93,927.87,-200.0,2859.15,2338.67,520.48,-24.83,16,7,0
U005,3,2026-01-22,Thursday,3,672.62,2554.61,1235.35,1319.26,-200.0,2527.51,2414.03,113.48,-29.73,12,8,0
U006,3,2026-01-22,Thursday,3,624.04,1440.01,873.49,566.52,-200.0,1195.52,1238.92,-43.4,-32.05,10,10,1
U007,3,2026-01-22,Thursday,3,530.07,2695.76,1410.69,1285.06,-200.0,3112.56,2539.28,573.28,-37.73,16,6,0
U008,3,2026-01-22,Thursday,3,5578.89,3946.69,2007.49,1939.21,1633.02,4042.74,3931.03,111.71,29.27,19,4,0
U009,3,2026-01-22,Thursday,3,557.75,1959.34,1454.4,504.94,-200.0,2830.12,2190.33,639.79,-35.86,12,6,0
U010,3,2026-01-22,Thursday,3,873.08,2575.55,1621.72,953.83,-200.0,2767.46,2631.85,135.6,-22.91,5,9,0
U001,3,2026-01-23,Friday,3,774.51,1528.45,1019.23,509.23,-200.0,1446.68,1469.79,-23.12,-25.82,4,9,1
U002,3,2026-01-23,Friday,3,639.41,3266.53,2156.82,1109.71,-200.0,3155.17,3628.45,-473.28,-31.28,10,8,1
U003,3,2026-01-23,Friday,3,778.0,2868.96,2131.17,737.79,-200.0,2587.19,2878.48,-291.29,-25.71,10,8,1
U004,3,2026-01-23,Friday,3,518.46,1727.73,1396.06,331.67,-200.0,2584.13,1812.42,771.71,-38.58,10,9,0
U005,3,2026-01-23,Friday,3,5478.09,2694.47,1921.48,772.99,2854.96,3190.23,2642.96,547.27,52.12,12,4,0
U006,3,2026-01-23,Friday,3,706.14,1944.77,1009.17,935.6,-200.0,2284.23,2055.01,229.22,-28.32,14,6,0
U007,3,2026-01-23,Friday,3,4727.44,3347.4,1777.02,1570.38,1419.62,3067.87,3528.05,-460.18,30.03,12,7,1
U008,3,2026-01-23,Friday,3,571.99,1251.56,655.41,596.16,-200.0,1245.62,1143.46,102.16,-34.97,7,10,0
U009,3,2026-01-23,Friday,3,709.93,2236.69,1178.17,1058.52,-200.0,2292.96,2178.71,114.25,-28.17,13,3,0
U010,3,2026-01-23,Friday,3,466.52,2167.05,1197.82,969.23,-200.0,2819.1,2130.54,688.56,-42.87,17,8,0
U001,3,2026-01-24,Saturday,3,470.09,2085.2,1116.31,968.88,-200.0,1995.4,1742.95,252.45,-42.54,8,9,0
U002,3,2026-01-24,Saturday,3,4525.93,3287.6,1719.46,1568.14,1283.73,3351.1,3492.6,-141.5,28.36,11,5,1
U003,3,2026-01-24,Saturday,3,4663.87,3979.62,2325.41,1654.21,634.65,3969.83,3933.53,36.3,13.61,9,6,0
U004,3,2026-01-24,Saturday,3,684.48,1818.86,1144.11,674.74,-200.0,1591.52,1525.1,66.41,-29.22,3,6,0
U005,3,2026-01-24,Saturday,3,617.9,2286.57,1628.5,658.07,-200.0,2358.96,2187.55,171.41,-32.37,12,9,0
U006,3,2026-01-24,Saturday,3,841.95,2252.88,1411.79,841.09,-200.0,2377.21,2058.64,318.58,-23.75,8,4,0
U007,3,2026-01-24,Saturday,3,571.15,1878.55,975.03,903.52,-200.0,2579.84,1621.29,958.55,-35.02,19,7,0
U008,3,2026-01-24,Saturday,3,630.1,2202.35,1591.51,610.84,-200.0,2916.36,2218.99,697.38,-31.74,7,7,0
U009,3,2026-01-24,Saturday,3,1019.49,2429.42,1413.93,1015.5,-200.0,2911.61,2149.32,762.29,-19.62,17,7,0
U010,3,2026-01-24,Saturday,3,558.88,1367.34,931.59,435.75,-200.0,1813.14,1239.61,573.53,-35.79,6,9,0
U001,3,2026-01-25,Sunday,3,4094.7,3117.59,1957.8,1159.79,1153.67,3257.74,3094.06,163.68,28.17,12,6,0
U002,3,2026-01-25,Sunday,3,5531.33,3837.27,2684.6,1152.68,1853.84,3996.27,3767.45,228.82,33.52,13,6,0
U003,3,2026-01-25,Sunday,3,669.56,2751.69,1511.94,1239.76,-200.0,3535.52,2733.53,801.99,-29.87,22,7,0
U004,3,2026-01-25,Sunday,3,594.29,2920.86,1679.87,1240.99,-200.0,3088.58,2745.63,342.95,-33.65,23,7,0
U005,3,2026-01-25,Sunday,3,613.53,2331.99,1260.64,1071.35,-200.0,1588.07,1826.29,-238.21,-32.6,15,8,1
U006,3,2026-01-25,Sunday,3,567.23,2452.6,1443.54,1009.06,-200.0,1899.83,2184.81,-284.97,-35.26,10,8,1
U007,3,2026-01-25,Sunday,3,553.08,2053.66,1380.69,672.97,-200.0,2437.22,1930.27,506.95,-36.16,11,10,0
U008,3,2026-01-25,Sunday,3,842.39,2476.01,1162.4,1313.61,-200.0,2806.82,2588.92,217.9,-23.74,9,7,0
U009,3,2026-01-25,Sunday,3,386.49,2031.3,944.51,1086.79,-200.0,2650.84,2056.01,594.82,-51.75,14,8,0
U010,3,2026-01-25,Sunday,3,750.93,2021.04,1485.57,535.47,-200.0,2585.98,1986.43,599.55,-26.63,5,6,0
U001,4,2026-01-26,Monday,4,572.8,2499.22,1281.16,1218.06,-200.0,2887.74,2338.95,548.79,-34.92,16,7,0
U002,4,2026-01-26,Monday,4,685.5,2375.08,1363.89,1011.19,-200.0,2694.26,2493.49,200.77,-29.18,16,10,0
U003,4,2026-01-26,Monday,4,582.32,1944.78,858.9,1085.88,-200.0,1935.39,2136.24,-200.86,-34.35,10,7,1
U004,4,2026-01-26,Monday,4,707.9,1989.02,1175.67,813.36,-200.0,2417.4,2282.23,135.17,-28.25,10,7,0
U005,4,2026-01-26,Monday,4,939.37,2074.72,1264.32,810.4,-200.0,2407.08,1977.85,429.24,-21.29,12,5,0
U006,4,2026-01-26,Monday,4,991.8,1834.65,957.0,877.65,-200.0,1832.33,1898.62,-66.29,-20.17,9,8,1
U007,4,2026-01-26,Monday,4,498.15,2290.08,1694.16,595.93,-200.0,3054.67,2129.4,925.27,-40.15,14,9,0
U008,4,2026-01-26,Monday,4,595.91,2111.94,1069.84,1042.09,-200.0,2231.58,2426.2,-194.62,-33.56,14,10,1
U009,4,2026-01-26,Monday,4,801.5,2576.83,1375.19,1201.64,-200.0,3102.41,2778.81,323.6,-24.95,8,6,0
U010,4,2026-01-26,Monday,4,676.41,2658.71,1875.08,783.63,-200.0,2423.01,2707.78,-284.76,-29.57,8,8,1
U001,4,2026-01-27,Tuesday,4,874.08,2375.9,1470.68,905.22,-200.0,3048.51,2351.91,696.59,-22.88,16,6,0
U002,4,2026-01-27,Tuesday,4,389.72,2396.13,1794.15,601.98,-200.0,2939.22,2285.26,653.97,-51.32,17,8,0
U003,4,2026-01-27,Tuesday,4,5073.57,3325.55,1907.26,1418.29,1627.45,3998.61,3242.86,755.75,32.08,7,5,0
U004,4,2026-01-27,Tuesday,4,654.34,1995.43,1359.68,635.75,-200.0,2393.55,1918.86,474.69,-30.57,11,8,0
U005,4,2026-01-27,Tuesday,4,448.13,3125.34,1697.83,1427.51,-200.0,4009.86,3259.03,750.83,-44.63,11,10,0
U006,4,2026-01-27,Tuesday,4,6016.79,3744.62,1957.0,1787.62,2454.81,3878.4,3773.01,105.39,40.8,13,4,0
U007,4,2026-01-27,Tuesday,4,649.47,2140.08,1041.32,1098.76,-200.0,2478.53,1731.28,747.25,-30.79,16,8,0
U008,4,2026-01-27,Tuesday,4,651.01,2738.07,1277.57,1460.5,-200.0,3128.0,2986.94,141.06,-30.72,9,8,0
U009,4,2026-01-27,Tuesday,4,4803.15,2737.39,1950.76,786.63,1934.62,2986.16,2850.52,135.65,40.28,13,5,0
U010,4,2026-01-27,Tuesday,4,696.47,1767.98,911.78,856.2,-200.0,1892.87,1575.66,317.21,-28.72,22,9,0
U001,4,2026-01-28,Wednesday,4,570.38,1967.27,1208.64,758.63,-200.0,2092.59,2061.09,31.5,-35.06,10,6,0
U002,4,2026-01-28,Wednesday,4,747.32,1618.5,817.69,800.81,-200.0,1363.95,1546.22,-182.28,-26.76,16,8,1
U003,4,2026-01-28,Wednesday,4,534.03,2036.06,1331.04,705.02,-200.0,2059.4,2171.7,-112.3,-37.45,10,8,1
U004,4,2026-01-28,Wednesday,4,605.05,2092.72,1313.22,779.49,-200.0,2424.55,2256.69,167.86,-33.06,11,6,0
U005,4,2026-01-28,Wednesday,4,430.82,1903.31,1144.36,758.95,-200.0,2221.4,2040.19,181.21,-46.42,7,8,0
U006,4,2026-01-28,Wednesday,4,455.9,2135.75,1517.69,618.06,-200.0,2415.7,2408.32,7.38,-43.87,8,8,0
U007,4,2026-01-28,Wednesday,4,710.02,2596.95,1829.61,767.34,-200.0,2654.96,2521.46,133.49,-28.17,10,7,0
U008,4,2026-01-28,Wednesday,4,810.36,2279.29,1655.09,624.2,-200.0,2729.69,2470.75,258.95,-24.68,16,6,0
U009,4,2026-01-28,Wednesday,4,538.21,2191.71,1412.65,779.06,-200.0,2669.09,2278.63,390.46,-37.16,12,9,0
U010,4,2026-01-28,Wednesday,4,630.86,3103.8,1634.37,1469.43,-200.0,3097.57,3149.09,-51.52,-31.7,13,8,1
U001,4,2026-01-29,Thursday,4,898.74,1773.01,1455.09,317.92,-200.0,2453.39,1980.86,472.53,-22.25,10,7,0
U002,4,2026-01-29,Thursday,4,583.25,2551.03,1408.29,1142.74,-200.0,2734.05,2400.62,333.43,-34.29,11,6,0
U003,4,2026-01-29,Thursday,4,586.78,1853.05,1152.3,700.75,-200.0,1436.73,1652.24,-215.51,-34.08,15,10,1
U004,4,2026-01-29,Thursday,4,890.08,2287.45,1355.07,932.38,-200.0,2500.75,2393.32,107.43,-22.47,22,8,0
U005,4,2026-01-29,Thursday,4,651.99,1989.92,1437.57,552.35,-200.0,2151.11,2145.0,6.11,-30.68,8,8,0
U006,4,2026-01-29,Thursday,4,630.18,1573.22,1116.09,457.13,-200.0,2565.68,1830.2,735.48,-31.74,6,7,0
U007,4,2026-01-29,Thursday,4,863.68,2359.89,1692.86,667.02,-200.0,2872.37,2089.54,782.82,-23.16,11,6,0
U008,4,2026-01-29,Thursday,4,891.1,2349.95,1178.6,1171.35,-200.0,3050.29,2405.88,644.41,-22.44,12,6,0
U009,4,2026-01-29,Thursday,4,715.12,2012.53,1364.86,647.67,-200.0,2456.59,2056.5,400.09,-27.97,10,8,0
U010,4,2026-01-29,Thursday,4,625.52,1719.78,1224.4,495.37,-200.0,1920.59,1489.56,431.03,-31.97,8,7,0
U001,4,2026-01-30,Friday,4,727.75,2233.77,1255.29,978.48,-200.0,2014.69,2316.89,-302.2,-27.48,13,9,1
U002,4,2026-01-30,Friday,4,4440.26,3952.96,2316.52,1636.44,612.61,4342.99,3928.38,414.62,13.8,13,6,0
U003,4,2026-01-30,Friday,4,5274.68,4226.89,2180.84,2046.06,1091.04,4694.58,4293.52,401.06,20.68,18,4,0
U004,4,2026-01-30,Friday,4,4843.36,2462.01,1554.74,907.27,2471.85,2510.3,2428.64,81.66,51.04,9,4,0
U005,4,2026-01-30,Friday,4,553.88,2190.75,1394.18,796.57,-200.0,2298.76,2389.63,-90.87,-36.11,8,8,1
U006,4,2026-01-30,Friday,4,549.79,2414.83,1472.42,942.42,-200.0,2651.28,2317.86,333.42,-36.38,14,7,0
U007,4,2026-01-30,Friday,4,462.03,1669.0,1076.6,592.4,-200.0,2637.98,1779.34,858.64,-43.29,10,8,0
U008,4,2026-01-30,Friday,4,699.39,2200.92,1597.94,602.99,-200.0,2192.17,2129.5,62.67,-28.6,11,9,0
U009,4,2026-01-30,Friday,4,4787.5,3699.93,2472.69,1227.24,1180.61,4210.97,3411.81,799.16,24.66,14,7,0
U010,4,2026-01-30,Friday,4,492.07,2110.15,1316.03,794.12,-200.0,2283.01,2156.05,126.96,-40.64,14,7,0
U001,4,2026-01-31,Saturday,4,5779.91,3731.22,2229.93,1501.29,2250.77,3957.67,3866.06,91.61,38.94,13,5,0
U002,4,2026-01-31,Saturday,4,622.8,1388.69,769.95,618.74,-200.0,1734.12,1554.6,179.52,-32.11,5,9,0
U003,4,2026-01-31,Saturday,4,408.21,2198.32,1100.28,1098.03,-200.0,2616.8,2189.83,426.97,-48.99,6,8,0
U004,4,2026-01-31,Saturday,4,557.2,1913.67,903.65,1010.03,-200.0,3087.61,1891.32,1196.29,-35.89,16,6,0
U005,4,2026-01-31,Saturday,4,4517.34,2633.45,1367.98,1265.47,2050.23,3072.64,2572.29,500.35,45.39,9,6,0
U006,4,2026-01-31,Saturday,4,5281.12,3099.48,1976.93,1122.55,2298.5,3105.59,2958.22,147.37,43.52,13,5,0
U007,4,2026-01-31,Saturday,4,734.73,3058.66,1622.89,1435.78,-200.0,3417.72,2982.37,435.35,-27.22,10,7,0
U008,4,2026-01-31,Saturday,4,4751.35,2632.69,1688.13,944.55,2102.89,2394.29,2528.73,-134.44,44.26,18,7,1
U009,4,2026-01-31,Saturday,4,681.61,2676.87,1465.89,1210.98,-200.0,3296.96,2609.56,687.41,-29.34,15,7,0
U010,4,2026-01-31,Saturday,4,684.05,1507.24,835.31,671.93,-200.0,1861.62,1460.57,401.05,-29.24,4,8,0
U001,4,2026-02-01,Sunday,4,673.4,2004.12,1172.49,831.63,-200.0,1945.58,1991.19,-45.61,-29.7,11,8,1
U002,4,2026-02-01,Sunday,4,794.82,1650.08,1284.68,365.4,-200.0,1396.46,1605.93,-209.47,-25.16,9,9,1
U003,4,2026-02-01,Sunday,4,5031.86,2828.41,1682.67,1145.73,2141.56,3415.11,2899.38,515.73,42.56,14,5,0
U004,4,2026-02-01,Sunday,4,753.94,1908.84,1252.32,656.53,-200.0,2628.82,1954.88,673.94,-26.53,10,6,0
U005,4,2026-02-01,Sunday,4,5316.24,3852.45,2318.86,1533.59,1471.84,4168.49,3933.8,234.69,27.69,13,4,0
U006,4,2026-02-01,Sunday,4,448.9,2395.05,1500.35,894.7,-200.0,2756.12,2482.85,273.27,-44.55,15,9,0
U007,4,2026-02-01,Sunday,4,423.69,2150.31,1089.54,1060.77,-200.0,2500.13,2047.58,452.55,-47.2,7,10,0
U008,4,2026-02-01,Sunday,4,899.46,2308.61,1460.25,848.35,-200.0,2314.69,2230.58,84.11,-22.24,12,8,0
U009,4,2026-02-01,Sunday,4,324.45,2100.08,1030.97,1069.11,-200.0,2640.21,1782.38,857.82,-61.64,10,10,0
U010,4,2026-02-01,Sunday,4,769.03,2221.48,1009.35,1212.14,-200.0,2496.52,2209.06,287.47,-26.01,9,5,0
U001,5,2026-02-02,Monday,5,822.48,2504.16,1745.76,758.4,-200.0,2770.62,2688.58,82.03,-24.32,14,8,0
U002,5,2026-02-02,Monday,5,892.58,2304.92,1284.39,1020.53,-200.0,2079.41,2197.83,-118.42,-22.41,11,7,1
U003,5,2026-02-02,Monday,5,586.33,2347.99,1301.57,1046.42,-200.0,2713.07,2201.17,511.9,-34.11,11,7,0
U004,5,2026-02-02,Monday,5,5380.95,3687.6,2239.4,1448.2,1556.09,4349.31,3832.33,516.98,28.92,12,4,0
U005,5,2026-02-02,Monday,5,740.56,1685.39,1285.65,399.74,-200.0,1952.94,1549.26,403.68,-27.01,10,7,0
U006,5,2026-02-02,Monday,5,669.31,2579.03,1374.34,1204.69,-200.0,2738.88,2527.26,211.62,-29.88,11,9,0
U007,5,2026-02-02,Monday,5,532.75,1669.98,1155.66,514.32,-200.0,1983.65,1381.67,601.98,-37.54,8,9,0
U008,5,2026-02-02,Monday,5,970.44,2062.1,977.76,1084.34,-200.0,1722.05,1950.64,-228.59,-20.61,10,9,1
U009,5,2026-02-02,Monday,5,647.68,2609.17,1546.04,1063.13,-200.0,3248.12,2515.57,732.55,-30.88,11,6,0
U010,5,2026-02-02,Monday,5,707.87,2211.04,1480.96,730.09,-200.0,2318.14,2452.42,-134.29,-28.25,13,6,1
U001,5,2026-02-03,Tuesday,5,531.87,2045.95,1489.06,556.89,-200.0,2828.99,2018.59,810.4,-37.6,11,6,0
U002,5,2026-02-03,Tuesday,5,827.92,2426.63,1572.31,854.32,-200.0,2011.85,2313.62,-301.78,-24.16,12,6,1
U003,5,2026-02-03,Tuesday,5,617.32,2307.92,1440.66,867.26,-200.0,2502.52,2177.23,325.29,-32.4,4,7,0
U004,5,2026-02-03,Tuesday,5,503.74,2307.3,1289.18,1018.12,-200.0,3347.51,1960.07,1387.44,-39.7,13,6,0
U005,5,2026-02-03,Tuesday,5,758.69,2800.0,1412.95,1387.05,-200.0,3161.48,2898.2,263.28,-26.36,10,6,0
U006,5,2026-02-03,Tuesday,5,553.23,2034.62,994.37,1040.25,-200.0,2476.62,2087.83,388.79,-36.15,17,5,0
U007,5,2026-02-03,Tuesday,5,393.97,2566.07,1304.06,1262.01,-200.0,3210.84,2562.74,648.1,-50.76,20,8,0
U008,5,2026-02-03,Tuesday,5,693.76,2752.57,1787.51,965.06,-200.0,3152.65,2660.29,492.35,-28.83,17,9,0
U009,5,2026-02-03,Tuesday,5,581.21,1626.83,1330.75,296.07,-200.0,2606.44,1385.17,1221.27,-34.41,11,7,0
U010,5,2026-02-03,Tuesday,5,842.08,2102.78,1100.94,1001.84,-200.0,2694.0,2394.21,299.79,-23.75,13,7,0
U001,5,2026-02-04,Wednesday,5,772.4,2230.4,1158.27,1072.12,-200.0,2558.42,1951.82,606.61,-25.89,9,9,0
U002,5,2026-02-04,Wednesday,5,5855.98,4155.53,2220.48,1935.05,1775.38,4396.01,4220.87,175.14,30.32,18,4,0
U003,5,2026-02-04,Wednesday,5,568.91,3062.16,1839.32,1222.83,-200.0,3328.62,3238.85,89.77,-35.15,16,9,0
U004,5,2026-02-04,Wednesday,5,544.47,2194.14,1242.7,951.44,-200.0,2607.71,2227.38,380.33,-36.73,8,8,0
U005,5,2026-02-04,Wednesday,5,759.34,1794.97,1359.8,435.17,-200.0,2059.37,1737.47,321.9,-26.34,14,10,0
U006,5,2026-02-04,Wednesday,5,5332.62,3433.31,2043.35,1389.97,2110.73,3679.64,3482.58,197.06,39.58,10,4,0
U007,5,2026-02-04,Wednesday,5,586.55,1876.98,1091.83,785.15,-200.0,1641.85,1886.64,-244.79,-34.1,13,6,1
U008,5,2026-02-04,Wednesday,5,546.6,2470.95,1454.52,1016.43,-200.0,2885.0,2485.99,399.0,-36.59,11,7,0
U009,5,2026-02-04,Wednesday,5,772.48,1956.35,1401.33,555.03,-200.0,2183.54,1988.73,194.81,-25.89,16,8,0
U010,5,2026-02-04,Wednesday,5,665.83,2131.55,1054.2,1077.35,-200.0,1744.8,2006.52,-261.72,-30.04,5,7,1
U001,5,2026-02-05,Thursday,5,864.42,2624.11,1204.56,1419.56,-200.0,3572.78,2795.15,777.64,-23.14,18,6,0
U002,5,2026-02-05,Thursday,5,496.9,2074.26,1014.83,1059.43,-200.0,2175.95,2174.13,1.82,-40.25,13,7,0
U003,5,2026-02-05,Thursday,5,860.59,2004.16,926.07,1078.09,-200.0,2512.51,1991.7,520.81,-23.24,11,8,0
U004,5,2026-02-05,Thursday,5,4192.87,4943.72,2794.71,2149.02,-200.0,5723.84,4671.54,1052.29,-4.77,21,5,0
U005,5,2026-02-05,Thursday,5,434.9,2222.51,1579.57,642.94,-200.0,2519.26,2054.66,464.61,-45.99,14,7,0
U006,5,2026-02-05,Thursday,5,820.64,2317.95,1225.3,1092.65,-200.0,2927.33,2247.88,679.45,-24.37,13,7,0
U007,5,2026-02-05,Thursday,5,865.43,2536.12,1319.61,1216.51,-200.0,2722.49,2831.21,-108.73,-23.11,12,6,1
U008,5,2026-02-05,Thursday,5,469.96,1973.42,1178.37,795.06,-200.0,2182.29,2095.91,86.39,-42.56,15,10,0
U009,5,2026-02-05,Thursday,5,663.88,2128.4,1127.4,1001.0,-200.0,2736.07,2386.04,350.03,-30.13,9,7,0
U010,5,2026-02-05,Thursday,5,504.91,2031.86,1069.26,962.61,-200.0,2449.32,2176.87,272.45,-39.61,13,5,0
U001,5,2026-02-06,Friday,5,632.18,2041.34,1256.87,784.47,-200.0,1914.46,1853.25,61.21,-31.64,11,6,0
U002,5,2026-02-06,Friday,5,826.66,2154.28,1100.01,1054.27,-200.0,2566.0,2237.96,328.04,-24.19,11,7,0
U003,5,2026-02-06,Friday,5,734.79,2238.44,1435.14,803.29,-200.0,2404.39,2307.24,97.15,-27.22,12,7,0
U004,5,2026-02-06,Friday,5,638.9,2385.49,1454.82,930.67,-200.0,2702.85,2410.58,292.27,-31.3,14,7,0
U005,5,2026-02-06,Friday,5,642.78,2174.98,1645.32,529.65,-200.0,2451.34,2154.7,296.64,-31.11,13,7,0
U006,5,2026-02-06,Friday,5,599.69,2230.61,1109.02,1121.59,-200.0,2019.6,2106.11,-86.51,-33.35,13,7,1
U007,5,2026-02-06,Friday,5,605.91,1953.59,1411.44,542.15,-200.0,2111.98,2095.55,16.43,-33.01,9,8,0
U008,5,2026-02-06,Friday,5,4498.88,4160.71,2321.97,1838.74,404.58,4542.75,3978.73,564.03,8.99,18,7,0
U009,5,2026-02-06,Friday,5,722.34,1725.41,851.37,874.04,-200.0,2904.05,1501.81,1402.24,-27.69,8,6,0
U010,5,2026-02-06,Friday,5,958.93,2240.61,1050.33,1190.29,-200.0,2042.36,2336.37,-294.01,-20.86,10,6,1
U001,5,2026-02-07,Saturday,5,661.11,1250.15,627.2,622.95,-200.0,1545.85,1291.52,254.34,-30.25,10,7,0
U002,5,2026-02-07,Saturday,5,513.85,2173.68,1376.3,797.38,-200.0,2595.85,2336.71,259.14,-38.92,15,6,0
U003,5,2026-02-07,Saturday,5,683.24,2323.68,1062.24,1261.44,-200.0,2217.57,2438.1,-220.54,-29.27,14,8,1
U004,5,2026-02-07,Saturday,5,467.97,1418.4,1034.08,384.32,-200.0,1561.05,1579.47,-18.42,-42.74,5,10,1
U005,5,2026-02-07,Saturday,5,545.42,2533.3,1262.6,1270.7,-200.0,2426.83,2520.9,-94.07,-36.67,15,8,1
U006,5,2026-02-07,Saturday,5,600.07,3035.42,1879.49,1155.93,-200.0,3048.24,3157.88,-109.64,-33.33,16,7,1
U007,5,2026-02-07,Saturday,5,643.17,1996.73,1208.53,788.2,-200.0,1833.09,1921.73,-88.63,-31.1,11,7,1
U008,5,2026-02-07,Saturday,5,828.9,2320.71,1491.01,829.7,-200.0,2426.72,2461.07,-34.36,-24.13,11,7,1
U009,5,2026-02-07,Saturday,5,470.81,2763.71,1562.64,1201.07,-200.0,3438.04,2546.09,891.95,-42.48,6,10,0
U010,5,2026-02-07,Saturday,5,847.47,1876.45,1335.63,540.81,-200.0,1835.03,2027.77,-192.75,-23.6,8,3,1
U001,5,2026-02-08,Sunday,5,672.31,2658.85,1185.62,1473.24,-200.0,2601.35,2856.04,-254.69,-29.75,18,6,1
U002,5,2026-02-08,Sunday,5,655.53,1842.53,1174.93,667.6,-200.0,2181.55,1922.01,259.53,-30.51,8,7,0
U003,5,2026-02-08,Sunday,5,631.88,2389.73,1075.2,1314.53,-200.0,2324.0,2672.6,-348.6,-31.65,7,7,1
U004,5,2026-02-08,Sunday,5,5757.69,3717.26,2275.13,1442.13,2049.59,4047.09,3598.88,448.21,35.6,10,6,0
U005,5,2026-02-08,Sunday,5,461.12,1566.02,906.02,660.0,-200.0,1853.5,1630.23,223.28,-43.37,7,7,0
U006,5,2026-02-08,Sunday,5,561.95,2083.99,1624.99,459.01,-200.0,2198.24,2437.13,-238.89,-35.59,10,9,1
U007,5,2026-02-08,Sunday,5,437.59,2719.21,1357.0,1362.21,-200.0,3517.22,2655.71,861.52,-45.71,8,7,0
U008,5,2026-02-08,Sunday,5,835.94,2692.7,1691.83,1000.87,-200.0,2894.34,2424.67,469.68,-23.93,17,7,0
U009,5,2026-02-08,Sunday,5,633.4,1532.19,1184.27,347.92,-200.0,2052.56,1600.12,452.43,-31.58,5,7,0
U010,5,2026-02-08,Sunday,5,436.97,1905.68,1243.63,662.05,-200.0,2017.68,1828.48,189.19,-45.77,5,9,0
U001,6,2026-02-09,Monday,6,243.38,2043.95,884.22,1159.73,-200.0,1749.17,2011.55,-262.38,-82.18,13,10,1
U002,6,2026-02-09,Monday,6,718.71,2548.23,1813.8,734.43,-200.0,3233.51,2686.55,546.95,-27.83,14,9,0
U003,6,2026-02-09,Monday,6,668.86,2817.06,1854.39,962.68,-200.0,3853.55,2772.1,1081.45,-29.9,9,6,0
U004,6,2026-02-09,Monday,6,813.21,3093.61,1475.86,1617.75,-200.0,3489.9,3273.33,216.57,-24.59,15,10,0
U005,6,2026-02-09,Monday,6,713.52,2686.16,1254.51,1431.64,-200.0,3077.2,2604.77,472.43,-28.03,9,7,0
U006,6,2026-02-09,Monday,6,587.84,2601.37,1005.19,1596.18,-200.0,3013.78,2612.67,401.11,-34.02,15,7,0
U007,6,2026-02-09,Monday,6,587.03,2268.01,1550.87,717.14,-200.0,2867.26,2313.06,554.2,-34.07,13,4,0
U008,6,2026-02-09,Monday,6,617.15,1617.1,1119.09,498.01,-200.0,1738.84,1566.27,172.57,-32.41,5,9,0
U009,6,2026-02-09,Monday,6,643.71,2385.21,1261.96,1123.25,-200.0,2530.41,2490.22,40.19,-31.07,10,6,0
U010,6,2026-02-09,Monday,6,4682.67,4071.09,2659.21,1411.88,594.25,4139.95,3955.96,183.99,12.69,16,7,0
U001,6,2026-02-10,Tuesday,6,875.93,2589.52,1257.36,1332.15,-200.0,3086.74,2608.12,478.62,-22.83,15,8,0
U002,6,2026-02-10,Tuesday,6,804.91,3097.19,1951.25,1145.95,-200.0,3506.14,3163.54,342.6,-24.85,15,6,0
U003,6,2026-02-10,Tuesday,6,660.28,2339.44,1019.22,1320.23,-200.0,2479.17,2427.97,51.2,-30.29,17,8,0
U004,6,2026-02-10,Tuesday,6,795.6,2519.19,1484.97,1034.22,-200.0,2675.95,2565.05,110.9,-25.14,9,8,0
U005,6,2026-02-10,Tuesday,6,582.92,2517.83,1634.72,883.11,-200.0,3268.85,2424.85,844.0,-34.31,18,7,0
U006,6,2026-02-10,Tuesday,6,5139.05,3817.48,2492.75,1324.73,1430.43,4718.25,3767.89,950.37,27.83,11,4,0
U007,6,2026-02-10,Tuesday,6,4919.59,2579.2,1749.22,829.98,2438.43,3083.71,2888.83,194.88,49.57,12,6,0
U008,6,2026-02-10,Tuesday,6,930.73,2724.24,1328.15,1396.09,-200.0,2110.4,2426.96,-316.56,-21.49,16,8,1
U009,6,2026-02-10,Tuesday,6,4942.89,3857.37,2144.17,1713.21,1213.29,4566.5,3813.57,752.93,24.55,15,5,0
U010,6,2026-02-10,Tuesday,6,761.2,2515.27,1551.75,963.53,-200.0,2881.12,2315.54,565.58,-26.27,10,10,0
U001,6,2026-02-11,Wednesday,6,890.72,2420.78,832.69,1588.09,-200.0,2846.31,2372.97,473.34,-22.45,8,7,0
U002,6,2026-02-11,Wednesday,6,691.9,2529.05,1394.95,1134.1,-200.0,2775.07,2772.33,2.74,-28.91,15,7,0
U003,6,2026-02-11,Wednesday,6,1023.51,1401.45,930.11,471.35,-200.0,1984.05,1392.84,591.21,-19.54,8,6,0
U004,6,2026-02-11,Wednesday,6,505.71,2268.96,1319.12,949.84,-200.0,1550.3,1782.84,-232.54,-39.55,12,8,1
U005,6,2026-02-11,Wednesday,6,5022.34,3302.92,2132.4,1170.52,1687.07,3744.88,3317.34,427.54,33.59,19,6,0
U006,6,2026-02-11,Wednesday,6,642.54,1786.51,1285.03,501.48,-200.0,2187.86,2017.95,169.91,-31.13,11,6,0
U007,6,2026-02-11,Wednesday,6,537.56,1714.45,1296.17,418.28,-200.0,1885.09,1473.73,411.36,-37.21,10,8,0
U008,6,2026-02-11,Wednesday,6,744.73,2192.76,1218.35,974.41,-200.0,2044.15,2100.6,-56.45,-26.86,13,9,1
U009,6,2026-02-11,Wednesday,6,552.81,2333.51,1177.6,1155.91,-200.0,1924.32,2212.97,-288.65,-36.18,13,9,1
U010,6,2026-02-11,Wednesday,6,749.34,1904.49,1453.01,451.48,-200.0,2280.27,1854.26,426.01,-26.69,9,8,0
U001,6,2026-02-12,Thursday,6,429.28,2587.97,1376.74,1211.22,-200.0,3680.87,2505.29,1175.58,-46.59,14,9,0
U002,6,2026-02-12,Thursday,6,723.84,2367.11,1461.33,905.78,-200.0,3144.08,2612.71,531.36,-27.63,12,6,0
U003,6,2026-02-12,Thursday,6,5168.36,2839.51,1938.5,901.01,2332.93,3069.05,2999.84,69.21,45.14,14,5,0
U004,6,2026-02-12,Thursday,6,785.8,2211.33,1594.91,616.42,-200.0,2240.41,2367.58,-127.17,-25.45,11,8,1
U005,6,2026-02-12,Thursday,6,387.13,1669.93,1295.91,374.02,-200.0,1305.29,1501.09,-195.79,-51.66,8,7,1
U006,6,2026-02-12,Thursday,6,525.84,2328.07,1410.51,917.56,-200.0,2998.32,2662.35,335.97,-38.03,10,9,0
U007,6,2026-02-12,Thursday,6,498.82,2462.95,1341.4,1121.55,-200.0,3496.36,2469.38,1026.98,-40.09,17,9,0
U008,6,2026-02-12,Thursday,6,385.46,1489.0,996.1,492.91,-200.0,1360.88,1315.73,45.15,-51.89,6,10,0
U009,6,2026-02-12,Thursday,6,969.12,1771.9,999.2,772.7,-200.0,2168.81,1811.82,356.98,-20.64,10,7,0
U010,6,2026-02-12,Thursday,6,5459.58,2789.36,1967.88,821.48,2773.93,3093.5,2720.37,373.13,50.81,11,6,0
U001,6,2026-02-13,Friday,6,703.42,2358.63,1330.81,1027.82,-200.0,2155.23,2315.55,-160.31,-28.43,7,7,1
U002,6,2026-02-13,Friday,6,660.28,2465.57,1293.36,1172.21,-200.0,2835.23,2785.12,50.11,-30.29,13,6,0
U003,6,2026-02-13,Friday,6,643.38,2868.38,1600.94,1267.44,-200.0,1948.02,2240.22,-292.2,-31.09,8,7,1
U004,6,2026-02-13,Friday,6,568.86,1907.49,1159.07,748.43,-200.0,1181.49,1358.72,-177.22,-35.16,12,8,1
U005,6,2026-02-13,Friday,6,618.45,2808.95,1274.4,1534.55,-200.0,3421.35,2806.18,615.17,-32.34,15,9,0
U006,6,2026-02-13,Friday,6,620.81,2069.43,1502.77,566.67,-200.0,2260.44,2165.39,95.05,-32.22,13,9,0
U007,6,2026-02-13,Friday,6,809.02,2067.88,1365.98,701.9,-200.0,2493.02,2039.88,453.14,-24.72,14,9,0
U008,6,2026-02-13,Friday,6,374.84,1952.9,1175.09,777.81,-200.0,2686.34,2216.94,469.41,-53.36,7,9,0
U009,6,2026-02-13,Friday,6,5556.55,3692.94,2172.23,1520.7,1964.55,4100.84,3813.97,286.87,35.36,13,5,0
U010,6,2026-02-13,Friday,6,748.0,2298.47,1366.62,931.85,-200.0,2785.62,2284.38,501.24,-26.74,12,6,0
U001,6,2026-02-14,Saturday,6,778.83,2488.27,1310.15,1178.12,-200.0,2408.13,2512.96,-104.83,-25.68,13,5,1
U002,6,2026-02-14,Saturday,6,795.09,2602.36,1615.65,986.71,-200.0,3596.91,2546.51,1050.4,-25.15,15,7,0
U003,6,2026-02-14,Saturday,6,625.97,2716.38,1477.29,1239.08,-200.0,2562.96,2821.38,-258.43,-31.95,13,8,1
U004,6,2026-02-14,Saturday,6,848.77,1904.13,1126.3,777.84,-200.0,2194.54,2051.75,142.79,-23.56,9,9,0
U005,6,2026-02-14,Saturday,6,3373.21,3233.85,1792.22,1441.63,146.58,3605.92,3227.15,378.77,4.35,15,6,0
U006,6,2026-02-14,Saturday,6,531.11,2009.08,1217.35,791.74,-200.0,2338.54,1956.83,381.71,-37.66,11,7,0
U007,6,2026-02-14,Saturday,6,631.41,1789.36,945.78,843.58,-200.0,1724.16,1860.26,-136.1,-31.68,8,7,1
U008,6,2026-02-14,Saturday,6,656.92,2394.97,1379.2,1015.78,-200.0,2366.18,2455.01,-88.83,-30.45,14,8,1
U009,6,2026-02-14,Saturday,6,676.44,2198.89,1081.18,1117.71,-200.0,2518.93,2379.02,139.91,-29.57,3,7,0
U010,6,2026-02-14,Saturday,6,687.84,1566.87,897.02,669.85,-200.0,2792.7,1826.61,966.09,-29.08,12,7,0
U001,6,2026-02-15,Sunday,6,726.81,2454.98,1579.21,875.77,-200.0,2276.7,2314.32,-37.61,-27.52,16,8,1
U002,6,2026-02-15,Sunday,6,853.35,2349.17,1297.4,1051.77,-200.0,2590.22,2054.2,536.02,-23.44,16,7,0
U003,6,2026-02-15,Sunday,6,5339.41,3610.67,2071.62,1539.05,1678.38,3758.97,3560.63,198.34,31.43,17,5,0
U004,6,2026-02-15,Sunday,6,4757.26,3217.36,1650.15,1567.21,1482.14,3802.01,3097.88,704.13,31.16,16,6,0
U005,6,2026-02-15,Sunday,6,5450.06,3883.36,2514.63,1368.73,1594.33,4533.68,3888.58,645.1,29.25,16,6,0
U006,6,2026-02-15,Sunday,6,459.61,1771.43,1104.35,667.08,-200.0,1642.58,1726.84,-84.26,-43.51,11,7,1
U007,6,2026-02-15,Sunday,6,481.12,2669.2,1305.07,1364.13,-200.0,2729.47,2912.71,-183.24,-41.57,11,6,1
U008,6,2026-02-15,Sunday,6,770.04,2331.85,1667.79,664.06,-200.0,2861.3,2326.18,535.13,-25.97,10,7,0
U009,6,2026-02-15,Sunday,6,4101.68,2913.02,1593.07,1319.96,1264.96,3654.73,2751.27,903.46,30.84,12,3,0
U010,6,2026-02-15,Sunday,6,667.8,2110.69,1267.32,843.37,-200.0,2221.13,2063.7,157.42,-29.95,10,5,0
U001,7,2026-02-16,Monday,7,740.14,1815.91,1069.21,746.7,-200.0,2480.18,1798.33,681.85,-27.02,8,6,0
U002,7,2026-02-16,Monday,7,662.76,2502.09,1225.93,1276.15,-200.0,3207.9,2651.88,556.02,-30.18,8,7,0
U003,7,2026-02-16,Monday,7,705.47,2855.15,1997.85,857.29,-200.0,3331.09,2796.3,534.79,-28.35,13,8,0
U004,7,2026-02-16,Monday,7,405.24,2426.9,1302.24,1124.66,-200.0,2436.16,2434.89,1.26,-49.35,14,8,0
U005,7,2026-02-16,Monday,7,629.64,2056.77,1428.64,628.13,-200.0,2483.02,2291.35,191.67,-31.76,11,8,0
U006,7,2026-02-16,Monday,7,5419.89,3385.84,2061.2,1324.64,2177.3,3833.96,3373.81,460.15,40.17,18,4,0
U007,7,2026-02-16,Monday,7,636.78,2241.21,1320.4,920.81,-200.0,2631.76,2267.93,363.82,-31.41,8,10,0
U008,7,2026-02-16,Monday,7,4405.95,3272.47,1690.74,1581.73,1169.17,3415.16,3302.6,112.56,26.54,19,7,0
U009,7,2026-02-16,Monday,7,633.03,2685.52,1276.49,1409.03,-200.0,3125.96,2850.36,275.61,-31.59,10,5,0
U010,7,2026-02-16,Monday,7,875.47,2833.08,1757.43,1075.65,-200.0,3720.04,2693.83,1026.21,-22.84,16,5,0
U001,7,2026-02-17,Tuesday,7,705.5,2361.65,1316.49,1045.16,-200.0,2688.17,2468.54,219.63,-28.35,14,6,0
U002,7,2026-02-17,Tuesday,7,651.15,2338.13,1346.26,991.87,-200.0,2940.39,2208.41,731.98,-30.71,12,7,0
U003,7,2026-02-17,Tuesday,7,4506.67,3389.39,2092.14,1297.25,1163.27,3554.73,3416.41,138.32,25.81,12,6,0
U004,7,2026-02-17,Tuesday,7,5105.94,3171.17,2136.0,1035.17,1940.24,2527.13,2906.2,-379.07,38.0,13,4,1
U005,7,2026-02-17,Tuesday,7,5042.62,3882.77,2294.81,1587.96,1152.76,4554.99,4128.82,426.17,22.86,20,7,0
U006,7,2026-02-17,Tuesday,7,920.36,2378.93,1483.55,895.38,-200.0,1917.38,2204.99,-287.61,-21.73,13,9,1
U007,7,2026-02-17,Tuesday,7,894.18,1574.02,1295.03,278.98,-200.0,2078.32,1371.02,707.3,-22.37,11,5,0
U008,7,2026-02-17,Tuesday,7,4330.18,2997.37,1832.92,1164.44,1332.05,3557.78,3104.86,452.92,30.76,19,6,0
U009,7,2026-02-17,Tuesday,7,1052.69,2285.6,1344.15,941.45,-200.0,2984.83,2219.07,765.76,-19.0,16,9,0
U010,7,2026-02-17,Tuesday,7,5524.96,3379.67,2268.81,1110.85,2264.57,4213.83,3503.56,710.27,40.99,13,3,0
U001,7,2026-02-18,Wednesday,7,703.16,2367.51,1390.19,977.32,-200.0,2538.06,2368.47,169.59,-28.44,14,7,0
U002,7,2026-02-18,Wednesday,7,359.83,1596.82,983.95,612.87,-200.0,1667.68,1431.81,235.87,-55.58,8,9,0
U003,7,2026-02-18,Wednesday,7,439.43,1551.42,1107.84,443.58,-200.0,1829.56,1388.4,441.16,-45.51,7,7,0
U004,7,2026-02-18,Wednesday,7,696.47,1450.25,895.46,554.79,-200.0,2225.24,1576.82,648.43,-28.72,10,7,0
U005,7,2026-02-18,Wednesday,7,394.74,1959.12,1302.72,656.4,-200.0,2173.91,1914.14,259.77,-50.67,20,8,0
U006,7,2026-02-18,Wednesday,7,597.3,2279.98,1324.91,955.07,-200.0,2746.8,2003.9,742.9,-33.48,13,7,0
U007,7,2026-02-18,Wednesday,7,5735.93,3506.5,1855.72,1650.78,2235.44,4391.54,3383.18,1008.36,38.97,18,3,0
U008,7,2026-02-18,Wednesday,7,442.41,3151.62,1731.27,1420.36,-200.0,3256.71,3077.2,179.52,-45.21,13,6,0
U009,7,2026-02-18,Wednesday,7,856.13,2861.05,1200.95,1660.1,-200.0,2854.73,2849.05,5.67,-23.36,12,7,0
U010,7,2026-02-18,Wednesday,7,556.85,2371.06,1174.75,1196.31,-200.0,3033.76,2395.49,638.26,-35.92,9,7,0
U001,7,2026-02-19,Thursday,7,745.07,2228.57,1449.64,778.92,-200.0,2388.27,2484.03,-95.76,-26.84,9,7,1
U002,7,2026-02-19,Thursday,7,704.38,2829.05,1656.93,1172.12,-200.0,3593.45,2951.37,642.08,-28.39,16,8,0
U003,7,2026-02-19,Thursday,7,590.01,1953.42,1500.22,453.21,-200.0,2410.63,2158.49,252.14,-33.9,13,8,0
U004,7,2026-02-19,Thursday,7,4818.36,3043.25,2484.31,558.94,1896.02,2999.74,2799.73,200.01,39.35,12,5,0
U005,7,2026-02-19,Thursday,7,756.08,2623.9,1363.23,1260.67,-200.0,2922.59,2654.71,267.87,-26.45,8,9,0
U006,7,2026-02-19,Thursday,7,810.16,2384.96,1683.77,701.18,-200.0,2610.28,2213.11,397.16,-24.69,8,8,0
U007,7,2026-02-19,Thursday,7,4431.6,4097.1,2322.32,1774.77,538.7,4716.72,4127.67,589.05,12.16,18,8,0
U008,7,2026-02-19,Thursday,7,674.65,2629.12,1219.97,1409.14,-200.0,3515.63,2757.1,758.53,-29.64,14,9,0
U009,7,2026-02-19,Thursday,7,5180.58,3680.62,2289.22,1391.41,1599.29,4377.24,3784.76,592.49,30.87,16,4,0
U010,7,2026-02-19,Thursday,7,861.09,2333.41,1371.55,961.86,-200.0,2776.28,2383.59,392.69,-23.23,12,6,0
U001,7,2026-02-20,Friday,7,5074.93,3527.83,1921.53,1606.31,1426.11,4400.65,3565.35,835.3,28.1,21,5,0
U002,7,2026-02-20,Friday,7,736.11,2666.62,1374.66,1291.96,-200.0,2591.19,2511.68,79.51,-27.17,14,9,0
U003,7,2026-02-20,Friday,7,1038.9,2327.32,1514.17,813.16,-200.0,2494.14,2117.91,376.23,-19.25,7,7,0
U004,7,2026-02-20,Friday,7,598.54,1888.91,828.55,1060.35,-200.0,2005.61,1861.83,143.79,-33.41,17,7,0
U005,7,2026-02-20,Friday,7,836.87,2445.08,1461.91,983.17,-200.0,2560.3,2424.8,135.5,-23.9,14,8,0
U006,7,2026-02-20,Friday,7,671.62,2268.65,1532.99,735.66,-200.0,2803.27,2224.57,578.7,-29.78,10,9,0
U007,7,2026-02-20,Friday,7,700.07,2094.55,1280.91,813.64,-200.0,2341.36,2141.11,200.24,-28.57,6,9,0
U008,7,2026-02-20,Friday,7,628.37,2270.1,1298.55,971.55,-200.0,2309.69,2335.65,-25.96,-31.83,14,7,1
U009,7,2026-02-20,Friday,7,4623.55,2964.17,1721.23,1242.94,1864.1,2637.24,2710.57,-73.33,40.32,11,7,1
U010,7,2026-02-20,Friday,7,869.57,1834.76,1504.69,330.06,-200.0,2549.37,1815.69,733.68,-23.0,10,9,0
U001,7,2026-02-21,Saturday,7,639.96,2690.75,1524.19,1166.56,-200.0,2945.25,2485.02,460.23,-31.25,15,8,0
U002,7,2026-02-21,Saturday,7,555.2,2499.6,1291.13,1208.46,-200.0,3025.96,2326.39,699.56,-36.02,13,8,0
U003,7,2026-02-21,Saturday,7,1166.42,2509.34,1536.06,973.28,-200.0,3284.41,2537.9,746.51,-17.15,14,6,0
U004,7,2026-02-21,Saturday,7,681.08,2131.1,1431.34,699.76,-200.0,2536.57,2303.54,233.03,-29.37,11,9,0
U005,7,2026-02-21,Saturday,7,486.02,2527.61,1402.74,1124.87,-200.0,2411.92,2445.48,-33.55,-41.15,13,10,1
U006,7,2026-02-21,Saturday,7,5365.41,3253.87,1991.69,1262.18,1952.79,4070.77,3190.0,880.77,36.4,10,6,0
U007,7,2026-02-21,Saturday,7,5060.79,3289.17,1973.07,1316.1,1893.43,3328.65,3201.92,126.73,37.41,18,6,0
U008,7,2026-02-21,Saturday,7,4887.36,3956.21,2540.03,1416.18,903.0,4641.19,4094.23,546.95,18.48,12,6,0
U009,7,2026-02-21,Saturday,7,4657.08,3222.0,1924.9,1297.1,1532.4,3599.41,2943.41,656.0,32.9,21,5,0
U010,7,2026-02-21,Saturday,7,530.26,2454.12,1680.28,773.84,-200.0,2901.38,2511.91,389.47,-37.72,11,7,0
U001,7,2026-02-22,Sunday,7,655.06,1775.5,1349.46,426.03,-200.0,2161.51,1773.31,388.2,-30.53,11,7,0
U002,7,2026-02-22,Sunday,7,810.7,2489.85,1037.57,1452.28,-200.0,2945.09,2714.39,230.7,-24.67,11,7,0
U003,7,2026-02-22,Sunday,7,883.47,2245.5,1521.19,724.32,-200.0,2785.03,2300.11,484.92,-22.64,12,8,0
U004,7,2026-02-22,Sunday,7,771.1,2652.32,1224.91,1427.41,-200.0,2448.25,2815.49,-367.24,-25.94,11,7,1
U005,7,2026-02-22,Sunday,7,491.26,1976.13,1130.3,845.83,-200.0,2187.77,2064.91,122.86,-40.71,8,7,0
U006,7,2026-02-22,Sunday,7,530.82,2582.44,1660.3,922.14,-200.0,2429.9,2361.96,67.94,-37.68,10,5,0
U007,7,2026-02-22,Sunday,7,589.27,2653.24,1505.18,1148.06,-200.0,2703.01,2714.66,-11.65,-33.94,14,8,1
U008,7,2026-02-22,Sunday,7,672.11,1831.69,1077.47,754.21,-200.0,2114.68,1766.28,348.4,-29.76,17,5,0
U009,7,2026-02-22,Sunday,7,439.84,2189.66,1013.96,1175.7,-200.0,2307.5,2226.74,80.76,-45.47,14,6,0
U010,7,2026-02-22,Sunday,7,4767.52,3320.04,2232.47,1087.58,1445.55,3154.84,3587.12,-432.28,30.32,13,5,1
U001,8,2026-02-23,Monday,8,5368.97,3241.77,1550.97,1690.8,2225.4,3789.25,3077.32,711.93,41.45,14,5,0
U002,8,2026-02-23,Monday,8,1047.79,1975.75,1318.84,656.92,-200.0,1993.34,1908.99,84.35,-19.09,8,6,0
U003,8,2026-02-23,Monday,8,859.72,1933.38,1429.92,503.46,-200.0,2324.41,1798.31,526.09,-23.26,13,8,0
U004,8,2026-02-23,Monday,8,739.93,1992.16,1570.4,421.76,-200.0,2225.22,2212.21,13.01,-27.03,10,10,0
U005,8,2026-02-23,Monday,8,612.8,2200.46,1272.61,927.84,-200.0,3174.18,2231.89,942.29,-32.64,13,8,0
U006,8,2026-02-23,Monday,8,365.02,2567.42,1528.37,1039.05,-200.0,2374.27,2533.42,-159.15,-54.79,14,10,1
U007,8,2026-02-23,Monday,8,4926.98,4137.64,2492.9,1644.74,794.33,4125.77,3886.61,239.16,16.12,16,7,0
U008,8,2026-02-23,Monday,8,589.27,2526.43,1561.69,964.74,-200.0,2988.09,2371.93,616.16,-33.94,15,6,0
U009,8,2026-02-23,Monday,8,440.71,1929.56,982.62,946.94,-200.0,1455.3,1673.59,-218.29,-45.38,11,7,1
U010,8,2026-02-23,Monday,8,650.31,2065.8,1163.44,902.36,-200.0,2431.34,2097.87,333.47,-30.75,10,7,0
U001,8,2026-02-24,Tuesday,8,623.07,2283.24,1517.02,766.22,-200.0,2385.6,2409.57,-23.97,-32.1,13,8,1
U002,8,2026-02-24,Tuesday,8,4178.7,2529.37,1850.8,678.57,1600.95,2566.09,2798.04,-231.95,38.31,9,5,1
U003,8,2026-02-24,Tuesday,8,925.36,1728.02,914.45,813.57,-200.0,1903.17,1898.72,4.45,-21.61,13,7,0
U004,8,2026-02-24,Tuesday,8,681.29,2294.07,1405.69,888.38,-200.0,2450.79,2421.84,28.95,-29.36,8,10,0
U005,8,2026-02-24,Tuesday,8,393.54,2936.79,1705.36,1231.42,-200.0,3318.7,2810.69,508.01,-50.82,7,9,0
U006,8,2026-02-24,Tuesday,8,720.46,1689.4,930.28,759.12,-200.0,1666.34,1636.44,29.9,-27.76,14,7,0
U007,8,2026-02-24,Tuesday,8,524.47,2169.85,1290.94,878.91,-200.0,2235.44,2302.98,-67.54,-38.13,15,9,1
U008,8,2026-02-24,Tuesday,8,924.82,3057.14,1851.16,1205.98,-200.0,3236.08,2837.66,398.42,-21.63,16,8,0
U009,8,2026-02-24,Tuesday,8,584.18,1953.08,1319.14,633.94,-200.0,2027.66,1774.53,253.14,-34.24,15,8,0
U010,8,2026-02-24,Tuesday,8,657.58,2106.73,1188.43,918.3,-200.0,2518.93,2084.29,434.64,-30.41,12,8,0
U001,8,2026-02-25,Wednesday,8,548.07,2385.8,1386.46,999.34,-200.0,2455.94,2250.44,205.49,-36.49,16,6,0
U002,8,2026-02-25,Wednesday,8,791.21,2125.46,1613.75,511.71,-200.0,2205.55,2216.08,-10.52,-25.28,10,7,1
U003,8,2026-02-25,Wednesday,8,686.65,2108.52,1321.61,786.91,-200.0,2511.8,1758.34,753.46,-29.13,11,10,0
U004,8,2026-02-25,Wednesday,8,4659.58,3257.65,1835.33,1422.32,1493.22,3660.72,3437.05,223.68,32.05,10,5,0
U005,8,2026-02-25,Wednesday,8,500.47,2612.89,2014.72,598.18,-200.0,3378.39,2619.88,758.51,-39.96,15,7,0
U006,8,2026-02-25,Wednesday,8,509.54,2521.08,1341.05,1180.03,-200.0,2217.26,2508.57,-291.31,-39.25,10,9,1
U007,8,2026-02-25,Wednesday,8,831.8,1928.07,1221.02,707.05,-200.0,1604.72,1845.42,-240.71,-24.04,11,8,1
U008,8,2026-02-25,Wednesday,8,764.42,2269.23,1104.73,1164.51,-200.0,2226.69,2335.68,-108.99,-26.16,5,7,1
U009,8,2026-02-25,Wednesday,8,475.06,2239.31,1625.02,614.29,-200.0,2379.02,2338.03,40.98,-42.1,9,7,0
U010,8,2026-02-25,Wednesday,8,498.59,1798.72,910.88,887.83,-200.0,2002.83,1876.92,125.91,-40.11,10,7,0
U001,8,2026-02-26,Thursday,8,504.61,1387.3,1012.67,374.63,-200.0,2026.13,1083.07,943.05,-39.63,8,6,0
U002,8,2026-02-26,Thursday,8,932.9,2429.47,1051.39,1378.08,-200.0,2368.73,2422.92,-54.18,-21.44,15,7,1
U003,8,2026-02-26,Thursday,8,4818.14,3009.15,1927.23,1081.92,1965.75,3407.57,2812.3,595.27,40.8,17,4,0
U004,8,2026-02-26,Thursday,8,613.64,2364.98,981.35,1383.62,-200.0,3015.42,2490.56,524.85,-32.59,13,8,0
U005,8,2026-02-26,Thursday,8,332.04,2000.41,1429.0,571.41,-200.0,2690.68,1880.71,809.97,-60.23,7,10,0
U006,8,2026-02-26,Thursday,8,348.21,2557.5,1666.21,891.28,-200.0,2676.92,2302.98,373.94,-57.44,9,9,0
U007,8,2026-02-26,Thursday,8,741.76,2442.04,1738.09,703.95,-200.0,3187.83,2448.62,739.21,-26.96,16,9,0
U008,8,2026-02-26,Thursday,8,636.9,2155.57,1500.92,654.66,-200.0,2778.13,2247.01,531.12,-31.4,13,6,0
U009,8,2026-02-26,Thursday,8,633.76,2363.28,1338.97,1024.31,-200.0,2633.0,2433.79,199.21,-31.56,9,8,0
U010,8,2026-02-26,Thursday,8,568.03,2560.02,1433.67,1126.35,-200.0,3250.22,2568.39,681.83,-35.21,13,10,0
U001,8,2026-02-27,Friday,8,6054.14,3507.04,2345.43,1161.61,2647.72,3610.15,3804.95,-194.8,43.73,8,5,1
U002,8,2026-02-27,Friday,8,829.96,2418.71,1507.94,910.77,-200.0,2459.79,2492.72,-32.93,-24.1,15,8,1
U003,8,2026-02-27,Friday,8,703.67,2185.46,1383.69,801.77,-200.0,2555.39,2236.55,318.84,-28.42,13,6,0
U004,8,2026-02-27,Friday,8,4390.7,3573.23,2348.15,1225.09,835.92,3113.93,3581.01,-467.09,19.04,13,7,1
U005,8,2026-02-27,Friday,8,4832.16,3842.77,2141.29,1701.47,1006.53,4115.41,3843.28,272.13,20.83,25,4,0
U006,8,2026-02-27,Friday,8,4865.17,3105.32,2001.45,1103.87,1696.04,3184.62,3169.79,14.83,34.86,13,2,0
U007,8,2026-02-27,Friday,8,641.7,1675.52,978.95,696.57,-200.0,2151.05,1551.99,599.07,-31.17,11,9,0
U008,8,2026-02-27,Friday,8,787.97,2103.69,1160.34,943.36,-200.0,2411.33,2087.75,323.57,-25.38,13,5,0
U009,8,2026-02-27,Friday,8,4980.29,3807.13,2199.81,1607.32,1231.71,4041.16,4131.49,-90.34,24.73,10,8,1
U010,8,2026-02-27,Friday,8,849.59,2139.11,1096.32,1042.79,-200.0,2251.94,2242.62,9.32,-23.54,11,7,0
U001,8,2026-02-28,Saturday,8,732.95,2279.6,1612.68,666.91,-200.0,3410.31,2297.69,1112.62,-27.29,10,7,0
U002,8,2026-02-28,Saturday,8,366.56,2289.72,1225.4,1064.33,-200.0,3049.57,2127.48,922.1,-54.56,8,7,0
U003,8,2026-02-28,Saturday,8,771.98,2636.06,1558.2,1077.86,-200.0,3345.27,2786.3,558.97,-25.91,17,8,0
U004,8,2026-02-28,Saturday,8,804.25,1839.93,1348.28,491.65,-200.0,1960.85,2006.99,-46.14,-24.87,9,8,1
U005,8,2026-02-28,Saturday,8,726.0,2254.45,1365.61,888.84,-200.0,2535.65,1986.56,549.09,-27.55,13,6,0
U006,8,2026-02-28,Saturday,8,571.72,2186.97,1315.58,871.39,-200.0,1956.84,2237.71,-280.87,-34.98,13,10,1
U007,8,2026-02-28,Saturday,8,305.74,2442.73,1264.34,1178.39,-200.0,2757.99,2535.15,222.84,-65.41,13,8,0
U008,8,2026-02-28,Saturday,8,565.29,2497.05,1427.68,1069.37,-200.0,2965.24,2541.82,423.43,-35.38,19,9,0
U009,8,2026-02-28,Saturday,8,698.76,3453.81,1906.48,1547.33,-200.0,3478.32,3346.15,132.17,-28.62,14,8,0
U010,8,2026-02-28,Saturday,8,623.3,2065.82,1155.15,910.67,-200.0,2102.88,2045.69,57.19,-32.09,12,7,0
U001,8,2026-03-01,Sunday,8,510.05,2389.23,1604.85,784.38,-200.0,3448.27,2369.06,1079.21,-39.21,9,9,0
U002,8,2026-03-01,Sunday,8,909.87,2174.68,1252.46,922.22,-200.0,2444.21,1993.35,450.86,-21.98,7,7,0
U003,8,2026-03-01,Sunday,8,494.1,2117.21,1243.25,873.96,-200.0,2528.16,2359.67,168.5,-40.48,7,7,0
U004,8,2026-03-01,Sunday,8,5974.76,3588.2,2267.45,1320.75,2491.75,3705.27,3762.57,-57.29,41.7,16,5,1
U005,8,2026-03-01,Sunday,8,566.04,2655.62,1508.15,1147.47,-200.0,2615.82,2842.53,-226.71,-35.33,20,8,1
U006,8,2026-03-01,Sunday,8,4023.56,2979.47,2123.21,856.27,1109.24,3329.08,3144.02,185.06,27.57,11,6,0
U007,8,2026-03-01,Sunday,8,772.18,2029.15,1304.6,724.55,-200.0,2054.52,1829.63,224.89,-25.9,13,8,0
U008,8,2026-03-01,Sunday,8,705.16,2053.02,1193.43,859.59,-200.0,1631.28,1875.97,-244.69,-28.36,17,5,1
U009,8,2026-03-01,Sunday,8,642.21,1698.49,1032.92,665.57,-200.0,1789.29,1843.63,-54.33,-31.14,9,7,1
U010,8,2026-03-01,Sunday,8,549.03,2202.53,1203.64,998.89,-200.0,2253.7,1912.3,341.4,-36.43,9,8,0
U001,9,2026-03-02,Monday,9,563.39,2339.39,1595.3,744.09,-200.0,3394.77,2329.19,1065.58,-35.5,5,8,0
U002,9,2026-03-02,Monday,9,459.56,2075.02,1354.6,720.41,-200.0,2676.78,2081.8,594.98,-43.52,6,6,0
U003,9,2026-03-02,Monday,9,798.71,2220.43,1409.95,810.48,-200.0,2402.16,2309.34,92.82,-25.04,15,10,0
U004,9,2026-03-02,Monday,9,610.8,2562.06,1348.74,1213.33,-200.0,3616.2,2651.46,964.74,-32.74,8,7,0
U005,9,2026-03-02,Monday,9,896.9,2348.55,1415.09,933.46,-200.0,1836.51,2111.99,-275.48,-22.3,11,8,1
U006,9,2026-03-02,Monday,9,765.12,2589.46,1437.78,1151.68,-200.0,3072.93,2415.94,656.99,-26.14,14,7,0
U007,9,2026-03-02,Monday,9,4663.64,3593.1,1938.76,1654.34,1274.24,3881.45,3516.4,365.06,27.32,13,5,0
U008,9,2026-03-02,Monday,9,4089.56,2818.56,2081.75,736.81,1234.02,3269.95,2809.42,460.53,30.17,16,3,0
U009,9,2026-03-02,Monday,9,571.72,2291.52,1612.81,678.72,-200.0,2758.06,2463.2,294.86,-34.98,17,8,0
U010,9,2026-03-02,Monday,9,1015.91,1832.13,1286.32,545.81,-200.0,1685.33,1643.76,41.57,-19.69,9,7,0
U001,9,2026-03-03,Tuesday,9,666.28,1944.67,1233.79,710.89,-200.0,2306.7,2095.15,211.55,-30.02,10,7,0
U002,9,2026-03-03,Tuesday,9,830.8,2240.02,1105.04,1134.98,-200.0,2538.03,2208.95,329.08,-24.07,13,8,0
U003,9,2026-03-03,Tuesday,9,532.54,2720.56,1635.81,1084.75,-200.0,3167.64,2579.86,587.78,-37.56,8,4,0
U004,9,2026-03-03,Tuesday,9,622.83,2084.45,1350.32,734.13,-200.0,2489.53,2167.27,322.25,-32.11,14,7,0
U005,9,2026-03-03,Tuesday,9,573.16,2550.87,1604.3,946.58,-200.0,2916.98,2703.71,213.26,-34.89,8,7,0
U006,9,2026-03-03,Tuesday,9,770.26,2679.12,1500.14,1178.98,-200.0,2907.53,2647.25,260.27,-25.97,13,8,0
U007,9,2026-03-03,Tuesday,9,944.71,2106.4,1288.81,817.58,-200.0,2081.69,1987.91,93.78,-21.17,8,6,0
U008,9,2026-03-03,Tuesday,9,708.24,2637.9,1448.09,1189.82,-200.0,2480.11,2460.47,19.64,-28.24,15,9,0
U009,9,2026-03-03,Tuesday,9,569.21,1773.89,949.9,823.98,-200.0,1627.78,1868.5,-240.72,-35.14,16,9,1
U010,9,2026-03-03,Tuesday,9,807.07,2431.54,1108.41,1323.13,-200.0,2991.89,2409.16,582.73,-24.78,13,6,0
U001,9,2026-03-04,Wednesday,9,5034.02,4003.52,2478.56,1524.97,1119.31,4472.26,3945.7,526.56,22.23,24,5,0
U002,9,2026-03-04,Wednesday,9,671.85,2903.6,1556.8,1346.8,-200.0,3422.35,2758.55,663.8,-29.77,10,7,0
U003,9,2026-03-04,Wednesday,9,587.96,1216.75,913.75,303.0,-200.0,1453.83,1050.24,403.58,-34.02,10,8,0
U004,9,2026-03-04,Wednesday,9,641.63,2445.83,1467.96,977.87,-200.0,2955.58,2543.17,412.41,-31.17,14,6,0
U005,9,2026-03-04,Wednesday,9,595.5,2270.2,1337.59,932.61,-200.0,2420.74,2231.5,189.24,-33.59,22,7,0
U006,9,2026-03-04,Wednesday,9,642.84,2357.83,1115.81,1242.03,-200.0,2710.25,2405.27,304.98,-31.11,6,8,0
U007,9,2026-03-04,Wednesday,9,698.81,1930.09,1482.9,447.19,-200.0,2351.84,1938.97,412.87,-28.62,7,6,0
U008,9,2026-03-04,Wednesday,9,5517.47,3544.49,2404.64,1139.85,1983.84,3473.02,3543.92,-70.9,35.96,13,5,1
U009,9,2026-03-04,Wednesday,9,426.36,1889.62,1464.25,425.37,-200.0,1934.26,1964.18,-29.92,-46.91,11,6,1
U010,9,2026-03-04,Wednesday,9,683.75,2364.94,1653.18,711.76,-200.0,2935.67,2628.45,307.22,-29.25,6,7,0
U001,9,2026-03-05,Thursday,9,5573.65,3270.27,1881.83,1388.45,2312.49,3080.86,3356.24,-275.38,41.49,25,4,1
U002,9,2026-03-05,Thursday,9,643.83,2494.92,1281.72,1213.2,-200.0,2758.19,2329.73,428.46,-31.06,12,9,0
U003,9,2026-03-05,Thursday,9,601.87,2277.22,1310.26,966.97,-200.0,2333.49,2402.96,-69.47,-33.23,14,9,1
U004,9,2026-03-05,Thursday,9,627.54,1811.47,1102.05,709.42,-200.0,2211.32,1798.34,412.98,-31.87,14,6,0
U005,9,2026-03-05,Thursday,9,845.9,2158.58,1100.94,1057.64,-200.0,3000.43,2328.93,671.5,-23.64,20,7,0
U006,9,2026-03-05,Thursday,9,440.45,1617.64,1212.64,405.0,-200.0,2124.74,1542.15,582.59,-45.41,12,6,0
U007,9,2026-03-05,Thursday,9,762.67,2494.1,1494.19,999.91,-200.0,2945.05,2381.34,563.71,-26.22,12,8,0
U008,9,2026-03-05,Thursday,9,4513.6,3300.68,1782.55,1518.13,1175.39,3300.19,3176.75,123.45,26.04,9,6,0
U009,9,2026-03-05,Thursday,9,703.93,2203.03,883.66,1319.37,-200.0,2794.94,2140.19,654.75,-28.41,15,5,0
U010,9,2026-03-05,Thursday,9,770.64,2496.32,1130.46,1365.85,-200.0,3120.45,2489.62,630.83,-25.95,14,8,0
U001,9,2026-03-06,Friday,9,590.15,2214.86,1468.5,746.35,-200.0,2593.02,1884.5,708.53,-33.89,8,7,0
U002,9,2026-03-06,Friday,9,475.66,2011.4,1293.26,718.15,-200.0,2088.96,2154.59,-65.63,-42.05,17,7,1
U003,9,2026-03-06,Friday,9,502.86,2014.96,1013.39,1001.56,-200.0,1745.91,1924.48,-178.58,-39.77,11,8,1
U004,9,2026-03-06,Friday,9,516.39,2287.62,1466.75,820.87,-200.0,2461.16,2075.23,385.92,-38.73,12,7,0
U005,9,2026-03-06,Friday,9,551.72,2206.16,1393.63,812.53,-200.0,2304.69,2133.57,171.12,-36.25,11,8,0
U006,9,2026-03-06,Friday,9,445.54,2295.98,1517.42,778.55,-200.0,2970.58,2016.02,954.56,-44.89,12,7,0
U007,9,2026-03-06,Friday,9,465.82,3053.91,1520.15,1533.76,-200.0,4166.4,3119.8,1046.6,-42.93,12,8,0
U008,9,2026-03-06,Friday,9,740.02,2003.68,1236.53,767.14,-200.0,1955.43,1947.2,8.23,-27.03,6,7,0
U009,9,2026-03-06,Friday,9,4770.4,3362.26,2348.99,1013.27,1463.2,3938.93,3383.92,555.01,30.67,13,5,0
U010,9,2026-03-06,Friday,9,1153.52,2727.91,1836.75,891.16,-200.0,3462.88,2754.6,708.27,-17.34,12,8,0
U001,9,2026-03-07,Saturday,9,541.76,3210.14,1848.38,1361.76,-200.0,4064.25,3196.21,868.05,-36.92,8,7,0
U002,9,2026-03-07,Saturday,9,820.93,2350.45,1335.41,1015.04,-200.0,3006.23,2312.93,693.3,-24.36,7,6,0
U003,9,2026-03-07,Saturday,9,764.8,2275.21,1019.19,1256.02,-200.0,2199.23,2193.98,5.25,-26.15,15,7,0
U004,9,2026-03-07,Saturday,9,506.54,2179.19,1258.12,921.07,-200.0,2741.62,2202.72,538.9,-39.48,8,8,0
U005,9,2026-03-07,Saturday,9,545.06,2015.48,1341.22,674.27,-200.0,2334.62,1999.72,334.9,-36.69,9,7,0
U006,9,2026-03-07,Saturday,9,666.72,2097.0,1150.07,946.92,-200.0,2175.69,1889.64,286.05,-30.0,11,9,0
U007,9,2026-03-07,Saturday,9,628.94,2737.23,1511.06,1226.17,-200.0,2456.41,2669.97,-213.56,-31.8,17,7,1
U008,9,2026-03-07,Saturday,9,5195.55,3802.73,1802.31,2000.42,1406.22,3942.1,3531.79,410.3,27.07,15,6,0
U009,9,2026-03-07,Saturday,9,4249.01,3195.9,1722.89,1473.01,1064.9,3177.12,3261.85,-84.73,25.06,16,6,1
U010,9,2026-03-07,Saturday,9,803.66,1822.21,1337.23,484.98,-200.0,1986.76,1760.18,226.58,-24.89,12,6,0
U001,9,2026-03-08,Sunday,9,782.34,2165.8,1304.64,861.15,-200.0,2592.11,2196.62,395.49,-25.56,11,7,0
U002,9,2026-03-08,Sunday,9,5767.52,4133.64,2332.36,1801.28,1838.34,4221.9,4246.57,-24.68,31.87,19,5,1
U003,9,2026-03-08,Sunday,9,606.47,2564.55,1625.5,939.05,-200.0,3108.92,2925.27,183.66,-32.98,16,7,0
U004,9,2026-03-08,Sunday,9,4739.49,2641.28,2026.19,615.08,2300.16,2968.94,2403.56,565.38,48.53,13,5,0
U005,9,2026-03-08,Sunday,9,683.71,1909.02,1234.9,674.12,-200.0,2354.44,2036.27,318.17,-29.25,14,9,0
U006,9,2026-03-08,Sunday,9,767.76,2249.54,1042.69,1206.85,-200.0,2091.14,2188.76,-97.62,-26.05,12,9,1
U007,9,2026-03-08,Sunday,9,593.11,2381.75,1248.36,1133.39,-200.0,3231.76,2265.65,966.12,-33.72,13,5,0
U008,9,2026-03-08,Sunday,9,4779.85,3418.12,2020.18,1397.93,1434.8,3382.93,3602.89,-219.96,30.02,15,5,1
U009,9,2026-03-08,Sunday,9,300.96,2401.7,1464.92,936.78,-200.0,2375.5,2505.65,-130.14,-66.45,22,8,1
U010,9,2026-03-08,Sunday,9,832.86,2384.55,1126.28,1258.27,-200.0,2264.78,2207.88,56.9,-24.01,13,7,0
U001,10,2026-03-09,Monday,10,656.72,2119.7,1118.09,1001.61,-200.0,3000.86,2293.86,707.0,-30.45,10,7,0
U002,10,2026-03-09,Monday,10,5148.65,3573.06,2206.51,1366.55,1629.48,3757.28,3848.3,-91.02,31.65,18,7,1
U003,10,2026-03-09,Monday,10,715.25,2510.99,1411.89,1099.1,-200.0,2401.88,2414.06,-12.18,-27.96,8,8,1
U004,10,2026-03-09,Monday,10,4738.78,3771.22,1965.56,1805.66,1280.32,4053.82,3870.23,183.59,27.02,10,5,0
U005,10,2026-03-09,Monday,10,523.49,1866.06,1343.42,522.63,-200.0,1925.08,1681.04,244.05,-38.21,11,9,0
U006,10,2026-03-09,Monday,10,575.04,2044.3,1287.9,756.4,-200.0,2520.57,1942.2,578.37,-34.78,9,8,0
U007,10,2026-03-09,Monday,10,678.25,2629.27,1615.87,1013.41,-200.0,3180.88,2896.54,284.34,-29.49,15,6,0
U008,10,2026-03-09,Monday,10,609.51,1993.19,1498.35,494.84,-200.0,2004.56,2085.74,-81.18,-32.81,17,8,1
U009,10,2026-03-09,Monday,10,4688.77,3796.49,2357.44,1439.06,964.99,4529.45,3675.14,854.31,20.58,23,5,0
U010,10,2026-03-09,Monday,10,593.9,1554.36,1314.63,239.73,-200.0,2169.26,1445.59,723.66,-33.68,10,5,0
U001,10,2026-03-10,Tuesday,10,425.61,2599.05,1390.84,1208.21,-200.0,2773.54,2597.63,175.91,-46.99,11,8,0
U002,10,2026-03-10,Tuesday,10,764.12,2716.08,1649.46,1066.62,-200.0,2939.52,2575.32,364.2,-26.17,12,7,0
U003,10,2026-03-10,Tuesday,10,592.13,1502.54,1402.54,100.0,-200.0,1922.06,1594.85,327.21,-33.78,11,7,0
U004,10,2026-03-10,Tuesday,10,592.67,2153.78,1339.61,814.16,-200.0,2691.36,1899.54,791.83,-33.75,13,5,0
U005,10,2026-03-10,Tuesday,10,4776.87,3918.85,2391.84,1527.01,1049.82,4408.87,4038.31,370.56,21.98,20,4,0
U006,10,2026-03-10,Tuesday,10,794.28,2079.48,1282.53,796.95,-200.0,2301.43,1902.21,399.22,-25.18,10,8,0
U007,10,2026-03-10,Tuesday,10,819.57,1642.04,819.09,822.95,-200.0,1404.2,1543.13,-138.94,-24.4,12,5,1
U008,10,2026-03-10,Tuesday,10,850.28,2044.88,1438.0,606.89,-200.0,2310.88,1775.95,534.93,-23.52,11,8,0
U009,10,2026-03-10,Tuesday,10,614.67,1639.72,1220.96,418.76,-200.0,2267.52,1719.52,548.0,-32.54,8,7,0
U010,10,2026-03-10,Tuesday,10,584.19,2284.05,1370.72,913.33,-200.0,2575.37,2411.57,163.81,-34.24,8,7,0
U001,10,2026-03-11,Wednesday,10,6311.47,4315.99,2426.76,1889.23,2106.75,5104.55,4332.44,772.11,33.38,15,5,0
U002,10,2026-03-11,Wednesday,10,670.64,1800.09,967.62,832.47,-200.0,2042.96,1943.09,99.87,-29.82,12,7,0
U003,10,2026-03-11,Wednesday,10,647.37,2251.48,1435.04,816.45,-200.0,3136.6,2333.52,803.08,-30.89,12,9,0
U004,10,2026-03-11,Wednesday,10,693.37,2583.31,1507.92,1075.39,-200.0,2954.42,2511.2,443.21,-28.84,7,9,0
U005,10,2026-03-11,Wednesday,10,559.12,2130.39,1185.98,944.41,-200.0,2631.03,1985.62,645.41,-35.77,6,9,0
U006,10,2026-03-11,Wednesday,10,779.83,2062.99,978.9,1084.08,-200.0,2500.12,2195.07,305.05,-25.65,13,8,0
U007,10,2026-03-11,Wednesday,10,915.68,2785.46,1597.17,1188.3,-200.0,3188.69,2814.21,374.47,-21.84,18,6,0
U008,10,2026-03-11,Wednesday,10,653.13,2152.85,1487.02,665.84,-200.0,2817.23,1963.02,854.21,-30.62,16,8,0
U009,10,2026-03-11,Wednesday,10,597.27,1995.33,1212.71,782.63,-200.0,2613.64,1949.22,664.42,-33.49,8,9,0
U010,10,2026-03-11,Wednesday,10,4703.16,3214.53,2053.96,1160.57,1632.49,3415.7,3054.86,360.84,34.71,6,4,0
U001,10,2026-03-12,Thursday,10,704.65,2112.92,1475.2,637.72,-200.0,2780.31,2177.86,602.46,-28.38,20,6,0
U002,10,2026-03-12,Thursday,10,4869.63,3477.35,1876.31,1601.04,1529.02,3837.6,3541.38,296.22,31.4,9,7,0
U003,10,2026-03-12,Thursday,10,767.31,2935.8,1402.29,1533.5,-200.0,3390.15,3176.53,213.62,-26.07,19,7,0
U004,10,2026-03-12,Thursday,10,545.6,2186.18,1514.13,672.06,-200.0,2809.24,2122.63,686.6,-36.66,14,8,0
U005,10,2026-03-12,Thursday,10,482.49,2321.18,1545.88,775.3,-200.0,2304.82,2058.17,246.65,-41.45,7,7,0
U006,10,2026-03-12,Thursday,10,545.34,2000.07,795.67,1204.4,-200.0,2217.8,1960.36,257.43,-36.67,11,5,0
U007,10,2026-03-12,Thursday,10,570.37,1656.95,1361.89,295.06,-200.0,2016.7,1585.82,430.88,-35.07,14,6,0
U008,10,2026-03-12,Thursday,10,5486.43,4029.86,2591.58,1438.29,1497.58,4398.89,4078.88,320.01,27.3,24,6,0
U009,10,2026-03-12,Thursday,10,853.56,1887.75,1207.07,680.68,-200.0,2219.25,1902.0,317.25,-23.43,13,6,0
U010,10,2026-03-12,Thursday,10,765.64,2108.98,1216.02,892.96,-200.0,2412.77,1992.97,419.8,-26.12,11,6,0
U001,10,2026-03-13,Friday,10,677.86,2464.73,1557.49,907.25,-200.0,2887.73,2563.71,324.01,-29.5,17,8,0
U002,10,2026-03-13,Friday,10,547.56,2558.15,1292.01,1266.15,-200.0,2926.34,2563.96,362.38,-36.53,18,7,0
U003,10,2026-03-13,Friday,10,805.94,2401.9,1458.96,942.95,-200.0,2716.95,2277.22,439.73,-24.82,17,7,0
U004,10,2026-03-13,Friday,10,748.0,2886.13,1844.19,1041.94,-200.0,2720.77,2772.47,-51.7,-26.74,17,7,1
U005,10,2026-03-13,Friday,10,512.63,3426.32,1987.63,1438.69,-200.0,3656.09,3200.0,456.09,-39.01,14,9,0
U006,10,2026-03-13,Friday,10,683.89,1615.78,1243.23,372.54,-200.0,1891.77,1970.37,-78.6,-29.24,15,7,1
U007,10,2026-03-13,Friday,10,5078.53,4110.2,2363.63,1746.57,969.63,4195.99,4156.64,39.35,19.09,22,7,0
U008,10,2026-03-13,Friday,10,673.39,1846.73,1241.53,605.2,-200.0,2118.21,1832.9,285.31,-29.7,10,9,0
U009,10,2026-03-13,Friday,10,604.64,2065.78,1094.14,971.64,-200.0,2554.83,2212.92,341.9,-33.08,11,7,0
U010,10,2026-03-13,Friday,10,5331.16,3443.85,2262.76,1181.09,1891.06,3400.37,3521.27,-120.9,35.47,13,7,1
U001,10,2026-03-14,Saturday,10,492.03,1591.3,970.2,621.1,-200.0,1417.79,1630.46,-212.67,-40.65,10,8,1
U002,10,2026-03-14,Saturday,10,743.82,2340.2,1375.97,964.23,-200.0,2937.98,2477.67,460.31,-26.89,15,8,0
U003,10,2026-03-14,Saturday,10,555.58,2280.56,1170.65,1109.9,-200.0,2193.8,2476.82,-283.02,-36.0,18,7,1
U004,10,2026-03-14,Saturday,10,974.52,1912.07,1076.59,835.48,-200.0,1954.91,1847.69,107.23,-20.52,15,7,0
U005,10,2026-03-14,Saturday,10,4273.27,3455.25,2166.7,1288.55,867.07,3478.59,3496.1,-17.51,20.29,17,5,1
U006,10,2026-03-14,Saturday,10,742.11,2156.59,1168.13,988.46,-200.0,2955.24,2195.93,759.3,-26.95,4,7,0
U007,10,2026-03-14,Saturday,10,718.54,2109.48,1232.31,877.17,-200.0,1872.54,2055.3,-182.77,-27.83,9,7,1
U008,10,2026-03-14,Saturday,10,553.34,2380.23,1622.43,757.8,-200.0,2966.62,2437.43,529.19,-36.14,11,8,0
U009,10,2026-03-14,Saturday,10,537.0,2557.43,1619.49,937.94,-200.0,2584.2,2714.12,-129.93,-37.24,6,10,1
U010,10,2026-03-14,Saturday,10,662.88,2220.21,1172.93,1047.28,-200.0,2525.8,2235.5,290.3,-30.17,15,6,0
U001,10,2026-03-15,Sunday,10,695.26,3336.97,1494.52,1842.45,-200.0,3806.3,3395.65,410.66,-28.77,12,7,0
U002,10,2026-03-15,Sunday,10,4323.06,4675.31,2760.7,1914.61,-200.0,4803.06,4626.1,176.96,-4.63,22,9,0
U003,10,2026-03-15,Sunday,10,648.25,2961.76,1539.94,1421.82,-200.0,3250.96,2966.21,284.75,-30.85,11,6,0
U004,10,2026-03-15,Sunday,10,543.06,3150.56,1684.16,1466.4,-200.0,3127.29,3138.52,-11.23,-36.83,15,7,1
U005,10,2026-03-15,Sunday,10,621.74,1200.34,796.96,403.38,-200.0,1780.25,1129.39,650.86,-32.17,3,8,0
U006,10,2026-03-15,Sunday,10,870.64,1638.65,996.46,642.18,-200.0,2195.15,1661.63,533.52,-22.97,13,7,0
U007,10,2026-03-15,Sunday,10,730.77,2120.2,1272.13,848.08,-200.0,2827.66,1968.44,859.22,-27.37,9,5,0
U008,10,2026-03-15,Sunday,10,603.64,2345.35,1412.41,932.94,-200.0,2313.84,2377.09,-63.25,-33.13,14,7,1
U009,10,2026-03-15,Sunday,10,741.62,1483.79,903.76,580.04,-200.0,1722.7,1527.58,195.12,-26.97,13,8,0
U010,10,2026-03-15,Sunday,10,444.05,2424.78,1527.88,896.9,-200.0,3123.14,2351.15,771.98,-45.04,12,6,0
U001,11,2026-03-16,Monday,11,642.87,2634.5,1682.23,952.27,-200.0,3171.39,2561.2,610.19,-31.11,19,8,0
U002,11,2026-03-16,Monday,11,881.51,2529.18,1364.31,1164.87,-200.0,2921.82,2625.86,295.96,-22.69,16,8,0
U003,11,2026-03-16,Monday,11,520.1,2235.86,1342.12,893.74,-200.0,2977.27,2256.59,720.68,-38.45,9,7,0
U004,11,2026-03-16,Monday,11,862.9,2261.11,1374.74,886.37,-200.0,2167.59,2296.32,-128.74,-23.18,9,5,1
U005,11,2026-03-16,Monday,11,5709.43,4247.29,2801.33,1445.96,1482.46,4289.44,4196.17,93.27,25.97,19,5,0
U006,11,2026-03-16,Monday,11,748.85,2124.31,1195.59,928.72,-200.0,2872.48,2051.76,820.72,-26.71,18,9,0
U007,11,2026-03-16,Monday,11,703.04,2091.09,930.35,1160.74,-200.0,2018.16,2046.99,-28.83,-28.45,6,8,1
U008,11,2026-03-16,Monday,11,831.99,2318.35,1466.75,851.6,-200.0,2391.29,2362.9,28.39,-24.04,5,7,0
U009,11,2026-03-16,Monday,11,365.28,2743.19,1361.83,1381.36,-200.0,3388.66,2574.2,814.47,-54.75,14,10,0
U010,11,2026-03-16,Monday,11,712.79,1877.86,1328.2,549.67,-200.0,1699.38,1718.12,-18.74,-28.06,8,10,1
U001,11,2026-03-17,Tuesday,11,5012.18,3481.6,2005.45,1476.14,1622.57,3602.03,3521.92,80.11,32.37,14,7,0
U002,11,2026-03-17,Tuesday,11,5715.66,3493.45,2209.5,1283.95,2305.02,4197.95,3675.32,522.63,40.33,17,6,0
U003,11,2026-03-17,Tuesday,11,508.82,1450.41,893.12,557.29,-200.0,1618.49,1534.67,83.83,-39.31,13,8,0
U004,11,2026-03-17,Tuesday,11,750.53,1891.06,1027.38,863.68,-200.0,1677.85,1806.19,-128.34,-26.65,7,8,1
U005,11,2026-03-17,Tuesday,11,648.03,1822.99,1475.29,347.7,-200.0,2598.82,2070.53,528.29,-30.86,13,7,0
U006,11,2026-03-17,Tuesday,11,797.61,1574.79,1258.04,316.75,-200.0,2050.02,1475.75,574.27,-25.07,9,9,0
U007,11,2026-03-17,Tuesday,11,504.19,2529.69,1621.32,908.37,-200.0,2696.26,2475.6,220.66,-39.67,11,8,0
U008,11,2026-03-17,Tuesday,11,704.16,1637.01,1179.32,457.69,-200.0,1928.25,1595.56,332.69,-28.4,12,6,0
U009,11,2026-03-17,Tuesday,11,649.28,2552.01,1918.71,633.3,-200.0,3110.58,2573.82,536.76,-30.8,14,8,0
U010,11,2026-03-17,Tuesday,11,777.88,2168.66,1370.81,797.85,-200.0,2682.48,2249.58,432.9,-25.71,14,7,0
U001,11,2026-03-18,Wednesday,11,746.61,2189.18,1169.62,1019.56,-200.0,2107.75,2311.82,-204.07,-26.79,11,7,1
U002,11,2026-03-18,Wednesday,11,750.97,2260.46,1243.83,1016.64,-200.0,2583.58,2213.32,370.27,-26.63,11,8,0
U003,11,2026-03-18,Wednesday,11,472.23,1796.91,1179.98,616.93,-200.0,2297.27,1799.34,497.93,-42.35,9,8,0
U004,11,2026-03-18,Wednesday,11,4836.72,3454.96,2140.0,1314.96,1357.45,3848.03,3389.46,458.56,28.07,13,5,0
U005,11,2026-03-18,Wednesday,11,618.09,2258.73,1298.34,960.39,-200.0,2647.1,2255.32,391.77,-32.36,8,7,0
U006,11,2026-03-18,Wednesday,11,641.1,2451.26,1179.86,1271.4,-200.0,2683.09,2573.75,109.34,-31.2,12,7,0
U007,11,2026-03-18,Wednesday,11,678.61,2931.15,1596.25,1334.9,-200.0,3974.1,3113.17,860.93,-29.47,9,8,0
U008,11,2026-03-18,Wednesday,11,545.67,1714.88,1021.4,693.49,-200.0,1928.69,1888.5,40.19,-36.65,9,7,0
U009,11,2026-03-18,Wednesday,11,413.28,1532.04,1327.38,204.66,-200.0,1930.46,1547.72,382.75,-48.39,6,8,0
U010,11,2026-03-18,Wednesday,11,3961.28,3371.84,1838.96,1532.87,386.7,3795.14,3654.67,140.47,9.76,18,5,0
U001,11,2026-03-19,Thursday,11,910.91,2433.15,1541.4,891.75,-200.0,2735.9,2551.71,184.19,-21.96,12,9,0
U002,11,2026-03-19,Thursday,11,622.22,1528.81,1369.78,159.03,-200.0,1532.02,1468.06,63.96,-32.14,13,5,0
U003,11,2026-03-19,Thursday,11,533.55,1851.46,1354.3,497.16,-200.0,2074.5,2101.24,-26.74,-37.48,13,9,1
U004,11,2026-03-19,Thursday,11,461.17,2627.88,1500.47,1127.41,-200.0,3231.62,2758.25,473.37,-43.37,10,8,0
U005,11,2026-03-19,Thursday,11,707.47,2797.64,1600.72,1196.91,-200.0,2897.04,2690.09,206.95,-28.27,16,7,0
U006,11,2026-03-19,Thursday,11,690.68,2031.16,1461.15,570.01,-200.0,2617.87,2311.84,306.02,-28.96,17,8,0
U007,11,2026-03-19,Thursday,11,721.8,2113.63,1019.38,1094.24,-200.0,2227.48,1994.74,232.73,-27.71,6,8,0
U008,11,2026-03-19,Thursday,11,500.76,2399.24,1590.32,808.92,-200.0,3078.68,2521.65,557.03,-39.94,11,8,0
U009,11,2026-03-19,Thursday,11,710.55,1511.8,994.48,517.32,-200.0,1736.04,1287.23,448.82,-28.15,7,6,0
U010,11,2026-03-19,Thursday,11,5423.81,3053.56,1910.91,1142.65,2401.21,3686.74,3187.14,499.6,44.27,15,4,0
U001,11,2026-03-20,Friday,11,705.81,2656.67,1387.77,1268.9,-200.0,3672.86,2525.04,1147.82,-28.34,13,7,0
U002,11,2026-03-20,Friday,11,422.7,2072.19,1209.03,863.16,-200.0,2718.6,1897.63,820.97,-47.31,9,9,0
U003,11,2026-03-20,Friday,11,5710.99,3482.86,2115.03,1367.83,2161.52,4251.13,3359.09,892.04,37.85,16,4,0
U004,11,2026-03-20,Friday,11,590.74,2160.74,1325.42,835.31,-200.0,2267.05,2293.99,-26.94,-33.86,8,8,1
U005,11,2026-03-20,Friday,11,5111.46,3725.35,2116.83,1608.51,1434.24,4212.89,3625.96,586.93,28.06,15,4,0
U006,11,2026-03-20,Friday,11,481.2,1831.56,1416.59,414.96,-200.0,1914.12,1747.23,166.89,-41.56,13,9,0
U007,11,2026-03-20,Friday,11,641.41,1653.58,1553.58,100.0,-200.0,2031.78,1535.23,496.54,-31.18,7,6,0
U008,11,2026-03-20,Friday,11,5629.86,4216.04,2186.75,2029.3,1290.17,5084.54,4437.33,647.22,22.92,18,5,0
U009,11,2026-03-20,Friday,11,791.88,2030.57,1509.2,521.37,-200.0,2353.6,2425.45,-71.85,-25.26,12,8,1
U010,11,2026-03-20,Friday,11,852.72,1985.95,1380.89,605.07,-200.0,2370.96,2040.94,330.02,-23.45,14,5,0
U001,11,2026-03-21,Saturday,11,5409.85,3787.77,2582.28,1205.49,1706.88,4453.58,4083.58,369.99,31.55,15,5,0
U002,11,2026-03-21,Saturday,11,608.06,2426.79,1509.63,917.16,-200.0,3239.57,2647.73,591.84,-32.89,15,6,0
U003,11,2026-03-21,Saturday,11,956.33,1821.09,1335.23,485.86,-200.0,2337.52,2005.0,332.53,-20.91,11,6,0
U004,11,2026-03-21,Saturday,11,528.06,2581.38,1411.78,1169.59,-200.0,2832.8,2712.82,119.98,-37.87,15,9,0
U005,11,2026-03-21,Saturday,11,874.32,1764.32,1469.32,295.0,-200.0,1975.89,1918.52,57.37,-22.87,19,6,0
U006,11,2026-03-21,Saturday,11,616.42,1662.58,1078.12,584.46,-200.0,2375.25,1694.65,680.6,-32.45,11,7,0
U007,11,2026-03-21,Saturday,11,570.94,1541.97,1423.33,118.64,-200.0,2202.85,1408.23,794.62,-35.03,5,5,0
U008,11,2026-03-21,Saturday,11,851.98,1780.26,986.13,794.13,-200.0,1881.98,2116.67,-234.68,-23.47,4,6,1
U009,11,2026-03-21,Saturday,11,4943.78,3584.58,2205.04,1379.54,1384.48,3616.57,3313.56,303.01,28.0,21,5,0
U010,11,2026-03-21,Saturday,11,262.1,2575.13,1382.19,1192.94,-200.0,3170.48,2586.03,584.44,-76.31,11,9,0
U001,11,2026-03-22,Sunday,11,6271.04,3659.04,2006.12,1652.92,2541.45,3769.24,3868.06,-98.82,40.53,16,4,1
U002,11,2026-03-22,Sunday,11,692.9,1496.61,559.11,937.5,-200.0,1734.23,1436.63,297.59,-28.86,15,8,0
U003,11,2026-03-22,Sunday,11,526.97,2367.54,1259.55,1108.0,-200.0,2332.69,2592.98,-260.3,-37.95,11,7,1
U004,11,2026-03-22,Sunday,11,521.85,2538.02,1225.91,1312.11,-200.0,2687.63,2274.0,413.64,-38.32,10,8,0
U005,11,2026-03-22,Sunday,11,631.01,2135.28,1287.52,847.77,-200.0,2977.43,2283.95,693.49,-31.7,14,8,0
U006,11,2026-03-22,Sunday,11,828.21,2399.1,1390.63,1008.48,-200.0,2952.74,2299.71,653.04,-24.15,8,6,0
U007,11,2026-03-22,Sunday,11,769.57,1945.56,1148.54,797.01,-200.0,1989.97,1758.74,231.23,-25.99,11,5,0
U008,11,2026-03-22,Sunday,11,531.6,2015.38,1139.22,876.16,-200.0,2144.32,2002.35,141.97,-37.62,17,9,0
U009,11,2026-03-22,Sunday,11,483.25,2045.79,1022.97,1022.82,-200.0,2241.73,2140.2,101.52,-41.39,7,8,0
U010,11,2026-03-22,Sunday,11,793.45,2172.42,1350.02,822.4,-200.0,2913.51,2095.35,818.17,-25.21,12,7,0
U001,12,2026-03-23,Monday,12,595.6,2105.92,1063.6,1042.33,-200.0,2673.8,2060.0,613.8,-33.58,9,8,0
U002,12,2026-03-23,Monday,12,562.99,1099.27,788.21,311.06,-200.0,955.68,1099.04,-143.35,-35.52,10,8,1
U003,12,2026-03-23,Monday,12,757.77,2269.15,1390.88,878.27,-200.0,2601.07,2393.26,207.81,-26.39,11,9,0
U004,12,2026-03-23,Monday,12,573.2,2192.9,1180.55,1012.35,-200.0,2337.23,2312.56,24.66,-34.89,8,9,0
U005,12,2026-03-23,Monday,12,592.37,1989.59,1286.68,702.91,-200.0,1777.03,2043.58,-266.55,-33.76,11,7,1
U006,12,2026-03-23,Monday,12,4827.08,2655.01,2006.37,648.64,2181.27,2505.12,2671.91,-166.79,45.19,12,4,1
U007,12,2026-03-23,Monday,12,4494.02,2805.29,1694.3,1110.99,1737.03,2421.55,2784.78,-363.23,38.65,12,5,1
U008,12,2026-03-23,Monday,12,389.85,1950.27,1153.33,796.93,-200.0,2106.87,1791.72,315.15,-51.3,11,7,0
U009,12,2026-03-23,Monday,12,650.24,2187.87,1196.45,991.42,-200.0,2927.94,2253.64,674.3,-30.76,6,8,0
U010,12,2026-03-23,Monday,12,540.98,1768.14,1057.3,710.84,-200.0,1189.79,1368.26,-178.47,-36.97,9,9,1
U001,12,2026-03-24,Tuesday,12,864.54,2369.48,1370.46,999.01,-200.0,2719.4,2333.1,386.3,-23.13,12,9,0
U002,12,2026-03-24,Tuesday,12,5107.45,4281.48,2475.55,1805.93,1034.08,4457.87,4179.19,278.67,20.25,21,5,0
U003,12,2026-03-24,Tuesday,12,605.45,923.01,823.01,100.0,-200.0,1980.71,1010.64,970.06,-33.03,5,7,0
U004,12,2026-03-24,Tuesday,12,672.74,2238.26,1488.77,749.49,-200.0,3012.95,2281.16,731.8,-29.73,12,7,0
U005,12,2026-03-24,Tuesday,12,805.67,2786.59,1821.78,964.81,-200.0,3329.71,2763.41,566.3,-24.82,14,6,0
U006,12,2026-03-24,Tuesday,12,510.34,2055.45,970.57,1084.88,-200.0,1669.97,1920.47,-250.5,-39.19,14,8,1
U007,12,2026-03-24,Tuesday,12,463.6,1745.1,1439.97,305.13,-200.0,1670.43,1435.62,234.81,-43.14,13,10,0
U008,12,2026-03-24,Tuesday,12,638.11,2540.78,1346.88,1193.9,-200.0,3392.46,2489.57,902.89,-31.34,13,9,0
U009,12,2026-03-24,Tuesday,12,919.67,1851.67,1131.87,719.8,-200.0,2341.29,1785.5,555.79,-21.75,13,9,0
U010,12,2026-03-24,Tuesday,12,4357.15,3801.82,2375.2,1426.62,699.11,4348.94,3991.65,357.29,16.05,14,7,0
U001,12,2026-03-25,Wednesday,12,497.53,1626.68,666.07,960.61,-200.0,1792.07,1738.26,53.81,-40.2,6,10,0
U002,12,2026-03-25,Wednesday,12,4964.82,2947.15,2324.02,623.13,1984.07,2966.42,3327.04,-360.63,39.96,18,6,1
U003,12,2026-03-25,Wednesday,12,647.03,2867.81,1769.28,1098.53,-200.0,2695.0,2745.42,-50.42,-30.91,16,8,1
U004,12,2026-03-25,Wednesday,12,671.19,2120.44,1296.6,823.84,-200.0,2418.48,2125.93,292.55,-29.8,5,9,0
U005,12,2026-03-25,Wednesday,12,3740.79,3378.0,2233.02,1144.98,322.26,3695.82,3223.21,472.61,8.61,18,5,0
U006,12,2026-03-25,Wednesday,12,370.36,2647.26,1889.49,757.77,-200.0,3051.53,2635.39,416.14,-54.0,13,9,0
U007,12,2026-03-25,Wednesday,12,390.39,2284.19,1173.33,1110.87,-200.0,2829.73,2308.5,521.22,-51.23,10,8,0
U008,12,2026-03-25,Wednesday,12,4845.91,3078.54,1922.48,1156.05,1639.69,3513.44,3084.56,428.88,33.84,21,5,0
U009,12,2026-03-25,Wednesday,12,857.83,2964.37,2057.23,907.13,-200.0,2726.06,3134.97,-408.91,-23.31,9,8,1
U010,12,2026-03-25,Wednesday,12,691.26,2089.86,1114.04,975.82,-200.0,2110.35,1884.34,226.02,-28.93,14,4,0
U001,12,2026-03-26,Thursday,12,328.28,2057.28,1191.93,865.36,-200.0,2236.08,1916.42,319.66,-60.92,5,7,0
U002,12,2026-03-26,Thursday,12,645.16,1539.35,1131.21,408.14,-200.0,1517.91,1603.58,-85.66,-31.0,14,7,1
U003,12,2026-03-26,Thursday,12,820.04,2093.59,1597.38,496.21,-200.0,2465.26,1936.06,529.2,-24.39,13,7,0
U004,12,2026-03-26,Thursday,12,620.64,1927.25,1167.11,760.14,-200.0,2388.96,1846.02,542.94,-32.22,9,8,0
U005,12,2026-03-26,Thursday,12,799.25,2606.5,1402.44,1204.07,-200.0,2654.09,2383.02,271.08,-25.02,8,9,0
U006,12,2026-03-26,Thursday,12,649.56,2120.39,1190.67,929.73,-200.0,2059.5,2216.41,-156.91,-30.79,9,10,1
U007,12,2026-03-26,Thursday,12,4228.24,4039.65,2414.55,1625.1,258.17,4197.21,3747.54,449.67,6.11,20,8,0
U008,12,2026-03-26,Thursday,12,511.88,2123.01,1131.64,991.37,-200.0,2685.26,2311.24,374.02,-39.07,7,7,0
U009,12,2026-03-26,Thursday,12,517.84,1933.46,1043.12,890.34,-200.0,2029.21,1863.4,165.81,-38.62,12,7,0
U010,12,2026-03-26,Thursday,12,500.38,2909.73,1604.61,1305.13,-200.0,2726.88,3122.83,-395.94,-39.97,9,7,1
U001,12,2026-03-27,Friday,12,495.08,2777.38,1545.84,1231.55,-200.0,3289.13,2884.65,404.48,-40.4,7,8,0
U002,12,2026-03-27,Friday,12,3977.79,3256.68,2058.71,1197.98,931.32,3723.94,3236.06,487.88,23.41,17,7,0
U003,12,2026-03-27,Friday,12,596.65,2791.02,1838.05,952.97,-200.0,3001.11,2961.44,39.67,-33.52,11,7,0
U004,12,2026-03-27,Friday,12,4734.42,3590.44,2245.01,1345.43,1249.13,4110.33,3421.45,688.88,26.38,14,4,0
U005,12,2026-03-27,Friday,12,766.24,2307.68,1145.34,1162.34,-200.0,2646.88,2037.09,609.79,-26.1,16,7,0
U006,12,2026-03-27,Friday,12,868.87,2189.36,1161.89,1027.46,-200.0,2615.73,2368.99,246.74,-23.02,21,6,0
U007,12,2026-03-27,Friday,12,518.95,2284.43,1277.04,1007.39,-200.0,2229.43,2061.33,168.1,-38.54,5,7,0
U008,12,2026-03-27,Friday,12,816.77,1698.52,1117.08,581.45,-200.0,2011.7,1437.42,574.28,-24.49,10,7,0
U009,12,2026-03-27,Friday,12,443.62,2421.73,1217.25,1204.48,-200.0,2758.52,2708.1,50.41,-45.08,13,9,0
U010,12,2026-03-27,Friday,12,460.22,2819.08,1357.72,1461.35,-200.0,2948.46,2728.24,220.22,-43.46,11,6,0
U001,12,2026-03-28,Saturday,12,4889.89,3034.35,1741.88,1292.48,1818.65,3132.59,3050.7,81.88,37.19,10,5,0
U002,12,2026-03-28,Saturday,12,831.31,1997.02,1542.94,454.08,-200.0,2523.79,1947.14,576.65,-24.06,12,10,0
U003,12,2026-03-28,Saturday,12,478.72,1460.17,866.4,593.77,-200.0,1432.85,1599.43,-166.58,-41.78,13,6,1
U004,12,2026-03-28,Saturday,12,4999.26,4207.78,2343.08,1864.7,941.78,4673.45,4115.09,558.36,18.84,14,7,0
U005,12,2026-03-28,Saturday,12,5398.96,4389.58,2141.42,2248.16,1062.9,4601.26,4377.5,223.76,19.69,13,7,0
U006,12,2026-03-28,Saturday,12,4663.88,3848.45,2531.9,1316.55,696.67,4356.83,3813.48,543.35,14.94,13,4,0
U007,12,2026-03-28,Saturday,12,632.74,2344.83,1407.05,937.77,-200.0,2536.45,2293.19,243.26,-31.61,11,10,0
U008,12,2026-03-28,Saturday,12,639.95,2450.38,1554.36,896.02,-200.0,3562.82,2185.0,1377.82,-31.25,14,7,0
U009,12,2026-03-28,Saturday,12,372.46,2053.49,1203.53,849.95,-200.0,2120.6,2044.49,76.12,-53.7,10,9,0
U010,12,2026-03-28,Saturday,12,807.02,2415.73,1556.16,859.57,-200.0,2841.76,2458.94,382.82,-24.78,9,6,0
U001,12,2026-03-29,Sunday,12,591.97,2588.13,1555.84,1032.29,-200.0,3037.56,2715.43,322.13,-33.79,10,7,0
U002,12,2026-03-29,Sunday,12,634.78,1898.83,1183.3,715.53,-200.0,2064.8,1555.99,508.81,-31.51,7,6,0
U003,12,2026-03-29,Sunday,12,845.76,2620.37,1530.88,1089.49,-200.0,2359.64,2713.58,-353.95,-23.65,20,4,1
U004,12,2026-03-29,Sunday,12,645.73,2219.63,1924.41,295.21,-200.0,2435.51,2034.98,400.53,-30.97,9,8,0
U005,12,2026-03-29,Sunday,12,816.27,2466.06,1298.39,1167.67,-200.0,2688.61,2161.31,527.29,-24.5,13,9,0
U006,12,2026-03-29,Sunday,12,555.13,2258.32,1299.71,958.6,-200.0,2679.96,1927.83,752.13,-36.03,11,8,0
U007,12,2026-03-29,Sunday,12,702.9,1735.7,1200.14,535.57,-200.0,1010.84,1162.47,-151.63,-28.45,8,6,1
U008,12,2026-03-29,Sunday,12,572.06,2889.68,1400.56,1489.12,-200.0,3446.19,2811.05,635.14,-34.96,21,8,0
U009,12,2026-03-29,Sunday,12,4562.75,3509.27,1909.65,1599.62,1248.7,4152.32,3708.49,443.83,27.37,14,5,0
U010,12,2026-03-29,Sunday,12,4438.82,3423.53,2091.15,1332.38,960.3,3963.22,3447.32,515.9,21.63,16,5,0
U001,27,2026-03-30,Monday,27,1377.63,2260.91,1254.29,1006.62,-938.26,2733.43,2260.91,472.52,-68.11,10,6,0
U002,27,2026-03-30,Monday,27,1590.79,1963.43,1169.04,794.39,-353.15,2219.09,1963.43,255.66,-22.2,15,5,0
U003,27,2026-03-30,Monday,27,1575.76,2497.39,1481.12,1016.27,-985.35,3107.33,2497.39,609.94,-62.53,16,5,0
U004,27,2026-03-30,Monday,27,1259.69,2471.08,1436.42,1034.66,-1145.37,2522.89,2471.08,51.81,-80.0,19,6,0
U005,27,2026-03-30,Monday,27,1316.12,3045.27,2018.92,1026.35,-1732.19,3283.93,3045.27,238.66,-80.0,14,6,0
U006,27,2026-03-30,Monday,27,1460.17,2506.38,1692.32,814.06,-1084.92,2322.9,2506.38,-183.48,-74.3,21,9,1
U007,27,2026-03-30,Monday,27,1211.47,2651.64,1850.81,800.83,-1504.83,2951.93,2651.64,300.29,-80.0,7,7,0
U008,27,2026-03-30,Monday,27,1025.62,1949.01,1337.95,611.06,-950.11,2404.39,1949.01,455.38,-80.0,20,5,0
U009,27,2026-03-30,Monday,27,1353.55,2683.69,1707.57,976.12,-1403.38,2523.79,2683.69,-159.9,-80.0,6,10,1
U010,27,2026-03-30,Monday,27,1551.15,2629.97,1751.78,878.19,-1160.97,2772.92,2629.97,142.95,-74.85,6,5,0
U001,27,2026-03-31,Tuesday,27,1563.17,2444.92,1693.31,751.61,-902.76,2867.47,2444.92,422.55,-57.75,18,7,0
U002,27,2026-03-31,Tuesday,27,1217.85,2101.82,1158.66,943.16,-871.27,2462.74,2101.82,360.92,-71.54,13,5,0
U003,27,2026-03-31,Tuesday,27,1756.84,3127.09,2148.67,978.42,-1424.79,2967.29,3127.09,-159.8,-80.0,8,10,1
U004,27,2026-03-31,Tuesday,27,1241.82,1912.66,1217.12,695.54,-695.13,3004.91,1912.66,1092.25,-55.98,15,6,0
U005,27,2026-03-31,Tuesday,27,1207.37,2907.59,1600.07,1307.52,-1738.29,3291.32,2907.59,383.73,-80.0,15,7,0
U006,27,2026-03-31,Tuesday,27,1155.19,2472.48,1691.97,780.51,-1255.98,2779.26,2472.48,306.78,-80.0,12,5,0
U007,27,2026-03-31,Tuesday,27,1576.91,1976.34,1123.08,853.26,-431.14,2631.56,1976.34,655.22,-27.34,13,6,0
U008,27,2026-03-31,Tuesday,27,1438.63,2154.26,1187.01,967.25,-764.71,2662.46,2154.26,508.2,-53.16,18,7,0
U009,27,2026-03-31,Tuesday,27,1282.55,3225.24,1943.26,1281.98,-2018.51,3468.28,3225.24,243.04,-80.0,19,7,0
U010,27,2026-03-31,Tuesday,27,1528.95,2259.89,1309.11,950.78,-781.92,1996.95,2259.89,-262.94,-51.14,13,10,1
U001,27,2026-04-01,Wednesday,27,1651.77,2672.93,1782.16,890.77,-1014.89,2407.16,2672.93,-265.77,-61.44,17,10,1
U002,27,2026-04-01,Wednesday,27,1375.31,2415.82,1607.46,808.36,-1074.36,2533.74,2415.82,117.92,-78.12,19,7,0
U003,27,2026-04-01,Wednesday,27,1267.55,3050.53,1846.04,1204.49,-1808.56,2883.3,3050.53,-167.23,-80.0,13,9,1
U004,27,2026-04-01,Wednesday,27,1904.58,1688.23,1023.35,664.88,179.07,2203.68,1688.23,515.45,9.4,16,6,0
U005,27,2026-04-01,Wednesday,27,1373.0,3372.16,2068.94,1303.22,-1955.04,3606.74,3372.16,234.58,-80.0,13,5,0
U006,27,2026-04-01,Wednesday,27,1475.29,2187.52,1372.18,815.34,-784.66,2618.68,2187.52,431.16,-53.19,16,6,0
U007,27,2026-04-01,Wednesday,27,1183.18,1928.99,1274.56,654.43,-771.78,2900.36,1928.99,971.37,-65.23,21,6,0
U008,27,2026-04-01,Wednesday,27,1158.75,1908.6,1152.43,756.17,-777.79,2400.58,1908.6,491.98,-67.12,13,5,0
U009,27,2026-04-01,Wednesday,27,1450.6,2404.67,1541.21,863.46,-952.18,3387.56,2404.67,982.89,-65.64,15,6,0
U010,27,2026-04-01,Wednesday,27,1064.16,2361.6,1515.74,845.86,-1369.91,2785.92,2361.6,424.32,-80.0,12,5,0
U001,27,2026-04-02,Thursday,27,1649.71,2191.48,1515.7,675.78,-578.87,2952.62,2191.48,761.14,-35.09,9,5,0
U002,27,2026-04-02,Thursday,27,1714.92,2462.3,1688.36,773.94,-748.3,2107.34,2462.3,-354.96,-43.63,9,10,1
U003,27,2026-04-02,Thursday,27,1391.5,2683.38,1680.8,1002.58,-1244.67,3593.68,2683.38,910.3,-80.0,17,6,0
U004,27,2026-04-02,Thursday,27,1378.12,1715.87,1167.65,548.22,-377.59,2973.13,1715.87,1257.26,-27.4,12,7,0
U005,27,2026-04-02,Thursday,27,1423.44,3388.21,2231.27,1156.94,-1981.56,3160.34,3388.21,-227.87,-80.0,18,9,1
U006,27,2026-04-02,Thursday,27,1443.42,2340.96,1418.07,922.89,-862.9,2201.72,2340.96,-139.24,-59.78,16,10,1
U007,27,2026-04-02,Thursday,27,1156.65,2380.5,1551.66,828.84,-1279.91,3333.2,2380.5,952.7,-80.0,6,5,0
U008,27,2026-04-02,Thursday,27,1608.19,1652.95,1045.22,607.73,5.27,2399.66,1652.95,746.71,0.33,13,6,0
U009,27,2026-04-02,Thursday,27,921.75,2811.84,1907.58,904.26,-1949.23,3171.27,2811.84,359.43,-80.0,10,7,0
U010,27,2026-04-02,Thursday,27,1610.36,2059.85,1173.7,886.15,-344.01,2342.55,2059.85,282.7,-21.36,12,5,0
U001,27,2026-04-03,Friday,27,1570.01,2056.08,1309.3,746.78,-526.66,3168.48,2056.08,1112.4,-33.55,18,7,0
U002,27,2026-04-03,Friday,27,1676.05,2374.07,1435.06,939.01,-681.62,2582.9,2374.07,208.83,-40.67,11,6,0
U003,27,2026-04-03,Friday,27,1281.65,2298.92,1378.04,920.88,-1061.8,3606.08,2298.92,1307.16,-80.0,20,7,0
U004,27,2026-04-03,Friday,27,1564.19,1675.6,1144.23,531.37,-34.9,2888.88,1675.6,1213.28,-2.23,20,6,0
U005,27,2026-04-03,Friday,27,943.41,3036.25,1720.19,1316.06,-2048.92,3440.45,3036.25,404.2,-80.0,12,5,0
U006,27,2026-04-03,Friday,27,1403.25,2209.58,1346.37,863.21,-728.86,2445.31,2209.58,235.73,-51.94,21,7,0
U007,27,2026-04-03,Friday,27,1315.23,2158.54,1362.44,796.1,-814.32,3005.78,2158.54,847.24,-61.91,17,7,0
U008,27,2026-04-03,Friday,27,1331.65,2000.42,1216.67,783.75,-618.09,2184.67,2000.42,184.25,-46.42,16,6,0
U009,27,2026-04-03,Friday,27,1832.12,2795.46,1723.86,1071.6,-910.94,2683.74,2795.46,-111.72,-49.72,17,10,1
U010,27,2026-04-03,Friday,27,1447.3,2684.53,1480.43,1204.1,-1258.43,2514.83,2684.53,-169.7,-80.0,11,10,1
U001,27,2026-04-04,Saturday,27,1849.93,2744.59,1521.98,1222.61,-872.14,2840.46,2744.59,95.87,-47.14,12,7,0
U002,27,2026-04-04,Saturday,27,1708.04,2002.17,1167.31,834.86,-388.72,2320.32,2002.17,318.15,-22.76,7,5,0
U003,27,2026-04-04,Saturday,27,1347.72,3047.58,2078.9,968.68,-1733.24,3100.07,3047.58,52.49,-80.0,8,6,0
U004,27,2026-04-04,Saturday,27,1369.96,2892.82,1605.75,1287.07,-1460.94,2017.83,2892.82,-874.99,-80.0,21,10,1
U005,27,2026-04-04,Saturday,27,1223.19,2768.13,1823.13,945.0,-1514.58,3640.9,2768.13,872.77,-80.0,21,5,0
U006,27,2026-04-04,Saturday,27,1628.39,2208.57,1271.07,937.5,-593.6,2012.92,2208.57,-195.65,-36.45,12,9,1
U007,27,2026-04-04,Saturday,27,1292.11,2412.19,1442.7,969.49,-1151.77,2635.22,2412.19,223.03,-80.0,12,6,0
U008,27,2026-04-04,Saturday,27,1430.58,1458.64,915.84,542.8,-125.69,1832.04,1458.64,373.4,-8.79,15,6,0
U009,27,2026-04-04,Saturday,27,1653.06,2595.7,1473.13,1122.57,-928.1,2768.91,2595.7,173.21,-56.14,17,7,0
U010,27,2026-04-04,Saturday,27,1385.05,2090.99,1327.46,763.53,-738.7,2663.91,2090.99,572.92,-53.33,19,7,0
U001,28,2026-04-05,Sunday,28,908.19,1957.85,1241.62,716.23,-1061.69,2852.37,1957.85,894.52,-80.0,10,6,0
U002,28,2026-04-05,Sunday,28,1395.08,3040.71,2071.43,969.28,-1729.57,2160.43,3040.71,-880.28,-80.0,7,9,1
U003,28,2026-04-05,Sunday,28,1182.5,2530.37,1705.23,825.14,-1339.68,3161.59,2530.37,631.22,-80.0,9,5,0
U004,28,2026-04-05,Sunday,28,1342.58,2386.41,1543.34,843.07,-1016.97,2499.4,2386.41,112.99,-75.75,9,5,0
U005,28,2026-04-05,Sunday,28,1416.95,2381.81,1422.47,959.34,-1013.14,3076.48,2381.81,694.67,-71.5,15,5,0
U006,28,2026-04-05,Sunday,28,1118.64,2456.29,1605.78,850.51,-1315.41,2430.88,2456.29,-25.41,-80.0,11,10,1
U007,28,2026-04-05,Sunday,28,1576.62,2121.45,1362.89,758.56,-454.77,2270.62,2121.45,149.17,-28.84,11,6,0
U008,28,2026-04-05,Sunday,28,1240.26,2100.73,1448.26,652.47,-882.83,2061.52,2100.73,-39.21,-71.18,11,10,1
U009,28,2026-04-05,Sunday,28,1385.32,2848.12,1825.86,1022.26,-1455.73,3208.5,2848.12,360.38,-80.0,11,7,0
U010,28,2026-04-05,Sunday,28,1326.79,2699.0,1524.41,1174.59,-1372.74,2250.92,2699.0,-448.08,-80.0,19,10,1
U001,28,2026-04-06,Monday,28,1319.34,2037.02,1212.41,824.61,-772.75,2546.11,2037.02,509.09,-58.57,6,5,0
U002,28,2026-04-06,Monday,28,1166.97,1398.76,938.7,460.06,-191.76,2681.28,1398.76,1282.52,-16.43,8,7,0
U003,28,2026-04-06,Monday,28,1242.5,2854.16,1618.73,1235.43,-1625.01,2691.24,2854.16,-162.92,-80.0,19,10,1
U004,28,2026-04-06,Monday,28,1531.04,2508.55,1642.75,865.8,-932.13,2720.38,2508.55,211.83,-60.88,15,5,0
U005,28,2026-04-06,Monday,28,1350.26,2964.54,1660.95,1303.59,-1645.09,2630.79,2964.54,-333.75,-80.0,20,10,1
U006,28,2026-04-06,Monday,28,1491.1,2235.91,1314.87,921.04,-680.86,2251.34,2235.91,15.43,-45.66,20,7,0
U007,28,2026-04-06,Monday,28,1089.41,2343.37,1368.67,974.7,-1279.18,3232.93,2343.37,889.56,-80.0,7,7,0
U008,28,2026-04-06,Monday,28,1419.0,2113.86,1317.9,795.96,-784.39,1744.51,2113.86,-369.35,-55.28,11,10,1
U009,28,2026-04-06,Monday,28,1266.64,2328.41,1410.0,918.41,-987.58,2750.91,2328.41,422.5,-77.97,10,6,0
U010,28,2026-04-06,Monday,28,1169.8,2485.14,1693.09,792.05,-1344.62,2386.75,2485.14,-98.39,-80.0,14,9,1
U001,28,2026-04-07,Tuesday,28,973.74,2636.43,1741.31,895.12,-1612.6,3081.53,2636.43,445.1,-80.0,16,6,0
U002,28,2026-04-07,Tuesday,28,1463.16,1944.18,1213.52,730.66,-501.69,2840.19,1944.18,896.01,-34.29,16,7,0
U003,28,2026-04-07,Tuesday,28,1321.64,2957.75,1644.99,1312.76,-1629.09,2989.71,2957.75,31.96,-80.0,12,7,0
U004,28,2026-04-07,Tuesday,28,1464.55,2251.74,1361.81,889.93,-794.88,2778.82,2251.74,527.08,-54.27,21,7,0
U005,28,2026-04-07,Tuesday,28,1383.73,2570.94,1553.27,1017.67,-1250.0,3271.04,2570.94,700.1,-80.0,13,7,0
U006,28,2026-04-07,Tuesday,28,1407.78,1796.77,1154.74,642.03,-391.83,2475.66,1796.77,678.89,-27.83,10,6,0
U007,28,2026-04-07,Tuesday,28,1568.53,2048.79,1235.44,813.35,-494.92,2777.62,2048.79,728.83,-31.55,8,7,0
U008,28,2026-04-07,Tuesday,28,1472.03,1519.22,847.03,672.19,-81.02,1984.66,1519.22,465.44,-5.5,6,6,0
U009,28,2026-04-07,Tuesday,28,1548.12,2494.68,1471.06,1023.62,-908.1,3085.5,2494.68,590.82,-58.66,7,5,0
U010,28,2026-04-07,Tuesday,28,1387.52,1733.34,1174.9,558.44,-370.17,2797.48,1733.34,1064.14,-26.68,19,6,0
U001,28,2026-04-08,Wednesday,28,1395.91,2542.2,1481.64,1060.56,-1093.64,3244.0,2542.2,701.8,-78.35,12,5,0
U002,28,2026-04-08,Wednesday,28,1295.7,2337.46,1621.64,715.82,-1000.0,2579.73,2337.46,242.27,-77.18,11,5,0
U003,28,2026-04-08,Wednesday,28,1409.57,3121.49,1948.1,1173.39,-1693.32,3511.39,3121.49,389.9,-80.0,6,6,0
U004,28,2026-04-08,Wednesday,28,1435.7,2095.33,1184.28,911.05,-660.65,2021.85,2095.33,-73.48,-46.02,12,10,1
U005,28,2026-04-08,Wednesday,28,1491.92,2909.06,1884.42,1024.64,-1450.24,3026.94,2909.06,117.88,-80.0,17,5,0
U006,28,2026-04-08,Wednesday,28,1716.92,1518.74,1055.81,462.93,200.54,2388.6,1518.74,869.86,11.68,11,5,0
U007,28,2026-04-08,Wednesday,28,1491.86,2168.22,1457.15,711.07,-644.58,2184.89,2168.22,16.67,-43.21,9,6,0
U008,28,2026-04-08,Wednesday,28,1470.32,2365.73,1356.41,1009.32,-850.72,2564.0,2365.73,198.27,-57.86,19,7,0
U009,28,2026-04-08,Wednesday,28,1398.34,3030.55,1808.23,1222.32,-1520.5,2430.19,3030.55,-600.36,-80.0,19,10,1
U010,28,2026-04-08,Wednesday,28,1052.95,2405.28,1669.88,735.4,-1369.66,2191.15,2405.28,-214.13,-80.0,13,10,1
U001,28,2026-04-09,Thursday,28,1467.83,2162.45,1202.15,960.3,-691.23,2836.31,2162.45,673.86,-47.09,21,6,0
U002,28,2026-04-09,Thursday,28,1422.26,1481.61,939.15,542.46,-50.03,2258.18,1481.61,776.57,-3.52,17,6,0
U003,28,2026-04-09,Thursday,28,1248.46,2738.56,1778.04,960.52,-1506.38,2539.93,2738.56,-198.63,-80.0,11,10,1
U004,28,2026-04-09,Thursday,28,1623.98,2113.4,1336.19,777.21,-564.35,2957.61,2113.4,844.21,-34.75,17,7,0
U005,28,2026-04-09,Thursday,28,1249.77,3381.72,2212.71,1169.01,-2155.93,3110.55,3381.72,-271.17,-80.0,10,10,1
U006,28,2026-04-09,Thursday,28,1242.71,1921.76,1085.23,836.53,-713.99,2904.88,1921.76,983.12,-57.45,16,7,0
U007,28,2026-04-09,Thursday,28,1434.55,2555.81,1540.48,1015.33,-1178.03,3018.33,2555.81,462.52,-80.0,7,5,0
U008,28,2026-04-09,Thursday,28,1654.21,2278.67,1456.12,822.55,-565.31,2081.93,2278.67,-196.74,-34.17,16,10,1
U009,28,2026-04-09,Thursday,28,1227.96,2676.74,1507.96,1168.78,-1403.53,2766.43,2676.74,89.69,-80.0,11,6,0
U010,28,2026-04-09,Thursday,28,1111.87,1982.22,1115.53,866.69,-794.73,2114.34,1982.22,132.12,-71.48,7,6,0
U001,28,2026-04-10,Friday,28,913.16,1978.69,1187.99,790.7,-1070.22,2500.12,1978.69,521.43,-80.0,18,7,0
U002,28,2026-04-10,Friday,28,1630.56,2117.13,1399.05,718.08,-504.77,2413.53,2117.13,296.4,-30.96,21,5,0
U003,28,2026-04-10,Friday,28,1204.14,2951.13,1785.94,1165.19,-1689.46,3195.86,2951.13,244.73,-80.0,14,7,0
U004,28,2026-04-10,Friday,28,1735.29,2511.34,1729.48,781.86,-800.24,3007.2,2511.34,495.86,-46.12,18,5,0
U005,28,2026-04-10,Friday,28,1443.19,2912.6,1950.96,961.64,-1554.92,3966.64,2912.6,1054.04,-80.0,11,5,0
U006,28,2026-04-10,Friday,28,1426.79,2008.19,1178.81,829.38,-536.9,2317.49,2008.19,309.3,-37.63,6,6,0
U007,28,2026-04-10,Friday,28,1449.32,2668.8,1640.18,1028.62,-1144.82,2880.21,2668.8,211.41,-78.99,14,7,0
U008,28,2026-04-10,Friday,28,1068.4,2308.75,1432.18,876.57,-1250.84,2332.77,2308.75,24.02,-80.0,11,5,0
U009,28,2026-04-10,Friday,28,1552.6,2592.42,1786.81,805.61,-1027.75,2715.38,2592.42,122.96,-66.2,20,7,0
U010,28,2026-04-10,Friday,28,1508.85,2354.82,1478.54,876.28,-945.89,2484.33,2354.82,129.51,-62.69,13,7,0
U001,28,2026-04-11,Saturday,28,981.81,1757.33,1062.42,694.91,-743.16,2647.69,1757.33,890.36,-75.69,7,7,0
U002,28,2026-04-11,Saturday,28,1227.21,2432.58,1470.22,962.36,-1085.21,2180.7,2432.58,-251.88,-80.0,9,10,1
U003,28,2026-04-11,Saturday,28,1212.75,2674.76,1784.67,890.09,-1458.86,3179.19,2674.76,504.43,-80.0,18,5,0
U004,28,2026-04-11,Saturday,28,1153.72,1941.29,1191.26,750.03,-766.58,2579.68,1941.29,638.39,-66.44,7,7,0
U005,28,2026-04-11,Saturday,28,1716.95,2682.44,1570.7,1111.74,-933.17,3195.46,2682.44,513.02,-54.35,14,5,0
U006,28,2026-04-11,Saturday,28,1535.39,1922.96,1268.27,654.69,-293.14,2506.2,1922.96,583.24,-19.09,13,7,0
U007,28,2026-04-11,Saturday,28,1163.94,2741.52,1649.99,1091.53,-1691.65,3143.78,2741.52,402.26,-80.0,9,5,0
U008,28,2026-04-11,Saturday,28,1457.65,2162.71,1407.35,755.36,-721.2,1839.69,2162.71,-323.02,-49.48,21,10,1
U009,28,2026-04-11,Saturday,28,1460.75,2447.98,1406.34,1041.64,-890.6,3062.89,2447.98,614.91,-60.97,17,5,0
U010,28,2026-04-11,Saturday,28,1621.29,1859.77,1276.61,583.16,-274.62,2602.96,1859.77,743.19,-16.94,15,6,0
U001,29,2026-04-12,Sunday,29,1364.86,2958.08,2021.05,937.03,-1574.52,2365.57,2958.08,-592.51,-80.0,8,9,1
U002,29,2026-04-12,Sunday,29,1291.24,2063.36,1220.52,842.84,-742.03,2272.18,2063.36,208.82,-57.47,8,7,0
U003,29,2026-04-12,Sunday,29,1180.36,2575.08,1686.65,888.43,-1448.84,3557.05,2575.08,981.97,-80.0,8,6,0
U004,29,2026-04-12,Sunday,29,1635.92,1860.58,1165.03,695.55,-340.73,2064.11,1860.58,203.53,-20.83,21,7,0
U005,29,2026-04-12,Sunday,29,1062.35,2947.68,2042.06,905.62,-1917.71,3011.53,2947.68,63.85,-80.0,7,5,0
U006,29,2026-04-12,Sunday,29,1358.28,2071.25,1238.99,832.26,-774.23,2157.43,2071.25,86.18,-57.0,21,7,0
U007,29,2026-04-12,Sunday,29,1451.54,2308.94,1374.57,934.37,-772.5,2603.02,2308.94,294.08,-53.22,14,6,0
U008,29,2026-04-12,Sunday,29,1303.09,1862.38,1039.56,822.82,-562.03,2356.82,1862.38,494.44,-43.13,13,7,0
U009,29,2026-04-12,Sunday,29,1341.86,1904.43,1230.24,674.19,-613.1,3661.77,1904.43,1757.34,-45.69,10,7,0
U010,29,2026-04-12,Sunday,29,1273.99,2572.53,1618.58,953.95,-1204.55,2644.26,2572.53,71.73,-80.0,19,7,0
U001,29,2026-04-13,Monday,29,1391.57,2222.21,1327.32,894.89,-845.02,2866.62,2222.21,644.41,-60.72,21,5,0
U002,29,2026-04-13,Monday,29,1670.6,2148.39,1503.23,645.16,-501.16,2093.4,2148.39,-54.99,-30.0,13,10,1
U003,29,2026-04-13,Monday,29,1461.91,2405.45,1636.68,768.77,-893.53,3008.95,2405.45,603.5,-61.12,19,5,0
U004,29,2026-04-13,Monday,29,1536.52,1805.33,1010.42,794.91,-191.57,3207.48,1805.33,1402.15,-12.47,20,5,0
U005,29,2026-04-13,Monday,29,1415.1,2991.81,1803.98,1187.83,-1654.73,3398.86,2991.81,407.05,-80.0,10,5,0
U006,29,2026-04-13,Monday,29,1302.63,2880.2,1673.72,1206.48,-1548.77,2548.5,2880.2,-331.7,-80.0,15,9,1
U007,29,2026-04-13,Monday,29,1233.89,2806.76,1731.48,1075.28,-1581.76,3084.67,2806.76,277.91,-80.0,15,7,0
U008,29,2026-04-13,Monday,29,1454.31,2048.87,1302.48,746.39,-560.06,2035.02,2048.87,-13.85,-38.51,10,9,1
U009,29,2026-04-13,Monday,29,1010.28,2961.21,1918.51,1042.7,-1916.85,3284.24,2961.21,323.03,-80.0,15,7,0
U010,29,2026-04-13,Monday,29,1282.52,2210.54,1297.66,912.88,-993.99,2816.43,2210.54,605.89,-77.5,18,6,0
U001,29,2026-04-14,Tuesday,29,1380.79,2479.6,1542.44,937.16,-1118.89,2580.57,2479.6,100.97,-80.0,17,7,0
U002,29,2026-04-14,Tuesday,29,1296.48,1812.13,1168.6,643.53,-463.54,1966.98,1812.13,154.85,-35.75,19,7,0
U003,29,2026-04-14,Tuesday,29,1628.28,3015.2,2007.71,1007.49,-1326.2,3698.29,3015.2,683.09,-80.0,18,6,0
U004,29,2026-04-14,Tuesday,29,1642.76,1861.89,1071.79,790.1,-232.74,3082.83,1861.89,1220.94,-14.17,12,7,0
U005,29,2026-04-14,Tuesday,29,1284.01,3096.66,2135.99,960.67,-1855.28,3578.22,3096.66,481.56,-80.0,10,5,0
U006,29,2026-04-14,Tuesday,29,1637.38,2851.49,1651.23,1200.26,-1233.15,2238.48,2851.49,-613.01,-75.31,17,9,1
U007,29,2026-04-14,Tuesday,29,1623.47,2739.48,1753.61,985.87,-1145.1,3484.42,2739.48,744.94,-70.53,15,6,0
U008,29,2026-04-14,Tuesday,29,1149.34,2198.76,1229.59,969.17,-1078.26,1989.09,2198.76,-209.67,-80.0,8,10,1
U009,29,2026-04-14,Tuesday,29,1193.49,2605.64,1691.09,914.55,-1436.04,3113.82,2605.64,508.18,-80.0,15,6,0
U010,29,2026-04-14,Tuesday,29,1267.87,2473.49,1643.03,830.46,-1165.2,2592.26,2473.49,118.77,-80.0,16,7,0
U001,29,2026-04-15,Wednesday,29,1755.24,2726.32,1688.18,1038.14,-1021.96,3142.88,2726.32,416.56,-58.22,14,5,0
U002,29,2026-04-15,Wednesday,29,1184.29,1300.08,864.6,435.48,-80.66,2437.76,1300.08,1137.68,-6.81,19,5,0
U003,29,2026-04-15,Wednesday,29,1076.45,2965.24,1969.31,995.93,-1914.91,3575.1,2965.24,609.86,-80.0,11,6,0
U004,29,2026-04-15,Wednesday,29,1423.53,2358.32,1574.41,783.91,-909.58,2775.43,2358.32,417.11,-63.9,21,6,0
U005,29,2026-04-15,Wednesday,29,1255.39,2612.57,1714.78,897.79,-1342.46,2692.73,2612.57,80.16,-80.0,14,7,0
U006,29,2026-04-15,Wednesday,29,1159.27,2660.17,1514.3,1145.87,-1477.05,2074.06,2660.17,-586.11,-80.0,18,10,1
U007,29,2026-04-15,Wednesday,29,1521.98,2897.31,1601.49,1295.82,-1353.4,3095.45,2897.31,198.14,-80.0,15,5,0
U008,29,2026-04-15,Wednesday,29,1521.87,2325.8,1623.3,702.5,-844.56,2078.34,2325.8,-247.46,-55.49,9,10,1
U009,29,2026-04-15,Wednesday,29,1539.35,2491.9,1463.74,1028.16,-964.81,3233.1,2491.9,741.2,-62.68,18,7,0
U010,29,2026-04-15,Wednesday,29,1561.73,2959.72,1645.06,1314.66,-1410.66,2248.13,2959.72,-711.59,-80.0,10,10,1
U001,29,2026-04-16,Thursday,29,1287.7,2089.08,1175.73,913.35,-744.52,2265.14,2089.08,176.06,-57.82,20,6,0
U002,29,2026-04-16,Thursday,29,1404.97,1970.79,1201.22,769.57,-555.07,2519.37,1970.79,548.58,-39.51,11,5,0
U003,29,2026-04-16,Thursday,29,1320.62,3444.48,1993.95,1450.53,-2180.45,2999.82,3444.48,-444.66,-80.0,20,10,1
U004,29,2026-04-16,Thursday,29,1192.78,2401.97,1563.83,838.14,-1204.76,2359.54,2401.97,-42.43,-80.0,11,9,1
U005,29,2026-04-16,Thursday,29,1668.55,2472.52,1698.49,774.03,-835.57,3604.75,2472.52,1132.23,-50.08,19,7,0
U006,29,2026-04-16,Thursday,29,1637.91,1603.33,1015.07,588.26,39.29,2400.82,1603.33,797.49,2.4,20,7,0
U007,29,2026-04-16,Thursday,29,1589.82,2958.53,2025.84,932.69,-1371.4,2816.61,2958.53,-141.92,-80.0,19,10,1
U008,29,2026-04-16,Thursday,29,1247.56,1653.14,958.94,694.2,-417.73,2657.93,1653.14,1004.79,-33.48,9,5,0
U009,29,2026-04-16,Thursday,29,972.0,2961.15,1845.93,1115.22,-1990.37,2827.94,2961.15,-133.21,-80.0,6,10,1
U010,29,2026-04-16,Thursday,29,1570.02,2248.3,1242.8,1005.5,-572.67,2561.46,2248.3,313.16,-36.48,6,6,0
U001,29,2026-04-17,Friday,29,1694.81,2236.73,1440.01,796.72,-561.39,2620.74,2236.73,384.01,-33.12,8,6,0
U002,29,2026-04-17,Friday,29,1691.05,2316.45,1531.8,784.65,-533.86,1996.47,2316.45,-319.98,-31.57,19,9,1
U003,29,2026-04-17,Friday,29,1247.35,2719.12,1834.37,884.75,-1454.08,3402.24,2719.12,683.12,-80.0,17,7,0
U004,29,2026-04-17,Friday,29,1136.11,2005.35,1387.51,617.84,-841.66,3208.25,2005.35,1202.9,-74.08,17,5,0
U005,29,2026-04-17,Friday,29,1367.91,2460.98,1531.47,929.51,-1064.65,3090.59,2460.98,629.61,-77.83,13,6,0
U006,29,2026-04-17,Friday,29,1656.71,2248.38,1251.04,997.34,-529.16,2659.99,2248.38,411.61,-31.94,16,6,0
U007,29,2026-04-17,Friday,29,1490.05,2200.9,1225.23,975.67,-788.0,2570.81,2200.9,369.91,-52.88,7,6,0
U008,29,2026-04-17,Friday,29,1412.3,2268.49,1536.67,731.82,-836.75,1549.7,2268.49,-718.79,-59.25,15,9,1
U009,29,2026-04-17,Friday,29,1529.94,2967.95,1979.29,988.66,-1494.24,2843.47,2967.95,-124.48,-80.0,14,10,1
U010,29,2026-04-17,Friday,29,1768.67,2363.95,1310.33,1053.62,-559.76,2358.55,2363.95,-5.4,-31.65,8,9,1
U001,29,2026-04-18,Saturday,29,1438.27,2621.71,1450.97,1170.74,-1182.25,3035.77,2621.71,414.06,-80.0,12,6,0
U002,29,2026-04-18,Saturday,29,1450.08,1903.12,1138.56,764.56,-500.99,2305.44,1903.12,402.32,-34.55,20,6,0
U003,29,2026-04-18,Saturday,29,1520.46,2647.34,1723.29,924.05,-1056.93,2788.94,2647.34,141.6,-69.51,9,5,0
U004,29,2026-04-18,Saturday,29,1049.52,1993.71,1378.8,614.91,-868.08,1801.05,1993.71,-192.66,-80.0,20,9,1
U005,29,2026-04-18,Saturday,29,1368.74,2869.74,1934.96,934.78,-1617.61,3154.18,2869.74,284.44,-80.0,20,6,0
U006,29,2026-04-18,Saturday,29,1654.02,2058.82,1258.25,800.57,-410.53,2472.67,2058.82,413.85,-24.82,18,5,0
U007,29,2026-04-18,Saturday,29,1164.99,2187.63,1463.88,723.75,-1098.22,2781.65,2187.63,594.02,-80.0,6,5,0
U008,29,2026-04-18,Saturday,29,1348.76,2617.93,1791.85,826.08,-1339.57,1699.22,2617.93,-918.71,-80.0,9,10,1
U009,29,2026-04-18,Saturday,29,1474.79,2957.38,1882.32,1075.06,-1494.4,2740.1,2957.38,-217.28,-80.0,21,10,1
U010,29,2026-04-18,Saturday,29,1599.41,2524.41,1458.33,1066.08,-936.96,3225.76,2524.41,701.35,-58.58,17,6,0
U001,30,2026-04-19,Sunday,30,1368.1,2397.07,1365.6,1031.47,-1027.1,2656.84,2397.07,259.77,-75.07,20,7,0
U002,30,2026-04-19,Sunday,30,1535.98,2727.27,1747.91,979.36,-1203.34,2082.22,2727.27,-645.05,-78.34,18,10,1
U003,30,2026-04-19,Sunday,30,1399.65,2994.49,1738.77,1255.72,-1587.97,3320.38,2994.49,325.89,-80.0,14,7,0
U004,30,2026-04-19,Sunday,30,1090.62,1880.11,1133.47,746.64,-810.31,2056.02,1880.11,175.91,-74.3,18,6,0
U005,30,2026-04-19,Sunday,30,1370.08,3413.99,2185.24,1228.75,-1972.28,2761.68,3413.99,-652.31,-80.0,17,10,1
U006,30,2026-04-19,Sunday,30,1199.67,1877.8,1162.69,715.11,-723.65,2396.19,1877.8,518.39,-60.32,16,6,0
U007,30,2026-04-19,Sunday,30,1208.21,2665.11,1690.55,974.56,-1475.89,2864.21,2665.11,199.1,-80.0,15,6,0
U008,30,2026-04-19,Sunday,30,1300.48,1324.7,829.49,495.21,-28.4,2073.88,1324.7,749.18,-2.18,15,6,0
U009,30,2026-04-19,Sunday,30,1743.95,2875.25,1811.07,1064.18,-1142.33,2546.14,2875.25,-329.11,-65.5,15,10,1
U010,30,2026-04-19,Sunday,30,969.94,2134.18,1235.05,899.13,-1184.35,3039.86,2134.18,905.68,-80.0,15,5,0
U001,30,2026-04-20,Monday,30,1616.87,2400.2,1359.54,1040.66,-813.64,3416.71,2400.2,1016.51,-50.32,8,7,0
U002,30,2026-04-20,Monday,30,1208.13,2065.78,1443.78,622.0,-921.5,1951.02,2065.78,-114.76,-76.27,8,10,1
U003,30,2026-04-20,Monday,30,1693.22,2854.93,1708.07,1146.86,-1164.1,3287.74,2854.93,432.81,-68.75,17,7,0
U004,30,2026-04-20,Monday,30,1587.07,2440.77,1486.52,954.25,-861.47,2283.5,2440.77,-157.27,-54.28,21,9,1
U005,30,2026-04-20,Monday,30,1281.89,2884.6,1760.51,1124.09,-1719.77,3202.88,2884.6,318.28,-80.0,7,6,0
U006,30,2026-04-20,Monday,30,1320.94,2212.35,1448.16,764.19,-862.84,2555.18,2212.35,342.83,-65.32,18,5,0
U007,30,2026-04-20,Monday,30,1332.64,2537.2,1469.55,1067.65,-1144.67,2337.43,2537.2,-199.77,-80.0,11,10,1
U008,30,2026-04-20,Monday,30,1508.12,1725.13,994.53,730.6,-180.4,2006.51,1725.13,281.38,-11.96,20,6,0
U009,30,2026-04-20,Monday,30,1156.36,2455.51,1637.34,818.17,-1268.04,3299.13,2455.51,843.62,-80.0,21,5,0
U010,30,2026-04-20,Monday,30,1436.54,2361.53,1316.78,1044.75,-884.23,2245.64,2361.53,-115.89,-61.55,13,10,1
U001,30,2026-04-21,Tuesday,30,1759.98,3090.38,1751.53,1338.85,-1289.69,2622.65,3090.38,-467.73,-73.28,17,9,1
U002,30,2026-04-21,Tuesday,30,1421.15,2641.45,1743.11,898.34,-1219.12,2727.43,2641.45,85.98,-80.0,15,5,0
U003,30,2026-04-21,Tuesday,30,1416.27,2989.61,1849.1,1140.51,-1562.49,3296.58,2989.61,306.97,-80.0,6,6,0
U004,30,2026-04-21,Tuesday,30,1460.01,1601.86,957.64,644.22,-147.89,2398.83,1601.86,796.97,-10.13,9,7,0
U005,30,2026-04-21,Tuesday,30,1080.55,2928.02,1837.89,1090.13,-1803.16,3324.33,2928.02,396.31,-80.0,15,5,0
U006,30,2026-04-21,Tuesday,30,1557.89,2047.56,1229.31,818.25,-476.3,2974.88,2047.56,927.32,-30.57,13,6,0
U007,30,2026-04-21,Tuesday,30,1415.42,2667.06,1698.93,968.13,-1248.67,2957.82,2667.06,290.76,-80.0,16,6,0
U008,30,2026-04-21,Tuesday,30,900.61,1208.72,813.66,395.06,-300.99,2271.98,1208.72,1063.26,-33.42,14,7,0
U009,30,2026-04-21,Tuesday,30,1155.52,2363.52,1415.81,947.71,-1117.81,2794.3,2363.52,430.78,-80.0,19,6,0
U010,30,2026-04-21,Tuesday,30,1112.24,2113.22,1172.26,940.96,-1002.79,2255.86,2113.22,142.64,-80.0,11,6,0
U001,30,2026-04-22,Wednesday,30,1171.71,2418.61,1620.98,797.63,-1307.73,2802.42,2418.61,383.81,-80.0,18,6,0
U002,30,2026-04-22,Wednesday,30,1695.11,2025.88,1401.39,624.49,-311.15,3039.17,2025.88,1013.29,-18.36,21,7,0
U003,30,2026-04-22,Wednesday,30,1748.93,2718.92,1544.93,1173.99,-941.62,3324.74,2718.92,605.82,-53.84,6,6,0
U004,30,2026-04-22,Wednesday,30,1274.72,2294.34,1475.81,818.53,-1056.37,2767.78,2294.34,473.44,-80.0,13,5,0
U005,30,2026-04-22,Wednesday,30,1193.82,3168.63,2078.11,1090.52,-1931.24,3160.62,3168.63,-8.01,-80.0,11,10,1
U006,30,2026-04-22,Wednesday,30,1767.99,2002.11,1104.16,897.95,-237.44,2747.67,2002.11,745.56,-13.43,18,7,0
U007,30,2026-04-22,Wednesday,30,1295.72,2825.32,1925.29,900.03,-1554.85,2637.62,2825.32,-187.7,-80.0,18,10,1
U008,30,2026-04-22,Wednesday,30,1448.16,1952.23,1352.56,599.67,-253.71,1807.03,1952.23,-145.2,-17.52,11,10,1
U009,30,2026-04-22,Wednesday,30,1506.78,3240.71,2071.8,1168.91,-1812.21,2159.48,3240.71,-1081.23,-80.0,14,9,1
U010,30,2026-04-22,Wednesday,30,1512.49,1670.41,1000.66,669.75,-204.91,2625.1,1670.41,954.69,-13.55,11,5,0
U001,30,2026-04-23,Thursday,30,1367.38,1368.35,920.59,447.76,9.58,2559.24,1368.35,1190.89,0.7,18,5,0
U002,30,2026-04-23,Thursday,30,1349.27,2682.6,1582.08,1100.52,-1420.34,2244.72,2682.6,-437.88,-80.0,14,9,1
U003,30,2026-04-23,Thursday,30,1960.14,3229.73,1985.81,1243.92,-1269.32,2976.84,3229.73,-252.89,-64.76,20,10,1
U004,30,2026-04-23,Thursday,30,1167.22,1943.91,1108.39,835.52,-797.13,2838.57,1943.91,894.66,-68.29,15,6,0
U005,30,2026-04-23,Thursday,30,1688.17,3322.79,1879.39,1443.4,-1591.16,3022.45,3322.79,-300.34,-80.0,17,10,1
U006,30,2026-04-23,Thursday,30,1307.4,2284.36,1341.35,943.01,-847.74,2333.83,2284.36,49.47,-64.84,14,7,0
U007,30,2026-04-23,Thursday,30,1307.6,2406.66,1521.92,884.74,-1137.24,2752.7,2406.66,346.04,-80.0,15,6,0
U008,30,2026-04-23,Thursday,30,1785.98,2388.14,1448.27,939.87,-584.92,2704.17,2388.14,316.03,-32.75,7,6,0
U009,30,2026-04-23,Thursday,30,1560.02,2717.27,1807.58,909.69,-1158.76,3019.8,2717.27,302.53,-74.28,18,6,0
U010,30,2026-04-23,Thursday,30,1266.52,1437.06,883.68,553.38,-176.47,2500.61,1437.06,1063.55,-13.93,11,7,0
U001,30,2026-04-24,Friday,30,1361.99,2086.99,1306.98,780.01,-723.57,2450.76,2086.99,363.77,-53.13,18,6,0
U002,30,2026-04-24,Friday,30,1492.7,2029.27,1172.0,857.27,-688.83,2454.18,2029.27,424.91,-46.15,8,7,0
U003,30,2026-04-24,Friday,30,1218.64,2831.64,1734.37,1097.27,-1670.0,2534.45,2831.64,-297.19,-80.0,11,10,1
U004,30,2026-04-24,Friday,30,1506.76,2284.86,1297.61,987.25,-729.91,2711.77,2284.86,426.91,-48.44,17,5,0
U005,30,2026-04-24,Friday,30,1601.54,2983.07,1993.68,989.39,-1450.99,3358.15,2983.07,375.08,-80.0,17,7,0
U006,30,2026-04-24,Friday,30,1355.16,2121.61,1318.89,802.72,-805.4,2080.46,2121.61,-41.15,-59.43,10,9,1
U007,30,2026-04-24,Friday,30,1548.26,2939.69,1820.76,1118.93,-1424.54,2552.85,2939.69,-386.84,-80.0,13,10,1
U008,30,2026-04-24,Friday,30,1570.02,1546.54,868.6,677.94,38.23,2338.81,1546.54,792.27,2.44,20,7,0
U009,30,2026-04-24,Friday,30,979.5,2659.97,1802.74,857.23,-1654.76,2596.2,2659.97,-63.77,-80.0,21,9,1
U010,30,2026-04-24,Friday,30,1333.27,1955.81,1359.51,596.3,-601.59,2352.64,1955.81,396.83,-45.12,7,7,0
U001,30,2026-04-25,Saturday,30,1209.27,2238.43,1439.53,798.9,-981.01,2967.28,2238.43,728.85,-80.0,6,6,0
U002,30,2026-04-25,Saturday,30,1170.68,2340.6,1528.41,812.19,-1189.92,2516.28,2340.6,175.68,-80.0,9,6,0
U003,30,2026-04-25,Saturday,30,1123.07,2709.48,1799.41,910.07,-1646.51,2807.9,2709.48,98.42,-80.0,15,7,0
U004,30,2026-04-25,Saturday,30,1619.41,1763.73,1076.87,686.86,-113.0,2904.39,1763.73,1140.66,-6.98,8,6,0
U005,30,2026-04-25,Saturday,30,1089.66,2572.13,1778.79,793.34,-1510.1,3269.28,2572.13,697.15,-80.0,6,5,0
U006,30,2026-04-25,Saturday,30,983.67,1686.37,1150.65,535.72,-710.55,2524.24,1686.37,837.87,-72.23,13,5,0
U007,30,2026-04-25,Saturday,30,1630.13,2540.86,1540.96,999.9,-868.22,2896.35,2540.86,355.49,-53.26,8,7,0
U008,30,2026-04-25,Saturday,30,1241.18,1784.22,1063.59,720.63,-558.11,2164.03,1784.22,379.81,-44.97,9,5,0
U009,30,2026-04-25,Saturday,30,1520.4,3183.44,2005.85,1177.59,-1654.16,3029.9,3183.44,-153.54,-80.0,13,10,1
U010,30,2026-04-25,Saturday,30,1480.85,1968.38,1247.14,721.24,-383.88,2312.38,1968.38,344.0,-25.92,9,6,0
U001,31,2026-04-26,Sunday,31,1503.59,2666.36,1841.57,824.79,-1211.22,2728.6,2666.36,62.24,-80.0,15,6,0
U002,31,2026-04-26,Sunday,31,1659.4,2315.07,1403.69,911.38,-743.4,2316.37,2315.07,1.3,-44.8,21,6,0
U003,31,2026-04-26,Sunday,31,1206.64,2403.85,1555.93,847.92,-1229.38,3154.98,2403.85,751.13,-80.0,17,6,0
U004,31,2026-04-26,Sunday,31,1242.72,2912.99,1890.28,1022.71,-1726.02,2317.47,2912.99,-595.52,-80.0,6,9,1
U005,31,2026-04-26,Sunday,31,1398.21,2710.88,1892.25,818.63,-1295.73,3538.93,2710.88,828.05,-80.0,19,5,0
U006,31,2026-04-26,Sunday,31,1227.49,2817.82,1868.57,949.25,-1557.68,2426.46,2817.82,-391.36,-80.0,14,9,1
U007,31,2026-04-26,Sunday,31,1537.06,2005.01,1292.23,712.78,-493.44,3010.36,2005.01,1005.35,-32.1,18,7,0
U008,31,2026-04-26,Sunday,31,1435.83,1959.18,1320.38,638.8,-514.39,2213.38,1959.18,254.2,-35.83,21,5,0
U009,31,2026-04-26,Sunday,31,1547.44,2796.49,1671.46,1125.03,-1326.96,3571.19,2796.49,774.7,-80.0,6,5,0
U010,31,2026-04-26,Sunday,31,1438.12,2702.33,1577.95,1124.38,-1281.83,2728.17,2702.33,25.84,-80.0,20,5,0
U001,31,2026-04-27,Monday,31,1331.14,2533.85,1649.76,884.09,-1202.72,3469.1,2533.85,935.25,-80.0,10,7,0
U002,31,2026-04-27,Monday,31,1673.24,2171.14,1455.46,715.68,-466.98,2585.03,2171.14,413.89,-27.91,11,7,0
U003,31,2026-04-27,Monday,31,1568.24,2571.85,1701.82,870.03,-1033.32,2978.24,2571.85,406.39,-65.89,9,6,0
U004,31,2026-04-27,Monday,31,1652.16,2469.52,1509.07,960.45,-780.31,2466.46,2469.52,-3.06,-47.23,15,9,1
U005,31,2026-04-27,Monday,31,1577.74,3097.96,2041.72,1056.24,-1529.16,2945.21,3097.96,-152.75,-80.0,11,9,1
U006,31,2026-04-27,Monday,31,1547.93,2207.11,1509.4,697.71,-820.94,2796.35,2207.11,589.24,-53.03,18,6,0
U007,31,2026-04-27,Monday,31,1279.32,1801.19,1102.88,698.31,-456.62,2826.22,1801.19,1025.03,-35.69,18,5,0
U008,31,2026-04-27,Monday,31,1308.7,1517.54,850.26,667.28,-181.36,2474.71,1517.54,957.17,-13.86,16,6,0
U009,31,2026-04-27,Monday,31,1340.2,1911.83,1336.64,575.19,-645.13,2821.27,1911.83,909.44,-48.14,11,6,0
U010,31,2026-04-27,Monday,31,1668.05,2862.27,1994.55,867.72,-1247.18,2651.52,2862.27,-210.75,-74.77,10,10,1
U001,31,2026-04-28,Tuesday,31,1403.06,2428.19,1656.17,772.02,-1078.06,3072.11,2428.19,643.92,-76.84,17,5,0
U002,31,2026-04-28,Tuesday,31,1411.27,2679.36,1582.58,1096.78,-1231.69,3070.55,2679.36,391.19,-80.0,16,6,0
U003,31,2026-04-28,Tuesday,31,1408.79,3207.7,1825.52,1382.18,-1773.93,3462.75,3207.7,255.05,-80.0,14,7,0
U004,31,2026-04-28,Tuesday,31,1381.62,2128.77,1224.92,903.85,-763.72,2523.97,2128.77,395.2,-55.28,16,5,0
U005,31,2026-04-28,Tuesday,31,1020.99,3069.63,1933.01,1136.62,-2040.02,2482.49,3069.63,-587.14,-80.0,9,10,1
U006,31,2026-04-28,Tuesday,31,1437.1,2375.33,1402.71,972.62,-951.23,2666.79,2375.33,291.46,-66.19,14,5,0
U007,31,2026-04-28,Tuesday,31,1596.61,1941.7,1299.89,641.81,-384.0,3241.35,1941.7,1299.65,-24.05,7,5,0
U008,31,2026-04-28,Tuesday,31,1477.11,2037.03,1366.54,670.49,-494.76,2213.73,2037.03,176.7,-33.5,19,6,0
U009,31,2026-04-28,Tuesday,31,1577.86,3201.8,2008.28,1193.52,-1540.02,2419.51,3201.8,-782.29,-80.0,15,9,1
U010,31,2026-04-28,Tuesday,31,1698.04,2635.63,1765.04,870.59,-1005.92,2534.91,2635.63,-100.72,-59.24,15,10,1
U001,31,2026-04-29,Wednesday,31,1533.05,2770.66,1764.06,1006.6,-1257.16,2733.79,2770.66,-36.87,-80.0,8,10,1
U002,31,2026-04-29,Wednesday,31,1229.84,2531.47,1691.01,840.46,-1260.5,1924.42,2531.47,-607.05,-80.0,7,10,1
U003,31,2026-04-29,Wednesday,31,1484.55,2440.73,1376.25,1064.48,-1008.39,3465.6,2440.73,1024.87,-67.93,21,5,0
U004,31,2026-04-29,Wednesday,31,1560.75,2348.01,1522.16,825.85,-686.54,2345.77,2348.01,-2.24,-43.99,11,9,1
U005,31,2026-04-29,Wednesday,31,1440.69,3232.23,1801.73,1430.5,-1761.9,3051.73,3232.23,-180.5,-80.0,19,9,1
U006,31,2026-04-29,Wednesday,31,1424.86,2162.19,1464.68,697.51,-697.35,2780.93,2162.19,618.74,-48.94,6,7,0
U007,31,2026-04-29,Wednesday,31,1456.96,2292.9,1285.37,1007.53,-787.69,3295.69,2292.9,1002.79,-54.06,14,5,0
U008,31,2026-04-29,Wednesday,31,1276.66,1342.0,843.29,498.71,-100.57,2344.06,1342.0,1002.06,-7.88,17,5,0
U009,31,2026-04-29,Wednesday,31,1116.21,1961.22,1320.08,641.14,-832.85,3019.02,1961.22,1057.8,-74.61,11,6,0
U010,31,2026-04-29,Wednesday,31,1191.61,1800.48,1055.48,745.0,-650.25,2195.13,1800.48,394.65,-54.57,19,7,0
U001,31,2026-04-30,Thursday,31,1843.3,2073.24,1241.47,831.77,-191.17,2922.65,2073.24,849.41,-10.37,12,7,0
U002,31,2026-04-30,Thursday,31,1129.54,2427.77,1550.06,877.71,-1347.39,3122.14,2427.77,694.37,-80.0,19,7,0
U003,31,2026-04-30,Thursday,31,1441.49,3155.49,2040.26,1115.23,-1728.87,3468.09,3155.49,312.6,-80.0,7,6,0
U004,31,2026-04-30,Thursday,31,1344.89,2384.67,1460.34,924.33,-1028.54,2529.74,2384.67,145.07,-76.48,12,6,0
U005,31,2026-04-30,Thursday,31,1371.02,2777.91,1743.08,1034.83,-1461.51,3929.03,2777.91,1151.12,-80.0,17,7,0
U006,31,2026-04-30,Thursday,31,1678.43,2495.85,1426.06,1069.79,-800.29,2893.89,2495.85,398.04,-47.68,21,7,0
U007,31,2026-04-30,Thursday,31,1242.67,2756.16,1756.82,999.34,-1510.55,2548.69,2756.16,-207.47,-80.0,11,9,1
U008,31,2026-04-30,Thursday,31,1270.13,2196.02,1475.05,720.97,-870.08,1844.29,2196.02,-351.73,-68.5,9,9,1
U009,31,2026-04-30,Thursday,31,1423.91,2807.58,1891.71,915.87,-1366.88,3210.54,2807.58,402.96,-80.0,7,6,0
U010,31,2026-04-30,Thursday,31,851.2,2150.27,1285.64,864.63,-1253.29,2542.36,2150.27,392.09,-80.0,8,5,0
U001,31,2026-05-01,Friday,31,1365.78,2003.85,1317.42,686.43,-670.86,2293.9,2003.85,290.05,-49.12,14,7,0
U002,31,2026-05-01,Friday,31,1488.56,1690.43,1073.53,616.9,-147.08,2088.64,1690.43,398.21,-9.88,9,5,0
U003,31,2026-05-01,Friday,31,1514.67,2978.28,2022.72,955.56,-1603.33,2722.38,2978.28,-255.9,-80.0,10,10,1
U004,31,2026-05-01,Friday,31,1477.36,2745.78,1647.79,1097.99,-1278.95,2589.95,2745.78,-155.83,-80.0,10,10,1
U005,31,2026-05-01,Friday,31,1571.97,2440.35,1629.47,810.88,-905.1,3108.45,2440.35,668.1,-57.58,12,5,0
U006,31,2026-05-01,Friday,31,1426.01,2008.43,1154.56,853.87,-570.86,2755.0,2008.43,746.57,-40.03,8,6,0
U007,31,2026-05-01,Friday,31,1673.92,2757.09,1680.05,1077.04,-1004.74,2803.63,2757.09,46.54,-60.02,11,5,0
U008,31,2026-05-01,Friday,31,1498.53,1772.19,994.27,777.92,-272.73,2477.89,1772.19,705.7,-18.2,21,7,0
U009,31,2026-05-01,Friday,31,1384.15,2360.61,1473.98,886.63,-1155.5,2630.52,2360.61,269.91,-80.0,13,5,0
U010,31,2026-05-01,Friday,31,1180.0,1868.18,1185.69,682.49,-718.9,2528.33,1868.18,660.15,-60.92,6,5,0
U001,31,2026-05-02,Saturday,31,1234.53,2053.66,1355.87,697.79,-788.35,2769.9,2053.66,716.24,-63.86,14,6,0
U002,31,2026-05-02,Saturday,31,1476.31,1804.43,1167.64,636.79,-282.62,1989.31,1804.43,184.88,-19.14,17,6,0
U003,31,2026-05-02,Saturday,31,1567.63,2575.67,1615.72,959.95,-1056.27,3226.28,2575.67,650.61,-67.38,9,7,0
U004,31,2026-05-02,Saturday,31,1613.29,2667.68,1508.02,1159.66,-1018.01,2699.45,2667.68,31.77,-63.1,13,6,0
U005,31,2026-05-02,Saturday,31,1447.4,2245.85,1426.84,819.01,-802.92,3317.09,2245.85,1071.24,-55.47,17,7,0
U006,31,2026-05-02,Saturday,31,1412.16,1995.43,1319.74,675.69,-549.37,2766.36,1995.43,770.93,-38.9,18,6,0
U007,31,2026-05-02,Saturday,31,1490.82,2799.23,1602.31,1196.92,-1216.51,2699.88,2799.23,-99.35,-80.0,10,10,1
U008,31,2026-05-02,Saturday,31,1469.41,2148.15,1426.39,721.76,-728.22,1978.9,2148.15,-169.25,-49.56,15,10,1
U009,31,2026-05-02,Saturday,31,1268.63,3038.36,1792.23,1246.13,-1677.09,3691.38,3038.36,653.02,-80.0,15,5,0
U010,31,2026-05-02,Saturday,31,1296.22,2575.81,1629.09,946.72,-1254.0,2476.35,2575.81,-99.46,-80.0,15,9,1
U001,32,2026-05-03,Sunday,32,1285.12,2825.52,1593.97,1231.55,-1590.24,2573.19,2825.52,-252.33,-80.0,21,9,1
U002,32,2026-05-03,Sunday,32,1385.01,2090.46,1236.44,854.02,-732.58,2053.09,2090.46,-37.37,-52.89,10,10,1
U003,32,2026-05-03,Sunday,32,1696.04,2478.35,1386.59,1091.76,-828.26,3333.78,2478.35,855.43,-48.83,8,5,0
U004,32,2026-05-03,Sunday,32,1668.43,2140.77,1340.93,799.84,-346.69,2509.67,2140.77,368.9,-20.78,12,6,0
U005,32,2026-05-03,Sunday,32,1267.83,2347.36,1613.76,733.6,-1079.37,3064.56,2347.36,717.2,-80.0,17,5,0
U006,32,2026-05-03,Sunday,32,889.19,2715.16,1509.94,1205.22,-1815.85,2697.42,2715.16,-17.74,-80.0,18,9,1
U007,32,2026-05-03,Sunday,32,1557.87,2404.96,1488.62,916.34,-952.33,2960.12,2404.96,555.16,-61.13,8,6,0
U008,32,2026-05-03,Sunday,32,1379.02,2182.98,1237.57,945.41,-834.16,2371.02,2182.98,188.04,-60.49,21,5,0
U009,32,2026-05-03,Sunday,32,1544.35,3034.32,1828.84,1205.48,-1547.32,3598.94,3034.32,564.62,-80.0,13,5,0
U010,32,2026-05-03,Sunday,32,1298.24,2791.38,1699.5,1091.88,-1500.54,1999.51,2791.38,-791.87,-80.0,15,9,1
U001,32,2026-05-04,Monday,32,1486.07,2180.79,1378.87,801.92,-670.08,2679.98,2180.79,499.19,-45.09,18,7,0
U002,32,2026-05-04,Monday,32,1457.03,1889.61,1185.11,704.5,-348.2,3001.11,1889.61,1111.5,-23.9,17,6,0
U003,32,2026-05-04,Monday,32,1377.86,2783.94,1797.6,986.34,-1457.1,3256.01,2783.94,472.07,-80.0,9,6,0
U004,32,2026-05-04,Monday,32,1316.87,2700.6,1547.72,1152.88,-1406.68,2733.01,2700.6,32.41,-80.0,18,7,0
U005,32,2026-05-04,Monday,32,1656.81,2829.46,1860.64,968.82,-1218.84,3257.47,2829.46,428.01,-73.57,14,7,0
U006,32,2026-05-04,Monday,32,1235.44,2523.28,1596.78,926.5,-1294.47,2239.01,2523.28,-284.27,-80.0,21,10,1
U007,32,2026-05-04,Monday,32,1406.08,2325.27,1493.14,832.13,-937.73,2749.95,2325.27,424.68,-66.69,8,7,0
U008,32,2026-05-04,Monday,32,1541.31,2112.88,1307.35,805.53,-609.15,2281.17,2112.88,168.29,-39.52,12,5,0
U009,32,2026-05-04,Monday,32,1439.6,2887.33,1845.87,1041.46,-1469.49,3049.92,2887.33,162.59,-80.0,17,6,0
U010,32,2026-05-04,Monday,32,1353.73,2776.91,1676.67,1100.24,-1352.41,2764.19,2776.91,-12.72,-80.0,18,10,1
U001,32,2026-05-05,Tuesday,32,1685.68,2342.55,1587.12,755.43,-714.81,2975.05,2342.55,632.5,-42.4,16,6,0
U002,32,2026-05-05,Tuesday,32,1099.76,1785.86,1001.22,784.64,-678.21,2466.78,1785.86,680.92,-61.67,21,5,0
U003,32,2026-05-05,Tuesday,32,1159.4,2619.75,1574.87,1044.88,-1559.52,2516.6,2619.75,-103.15,-80.0,17,10,1
U004,32,2026-05-05,Tuesday,32,1457.1,2216.89,1551.56,665.33,-668.34,2157.3,2216.89,-59.59,-45.87,18,10,1
U005,32,2026-05-05,Tuesday,32,1586.94,2665.3,1864.79,800.51,-1122.69,2892.23,2665.3,226.93,-70.75,19,7,0
U006,32,2026-05-05,Tuesday,32,1215.52,1946.1,1296.72,649.38,-728.47,2710.37,1946.1,764.27,-59.93,14,6,0
U007,32,2026-05-05,Tuesday,32,1735.34,2571.53,1628.91,942.62,-781.88,3049.88,2571.53,478.35,-45.06,16,6,0
U008,32,2026-05-05,Tuesday,32,1110.24,1395.12,915.61,479.51,-371.35,2351.28,1395.12,956.16,-33.45,17,6,0
U009,32,2026-05-05,Tuesday,32,1393.4,2074.46,1243.71,830.75,-674.97,2669.14,2074.46,594.68,-48.44,14,6,0
U010,32,2026-05-05,Tuesday,32,1614.74,2562.51,1494.62,1067.89,-821.24,2303.2,2562.51,-259.31,-50.86,7,10,1
U001,32,2026-05-06,Wednesday,32,1693.27,2096.72,1198.89,897.83,-382.52,2946.38,2096.72,849.66,-22.59,17,5,0
U002,32,2026-05-06,Wednesday,32,1403.93,2176.71,1492.42,684.29,-826.89,2529.96,2176.71,353.25,-58.9,7,6,0
U003,32,2026-05-06,Wednesday,32,1517.71,3085.5,1954.43,1131.07,-1649.86,3170.63,3085.5,85.13,-80.0,11,5,0
U004,32,2026-05-06,Wednesday,32,1606.69,2493.8,1704.04,789.76,-920.66,2951.43,2493.8,457.63,-57.3,19,5,0
U005,32,2026-05-06,Wednesday,32,1190.5,3044.17,1738.43,1305.74,-1721.85,3074.95,3044.17,30.78,-80.0,13,5,0
U006,32,2026-05-06,Wednesday,32,1318.2,2029.0,1168.74,860.26,-661.19,2098.58,2029.0,69.58,-50.16,14,5,0
U007,32,2026-05-06,Wednesday,32,1059.75,2428.79,1360.43,1068.36,-1357.62,2735.49,2428.79,306.7,-80.0,11,7,0
U008,32,2026-05-06,Wednesday,32,1440.04,2257.59,1400.02,857.57,-797.31,2422.34,2257.59,164.75,-55.37,6,7,0
U009,32,2026-05-06,Wednesday,32,1629.17,2502.9,1603.72,899.18,-857.07,3307.1,2502.9,804.2,-52.61,17,6,0
U010,32,2026-05-06,Wednesday,32,968.13,2873.54,1931.16,942.38,-1837.37,2789.85,2873.54,-83.69,-80.0,16,10,1
U001,32,2026-05-07,Thursday,32,1109.39,2401.36,1351.71,1049.65,-1308.49,2220.2,2401.36,-181.16,-80.0,16,10,1
U002,32,2026-05-07,Thursday,32,1685.88,2369.1,1416.37,952.73,-645.23,2246.37,2369.1,-122.73,-38.27,18,10,1
U003,32,2026-05-07,Thursday,32,1535.52,2671.55,1469.42,1202.13,-1052.26,2815.65,2671.55,144.1,-68.53,9,6,0
U004,32,2026-05-07,Thursday,32,1429.62,1942.12,1314.03,628.09,-517.5,2418.89,1942.12,476.77,-36.2,21,7,0
U005,32,2026-05-07,Thursday,32,1090.81,2435.83,1509.58,926.25,-1399.9,3209.16,2435.83,773.33,-80.0,12,6,0
U006,32,2026-05-07,Thursday,32,1472.1,1838.79,1023.37,815.42,-405.31,2673.17,1838.79,834.38,-27.53,12,7,0
U007,32,2026-05-07,Thursday,32,1166.04,2663.94,1707.91,956.03,-1477.97,2479.93,2663.94,-184.01,-80.0,17,10,1
U008,32,2026-05-07,Thursday,32,1570.74,2318.57,1600.03,718.54,-776.48,2041.3,2318.57,-277.27,-49.43,20,9,1
U009,32,2026-05-07,Thursday,32,1527.03,2608.44,1637.5,970.94,-1063.66,2841.53,2608.44,233.09,-69.66,16,7,0
U010,32,2026-05-07,Thursday,32,1511.27,2225.41,1394.73,830.68,-750.65,2577.8,2225.41,352.39,-49.67,16,5,0
U001,32,2026-05-08,Friday,32,1593.44,2947.73,1904.89,1042.84,-1449.79,2770.58,2947.73,-177.15,-80.0,6,10,1
U002,32,2026-05-08,Friday,32,1421.23,1993.77,1230.95,762.82,-627.18,2326.23,1993.77,332.46,-44.13,11,5,0
U003,32,2026-05-08,Friday,32,1370.01,3351.73,1892.24,1459.49,-2029.06,2879.63,3351.73,-472.1,-80.0,15,10,1
U004,32,2026-05-08,Friday,32,1435.75,2266.29,1542.29,724.0,-838.27,2839.31,2266.29,573.02,-58.39,18,6,0
U005,32,2026-05-08,Friday,32,1104.5,2519.56,1676.2,843.36,-1450.78,2729.92,2519.56,210.36,-80.0,7,7,0
U006,32,2026-05-08,Friday,32,1134.01,2130.84,1297.56,833.28,-934.92,2581.41,2130.84,450.57,-80.0,21,6,0
U007,32,2026-05-08,Friday,32,1299.71,2090.33,1358.95,731.38,-828.87,2558.8,2090.33,468.47,-63.77,6,7,0
U008,32,2026-05-08,Friday,32,1493.39,1012.17,676.06,336.11,518.62,2018.74,1012.17,1006.57,34.73,21,7,0
U009,32,2026-05-08,Friday,32,1580.73,2611.58,1785.93,825.65,-1024.65,2773.31,2611.58,161.73,-64.82,15,7,0
U010,32,2026-05-08,Friday,32,1204.44,2043.64,1357.32,686.32,-848.62,2528.35,2043.64,484.71,-70.46,16,7,0
U001,32,2026-05-09,Saturday,32,1385.07,2822.84,1648.92,1173.92,-1461.6,2910.74,2822.84,87.9,-80.0,17,7,0
U002,32,2026-05-09,Saturday,32,1458.53,1947.15,1203.8,743.35,-528.03,2784.61,1947.15,837.46,-36.2,7,6,0
U003,32,2026-05-09,Saturday,32,1516.99,2021.97,1129.75,892.22,-513.03,2974.13,2021.97,952.16,-33.82,21,7,0
U004,32,2026-05-09,Saturday,32,1427.99,1982.5,1234.94,747.56,-570.32,3052.36,1982.5,1069.86,-39.94,9,7,0
U005,32,2026-05-09,Saturday,32,1807.08,2867.79,1622.44,1245.35,-1072.63,2613.21,2867.79,-254.58,-59.36,15,9,1
U006,32,2026-05-09,Saturday,32,1478.48,2527.46,1522.07,1005.39,-1072.98,2466.93,2527.46,-60.53,-72.57,17,10,1
U007,32,2026-05-09,Saturday,32,1171.51,2843.0,1856.87,986.13,-1702.6,2880.94,2843.0,37.94,-80.0,11,6,0
U008,32,2026-05-09,Saturday,32,1146.43,2525.33,1595.49,929.84,-1366.83,2161.25,2525.33,-364.08,-80.0,7,9,1
U009,32,2026-05-09,Saturday,32,1098.72,2243.35,1243.74,999.61,-1192.81,2552.23,2243.35,308.88,-80.0,8,5,0
U010,32,2026-05-09,Saturday,32,829.75,2460.22,1672.94,787.28,-1720.28,2767.5,2460.22,307.28,-80.0,19,6,0
U001,33,2026-05-10,Sunday,33,1224.48,2598.81,1568.02,1030.79,-1365.39,2127.01,2598.81,-471.8,-80.0,15,10,1
U002,33,2026-05-10,Sunday,33,1282.06,2579.33,1601.0,978.33,-1301.79,1941.73,2579.33,-637.6,-80.0,11,10,1
U003,33,2026-05-10,Sunday,33,1460.28,2386.56,1475.46,911.1,-995.81,3179.21,2386.56,792.65,-68.19,15,7,0
U004,33,2026-05-10,Sunday,33,1477.72,2757.58,1822.43,935.15,-1225.38,2286.31,2757.58,-471.27,-80.0,6,10,1
U005,33,2026-05-10,Sunday,33,1425.24,2755.54,1589.29,1166.25,-1372.84,3489.47,2755.54,733.93,-80.0,9,7,0
U006,33,2026-05-10,Sunday,33,1263.3,1917.35,1095.43,821.92,-633.54,2116.29,1917.35,198.94,-50.15,18,6,0
U007,33,2026-05-10,Sunday,33,1167.4,2415.18,1362.58,1052.6,-1195.67,3284.64,2415.18,869.46,-80.0,17,5,0
U008,33,2026-05-10,Sunday,33,1291.87,1628.8,1086.7,542.1,-382.43,1936.39,1628.8,307.59,-29.6,21,6,0
U009,33,2026-05-10,Sunday,33,1400.16,2809.63,1740.56,1069.07,-1427.78,2920.7,2809.63,111.07,-80.0,7,7,0
U010,33,2026-05-10,Sunday,33,1353.95,2687.3,1764.39,922.91,-1346.32,2613.55,2687.3,-73.75,-80.0,13,10,1
U001,33,2026-05-11,Monday,33,1408.65,2403.45,1396.95,1006.5,-1085.89,3081.7,2403.45,678.25,-77.09,11,6,0
U002,33,2026-05-11,Monday,33,1468.62,2492.88,1557.92,934.96,-1134.54,2287.5,2492.88,-205.38,-77.25,16,10,1
U003,33,2026-05-11,Monday,33,1534.18,2849.45,1728.72,1120.73,-1320.96,2849.97,2849.45,0.52,-80.0,20,6,0
U004,33,2026-05-11,Monday,33,1406.45,2397.56,1574.75,822.81,-1029.21,2431.05,2397.56,33.49,-73.18,20,5,0
U005,33,2026-05-11,Monday,33,1357.62,3150.07,2023.89,1126.18,-1775.43,2866.81,3150.07,-283.26,-80.0,16,10,1
U006,33,2026-05-11,Monday,33,1222.37,2612.15,1504.47,1107.68,-1279.37,2629.38,2612.15,17.23,-80.0,21,5,0
U007,33,2026-05-11,Monday,33,1632.44,2215.15,1275.54,939.61,-699.89,2658.02,2215.15,442.87,-42.87,20,7,0
U008,33,2026-05-11,Monday,33,1454.86,1767.02,1134.82,632.2,-236.64,2259.12,1767.02,492.1,-16.27,16,5,0
U009,33,2026-05-11,Monday,33,1322.49,2893.62,1970.91,922.71,-1499.38,2818.18,2893.62,-75.44,-80.0,16,9,1
U010,33,2026-05-11,Monday,33,1566.18,2118.17,1301.75,816.42,-569.16,2473.34,2118.17,355.17,-36.34,6,5,0
U001,33,2026-05-12,Tuesday,33,1323.18,2888.44,2000.01,888.43,-1551.54,3338.84,2888.44,450.4,-80.0,17,7,0
U002,33,2026-05-12,Tuesday,33,1317.45,1911.4,1115.91,795.49,-540.81,2170.81,1911.4,259.41,-41.05,7,6,0
U003,33,2026-05-12,Tuesday,33,1188.05,2609.82,1628.74,981.08,-1407.73,3270.9,2609.82,661.08,-80.0,20,6,0
U004,33,2026-05-12,Tuesday,33,1175.01,2324.14,1622.51,701.63,-1156.19,2674.92,2324.14,350.78,-80.0,7,7,0
U005,33,2026-05-12,Tuesday,33,1077.55,2730.26,1540.67,1189.59,-1579.42,3517.56,2730.26,787.3,-80.0,11,6,0
U006,33,2026-05-12,Tuesday,33,1650.83,2563.02,1449.75,1113.27,-859.57,2813.07,2563.02,250.05,-52.07,10,7,0
U007,33,2026-05-12,Tuesday,33,1379.61,2356.33,1614.98,741.35,-1004.84,2394.02,2356.33,37.69,-72.84,14,6,0
U008,33,2026-05-12,Tuesday,33,1797.0,1811.08,1026.3,784.78,-62.34,1881.17,1811.08,70.09,-3.47,15,7,0
U009,33,2026-05-12,Tuesday,33,1479.38,2659.5,1851.43,808.07,-1117.3,2788.67,2659.5,129.17,-75.52,20,5,0
U010,33,2026-05-12,Tuesday,33,1430.19,2248.03,1521.01,727.02,-839.01,2703.72,2248.03,455.69,-58.66,19,6,0
U001,33,2026-05-13,Wednesday,33,1675.76,3062.35,1883.74,1178.61,-1417.94,2448.26,3062.35,-614.09,-80.0,13,10,1
U002,33,2026-05-13,Wednesday,33,1225.47,2061.85,1271.84,790.01,-975.42,2484.28,2061.85,422.43,-79.6,6,7,0
U003,33,2026-05-13,Wednesday,33,1493.6,3342.44,2079.86,1262.58,-1817.83,3484.13,3342.44,141.69,-80.0,9,5,0
U004,33,2026-05-13,Wednesday,33,941.54,2524.4,1614.16,910.24,-1591.41,3117.25,2524.4,592.85,-80.0,20,6,0
U005,33,2026-05-13,Wednesday,33,1240.3,2920.51,1661.96,1258.55,-1658.04,3318.39,2920.51,397.88,-80.0,11,5,0
U006,33,2026-05-13,Wednesday,33,1611.28,2016.76,1144.75,872.01,-449.23,2587.95,2016.76,571.19,-27.88,21,7,0
U007,33,2026-05-13,Wednesday,33,1487.78,2019.29,1260.47,758.82,-571.22,2785.33,2019.29,766.04,-38.39,12,6,0
U008,33,2026-05-13,Wednesday,33,1235.43,2063.63,1241.62,822.01,-839.63,2115.88,2063.63,52.25,-67.96,9,5,0
U009,33,2026-05-13,Wednesday,33,1276.94,2255.35,1328.16,927.19,-995.4,3196.65,2255.35,941.3,-77.95,7,5,0
U010,33,2026-05-13,Wednesday,33,1471.41,1842.91,1177.82,665.09,-321.59,2885.3,1842.91,1042.39,-21.86,19,6,0
U001,33,2026-05-14,Thursday,33,1144.84,2242.48,1500.6,741.88,-1086.5,2878.37,2242.48,635.89,-80.0,8,6,0
U002,33,2026-05-14,Thursday,33,1561.72,1786.02,1141.14,644.88,-271.39,2429.16,1786.02,643.14,-17.38,13,5,0
U003,33,2026-05-14,Thursday,33,1580.95,2878.22,1787.66,1090.56,-1343.9,2847.97,2878.22,-30.25,-80.0,6,10,1
U004,33,2026-05-14,Thursday,33,1738.81,2457.96,1573.14,884.82,-700.49,2417.08,2457.96,-40.88,-40.29,14,10,1
U005,33,2026-05-14,Thursday,33,1442.05,3323.32,2012.18,1311.14,-1857.56,2865.57,3323.32,-457.75,-80.0,8,9,1
U006,33,2026-05-14,Thursday,33,1332.82,2230.83,1369.21,861.62,-901.29,2424.8,2230.83,193.97,-67.62,17,7,0
U007,33,2026-05-14,Thursday,33,1356.97,2688.44,1806.22,882.22,-1303.39,2465.33,2688.44,-223.11,-80.0,9,9,1
U008,33,2026-05-14,Thursday,33,1439.39,1865.73,1225.65,640.08,-446.67,1608.19,1865.73,-257.54,-31.03,17,10,1
U009,33,2026-05-14,Thursday,33,1396.46,2942.48,1818.96,1123.52,-1548.29,3159.76,2942.48,217.28,-80.0,17,6,0
U010,33,2026-05-14,Thursday,33,1433.32,2657.3,1581.0,1076.3,-1171.77,2758.17,2657.3,100.87,-80.0,20,7,0
U001,33,2026-05-15,Friday,33,1211.38,2479.44,1695.63,783.81,-1292.53,2573.15,2479.44,93.71,-80.0,12,7,0
U002,33,2026-05-15,Friday,33,1750.34,2377.96,1516.67,861.29,-659.51,2285.33,2377.96,-92.63,-37.68,18,10,1
U003,33,2026-05-15,Friday,33,1702.06,2803.05,1712.68,1090.37,-1036.99,2848.35,2803.05,45.3,-60.93,15,5,0
U004,33,2026-05-15,Friday,33,1440.02,1634.39,1038.3,596.09,-172.28,2360.81,1634.39,726.42,-11.96,10,6,0
U005,33,2026-05-15,Friday,33,1448.68,2588.04,1662.35,925.69,-1028.2,3001.74,2588.04,413.7,-70.97,6,5,0
U006,33,2026-05-15,Friday,33,1226.8,1482.82,1000.05,482.77,-260.73,2760.36,1482.82,1277.54,-21.25,10,5,0
U007,33,2026-05-15,Friday,33,1483.43,2503.78,1434.17,1069.61,-1089.32,2655.12,2503.78,151.34,-73.43,13,7,0
U008,33,2026-05-15,Friday,33,1200.57,1686.27,1134.13,552.14,-491.17,2861.23,1686.27,1174.96,-40.91,11,5,0
U009,33,2026-05-15,Friday,33,1713.52,2779.42,1599.74,1179.68,-930.66,3110.7,2779.42,331.28,-54.31,16,6,0
U010,33,2026-05-15,Friday,33,1390.04,2270.1,1567.66,702.44,-862.17,2893.06,2270.1,622.96,-62.02,14,7,0
U001,33,2026-05-16,Saturday,33,1499.47,2434.51,1504.69,929.82,-886.15,2772.18,2434.51,337.67,-59.1,11,5,0
U002,33,2026-05-16,Saturday,33,1697.55,2598.86,1601.11,997.75,-931.62,2768.87,2598.86,170.01,-54.88,19,6,0
U003,33,2026-05-16,Saturday,33,1544.13,2132.21,1260.39,871.82,-614.06,2715.06,2132.21,582.85,-39.77,13,7,0
U004,33,2026-05-16,Saturday,33,1350.13,2499.1,1611.7,887.4,-1111.16,3093.74,2499.1,594.64,-80.0,18,6,0
U005,33,2026-05-16,Saturday,33,1304.68,3098.26,2116.14,982.12,-1706.97,3608.54,3098.26,510.28,-80.0,21,5,0
U006,33,2026-05-16,Saturday,33,1615.44,2481.13,1562.33,918.8,-921.24,2767.14,2481.13,286.01,-57.03,14,7,0
U007,33,2026-05-16,Saturday,33,1350.24,2400.29,1335.17,1065.12,-1056.99,2747.46,2400.29,347.17,-78.28,18,5,0
U008,33,2026-05-16,Saturday,33,1240.67,2028.03,1378.17,649.86,-677.59,1635.38,2028.03,-392.65,-54.61,11,9,1
U009,33,2026-05-16,Saturday,33,1410.28,3199.91,2009.3,1190.61,-1831.83,2942.91,3199.91,-257.0,-80.0,7,10,1
U010,33,2026-05-16,Saturday,33,1731.71,1932.0,1233.36,698.64,-205.27,2180.15,1932.0,248.15,-11.85,15,6,0
U001,34,2026-05-17,Sunday,34,1424.7,2429.76,1623.97,805.79,-1012.71,2675.97,2429.76,246.21,-71.08,6,5,0
U002,34,2026-05-17,Sunday,34,1217.86,2157.02,1361.74,795.28,-878.24,2288.15,2157.02,131.13,-72.11,20,5,0
U003,34,2026-05-17,Sunday,34,1692.6,2312.58,1560.28,752.3,-599.77,2702.47,2312.58,389.89,-35.43,10,5,0
U004,34,2026-05-17,Sunday,34,1405.05,2679.16,1709.95,969.21,-1311.22,2638.89,2679.16,-40.27,-80.0,20,10,1
U005,34,2026-05-17,Sunday,34,1502.05,3233.01,2007.87,1225.14,-1740.04,3325.52,3233.01,92.51,-80.0,14,5,0
U006,34,2026-05-17,Sunday,34,1404.06,2519.77,1457.1,1062.67,-1153.57,2474.83,2519.77,-44.94,-80.0,7,10,1
U007,34,2026-05-17,Sunday,34,1325.8,2663.68,1526.69,1136.99,-1318.75,2508.18,2663.68,-155.5,-80.0,16,10,1
U008,34,2026-05-17,Sunday,34,1603.22,1353.98,844.05,509.93,248.08,2729.93,1353.98,1375.95,15.47,11,7,0
U009,34,2026-05-17,Sunday,34,1813.67,2571.82,1519.63,1052.19,-824.6,3114.89,2571.82,543.07,-45.47,13,5,0
U010,34,2026-05-17,Sunday,34,1242.6,2555.58,1765.14,790.44,-1302.72,2534.97,2555.58,-20.61,-80.0,15,10,1
U001,34,2026-05-18,Monday,34,1673.57,1555.27,862.04,693.23,187.47,2911.71,1555.27,1356.44,11.2,20,5,0
U002,34,2026-05-18,Monday,34,1754.3,2040.54,1370.48,670.06,-192.61,2690.44,2040.54,649.9,-10.98,17,6,0
U003,34,2026-05-18,Monday,34,1106.19,2906.58,1986.39,920.19,-1799.55,2845.52,2906.58,-61.06,-80.0,13,10,1
U004,34,2026-05-18,Monday,34,1501.49,2398.12,1648.9,749.22,-977.85,2872.42,2398.12,474.3,-65.13,17,7,0
U005,34,2026-05-18,Monday,34,1547.52,2520.15,1550.73,969.42,-971.62,3567.08,2520.15,1046.93,-62.79,7,6,0
U006,34,2026-05-18,Monday,34,1305.62,2631.21,1741.52,889.69,-1308.5,2160.04,2631.21,-471.17,-80.0,13,10,1
U007,34,2026-05-18,Monday,34,1464.77,1985.67,1192.61,793.06,-545.16,3089.39,1985.67,1103.72,-37.22,11,7,0
U008,34,2026-05-18,Monday,34,1384.09,1627.98,1005.55,622.43,-252.12,2239.67,1627.98,611.69,-18.22,14,7,0
U009,34,2026-05-18,Monday,34,1567.09,2105.06,1182.72,922.34,-571.88,2913.55,2105.06,808.49,-36.49,16,5,0
U010,34,2026-05-18,Monday,34,1232.98,2259.59,1348.83,910.76,-965.54,2744.71,2259.59,485.12,-78.31,6,7,0
U001,34,2026-05-19,Tuesday,34,1448.5,2156.72,1363.06,793.66,-722.01,2695.32,2156.72,538.6,-49.85,15,7,0
U002,34,2026-05-19,Tuesday,34,1664.11,2222.45,1386.1,836.35,-648.91,2404.21,2222.45,181.76,-38.99,6,7,0
U003,34,2026-05-19,Tuesday,34,1288.61,2180.59,1427.61,752.98,-797.55,3235.14,2180.59,1054.55,-61.89,12,5,0
U004,34,2026-05-19,Tuesday,34,1649.84,2594.43,1456.46,1137.97,-1008.44,3000.77,2594.43,406.34,-61.12,20,6,0
U005,34,2026-05-19,Tuesday,34,1011.49,2882.7,1681.29,1201.41,-1904.66,3409.64,2882.7,526.94,-80.0,15,6,0
U006,34,2026-05-19,Tuesday,34,1695.71,2313.94,1414.1,899.84,-636.35,2956.44,2313.94,642.5,-37.53,9,5,0
U007,34,2026-05-19,Tuesday,34,1469.37,1590.26,884.3,705.96,-73.51,3270.47,1590.26,1680.21,-5.0,14,6,0
U008,34,2026-05-19,Tuesday,34,1629.91,1631.27,964.76,666.51,-45.38,2205.92,1631.27,574.65,-2.78,21,6,0
U009,34,2026-05-19,Tuesday,34,1444.7,1744.61,1068.76,675.85,-375.09,3055.25,1744.61,1310.64,-25.96,19,5,0
U010,34,2026-05-19,Tuesday,34,1332.7,2191.82,1298.42,893.4,-888.93,3058.51,2191.82,866.69,-66.7,17,7,0
U001,34,2026-05-20,Wednesday,34,1349.7,2948.33,1688.02,1260.31,-1676.06,2733.48,2948.33,-214.85,-80.0,10,9,1
U002,34,2026-05-20,Wednesday,34,1360.45,2061.13,1190.37,870.76,-620.05,2293.89,2061.13,232.76,-45.58,17,6,0
U003,34,2026-05-20,Wednesday,34,1279.3,2805.62,1741.39,1064.23,-1495.35,3008.17,2805.62,202.55,-80.0,13,5,0
U004,34,2026-05-20,Wednesday,34,1666.15,2247.78,1301.78,946.0,-533.06,2237.16,2247.78,-10.62,-31.99,20,10,1
U005,34,2026-05-20,Wednesday,34,1616.48,2344.6,1484.8,859.8,-758.95,3331.17,2344.6,986.57,-46.95,17,6,0
U006,34,2026-05-20,Wednesday,34,1175.11,2510.87,1417.71,1093.16,-1331.93,2570.63,2510.87,59.76,-80.0,21,6,0
U007,34,2026-05-20,Wednesday,34,1143.85,1542.53,1063.21,479.32,-481.72,3044.35,1542.53,1501.82,-42.11,14,7,0
U008,34,2026-05-20,Wednesday,34,1428.5,1826.14,1060.31,765.83,-462.32,2170.6,1826.14,344.46,-32.36,10,7,0
U009,34,2026-05-20,Wednesday,34,1535.15,2434.59,1635.21,799.38,-921.08,3277.4,2434.59,842.81,-60.0,12,6,0
U010,34,2026-05-20,Wednesday,34,1302.1,2240.08,1295.13,944.95,-929.01,2592.91,2240.08,352.83,-71.35,16,6,0
U001,34,2026-05-21,Thursday,34,1380.55,2166.24,1435.24,731.0,-828.15,2485.25,2166.24,319.01,-59.99,19,6,0
U002,34,2026-05-21,Thursday,34,1410.67,1859.68,1296.3,563.38,-394.19,2393.95,1859.68,534.27,-27.94,11,6,0
U003,34,2026-05-21,Thursday,34,1421.96,3234.79,1797.56,1437.23,-1864.85,3146.57,3234.79,-88.22,-80.0,21,10,1
U004,34,2026-05-21,Thursday,34,1742.43,2085.1,1391.55,693.55,-342.61,2252.03,2085.1,166.93,-19.66,6,7,0
U005,34,2026-05-21,Thursday,34,1161.3,2543.66,1729.02,814.64,-1366.4,3862.8,2543.66,1319.14,-80.0,18,7,0
U006,34,2026-05-21,Thursday,34,1428.95,2093.75,1282.51,811.24,-684.13,2240.98,2093.75,147.23,-47.88,20,7,0
U007,34,2026-05-21,Thursday,34,1192.27,2893.84,1862.05,1031.79,-1686.75,3087.3,2893.84,193.46,-80.0,11,5,0
U008,34,2026-05-21,Thursday,34,1650.0,1664.95,916.92,748.03,12.35,2227.94,1664.95,562.99,0.75,7,5,0
U009,34,2026-05-21,Thursday,34,1179.27,2759.26,1537.85,1221.41,-1611.34,3130.26,2759.26,371.0,-80.0,14,6,0
U010,34,2026-05-21,Thursday,34,1491.06,3113.13,1811.3,1301.83,-1652.51,2447.36,3113.13,-665.77,-80.0,6,10,1
U001,34,2026-05-22,Friday,34,1431.76,1999.85,1146.47,853.38,-487.31,2824.36,1999.85,824.51,-34.04,10,6,0
U002,34,2026-05-22,Friday,34,1703.3,2291.65,1403.18,888.47,-590.26,2055.46,2291.65,-236.19,-34.65,14,10,1
U003,34,2026-05-22,Friday,34,1393.69,2275.59,1369.19,906.4,-853.38,2970.15,2275.59,694.56,-61.23,6,7,0
U004,34,2026-05-22,Friday,34,1336.16,2238.37,1433.31,805.06,-902.92,2622.93,2238.37,384.56,-67.58,6,7,0
U005,34,2026-05-22,Friday,34,1728.4,2254.58,1396.13,858.45,-510.32,3397.51,2254.58,1142.93,-29.53,17,5,0
U006,34,2026-05-22,Friday,34,1145.39,2855.26,1809.91,1045.35,-1726.81,2191.45,2855.26,-663.81,-80.0,12,10,1
U007,34,2026-05-22,Friday,34,1594.95,2616.76,1535.59,1081.17,-965.63,3116.09,2616.76,499.33,-60.54,21,7,0
U008,34,2026-05-22,Friday,34,1216.73,2147.32,1233.46,913.86,-940.08,2400.91,2147.32,253.59,-77.26,19,5,0
U009,34,2026-05-22,Friday,34,1396.64,2926.63,1793.65,1132.98,-1559.69,3196.47,2926.63,269.84,-80.0,13,7,0
U010,34,2026-05-22,Friday,34,1919.16,2548.32,1499.74,1048.58,-688.87,2812.62,2548.32,264.3,-35.89,19,6,0
U001,34,2026-05-23,Saturday,34,1097.14,2361.05,1592.35,768.7,-1334.61,2595.4,2361.05,234.35,-80.0,8,7,0
U002,34,2026-05-23,Saturday,34,1804.02,2800.46,1935.76,864.7,-1065.29,3308.7,2800.46,508.24,-59.05,16,7,0
U003,34,2026-05-23,Saturday,34,1616.28,2729.67,1551.26,1178.41,-1036.9,2779.66,2729.67,49.99,-64.15,6,6,0
U004,34,2026-05-23,Saturday,34,1519.16,2142.14,1256.59,885.55,-622.83,2924.68,2142.14,782.54,-41.0,6,5,0
U005,34,2026-05-23,Saturday,34,1442.34,2401.07,1662.56,738.51,-940.51,3591.75,2401.07,1190.68,-65.21,10,7,0
U006,34,2026-05-23,Saturday,34,1291.05,2320.11,1355.43,964.68,-1042.71,2397.59,2320.11,77.48,-80.0,8,6,0
U007,34,2026-05-23,Saturday,34,1204.07,2642.41,1529.93,1112.48,-1470.87,2770.35,2642.41,127.94,-80.0,18,6,0
U008,34,2026-05-23,Saturday,34,1437.43,1705.23,1116.94,588.29,-301.8,2358.61,1705.23,653.38,-21.0,12,5,0
U009,34,2026-05-23,Saturday,34,1374.81,2628.45,1651.3,977.15,-1238.86,2673.59,2628.45,45.14,-80.0,16,5,0
U010,34,2026-05-23,Saturday,34,1237.95,2256.74,1549.81,706.93,-1060.79,2324.91,2256.74,68.17,-80.0,21,6,0
U001,35,2026-05-24,Sunday,35,1782.44,2785.25,1599.96,1185.29,-1050.24,3027.76,2785.25,242.51,-58.92,6,5,0
U002,35,2026-05-24,Sunday,35,1486.06,2976.08,1795.1,1180.98,-1365.94,1896.22,2976.08,-1079.86,-80.0,7,10,1
U003,35,2026-05-24,Sunday,35,1324.71,2337.76,1381.61,956.15,-980.21,3146.08,2337.76,808.32,-73.99,11,5,0
U004,35,2026-05-24,Sunday,35,1421.94,2652.65,1764.36,888.29,-1226.06,1962.1,2652.65,-690.55,-80.0,12,10,1
U005,35,2026-05-24,Sunday,35,1489.77,2571.51,1479.39,1092.12,-1054.98,3167.88,2571.51,596.37,-70.81,16,5,0
U006,35,2026-05-24,Sunday,35,1754.87,1933.08,1128.86,804.22,-141.02,2885.5,1933.08,952.42,-8.04,20,6,0
U007,35,2026-05-24,Sunday,35,1740.62,2322.63,1390.67,931.96,-546.31,3016.51,2322.63,693.88,-31.39,20,7,0
U008,35,2026-05-24,Sunday,35,1558.84,2356.77,1546.79,809.98,-798.94,2245.24,2356.77,-111.53,-51.25,6,10,1
U009,35,2026-05-24,Sunday,35,1502.63,2846.75,1770.45,1076.3,-1391.25,3199.71,2846.75,352.96,-80.0,21,6,0
U010,35,2026-05-24,Sunday,35,1294.21,1978.7,1134.46,844.24,-794.91,3102.33,1978.7,1123.63,-61.42,7,5,0
U001,35,2026-05-25,Monday,35,1363.03,2046.14,1235.6,810.54,-775.0,2073.94,2046.14,27.8,-56.86,18,5,0
U002,35,2026-05-25,Monday,35,1326.89,1254.69,837.29,417.4,111.31,2313.82,1254.69,1059.13,8.39,21,5,0
U003,35,2026-05-25,Monday,35,1086.47,2364.99,1337.62,1027.37,-1327.19,3049.38,2364.99,684.39,-80.0,8,5,0
U004,35,2026-05-25,Monday,35,1677.2,1939.75,1269.97,669.78,-286.2,2527.31,1939.75,587.56,-17.06,10,7,0
U005,35,2026-05-25,Monday,35,1424.15,3336.02,2262.62,1073.4,-2005.41,2572.91,3336.02,-763.11,-80.0,9,10,1
U006,35,2026-05-25,Monday,35,1116.75,1723.79,990.78,733.01,-566.21,2662.19,1723.79,938.4,-50.7,19,6,0
U007,35,2026-05-25,Monday,35,1625.33,2496.23,1552.61,943.62,-1011.3,2178.0,2496.23,-318.23,-62.22,7,10,1
U008,35,2026-05-25,Monday,35,1222.77,2354.6,1424.04,930.56,-1152.15,2411.91,2354.6,57.31,-80.0,8,7,0
U009,35,2026-05-25,Monday,35,1271.17,3219.23,1849.43,1369.8,-1913.96,2879.09,3219.23,-340.14,-80.0,19,10,1
U010,35,2026-05-25,Monday,35,1297.56,1840.92,1061.79,779.13,-559.83,2676.62,1840.92,835.7,-43.14,15,5,0
U001,35,2026-05-26,Tuesday,35,1400.34,2303.97,1282.21,1021.76,-957.47,3065.47,2303.97,761.5,-68.37,11,7,0
U002,35,2026-05-26,Tuesday,35,1280.23,1196.45,836.84,359.61,110.02,2384.94,1196.45,1188.49,8.59,19,5,0
U003,35,2026-05-26,Tuesday,35,1232.66,3225.33,2197.69,1027.64,-1999.28,3094.42,3225.33,-130.91,-80.0,19,9,1
U004,35,2026-05-26,Tuesday,35,1368.22,1438.61,933.97,504.64,-113.06,1971.7,1438.61,533.09,-8.26,21,6,0
U005,35,2026-05-26,Tuesday,35,1536.06,3167.5,2034.31,1133.19,-1663.65,3157.28,3167.5,-10.22,-80.0,8,9,1
U006,35,2026-05-26,Tuesday,35,1482.09,1609.27,1054.17,555.1,-207.72,2294.44,1609.27,685.17,-14.02,16,7,0
U007,35,2026-05-26,Tuesday,35,1201.88,2135.45,1489.51,645.94,-950.66,2863.62,2135.45,728.17,-79.1,13,6,0
U008,35,2026-05-26,Tuesday,35,1232.31,2118.51,1198.79,919.72,-923.92,2048.18,2118.51,-70.33,-74.97,12,9,1
U009,35,2026-05-26,Tuesday,35,1319.72,2956.6,1635.26,1321.34,-1685.23,3182.37,2956.6,225.77,-80.0,9,5,0
U010,35,2026-05-26,Tuesday,35,1569.48,2343.67,1509.84,833.83,-825.77,2421.77,2343.67,78.1,-52.61,6,7,0
U001,35,2026-05-27,Wednesday,35,1350.56,2469.26,1634.15,835.11,-1083.87,2826.33,2469.26,357.07,-80.0,15,7,0
U002,35,2026-05-27,Wednesday,35,1274.12,1688.54,1093.64,594.9,-461.74,2186.58,1688.54,498.04,-36.24,7,7,0
U003,35,2026-05-27,Wednesday,35,1552.97,2089.63,1327.02,762.61,-512.86,3062.36,2089.63,972.73,-33.02,17,5,0
U004,35,2026-05-27,Wednesday,35,1076.99,1990.28,1175.25,815.03,-892.3,2480.21,1990.28,489.93,-80.0,12,5,0
U005,35,2026-05-27,Wednesday,35,1433.58,3052.67,2003.95,1048.72,-1600.92,3204.61,3052.67,151.94,-80.0,17,6,0
U006,35,2026-05-27,Wednesday,35,1325.04,2396.1,1504.81,891.29,-1061.19,3079.78,2396.1,683.68,-80.0,17,7,0
U007,35,2026-05-27,Wednesday,35,1638.21,2028.74,1374.01,654.73,-432.81,2721.51,2028.74,692.77,-26.42,18,6,0
U008,35,2026-05-27,Wednesday,35,1210.82,1346.93,833.55,513.38,-49.06,2406.94,1346.93,1060.01,-4.05,8,7,0
U009,35,2026-05-27,Wednesday,35,1579.57,3070.78,1901.07,1169.71,-1441.21,3341.46,3070.78,270.68,-80.0,6,6,0
U010,35,2026-05-27,Wednesday,35,1603.47,2860.59,1693.2,1167.39,-1270.71,3139.2,2860.59,278.61,-79.25,20,5,0
U001,35,2026-05-28,Thursday,35,1066.87,2532.15,1481.38,1050.77,-1410.84,2219.89,2532.15,-312.26,-80.0,14,10,1
U002,35,2026-05-28,Thursday,35,1353.44,2419.9,1573.2,846.7,-1089.73,2351.79,2419.9,-68.11,-80.0,10,10,1
U003,35,2026-05-28,Thursday,35,1632.45,2519.43,1483.62,1035.81,-955.06,3147.25,2519.43,627.82,-58.5,18,7,0
U004,35,2026-05-28,Thursday,35,1135.8,3318.89,1936.85,1382.04,-2138.81,2487.81,3318.89,-831.08,-80.0,13,10,1
U005,35,2026-05-28,Thursday,35,1408.81,3037.94,1969.77,1068.17,-1610.07,2777.65,3037.94,-260.29,-80.0,14,9,1
U006,35,2026-05-28,Thursday,35,1629.51,2188.25,1231.44,956.81,-639.4,2261.63,2188.25,73.38,-39.24,9,5,0
U007,35,2026-05-28,Thursday,35,1523.03,1982.07,1125.16,856.91,-497.78,2764.04,1982.07,781.97,-32.68,14,5,0
U008,35,2026-05-28,Thursday,35,1207.35,2330.63,1537.93,792.7,-1125.58,2214.27,2330.63,-116.36,-80.0,17,9,1
U009,35,2026-05-28,Thursday,35,1439.61,2150.22,1486.87,663.35,-765.9,3090.75,2150.22,940.53,-53.2,6,6,0
U010,35,2026-05-28,Thursday,35,1138.61,2842.46,1754.67,1087.79,-1685.54,2518.75,2842.46,-323.71,-80.0,12,10,1
U001,35,2026-05-29,Friday,35,1576.11,2060.12,1144.13,915.99,-539.85,2631.34,2060.12,571.22,-34.25,7,7,0
U002,35,2026-05-29,Friday,35,1148.81,1862.06,1253.95,608.11,-728.57,2579.32,1862.06,717.26,-63.42,15,5,0
U003,35,2026-05-29,Friday,35,1361.16,3159.16,2031.59,1127.57,-1858.42,3216.84,3159.16,57.68,-80.0,15,6,0
U004,35,2026-05-29,Friday,35,1350.58,2111.91,1419.55,692.36,-738.09,2796.09,2111.91,684.18,-54.65,18,5,0
U005,35,2026-05-29,Friday,35,1425.46,3210.33,1778.54,1431.79,-1778.98,3068.27,3210.33,-142.06,-80.0,13,9,1
U006,35,2026-05-29,Friday,35,1450.17,2042.65,1367.61,675.04,-642.37,2501.45,2042.65,458.8,-44.3,19,7,0
U007,35,2026-05-29,Friday,35,1371.26,2819.42,1923.35,896.07,-1428.94,2816.57,2819.42,-2.85,-80.0,20,10,1
U008,35,2026-05-29,Friday,35,1701.62,2275.69,1563.27,712.42,-574.59,2605.51,2275.69,329.82,-33.77,12,6,0
U009,35,2026-05-29,Friday,35,1306.09,2959.01,2028.94,930.07,-1607.57,3178.71,2959.01,219.7,-80.0,16,7,0
U010,35,2026-05-29,Friday,35,1514.36,2478.2,1662.32,815.88,-926.75,2923.98,2478.2,445.78,-61.2,17,5,0
U001,35,2026-05-30,Saturday,35,1557.81,3053.77,1681.42,1372.35,-1480.19,2774.34,3053.77,-279.43,-80.0,6,9,1
U002,35,2026-05-30,Saturday,35,1483.53,1607.98,1034.37,573.61,-231.35,2378.85,1607.98,770.87,-15.59,6,5,0
U003,35,2026-05-30,Saturday,35,1267.48,3199.25,2014.2,1185.05,-1887.54,3106.38,3199.25,-92.87,-80.0,21,10,1
U004,35,2026-05-30,Saturday,35,1224.41,2771.27,1752.56,1018.71,-1520.08,2785.8,2771.27,14.53,-80.0,18,7,0
U005,35,2026-05-30,Saturday,35,1389.71,3071.11,1940.74,1130.37,-1653.34,3453.98,3071.11,382.87,-80.0,10,5,0
U006,35,2026-05-30,Saturday,35,1526.56,2034.98,1316.92,718.06,-485.37,2653.95,2034.98,618.97,-31.8,18,5,0
U007,35,2026-05-30,Saturday,35,1340.2,2310.8,1506.2,804.6,-951.32,2434.9,2310.8,124.1,-70.98,21,6,0
U008,35,2026-05-30,Saturday,35,1120.67,2242.99,1353.71,889.28,-1113.39,2601.16,2242.99,358.17,-80.0,9,5,0
U009,35,2026-05-30,Saturday,35,1482.49,2631.05,1688.67,942.38,-1177.22,3360.82,2631.05,729.77,-79.41,9,6,0
U010,35,2026-05-30,Saturday,35,1484.35,1714.27,1063.6,650.67,-288.25,2580.28,1714.27,866.01,-19.42,12,6,0
U001,36,2026-05-31,Sunday,36,1365.07,2369.75,1616.66,753.09,-1083.23,2856.32,2369.75,486.57,-79.35,19,7,0
U002,36,2026-05-31,Sunday,36,1185.5,2074.21,1275.37,798.84,-893.19,2466.19,2074.21,391.98,-75.34,6,7,0
U003,36,2026-05-31,Sunday,36,1282.56,2613.78,1761.47,852.31,-1453.48,2798.52,2613.78,184.74,-80.0,8,6,0
U004,36,2026-05-31,Sunday,36,1340.68,1814.6,1253.36,561.24,-497.57,2243.9,1814.6,429.3,-37.11,17,6,0
U005,36,2026-05-31,Sunday,36,1179.98,3562.66,2134.93,1427.73,-2463.36,3144.35,3562.66,-418.31,-80.0,6,9,1
U006,36,2026-05-31,Sunday,36,1673.13,2318.07,1297.07,1021.0,-597.4,2918.02,2318.07,599.95,-35.71,11,7,0
U007,36,2026-05-31,Sunday,36,1338.35,2294.43,1441.75,852.68,-942.36,2654.62,2294.43,360.19,-70.41,6,6,0
U008,36,2026-05-31,Sunday,36,1286.29,1843.73,1130.03,713.7,-538.99,1688.99,1843.73,-154.74,-41.9,20,9,1
U009,36,2026-05-31,Sunday,36,1329.59,3132.81,1837.5,1295.31,-1721.2,3282.93,3132.81,150.12,-80.0,21,7,0
U010,36,2026-05-31,Sunday,36,1119.28,1827.11,1242.9,584.21,-721.02,2526.07,1827.11,698.96,-64.42,16,6,0
U001,36,2026-06-01,Monday,36,1152.43,2105.65,1293.1,812.55,-985.68,3324.49,2105.65,1218.84,-80.0,20,6,0
U002,36,2026-06-01,Monday,36,1254.93,2110.57,1244.88,865.69,-850.79,2138.54,2110.57,27.97,-67.8,9,6,0
U003,36,2026-06-01,Monday,36,1248.55,2773.59,1697.16,1076.43,-1589.68,2676.96,2773.59,-96.63,-80.0,6,10,1
U004,36,2026-06-01,Monday,36,1135.29,2222.89,1527.3,695.59,-1120.4,2799.65,2222.89,576.76,-80.0,18,6,0
U005,36,2026-06-01,Monday,36,1332.59,3260.7,2224.41,1036.29,-1936.05,3192.24,3260.7,-68.46,-80.0,19,10,1
U006,36,2026-06-01,Monday,36,1611.2,1526.8,1015.28,511.52,110.87,2383.33,1526.8,856.53,6.88,21,5,0
U007,36,2026-06-01,Monday,36,1193.39,2726.69,1720.7,1005.99,-1534.93,2692.79,2726.69,-33.9,-80.0,7,9,1
U008,36,2026-06-01,Monday,36,1350.52,3111.11,1994.72,1116.39,-1765.12,2046.13,3111.11,-1064.98,-80.0,12,10,1
U009,36,2026-06-01,Monday,36,1053.61,2312.56,1289.15,1023.41,-1221.21,3265.16,2312.56,952.6,-80.0,17,6,0
U010,36,2026-06-01,Monday,36,945.53,2573.29,1483.87,1089.42,-1570.26,2757.5,2573.29,184.21,-80.0,13,7,0
U001,36,2026-06-02,Tuesday,36,1375.27,2902.8,1741.53,1161.27,-1546.53,2193.41,2902.8,-709.39,-80.0,16,9,1
U002,36,2026-06-02,Tuesday,36,1450.94,1312.15,779.9,532.25,141.47,2230.1,1312.15,917.95,9.75,10,7,0
U003,36,2026-06-02,Tuesday,36,1472.77,3112.06,1850.1,1261.96,-1617.21,3761.41,3112.06,649.35,-80.0,20,6,0
U004,36,2026-06-02,Tuesday,36,1323.82,2180.23,1254.76,925.47,-900.61,2367.15,2180.23,186.92,-68.03,19,7,0
U005,36,2026-06-02,Tuesday,36,1310.68,3060.05,2109.88,950.17,-1803.59,3680.41,3060.05,620.36,-80.0,16,5,0
U006,36,2026-06-02,Tuesday,36,1247.33,2515.26,1650.95,864.31,-1283.58,2326.18,2515.26,-189.08,-80.0,20,9,1
U007,36,2026-06-02,Tuesday,36,1222.87,2483.97,1399.28,1084.69,-1284.89,2469.21,2483.97,-14.76,-80.0,6,10,1
U008,36,2026-06-02,Tuesday,36,1615.34,1724.49,1064.92,659.57,-93.93,2129.32,1724.49,404.83,-5.81,14,5,0
U009,36,2026-06-02,Tuesday,36,1305.56,2319.65,1537.92,781.73,-1033.66,2946.33,2319.65,626.68,-79.17,18,7,0
U010,36,2026-06-02,Tuesday,36,1354.5,3205.21,1912.51,1292.7,-1875.52,2258.15,3205.21,-947.06,-80.0,21,10,1
U001,36,2026-06-03,Wednesday,36,984.07,2095.57,1449.13,646.44,-1053.93,2745.53,2095.57,649.96,-80.0,19,7,0
U002,36,2026-06-03,Wednesday,36,1079.48,2143.79,1482.42,661.37,-1065.74,2514.0,2143.79,370.21,-80.0,12,7,0
U003,36,2026-06-03,Wednesday,36,1399.03,2329.78,1571.74,758.04,-871.65,2970.0,2329.78,640.22,-62.3,19,5,0
U004,36,2026-06-03,Wednesday,36,1273.75,1766.59,1216.42,550.17,-461.25,2543.09,1766.59,776.5,-36.21,18,7,0
U005,36,2026-06-03,Wednesday,36,1388.5,3348.57,2066.89,1281.68,-1955.38,3573.57,3348.57,225.0,-80.0,13,5,0
U006,36,2026-06-03,Wednesday,36,1473.22,1848.48,1107.86,740.62,-411.69,2563.06,1848.48,714.58,-27.94,12,6,0
U007,36,2026-06-03,Wednesday,36,1577.92,2155.56,1217.69,937.87,-600.31,2513.4,2155.56,357.84,-38.04,21,7,0
U008,36,2026-06-03,Wednesday,36,1314.59,1873.56,1256.56,617.0,-575.89,1963.63,1873.56,90.07,-43.81,19,5,0
U009,36,2026-06-03,Wednesday,36,1235.69,3103.01,2081.4,1021.61,-1934.1,2282.7,3103.01,-820.31,-80.0,19,10,1
U010,36,2026-06-03,Wednesday,36,1339.32,2231.58,1294.62,936.96,-918.69,2303.55,2231.58,71.97,-68.59,12,7,0
U001,36,2026-06-04,Thursday,36,1070.21,2773.96,1791.89,982.07,-1701.1,2782.54,2773.96,8.58,-80.0,15,6,0
U002,36,2026-06-04,Thursday,36,1417.03,1844.54,1274.64,569.9,-426.08,2458.75,1844.54,614.21,-30.07,14,6,0
U003,36,2026-06-04,Thursday,36,1410.4,3130.78,1749.33,1381.45,-1724.64,2802.8,3130.78,-327.98,-80.0,11,10,1
U004,36,2026-06-04,Thursday,36,1140.54,2431.82,1431.01,1000.81,-1214.1,2909.15,2431.82,477.33,-80.0,13,6,0
U005,36,2026-06-04,Thursday,36,1276.83,2497.29,1441.51,1055.78,-1195.16,3250.67,2497.29,753.38,-80.0,16,6,0
U006,36,2026-06-04,Thursday,36,1704.38,1830.43,1232.51,597.92,-190.69,2199.45,1830.43,369.02,-11.19,15,6,0
U007,36,2026-06-04,Thursday,36,1269.53,2358.44,1454.42,904.02,-1075.06,3005.88,2358.44,647.44,-80.0,13,6,0
U008,36,2026-06-04,Thursday,36,1372.87,1988.96,1171.25,817.71,-624.62,1679.11,1988.96,-309.85,-45.5,18,10,1
U009,36,2026-06-04,Thursday,36,1356.95,2426.43,1573.69,852.74,-1015.48,2840.61,2426.43,414.18,-74.84,11,7,0
U010,36,2026-06-04,Thursday,36,1297.11,1678.81,931.26,747.55,-337.81,2642.02,1678.81,963.21,-26.04,20,6,0
U001,36,2026-06-05,Friday,36,1450.81,2335.29,1298.57,1036.72,-948.64,2762.83,2335.29,427.54,-65.39,15,5,0
U002,36,2026-06-05,Friday,36,1513.3,1962.09,1348.38,613.71,-419.71,3111.36,1962.09,1149.27,-27.73,21,7,0
U003,36,2026-06-05,Friday,36,1758.97,2659.4,1507.19,1152.21,-968.54,2501.38,2659.4,-158.02,-55.06,12,9,1
U004,36,2026-06-05,Friday,36,1800.57,2225.2,1273.89,951.31,-438.47,2559.94,2225.2,334.74,-24.35,16,7,0
U005,36,2026-06-05,Friday,36,1572.16,3029.52,1885.46,1144.06,-1454.99,3524.14,3029.52,494.62,-80.0,19,5,0
U006,36,2026-06-05,Friday,36,1668.14,2656.23,1816.73,839.5,-1117.24,2438.83,2656.23,-217.4,-66.98,16,10,1
U007,36,2026-06-05,Friday,36,1742.98,1816.74,1031.02,785.72,-125.69,3023.52,1816.74,1206.78,-7.21,21,6,0
U008,36,2026-06-05,Friday,36,1272.09,2104.0,1236.26,867.74,-806.88,1706.55,2104.0,-397.45,-63.43,7,9,1
U009,36,2026-06-05,Friday,36,1339.8,2953.81,1702.09,1251.72,-1588.07,2669.95,2953.81,-283.86,-80.0,18,9,1
U010,36,2026-06-05,Friday,36,1638.33,1498.82,998.69,500.13,131.69,2657.99,1498.82,1159.17,8.04,16,5,0
U001,36,2026-06-06,Saturday,36,1431.94,1968.83,1089.21,879.62,-552.46,2235.31,1968.83,266.48,-38.58,21,7,0
U002,36,2026-06-06,Saturday,36,1157.46,1929.74,1080.06,849.68,-767.85,1814.72,1929.74,-115.02,-66.34,12,9,1
U003,36,2026-06-06,Saturday,36,782.03,3041.77,2082.83,958.94,-2252.53,2965.94,3041.77,-75.83,-80.0,7,10,1
U004,36,2026-06-06,Saturday,36,1574.16,1475.95,1007.39,468.56,128.56,2622.86,1475.95,1146.91,8.17,17,6,0
U005,36,2026-06-06,Saturday,36,1301.94,3121.58,1895.6,1225.98,-1857.97,3085.83,3121.58,-35.75,-80.0,13,9,1
U006,36,2026-06-06,Saturday,36,1301.87,1470.7,888.83,581.87,-151.92,2349.54,1470.7,878.84,-11.67,20,5,0
U007,36,2026-06-06,Saturday,36,1142.72,2806.56,1843.49,963.07,-1748.82,3134.7,2806.56,328.14,-80.0,10,6,0
U008,36,2026-06-06,Saturday,36,1540.79,1609.22,954.28,654.94,-80.96,1798.33,1609.22,189.11,-5.25,21,7,0
U009,36,2026-06-06,Saturday,36,1491.93,3453.41,1996.47,1456.94,-2089.31,3068.54,3453.41,-384.87,-80.0,6,10,1
U010,36,2026-06-06,Saturday,36,1559.88,2562.76,1709.86,852.9,-1080.12,2043.41,2562.76,-519.35,-69.24,7,10,1
U001,37,2026-06-07,Sunday,37,1480.03,2222.6,1501.63,720.97,-753.83,2944.9,2222.6,722.3,-50.93,20,5,0
U002,37,2026-06-07,Sunday,37,1207.35,1649.22,1065.14,584.08,-484.87,2159.3,1649.22,510.08,-40.16,15,6,0
U003,37,2026-06-07,Sunday,37,1312.86,3044.53,2101.6,942.93,-1705.69,3550.95,3044.53,506.42,-80.0,21,6,0
U004,37,2026-06-07,Sunday,37,1785.99,2155.18,1216.55,938.63,-331.89,2620.91,2155.18,465.73,-18.58,10,6,0
U005,37,2026-06-07,Sunday,37,986.87,2679.03,1754.33,924.7,-1736.83,3353.4,2679.03,674.37,-80.0,12,6,0
U006,37,2026-06-07,Sunday,37,1237.34,1657.22,1096.76,560.46,-403.65,2419.04,1657.22,761.82,-32.62,7,6,0
U007,37,2026-06-07,Sunday,37,1051.45,1547.24,863.77,683.47,-495.42,2657.11,1547.24,1109.87,-47.12,6,6,0
U008,37,2026-06-07,Sunday,37,1781.3,2042.25,1406.49,635.76,-266.53,2592.83,2042.25,550.58,-14.96,21,5,0
U009,37,2026-06-07,Sunday,37,1460.03,2653.73,1525.03,1128.7,-1277.52,3314.31,2653.73,660.58,-80.0,20,5,0
U010,37,2026-06-07,Sunday,37,1438.62,2039.89,1186.72,853.17,-638.6,2581.14,2039.89,541.25,-44.39,12,7,0
U001,37,2026-06-08,Monday,37,1297.84,2458.42,1696.67,761.75,-1132.69,2103.7,2458.42,-354.72,-80.0,6,10,1
U002,37,2026-06-08,Monday,37,1393.87,1829.35,1029.49,799.86,-463.22,1894.01,1829.35,64.66,-33.23,6,6,0
U003,37,2026-06-08,Monday,37,1612.76,2915.7,1635.94,1279.76,-1266.7,3573.95,2915.7,658.25,-78.54,10,6,0
U004,37,2026-06-08,Monday,37,1409.94,2256.78,1390.1,866.68,-850.57,2241.91,2256.78,-14.87,-60.33,6,10,1
U005,37,2026-06-08,Monday,37,1258.5,3199.64,2172.15,1027.49,-1896.7,3247.28,3199.64,47.64,-80.0,17,6,0
U006,37,2026-06-08,Monday,37,1636.59,2280.28,1537.73,742.55,-780.4,2564.5,2280.28,284.22,-47.68,17,5,0
U007,37,2026-06-08,Monday,37,1319.84,2093.57,1192.1,901.47,-833.17,2736.74,2093.57,643.17,-63.13,15,5,0
U008,37,2026-06-08,Monday,37,1568.05,1706.76,1063.37,643.39,-74.28,2144.68,1706.76,437.92,-4.74,8,7,0
U009,37,2026-06-08,Monday,37,1418.46,2844.03,1790.13,1053.9,-1444.57,2473.86,2844.03,-370.17,-80.0,19,10,1
U010,37,2026-06-08,Monday,37,976.31,2324.15,1399.42,924.73,-1339.82,2497.85,2324.15,173.7,-80.0,10,5,0
U001,37,2026-06-09,Tuesday,37,1405.3,2456.43,1670.66,785.77,-954.72,2548.57,2456.43,92.14,-67.94,17,7,0
U002,37,2026-06-09,Tuesday,37,1201.12,2183.42,1244.4,939.02,-952.6,3140.71,2183.42,957.29,-79.31,12,6,0
U003,37,2026-06-09,Tuesday,37,1308.71,2858.42,1936.53,921.89,-1516.02,2787.1,2858.42,-71.32,-80.0,7,10,1
U004,37,2026-06-09,Tuesday,37,1330.09,2596.89,1469.71,1127.18,-1217.61,2507.43,2596.89,-89.46,-80.0,17,10,1
U005,37,2026-06-09,Tuesday,37,1367.58,2406.18,1552.85,853.33,-985.57,3046.26,2406.18,640.08,-72.07,16,5,0
U006,37,2026-06-09,Tuesday,37,989.53,2240.65,1255.97,984.68,-1212.22,2822.55,2240.65,581.9,-80.0,10,7,0
U007,37,2026-06-09,Tuesday,37,1046.49,2888.57,1790.81,1097.76,-1839.13,3060.33,2888.57,171.76,-80.0,15,6,0
U008,37,2026-06-09,Tuesday,37,1412.09,1486.33,892.14,594.19,33.9,2280.75,1486.33,794.42,2.4,16,7,0
U009,37,2026-06-09,Tuesday,37,1295.25,2958.85,1956.87,1001.98,-1653.07,3074.15,2958.85,115.3,-80.0,6,5,0
U010,37,2026-06-09,Tuesday,37,1408.91,1794.05,1075.3,718.75,-439.3,2765.98,1794.05,971.93,-31.18,6,7,0
U001,37,2026-06-10,Wednesday,37,1510.36,2676.86,1647.88,1028.98,-1313.16,2425.84,2676.86,-251.02,-80.0,20,10,1
U002,37,2026-06-10,Wednesday,37,1403.0,3111.19,2115.11,996.08,-1692.09,2438.28,3111.19,-672.91,-80.0,8,9,1
U003,37,2026-06-10,Wednesday,37,1296.28,2407.22,1584.15,823.07,-1148.74,2897.74,2407.22,490.52,-80.0,14,7,0
U004,37,2026-06-10,Wednesday,37,1393.01,1679.61,1159.96,519.65,-318.55,2407.75,1679.61,728.14,-22.87,9,7,0
U005,37,2026-06-10,Wednesday,37,1407.62,2743.11,1868.99,874.12,-1351.01,2887.21,2743.11,144.1,-80.0,17,5,0
U006,37,2026-06-10,Wednesday,37,1236.46,2166.61,1323.58,843.03,-976.67,2322.48,2166.61,155.87,-78.99,18,7,0
U007,37,2026-06-10,Wednesday,37,1488.34,2464.75,1433.44,1031.31,-972.87,2725.86,2464.75,261.11,-65.37,7,6,0
U008,37,2026-06-10,Wednesday,37,1041.04,1857.04,1024.56,832.48,-861.25,2295.1,1857.04,438.06,-80.0,10,7,0
U009,37,2026-06-10,Wednesday,37,1353.38,2903.88,1847.25,1056.63,-1479.82,3397.11,2903.88,493.23,-80.0,10,6,0
U010,37,2026-06-10,Wednesday,37,1234.07,1816.72,1182.85,633.87,-616.42,2490.17,1816.72,673.45,-49.95,10,6,0
U001,37,2026-06-11,Thursday,37,1482.1,2045.54,1392.78,652.76,-545.61,3249.72,2045.54,1204.18,-36.81,9,6,0
U002,37,2026-06-11,Thursday,37,1667.22,2402.42,1599.86,802.56,-689.51,2664.3,2402.42,261.88,-41.36,20,5,0
U003,37,2026-06-11,Thursday,37,1340.43,2643.79,1612.06,1031.73,-1344.46,3020.36,2643.79,376.57,-80.0,13,5,0
U004,37,2026-06-11,Thursday,37,1529.62,2290.36,1297.42,992.94,-758.25,2540.53,2290.36,250.17,-49.57,8,6,0
U005,37,2026-06-11,Thursday,37,1325.8,2719.26,1742.28,976.98,-1428.39,2951.88,2719.26,232.62,-80.0,21,6,0
U006,37,2026-06-11,Thursday,37,1431.62,2184.5,1365.89,818.61,-745.07,2182.53,2184.5,-1.97,-52.04,19,10,1
U007,37,2026-06-11,Thursday,37,1111.72,3054.89,2124.74,930.15,-1933.02,2775.08,3054.89,-279.81,-80.0,16,9,1
U008,37,2026-06-11,Thursday,37,1055.17,1229.03,813.96,415.07,-174.47,1959.05,1229.03,730.02,-16.53,14,7,0
U009,37,2026-06-11,Thursday,37,1609.56,3153.28,1974.45,1178.83,-1527.52,3592.46,3153.28,439.18,-80.0,16,7,0
U010,37,2026-06-11,Thursday,37,1065.64,2748.06,1804.27,943.79,-1700.94,2407.11,2748.06,-340.95,-80.0,16,9,1
U001,37,2026-06-12,Friday,37,1355.59,2387.55,1656.95,730.6,-1038.62,2364.18,2387.55,-23.37,-76.62,16,10,1
U002,37,2026-06-12,Friday,37,1226.47,2333.35,1387.68,945.67,-1036.02,2191.24,2333.35,-142.11,-80.0,10,9,1
U003,37,2026-06-12,Friday,37,1318.4,3187.75,2021.1,1166.65,-1813.15,3164.61,3187.75,-23.14,-80.0,16,9,1
U004,37,2026-06-12,Friday,37,1085.42,2103.78,1441.64,662.14,-1045.84,2524.46,2103.78,420.68,-80.0,18,5,0
U005,37,2026-06-12,Friday,37,911.72,3290.42,1895.35,1395.07,-2351.41,2798.79,3290.42,-491.63,-80.0,9,10,1
U006,37,2026-06-12,Friday,37,1209.34,2021.78,1207.73,814.05,-841.94,2470.04,2021.78,448.26,-69.62,10,5,0
U007,37,2026-06-12,Friday,37,1358.68,3409.2,2060.68,1348.52,-1941.56,2105.87,3409.2,-1303.33,-80.0,15,9,1
U008,37,2026-06-12,Friday,37,1039.42,2219.15,1275.58,943.57,-1199.7,1981.21,2219.15,-237.94,-80.0,8,10,1
U009,37,2026-06-12,Friday,37,1621.07,2584.01,1597.81,986.2,-980.46,3002.89,2584.01,418.88,-60.48,12,6,0
U010,37,2026-06-12,Friday,37,1362.99,2319.63,1500.17,819.46,-903.32,2136.55,2319.63,-183.08,-66.27,10,9,1
U001,37,2026-06-13,Saturday,37,1655.11,2070.03,1296.12,773.91,-409.69,2937.16,2070.03,867.13,-24.75,20,7,0
U002,37,2026-06-13,Saturday,37,1402.44,2776.28,1793.82,982.46,-1402.27,2278.59,2776.28,-497.69,-80.0,6,10,1
U003,37,2026-06-13,Saturday,37,1607.58,2116.02,1460.87,655.15,-515.36,3383.16,2116.02,1267.14,-32.06,11,6,0
U004,37,2026-06-13,Saturday,37,1703.34,2601.53,1791.73,809.8,-929.26,2791.87,2601.53,190.34,-54.56,8,6,0
U005,37,2026-06-13,Saturday,37,1367.37,3562.18,1988.22,1573.96,-2241.57,2772.81,3562.18,-789.37,-80.0,17,9,1
U006,37,2026-06-13,Saturday,37,1445.7,2359.01,1423.98,935.03,-930.56,2893.58,2359.01,534.57,-64.37,11,7,0
U007,37,2026-06-13,Saturday,37,1496.19,2212.5,1432.63,779.87,-796.23,2690.38,2212.5,477.88,-53.22,12,7,0
U008,37,2026-06-13,Saturday,37,1452.26,2128.16,1466.05,662.11,-626.76,2316.93,2128.16,188.77,-43.16,17,6,0
U009,37,2026-06-13,Saturday,37,1322.55,3084.97,1941.47,1143.5,-1730.53,3011.22,3084.97,-73.75,-80.0,10,10,1
U010,37,2026-06-13,Saturday,37,1661.4,2040.06,1209.03,831.03,-395.25,2603.64,2040.06,563.58,-23.79,8,7,0
U001,38,2026-06-14,Sunday,38,1382.76,2147.9,1350.78,797.12,-692.29,2107.08,2147.9,-40.82,-50.07,6,9,1
U002,38,2026-06-14,Sunday,38,1560.82,2084.8,1306.28,778.52,-499.3,2321.17,2084.8,236.37,-31.99,6,7,0
U003,38,2026-06-14,Sunday,38,1032.13,2442.29,1441.75,1000.54,-1438.87,3370.59,2442.29,928.3,-80.0,8,7,0
U004,38,2026-06-14,Sunday,38,1731.71,2639.38,1636.44,1002.94,-911.11,2794.22,2639.38,154.84,-52.61,15,5,0
U005,38,2026-06-14,Sunday,38,1320.18,3367.34,2203.7,1163.64,-2040.96,2651.94,3367.34,-715.4,-80.0,8,9,1
U006,38,2026-06-14,Sunday,38,1523.27,1816.27,1042.51,773.76,-376.27,2472.04,1816.27,655.77,-24.7,15,5,0
U007,38,2026-06-14,Sunday,38,1696.78,2450.64,1635.76,814.88,-766.61,2580.05,2450.64,129.41,-45.18,12,6,0
U008,38,2026-06-14,Sunday,38,1013.17,1556.73,1062.4,494.33,-628.47,2109.85,1556.73,553.12,-62.03,13,6,0
U009,38,2026-06-14,Sunday,38,1537.5,2420.7,1538.9,881.8,-990.02,2671.84,2420.7,251.14,-64.39,7,5,0
U010,38,2026-06-14,Sunday,38,1314.07,2061.27,1306.04,755.23,-754.6,2653.93,2061.27,592.66,-57.42,13,6,0
U001,38,2026-06-15,Monday,38,1582.33,2057.98,1230.09,827.89,-466.14,2439.27,2057.98,381.29,-29.46,15,6,0
U002,38,2026-06-15,Monday,38,1622.58,1838.12,1063.99,774.13,-118.95,2244.7,1838.12,406.58,-7.33,21,5,0
U003,38,2026-06-15,Monday,38,1154.12,2811.94,1851.88,960.06,-1665.35,2874.94,2811.94,63.0,-80.0,9,6,0
U004,38,2026-06-15,Monday,38,1442.55,2342.05,1512.56,829.49,-921.43,2282.69,2342.05,-59.36,-63.88,21,10,1
U005,38,2026-06-15,Monday,38,1283.75,2905.42,1757.91,1147.51,-1592.84,2943.27,2905.42,37.85,-80.0,10,5,0
U006,38,2026-06-15,Monday,38,1254.02,2820.53,1600.45,1220.08,-1517.67,2750.36,2820.53,-70.17,-80.0,21,9,1
U007,38,2026-06-15,Monday,38,1324.76,3235.77,2064.2,1171.57,-1854.72,2637.29,3235.77,-598.48,-80.0,19,10,1
U008,38,2026-06-15,Monday,38,1308.32,1994.45,1199.31,795.14,-676.66,2369.22,1994.45,374.77,-51.72,7,7,0
U009,38,2026-06-15,Monday,38,1271.51,2135.26,1480.96,654.3,-903.26,2921.89,2135.26,786.63,-71.04,10,7,0
U010,38,2026-06-15,Monday,38,1626.28,3026.08,2012.44,1013.64,-1420.04,2585.77,3026.08,-440.31,-80.0,17,10,1
U001,38,2026-06-16,Tuesday,38,1345.41,2633.4,1581.6,1051.8,-1280.47,2685.24,2633.4,51.84,-80.0,20,7,0
U002,38,2026-06-16,Tuesday,38,1372.45,2098.86,1319.39,779.47,-636.32,2101.71,2098.86,2.85,-46.36,7,6,0
U003,38,2026-06-16,Tuesday,38,1521.02,2900.73,1609.54,1291.19,-1402.45,3274.61,2900.73,373.88,-80.0,12,5,0
U004,38,2026-06-16,Tuesday,38,1265.09,2104.84,1434.96,669.88,-880.92,3194.0,2104.84,1089.16,-69.63,18,5,0
U005,38,2026-06-16,Tuesday,38,1271.2,2454.05,1589.61,864.44,-1111.12,3308.73,2454.05,854.68,-80.0,11,6,0
U006,38,2026-06-16,Tuesday,38,1383.47,2349.95,1499.66,850.29,-981.14,2872.52,2349.95,522.57,-70.92,8,7,0
U007,38,2026-06-16,Tuesday,38,1527.96,2039.55,1317.43,722.12,-529.05,3413.16,2039.55,1373.61,-34.62,11,6,0
U008,38,2026-06-16,Tuesday,38,1040.4,1967.94,1351.49,616.45,-935.56,2438.26,1967.94,470.32,-80.0,14,7,0
U009,38,2026-06-16,Tuesday,38,1526.95,2602.69,1604.79,997.9,-1107.04,3558.3,2602.69,955.61,-72.5,6,5,0
U010,38,2026-06-16,Tuesday,38,1304.7,3238.73,1833.15,1405.58,-1942.53,2759.18,3238.73,-479.55,-80.0,20,10,1
U001,38,2026-06-17,Wednesday,38,1253.5,2362.05,1642.0,720.05,-1118.02,2657.68,2362.05,295.63,-80.0,7,5,0
U002,38,2026-06-17,Wednesday,38,1286.65,2217.81,1231.23,986.58,-962.8,2294.22,2217.81,76.41,-74.83,8,7,0
U003,38,2026-06-17,Wednesday,38,1451.64,2812.82,1968.26,844.56,-1478.74,2638.29,2812.82,-174.53,-80.0,15,10,1
U004,38,2026-06-17,Wednesday,38,1541.99,2794.67,1877.14,917.53,-1250.56,2702.73,2794.67,-91.94,-80.0,12,10,1
U005,38,2026-06-17,Wednesday,38,1109.99,2971.0,2009.58,961.42,-1870.81,2810.28,2971.0,-160.72,-80.0,14,10,1
U006,38,2026-06-17,Wednesday,38,1479.2,2460.94,1693.87,767.07,-985.42,2476.14,2460.94,15.2,-66.62,13,5,0
U007,38,2026-06-17,Wednesday,38,1020.69,2871.72,1852.13,1019.59,-1823.54,2981.91,2871.72,110.19,-80.0,7,7,0
U008,38,2026-06-17,Wednesday,38,1324.41,1256.3,855.07,401.23,57.78,1929.16,1256.3,672.86,4.36,18,7,0
U009,38,2026-06-17,Wednesday,38,1220.65,2959.55,1667.25,1292.3,-1793.81,2884.48,2959.55,-75.07,-80.0,6,9,1
U010,38,2026-06-17,Wednesday,38,1487.47,2569.02,1744.52,824.5,-1115.66,2792.16,2569.02,223.14,-75.0,12,5,0
U001,38,2026-06-18,Thursday,38,1044.86,2871.24,1898.07,973.17,-1885.13,2888.32,2871.24,17.08,-80.0,13,5,0
U002,38,2026-06-18,Thursday,38,1511.09,2117.22,1273.01,844.21,-640.64,2564.88,2117.22,447.66,-42.4,10,6,0
U003,38,2026-06-18,Thursday,38,1413.42,2627.89,1530.02,1097.87,-1109.53,3696.33,2627.89,1068.44,-78.5,14,5,0
U004,38,2026-06-18,Thursday,38,1357.02,2534.2,1404.92,1129.28,-1264.64,2528.25,2534.2,-5.95,-80.0,11,10,1
U005,38,2026-06-18,Thursday,38,1700.46,2621.2,1589.24,1031.96,-902.1,3134.58,2621.2,513.38,-53.05,10,6,0
U006,38,2026-06-18,Thursday,38,1616.35,2651.4,1663.66,987.74,-1041.4,2636.05,2651.4,-15.35,-64.43,10,10,1
U007,38,2026-06-18,Thursday,38,1318.06,2158.97,1338.78,820.19,-892.29,2283.16,2158.97,124.19,-67.7,10,7,0
U008,38,2026-06-18,Thursday,38,1197.16,1755.7,1051.6,704.1,-433.18,2686.79,1755.7,931.09,-36.18,16,5,0
U009,38,2026-06-18,Thursday,38,1355.56,2214.62,1456.07,758.55,-971.58,3562.49,2214.62,1347.87,-71.67,20,5,0
U010,38,2026-06-18,Thursday,38,1039.4,2392.77,1567.04,825.73,-1372.97,2845.91,2392.77,453.14,-80.0,8,7,0
U001,38,2026-06-19,Friday,38,1159.94,1723.71,1033.2,690.51,-570.6,2755.68,1723.71,1031.97,-49.19,13,5,0
U002,38,2026-06-19,Friday,38,829.04,2034.71,1386.34,648.37,-1201.52,2873.49,2034.71,838.78,-80.0,13,6,0
U003,38,2026-06-19,Friday,38,815.38,2918.06,1671.88,1246.18,-2163.86,2729.59,2918.06,-188.47,-80.0,16,10,1
U004,38,2026-06-19,Friday,38,1383.62,2519.33,1496.71,1022.62,-1143.7,2559.69,2519.33,40.36,-80.0,20,7,0
U005,38,2026-06-19,Friday,38,1633.62,2232.16,1388.3,843.86,-622.05,2954.57,2232.16,722.41,-38.08,19,6,0
U006,38,2026-06-19,Friday,38,1357.09,2655.27,1746.82,908.45,-1318.84,2652.95,2655.27,-2.32,-80.0,21,9,1
U007,38,2026-06-19,Friday,38,1518.31,2479.87,1412.73,1067.14,-923.43,2952.39,2479.87,472.52,-60.82,20,5,0
U008,38,2026-06-19,Friday,38,1131.11,2072.61,1396.0,676.61,-860.32,2498.63,2072.61,426.02,-76.06,9,6,0
U009,38,2026-06-19,Friday,38,1229.89,2858.36,1803.79,1054.57,-1643.35,2626.2,2858.36,-232.16,-80.0,15,9,1
U010,38,2026-06-19,Friday,38,1436.66,2176.96,1276.54,900.42,-765.7,2635.39,2176.96,458.43,-53.3,20,5,0
U001,38,2026-06-20,Saturday,38,1065.79,1474.51,900.15,574.36,-400.6,3505.04,1474.51,2030.53,-37.59,16,6,0
U002,38,2026-06-20,Saturday,38,1256.85,1431.11,797.59,633.52,-79.86,3144.91,1431.11,1713.8,-6.35,8,6,0
U003,38,2026-06-20,Saturday,38,1881.69,2588.16,1673.1,915.06,-686.33,3525.92,2588.16,937.76,-36.47,18,5,0
U004,38,2026-06-20,Saturday,38,1562.79,2125.47,1393.46,732.01,-584.09,2580.33,2125.47,454.86,-37.37,8,5,0
U005,38,2026-06-20,Saturday,38,1279.48,3211.73,1853.72,1358.01,-1897.33,2875.51,3211.73,-336.22,-80.0,20,10,1
U006,38,2026-06-20,Saturday,38,1282.67,2127.14,1404.81,722.33,-873.87,2463.37,2127.14,336.23,-68.13,6,7,0
U007,38,2026-06-20,Saturday,38,1135.94,2466.63,1721.93,744.7,-1293.31,2861.46,2466.63,394.83,-80.0,14,7,0
U008,38,2026-06-20,Saturday,38,1383.18,1719.39,1023.43,695.96,-353.68,2494.87,1719.39,775.48,-25.57,13,7,0
U009,38,2026-06-20,Saturday,38,1551.82,3631.63,2249.1,1382.53,-2060.5,3116.76,3631.63,-514.87,-80.0,8,10,1
U010,38,2026-06-20,Saturday,38,1462.39,3011.21,2058.41,952.8,-1554.64,2565.24,3011.21,-445.97,-80.0,12,10,1
U001,39,2026-06-21,Sunday,39,1697.46,2271.37,1370.61,900.76,-500.68,2614.56,2271.37,343.19,-29.5,16,5,0
U002,39,2026-06-21,Sunday,39,1479.2,1786.89,1125.6,661.29,-343.23,2766.0,1786.89,979.11,-23.2,6,6,0
U003,39,2026-06-21,Sunday,39,1401.01,3016.59,1677.97,1338.62,-1558.5,3515.68,3016.59,499.09,-80.0,15,7,0
U004,39,2026-06-21,Sunday,39,1534.5,2403.36,1475.22,928.14,-892.83,2356.32,2403.36,-47.04,-58.18,8,9,1
U005,39,2026-06-21,Sunday,39,1498.21,2905.91,1962.92,942.99,-1414.3,3314.89,2905.91,408.98,-80.0,6,6,0
U006,39,2026-06-21,Sunday,39,1071.72,2583.78,1591.42,992.36,-1510.82,2530.3,2583.78,-53.48,-80.0,12,9,1
U007,39,2026-06-21,Sunday,39,1477.22,2541.68,1432.49,1109.19,-1033.72,2735.26,2541.68,193.58,-69.98,11,5,0
U008,39,2026-06-21,Sunday,39,1377.7,1524.39,1057.27,467.12,-60.05,2187.52,1524.39,663.13,-4.36,19,7,0
U009,39,2026-06-21,Sunday,39,1458.59,2554.73,1633.5,921.23,-1005.71,2892.47,2554.73,337.74,-68.95,9,6,0
U010,39,2026-06-21,Sunday,39,1627.92,2383.17,1415.44,967.73,-824.38,2767.24,2383.17,384.07,-50.64,13,7,0
U001,39,2026-06-22,Monday,39,1588.71,2713.91,1546.18,1167.73,-1098.1,2675.79,2713.91,-38.12,-69.12,8,10,1
U002,39,2026-06-22,Monday,39,1478.22,2227.15,1491.7,735.45,-703.05,2545.23,2227.15,318.08,-47.56,9,7,0
U003,39,2026-06-22,Monday,39,1254.96,2852.15,1974.73,877.42,-1625.5,2799.82,2852.15,-52.33,-80.0,12,10,1
U004,39,2026-06-22,Monday,39,1180.45,2587.05,1627.06,959.99,-1417.74,2444.1,2587.05,-142.95,-80.0,19,10,1
U005,39,2026-06-22,Monday,39,1642.11,2701.14,1665.75,1035.39,-1051.33,3060.22,2701.14,359.08,-64.02,21,5,0
U006,39,2026-06-22,Monday,39,1535.98,2666.51,1586.19,1080.32,-1193.26,2564.66,2666.51,-101.85,-77.69,20,9,1
U007,39,2026-06-22,Monday,39,1202.53,2829.75,1580.83,1248.92,-1603.12,2670.61,2829.75,-159.14,-80.0,17,10,1
U008,39,2026-06-22,Monday,39,1591.99,1235.02,771.29,463.73,427.41,2046.9,1235.02,811.88,26.85,12,5,0
U009,39,2026-06-22,Monday,39,1224.48,1615.52,896.94,718.58,-489.57,2743.25,1615.52,1127.73,-39.98,19,5,0
U010,39,2026-06-22,Monday,39,1498.42,2425.74,1588.13,837.61,-884.91,3030.62,2425.74,604.88,-59.06,17,6,0
U001,39,2026-06-23,Tuesday,39,1423.08,2214.41,1410.57,803.84,-757.53,2946.48,2214.41,732.07,-53.23,6,7,0
U002,39,2026-06-23,Tuesday,39,1496.53,1386.59,879.52,507.07,129.22,2519.36,1386.59,1132.77,8.63,19,6,0
U003,39,2026-06-23,Tuesday,39,1452.04,2871.51,1689.87,1181.64,-1445.94,2792.52,2871.51,-78.99,-80.0,9,9,1
U004,39,2026-06-23,Tuesday,39,1375.36,2451.22,1390.94,1060.28,-959.94,2773.51,2451.22,322.29,-69.8,11,5,0
U005,39,2026-06-23,Tuesday,39,1562.61,3002.56,2097.22,905.34,-1453.55,3151.92,3002.56,149.36,-80.0,16,5,0
U006,39,2026-06-23,Tuesday,39,1228.01,1889.79,1149.67,740.12,-679.09,2605.41,1889.79,715.62,-55.3,11,5,0
U007,39,2026-06-23,Tuesday,39,1679.0,2094.59,1381.11,713.48,-433.8,2866.86,2094.59,772.27,-25.84,12,6,0
U008,39,2026-06-23,Tuesday,39,1508.29,1536.53,914.93,621.6,49.68,2402.74,1536.53,866.21,3.29,17,6,0
U009,39,2026-06-23,Tuesday,39,1012.97,2376.08,1550.07,826.01,-1348.4,2591.84,2376.08,215.76,-80.0,13,5,0
U010,39,2026-06-23,Tuesday,39,1388.93,2373.23,1624.53,748.7,-1102.45,2373.58,2373.23,0.35,-79.37,7,6,0
U001,39,2026-06-24,Wednesday,39,1276.27,2456.21,1583.82,872.39,-1213.63,3036.99,2456.21,580.78,-80.0,15,7,0
U002,39,2026-06-24,Wednesday,39,1126.75,2540.55,1482.51,1058.04,-1482.11,2043.13,2540.55,-497.42,-80.0,19,9,1
U003,39,2026-06-24,Wednesday,39,1172.49,2822.93,1678.15,1144.78,-1684.89,3129.08,2822.93,306.15,-80.0,18,7,0
U004,39,2026-06-24,Wednesday,39,1439.55,1481.9,982.47,499.43,-100.84,2885.75,1481.9,1403.85,-7.0,7,5,0
U005,39,2026-06-24,Wednesday,39,1340.5,2481.76,1650.36,831.4,-1209.79,3310.46,2481.76,828.7,-80.0,15,6,0
U006,39,2026-06-24,Wednesday,39,1485.9,2255.22,1545.65,709.57,-798.5,2914.03,2255.22,658.81,-53.74,17,6,0
U007,39,2026-06-24,Wednesday,39,1683.88,2101.78,1353.09,748.69,-287.84,2747.94,2101.78,646.16,-17.09,8,7,0
U008,39,2026-06-24,Wednesday,39,1527.6,1707.95,1005.11,702.84,-161.56,1903.66,1707.95,195.71,-10.58,17,7,0
U009,39,2026-06-24,Wednesday,39,1424.26,2968.39,1651.29,1317.1,-1508.26,2854.4,2968.39,-113.99,-80.0,8,10,1
U010,39,2026-06-24,Wednesday,39,1301.52,2465.26,1697.36,767.9,-1147.3,2757.54,2465.26,292.28,-80.0,15,6,0
U001,39,2026-06-25,Thursday,39,1025.6,2353.12,1463.51,889.61,-1366.99,2297.36,2353.12,-55.76,-80.0,11,10,1
U002,39,2026-06-25,Thursday,39,1836.17,2049.94,1294.94,755.0,-195.05,2643.35,2049.94,593.41,-10.62,10,5,0
U003,39,2026-06-25,Thursday,39,1372.99,2425.81,1436.66,989.15,-1036.87,3165.4,2425.81,739.59,-75.52,16,6,0
U004,39,2026-06-25,Thursday,39,1370.21,2827.46,1823.73,1003.73,-1381.3,2634.22,2827.46,-193.24,-80.0,9,9,1
U005,39,2026-06-25,Thursday,39,1344.23,3415.07,1993.48,1421.59,-2080.51,3487.97,3415.07,72.9,-80.0,17,7,0
U006,39,2026-06-25,Thursday,39,1384.33,2047.88,1245.65,802.23,-640.39,2275.69,2047.88,227.81,-46.26,8,7,0
U007,39,2026-06-25,Thursday,39,1236.78,3116.13,1821.51,1294.62,-1987.01,3002.79,3116.13,-113.34,-80.0,21,9,1
U008,39,2026-06-25,Thursday,39,1167.14,1814.58,1075.12,739.46,-692.28,2095.86,1814.58,281.28,-59.31,8,5,0
U009,39,2026-06-25,Thursday,39,1550.29,3181.75,1790.81,1390.94,-1637.02,2990.74,3181.75,-191.01,-80.0,18,10,1
U010,39,2026-06-25,Thursday,39,1662.79,2303.01,1565.5,737.51,-645.4,2492.9,2303.01,189.89,-38.81,16,6,0
U001,39,2026-06-26,Friday,39,1211.88,2555.78,1632.75,923.03,-1386.92,2775.99,2555.78,220.21,-80.0,8,6,0
U002,39,2026-06-26,Friday,39,1405.32,1488.6,890.01,598.59,-118.02,2240.73,1488.6,752.13,-8.4,9,5,0
U003,39,2026-06-26,Friday,39,1790.5,2741.42,1652.0,1089.42,-977.06,3108.6,2741.42,367.18,-54.57,9,7,0
U004,39,2026-06-26,Friday,39,1270.55,2306.42,1369.62,936.8,-1063.66,2500.86,2306.42,194.44,-80.0,19,6,0
U005,39,2026-06-26,Friday,39,1505.67,2740.17,1578.13,1162.04,-1282.73,3297.97,2740.17,557.8,-80.0,8,6,0
U006,39,2026-06-26,Friday,39,1278.17,1833.03,1033.84,799.19,-613.0,1839.86,1833.03,6.83,-47.96,16,7,0
U007,39,2026-06-26,Friday,39,1567.34,2777.59,1628.29,1149.3,-1202.63,2709.1,2777.59,-68.49,-76.73,8,10,1
U008,39,2026-06-26,Friday,39,1246.15,1476.88,870.98,605.9,-230.57,1972.33,1476.88,495.45,-18.5,12,5,0
U009,39,2026-06-26,Friday,39,1432.51,2664.98,1795.56,869.42,-1270.52,3295.77,2664.98,630.79,-80.0,15,6,0
U010,39,2026-06-26,Friday,39,1209.82,2270.25,1514.44,755.81,-1025.74,3184.33,2270.25,914.08,-80.0,18,6,0
U001,39,2026-06-27,Saturday,39,1035.72,2708.49,1800.37,908.12,-1644.9,2792.95,2708.49,84.46,-80.0,6,5,0
U002,39,2026-06-27,Saturday,39,1382.42,2094.15,1338.93,755.22,-691.4,2349.77,2094.15,255.62,-50.01,20,6,0
U003,39,2026-06-27,Saturday,39,1554.67,2508.26,1458.64,1049.62,-990.71,2809.67,2508.26,301.41,-63.72,20,5,0
U004,39,2026-06-27,Saturday,39,991.01,1940.91,1233.57,707.34,-936.79,2234.31,1940.91,293.4,-80.0,10,7,0
U005,39,2026-06-27,Saturday,39,1393.06,3137.09,2133.14,1003.95,-1834.62,2946.34,3137.09,-190.75,-80.0,19,9,1
U006,39,2026-06-27,Saturday,39,1437.06,2160.64,1490.19,670.45,-722.56,2155.25,2160.64,-5.39,-50.28,18,10,1
U007,39,2026-06-27,Saturday,39,1435.29,2034.61,1346.78,687.83,-564.11,2645.46,2034.61,610.85,-39.3,9,5,0
U008,39,2026-06-27,Saturday,39,1231.08,2084.76,1300.36,784.4,-878.13,2376.57,2084.76,291.81,-71.33,13,6,0
U009,39,2026-06-27,Saturday,39,1495.49,2135.71,1452.05,683.66,-621.76,2533.68,2135.71,397.97,-41.58,14,6,0
U010,39,2026-06-27,Saturday,39,1327.17,2065.29,1197.69,867.6,-802.94,2913.37,2065.29,848.08,-60.5,8,7,0
U001,40,2026-06-28,Sunday,40,1335.66,2048.39,1400.39,648.0,-701.62,2197.07,2048.39,148.68,-52.53,17,6,0
U002,40,2026-06-28,Sunday,40,1354.09,1929.2,1125.23,803.97,-696.4,2349.07,1929.2,419.87,-51.43,15,6,0
U003,40,2026-06-28,Sunday,40,1391.04,3389.54,1882.88,1506.66,-2036.29,3095.41,3389.54,-294.13,-80.0,12,10,1
U004,40,2026-06-28,Sunday,40,1520.25,2080.1,1267.3,812.8,-611.92,2499.49,2080.1,419.39,-40.25,14,7,0
U005,40,2026-06-28,Sunday,40,1092.15,2723.14,1670.55,1052.59,-1641.58,3090.33,2723.14,367.19,-80.0,8,5,0
U006,40,2026-06-28,Sunday,40,1240.06,2297.77,1294.64,1003.13,-1084.54,2623.99,2297.77,326.22,-80.0,19,7,0
U007,40,2026-06-28,Sunday,40,1440.0,2585.04,1661.93,923.11,-1168.93,2949.51,2585.04,364.47,-80.0,18,6,0
U008,40,2026-06-28,Sunday,40,1293.9,1870.63,1044.24,826.39,-602.67,2435.11,1870.63,564.48,-46.58,15,6,0
U009,40,2026-06-28,Sunday,40,1426.37,2279.41,1423.06,856.35,-894.8,2809.59,2279.41,530.18,-62.73,9,6,0
U010,40,2026-06-28,Sunday,40,1301.35,2865.66,1978.68,886.98,-1499.42,2466.03,2865.66,-399.63,-80.0,6,10,1
U001,40,2026-06-29,Monday,40,1238.76,2102.6,1353.22,749.38,-729.86,2592.6,2102.6,490.0,-58.92,8,6,0
U002,40,2026-06-29,Monday,40,1086.01,2184.77,1395.21,789.56,-1096.64,2688.2,2184.77,503.43,-80.0,19,7,0
U003,40,2026-06-29,Monday,40,1630.52,2771.05,1562.62,1208.43,-1173.57,2776.48,2771.05,5.43,-71.98,9,5,0
U004,40,2026-06-29,Monday,40,1861.86,2157.91,1228.03,929.88,-384.25,2128.65,2157.91,-29.26,-20.64,7,10,1
U005,40,2026-06-29,Monday,40,1265.77,2380.84,1545.81,835.03,-1184.18,3450.81,2380.84,1069.97,-80.0,11,6,0
U006,40,2026-06-29,Monday,40,1430.23,2001.45,1391.63,609.82,-472.15,2525.73,2001.45,524.28,-33.01,17,6,0
U007,40,2026-06-29,Monday,40,1387.55,2953.54,1716.58,1236.96,-1542.87,2945.96,2953.54,-7.58,-80.0,14,10,1
U008,40,2026-06-29,Monday,40,1520.5,2089.73,1268.86,820.87,-548.15,2221.42,2089.73,131.69,-36.05,10,5,0
U009,40,2026-06-29,Monday,40,1315.3,2163.94,1191.31,972.63,-907.31,2724.13,2163.94,560.19,-68.98,8,7,0
U010,40,2026-06-29,Monday,40,1483.4,2044.36,1162.45,881.91,-462.06,2815.83,2044.36,771.47,-31.15,9,6,0
U001,40,2026-06-30,Tuesday,40,1559.15,2183.2,1470.7,712.5,-602.85,2318.84,2183.2,135.64,-38.67,7,5,0
U002,40,2026-06-30,Tuesday,40,1012.44,2237.22,1423.24,813.98,-1090.46,3202.87,2237.22,965.65,-80.0,21,5,0
U003,40,2026-06-30,Tuesday,40,1644.26,3437.3,2291.4,1145.9,-1678.06,3575.8,3437.3,138.5,-80.0,16,7,0
U004,40,2026-06-30,Tuesday,40,1639.75,3073.14,1737.98,1335.16,-1402.36,2445.13,3073.14,-628.01,-80.0,12,9,1
U005,40,2026-06-30,Tuesday,40,1402.08,3048.38,2048.97,999.41,-1650.79,3402.14,3048.38,353.76,-80.0,10,6,0
U006,40,2026-06-30,Tuesday,40,1736.04,2832.74,1841.94,990.8,-1065.94,2961.4,2832.74,128.66,-61.4,10,7,0
U007,40,2026-06-30,Tuesday,40,1285.47,2969.97,1970.12,999.85,-1665.36,3085.85,2969.97,115.88,-80.0,14,7,0
U008,40,2026-06-30,Tuesday,40,1402.12,2007.7,1272.05,735.65,-592.73,2355.98,2007.7,348.28,-42.27,6,7,0
U009,40,2026-06-30,Tuesday,40,1413.62,3265.51,2016.35,1249.16,-1906.64,2577.73,3265.51,-687.78,-80.0,13,10,1
U010,40,2026-06-30,Tuesday,40,1419.14,2396.98,1515.61,881.37,-931.65,2779.42,2396.98,382.44,-65.65,13,7,0
U001,40,2026-07-01,Wednesday,40,1372.89,2093.52,1407.14,686.38,-725.65,2522.29,2093.52,428.77,-52.86,18,5,0
U002,40,2026-07-01,Wednesday,40,1404.9,1784.09,1247.17,536.92,-474.9,2385.13,1784.09,601.04,-33.8,8,7,0
U003,40,2026-07-01,Wednesday,40,1208.48,2708.33,1674.17,1034.16,-1456.14,3031.1,2708.33,322.77,-80.0,14,7,0
U004,40,2026-07-01,Wednesday,40,1670.54,2282.18,1580.11,702.07,-631.24,2528.96,2282.18,246.78,-37.79,7,6,0
U005,40,2026-07-01,Wednesday,40,1367.5,3115.4,1931.02,1184.38,-1676.85,3586.21,3115.4,470.81,-80.0,14,7,0
U006,40,2026-07-01,Wednesday,40,1495.0,1825.33,1086.2,739.13,-278.82,3038.14,1825.33,1212.81,-18.65,21,7,0
U007,40,2026-07-01,Wednesday,40,1471.04,1819.41,1050.01,769.4,-300.55,2774.16,1819.41,954.75,-20.43,13,6,0
U008,40,2026-07-01,Wednesday,40,1434.75,2419.68,1520.2,899.48,-978.36,1963.91,2419.68,-455.77,-68.19,16,10,1
U009,40,2026-07-01,Wednesday,40,1240.23,2724.13,1546.69,1177.44,-1360.14,3001.17,2724.13,277.04,-80.0,14,6,0
U010,40,2026-07-01,Wednesday,40,1356.54,2519.07,1459.19,1059.88,-1072.37,2551.45,2519.07,32.38,-79.05,20,7,0
U001,40,2026-07-02,Thursday,40,1450.25,1877.61,1237.15,640.46,-471.46,1914.31,1877.61,36.7,-32.51,7,7,0
U002,40,2026-07-02,Thursday,40,1374.49,2357.82,1528.63,829.19,-1000.48,2869.72,2357.82,511.9,-72.79,19,6,0
U003,40,2026-07-02,Thursday,40,1335.79,2403.21,1494.9,908.31,-1098.89,2868.94,2403.21,465.73,-80.0,6,7,0
U004,40,2026-07-02,Thursday,40,1611.0,1917.33,1255.39,661.94,-260.58,2837.94,1917.33,920.61,-16.18,14,6,0
U005,40,2026-07-02,Thursday,40,1504.25,2911.39,1759.78,1151.61,-1364.16,3338.25,2911.39,426.86,-80.0,17,7,0
U006,40,2026-07-02,Thursday,40,1097.43,2238.19,1541.39,696.8,-1193.69,2515.78,2238.19,277.59,-80.0,18,6,0
U007,40,2026-07-02,Thursday,40,1203.77,2089.81,1349.36,740.45,-881.5,2587.79,2089.81,497.98,-73.23,17,5,0
U008,40,2026-07-02,Thursday,40,1362.54,1944.0,1087.2,856.8,-528.53,2431.01,1944.0,487.01,-38.79,21,7,0
U009,40,2026-07-02,Thursday,40,1345.5,2560.96,1423.48,1137.48,-1218.85,2563.03,2560.96,2.07,-80.0,17,5,0
U010,40,2026-07-02,Thursday,40,1484.62,1659.67,932.2,727.47,-168.58,2593.27,1659.67,933.6,-11.36,6,7,0
U001,40,2026-07-03,Friday,40,1530.37,2527.87,1573.06,954.81,-971.4,2716.15,2527.87,188.28,-63.47,13,6,0
U002,40,2026-07-03,Friday,40,1612.25,2211.51,1525.27,686.24,-662.08,2169.54,2211.51,-41.97,-41.07,20,10,1
U003,40,2026-07-03,Friday,40,1373.96,2637.9,1778.63,859.27,-1290.7,2443.65,2637.9,-194.25,-80.0,16,10,1
U004,40,2026-07-03,Friday,40,1273.42,1291.62,856.92,434.7,-9.05,1865.1,1291.62,573.48,-0.71,21,5,0
U005,40,2026-07-03,Friday,40,1351.71,3040.07,1696.9,1343.17,-1653.54,3458.1,3040.07,418.03,-80.0,8,6,0
U006,40,2026-07-03,Friday,40,1422.97,2015.05,1229.14,785.91,-599.06,2652.79,2015.05,637.74,-42.1,19,6,0
U007,40,2026-07-03,Friday,40,1172.53,2511.64,1577.69,933.95,-1389.54,2292.45,2511.64,-219.19,-80.0,7,10,1
U008,40,2026-07-03,Friday,40,1762.83,1458.29,890.37,567.92,352.98,2658.12,1458.29,1199.83,20.02,15,7,0
U009,40,2026-07-03,Friday,40,1481.36,2386.18,1320.13,1066.05,-794.15,3387.29,2386.18,1001.11,-53.61,10,5,0
U010,40,2026-07-03,Friday,40,941.07,2591.76,1691.42,900.34,-1615.14,2970.92,2591.76,379.16,-80.0,14,6,0
U001,40,2026-07-04,Saturday,40,1551.79,2168.39,1475.97,692.42,-514.29,3068.66,2168.39,900.27,-33.14,11,6,0
U002,40,2026-07-04,Saturday,40,1403.61,1907.37,1205.19,702.18,-441.0,2104.39,1907.37,197.02,-31.42,12,6,0
U003,40,2026-07-04,Saturday,40,1436.91,2577.88,1644.16,933.72,-1154.29,3337.31,2577.88,759.43,-80.0,21,7,0
U004,40,2026-07-04,Saturday,40,1755.7,1929.03,1207.18,721.85,-137.15,2375.67,1929.03,446.64,-7.81,14,7,0
U005,40,2026-07-04,Saturday,40,1514.46,3457.36,2321.77,1135.59,-2014.08,3327.56,3457.36,-129.8,-80.0,6,10,1
U006,40,2026-07-04,Saturday,40,1852.88,1906.95,1199.02,707.93,-123.32,2556.96,1906.95,650.01,-6.66,8,7,0
U007,40,2026-07-04,Saturday,40,1600.41,2319.87,1538.95,780.92,-687.34,3036.26,2319.87,716.39,-42.95,13,5,0
U008,40,2026-07-04,Saturday,40,1602.95,1990.88,1274.61,716.27,-329.09,2181.78,1990.88,190.9,-20.53,13,6,0
U009,40,2026-07-04,Saturday,40,1202.35,2427.02,1656.46,770.56,-1204.2,3124.92,2427.02,697.9,-80.0,7,6,0
U010,40,2026-07-04,Saturday,40,1321.28,2239.57,1547.0,692.57,-841.06,2047.93,2239.57,-191.64,-63.65,14,10,1
U001,41,2026-07-05,Sunday,41,1494.01,1972.88,1207.98,764.9,-417.64,2442.04,1972.88,469.16,-27.95,13,7,0
U002,41,2026-07-05,Sunday,41,1443.47,1392.7,926.66,466.04,-40.6,2584.99,1392.7,1192.29,-2.81,9,6,0
U003,41,2026-07-05,Sunday,41,1430.18,2506.71,1575.03,931.68,-1054.72,2673.23,2506.71,166.52,-73.75,16,7,0
U004,41,2026-07-05,Sunday,41,1458.45,2135.73,1288.33,847.4,-698.7,2714.74,2135.73,579.01,-47.91,14,6,0
U005,41,2026-07-05,Sunday,41,1279.04,2693.99,1527.98,1166.01,-1428.14,3194.87,2693.99,500.88,-80.0,14,5,0
U006,41,2026-07-05,Sunday,41,1748.09,2952.18,1973.54,978.64,-1181.55,2686.88,2952.18,-265.3,-67.59,15,10,1
U007,41,2026-07-05,Sunday,41,1212.72,2967.85,1919.76,1048.09,-1780.44,2873.84,2967.85,-94.01,-80.0,21,9,1
U008,41,2026-07-05,Sunday,41,1398.28,2140.47,1331.21,809.26,-703.93,2100.41,2140.47,-40.06,-50.34,18,10,1
U009,41,2026-07-05,Sunday,41,1411.27,2340.83,1503.2,837.63,-905.45,2347.79,2340.83,6.96,-64.16,17,7,0
U010,41,2026-07-05,Sunday,41,1294.2,1889.81,1047.27,842.54,-524.31,2611.59,1889.81,721.78,-40.51,7,5,0
U001,41,2026-07-06,Monday,41,1347.02,2395.31,1498.02,897.29,-1108.82,2571.16,2395.31,175.85,-80.0,6,5,0
U002,41,2026-07-06,Monday,41,1315.29,2077.33,1190.41,886.92,-697.02,2028.72,2077.33,-48.61,-52.99,19,10,1
U003,41,2026-07-06,Monday,41,1279.78,2749.66,1707.4,1042.26,-1405.02,3452.73,2749.66,703.07,-80.0,16,5,0
U004,41,2026-07-06,Monday,41,1355.77,2579.3,1603.6,975.7,-1243.17,2255.49,2579.3,-323.81,-80.0,14,10,1
U005,41,2026-07-06,Monday,41,983.04,2615.82,1450.07,1165.75,-1647.46,2830.55,2615.82,214.73,-80.0,19,5,0
U006,41,2026-07-06,Monday,41,1249.46,3195.89,1863.13,1332.76,-1947.49,2668.05,3195.89,-527.84,-80.0,15,9,1
U007,41,2026-07-06,Monday,41,1574.18,2473.97,1480.55,993.42,-950.13,2562.43,2473.97,88.46,-60.36,12,5,0
U008,41,2026-07-06,Monday,41,1599.36,2319.8,1539.73,780.07,-704.07,1877.14,2319.8,-442.66,-44.02,20,10,1
U009,41,2026-07-06,Monday,41,1586.47,2659.19,1723.89,935.3,-1105.65,3392.59,2659.19,733.4,-69.69,21,7,0
U010,41,2026-07-06,Monday,41,2002.95,2829.93,1694.1,1135.83,-831.17,2940.1,2829.93,110.17,-41.5,10,6,0
U001,41,2026-07-07,Tuesday,41,1202.26,1886.79,1105.4,781.39,-750.36,2826.54,1886.79,939.75,-62.41,16,7,0
U002,41,2026-07-07,Tuesday,41,1024.19,2093.88,1179.75,914.13,-1010.7,2490.09,2093.88,396.21,-80.0,19,5,0
U003,41,2026-07-07,Tuesday,41,1379.67,3269.77,2265.95,1003.82,-1863.76,3626.81,3269.77,357.04,-80.0,18,6,0
U004,41,2026-07-07,Tuesday,41,1401.65,2765.29,1527.71,1237.58,-1359.1,2554.1,2765.29,-211.19,-80.0,19,10,1
U005,41,2026-07-07,Tuesday,41,1318.74,3515.63,2005.71,1509.92,-2174.53,3651.82,3515.63,136.19,-80.0,6,6,0
U006,41,2026-07-07,Tuesday,41,1627.59,2698.28,1720.68,977.6,-1126.76,2261.4,2698.28,-436.88,-69.23,14,9,1
U007,41,2026-07-07,Tuesday,41,1106.63,3128.53,1924.24,1204.29,-2033.72,2622.62,3128.53,-505.91,-80.0,18,10,1
U008,41,2026-07-07,Tuesday,41,1363.22,1285.33,780.71,504.62,149.51,2023.9,1285.33,738.57,10.97,21,5,0
U009,41,2026-07-07,Tuesday,41,1070.36,2657.81,1835.22,822.59,-1540.25,3313.13,2657.81,655.32,-80.0,7,6,0
U010,41,2026-07-07,Tuesday,41,1393.31,2544.83,1516.59,1028.24,-1109.97,2557.04,2544.83,12.21,-79.66,6,5,0
U001,41,2026-07-08,Wednesday,41,1426.7,2050.02,1408.36,641.66,-538.11,2748.16,2050.02,698.14,-37.72,7,5,0
U002,41,2026-07-08,Wednesday,41,1512.34,2311.47,1577.94,733.53,-779.09,2751.68,2311.47,440.21,-51.52,10,7,0
U003,41,2026-07-08,Wednesday,41,1309.24,3197.64,2008.67,1188.97,-1901.93,3256.77,3197.64,59.13,-80.0,10,7,0
U004,41,2026-07-08,Wednesday,41,1594.25,2712.01,1730.42,981.59,-1049.69,3086.73,2712.01,374.72,-65.84,14,6,0
U005,41,2026-07-08,Wednesday,41,1362.27,2993.75,1949.96,1043.79,-1651.45,3010.01,2993.75,16.26,-80.0,20,5,0
U006,41,2026-07-08,Wednesday,41,1209.56,2024.53,1146.69,877.84,-818.68,2964.5,2024.53,939.97,-67.68,8,6,0
U007,41,2026-07-08,Wednesday,41,1353.23,2530.25,1686.87,843.38,-1165.39,2730.78,2530.25,200.53,-80.0,17,5,0
U008,41,2026-07-08,Wednesday,41,1269.82,2237.29,1415.88,821.41,-958.95,2434.6,2237.29,197.31,-75.52,12,5,0
U009,41,2026-07-08,Wednesday,41,1370.31,3154.16,2018.09,1136.07,-1844.03,2655.13,3154.16,-499.03,-80.0,6,10,1
U010,41,2026-07-08,Wednesday,41,1227.72,2273.35,1407.69,865.66,-1050.25,2364.98,2273.35,91.63,-80.0,11,6,0
U001,41,2026-07-09,Thursday,41,1815.66,1862.34,1141.71,720.63,20.42,3029.21,1862.34,1166.87,1.12,13,6,0
U002,41,2026-07-09,Thursday,41,1341.4,1808.47,1202.73,605.74,-491.97,1987.07,1808.47,178.6,-36.68,6,5,0
U003,41,2026-07-09,Thursday,41,1859.25,2665.92,1542.77,1123.15,-828.82,2582.52,2665.92,-83.4,-44.58,14,10,1
U004,41,2026-07-09,Thursday,41,1743.19,2209.33,1288.88,920.45,-489.94,2871.79,2209.33,662.46,-28.11,14,7,0
U005,41,2026-07-09,Thursday,41,1703.59,3077.22,1701.88,1375.34,-1388.6,3627.57,3077.22,550.35,-80.0,12,7,0
U006,41,2026-07-09,Thursday,41,1435.38,2163.52,1291.89,871.63,-788.18,2736.43,2163.52,572.91,-54.91,21,7,0
U007,41,2026-07-09,Thursday,41,1665.39,2455.15,1587.46,867.69,-782.5,2894.91,2455.15,439.76,-46.99,20,5,0
U008,41,2026-07-09,Thursday,41,1548.41,2385.44,1665.06,720.38,-881.22,2494.91,2385.44,109.47,-56.91,14,7,0
U009,41,2026-07-09,Thursday,41,1469.13,3173.6,2104.23,1069.37,-1709.68,3401.02,3173.6,227.42,-80.0,6,5,0
U010,41,2026-07-09,Thursday,41,1135.02,2008.41,1282.69,725.72,-920.81,1685.04,2008.41,-323.37,-80.0,21,9,1
U001,41,2026-07-10,Friday,41,1356.82,2769.01,1535.25,1233.76,-1543.04,2337.8,2769.01,-431.21,-80.0,18,10,1
U002,41,2026-07-10,Friday,41,1530.69,2402.77,1516.89,885.88,-839.14,2136.66,2402.77,-266.11,-54.82,19,10,1
U003,41,2026-07-10,Friday,41,1340.21,3159.95,1932.81,1227.14,-1782.18,3225.93,3159.95,65.98,-80.0,15,6,0
U004,41,2026-07-10,Friday,41,1588.83,2053.08,1380.07,673.01,-539.72,2513.39,2053.08,460.31,-33.97,19,6,0
U005,41,2026-07-10,Friday,41,1324.27,3003.37,1705.24,1298.13,-1594.5,3184.55,3003.37,181.18,-80.0,12,5,0
U006,41,2026-07-10,Friday,41,1701.03,2087.35,1456.31,631.04,-284.43,2367.84,2087.35,280.49,-16.72,7,5,0
U007,41,2026-07-10,Friday,41,1623.88,1810.44,1259.66,550.78,-187.28,3050.59,1810.44,1240.15,-11.53,18,7,0
U008,41,2026-07-10,Friday,41,1300.31,1867.23,1168.66,698.57,-704.55,1702.44,1867.23,-164.79,-54.18,12,9,1
U009,41,2026-07-10,Friday,41,1405.2,3047.8,1712.72,1335.08,-1611.25,3158.5,3047.8,110.7,-80.0,9,6,0
U010,41,2026-07-10,Friday,41,1164.68,2097.56,1231.95,865.61,-1001.09,3192.98,2097.56,1095.42,-80.0,8,6,0
U001,41,2026-07-11,Saturday,41,1418.65,1994.54,1197.46,797.08,-609.62,2467.79,1994.54,473.25,-42.97,15,5,0
U002,41,2026-07-11,Saturday,41,1624.66,2207.82,1426.7,781.12,-626.83,2531.22,2207.82,323.4,-38.58,16,7,0
U003,41,2026-07-11,Saturday,41,1576.47,2491.03,1508.06,982.97,-881.37,2745.47,2491.03,254.44,-55.91,14,5,0
U004,41,2026-07-11,Saturday,41,1573.99,2043.67,1304.28,739.39,-484.65,2750.77,2043.67,707.1,-30.79,15,7,0
U005,41,2026-07-11,Saturday,41,1435.22,2515.56,1706.29,809.27,-1031.9,3080.74,2515.56,565.18,-71.9,12,6,0
U006,41,2026-07-11,Saturday,41,1449.11,2274.65,1375.67,898.98,-787.71,2573.4,2274.65,298.75,-54.36,8,5,0
U007,41,2026-07-11,Saturday,41,1584.92,2470.17,1491.98,978.19,-782.44,2969.46,2470.17,499.29,-49.37,16,7,0
U008,41,2026-07-11,Saturday,41,1119.84,1593.64,968.51,625.13,-527.15,2088.91,1593.64,495.27,-47.07,13,6,0
U009,41,2026-07-11,Saturday,41,1279.11,3112.9,1882.05,1230.85,-1941.01,3386.43,3112.9,273.53,-80.0,14,5,0
U010,41,2026-07-11,Saturday,41,1079.4,2167.9,1430.63,737.27,-1128.07,2581.19,2167.9,413.29,-80.0,7,6,0
U001,42,2026-07-12,Sunday,42,1205.03,2282.63,1499.87,782.76,-1086.62,3039.93,2282.63,757.3,-80.0,10,5,0
U002,42,2026-07-12,Sunday,42,1523.9,2888.98,2005.36,883.62,-1366.45,2893.52,2888.98,4.54,-80.0,21,6,0
U003,42,2026-07-12,Sunday,42,1356.15,2140.38,1375.32,765.06,-797.63,3318.44,2140.38,1178.06,-58.82,14,6,0
U004,42,2026-07-12,Sunday,42,1436.62,2506.91,1741.05,765.86,-1170.21,2649.17,2506.91,142.26,-80.0,15,6,0
U005,42,2026-07-12,Sunday,42,1193.16,2807.32,1763.86,1043.46,-1560.63,2659.8,2807.32,-147.52,-80.0,16,9,1
U006,42,2026-07-12,Sunday,42,1312.57,2260.56,1294.35,966.21,-973.67,2414.27,2260.56,153.71,-74.18,21,6,0
U007,42,2026-07-12,Sunday,42,1225.3,1807.03,1261.34,545.69,-612.22,2286.68,1807.03,479.65,-49.96,9,6,0
U008,42,2026-07-12,Sunday,42,1114.69,1288.12,814.34,473.78,-281.86,2500.95,1288.12,1212.83,-25.29,11,7,0
U009,42,2026-07-12,Sunday,42,1453.33,2226.49,1488.66,737.83,-792.45,2991.94,2226.49,765.45,-54.53,18,5,0
U010,42,2026-07-12,Sunday,42,1132.08,2271.27,1578.74,692.53,-1205.24,2915.18,2271.27,643.91,-80.0,16,7,0
U001,42,2026-07-13,Monday,42,1333.83,1991.87,1240.66,751.21,-624.25,2327.05,1991.87,335.18,-46.8,9,6,0
U002,42,2026-07-13,Monday,42,1329.79,2018.64,1317.74,700.9,-672.29,2242.67,2018.64,224.03,-50.56,13,5,0
U003,42,2026-07-13,Monday,42,1645.4,3120.14,2030.43,1089.71,-1511.17,2854.5,3120.14,-265.64,-80.0,8,10,1
U004,42,2026-07-13,Monday,42,1528.87,1977.63,1112.53,865.1,-377.53,2391.84,1977.63,414.21,-24.69,10,7,0
U005,42,2026-07-13,Monday,42,1426.76,2483.31,1585.84,897.47,-1028.87,4013.28,2483.31,1529.97,-72.11,12,6,0
U006,42,2026-07-13,Monday,42,1309.31,2550.32,1584.12,966.2,-1286.51,2444.43,2550.32,-105.89,-80.0,7,9,1
U007,42,2026-07-13,Monday,42,1076.54,2696.03,1817.68,878.35,-1612.98,3065.17,2696.03,369.14,-80.0,17,5,0
U008,42,2026-07-13,Monday,42,1239.71,2319.82,1580.39,739.43,-1107.18,2340.97,2319.82,21.15,-80.0,6,7,0
U009,42,2026-07-13,Monday,42,1640.84,3151.82,2038.7,1113.12,-1522.28,2649.52,3151.82,-502.3,-80.0,20,10,1
U010,42,2026-07-13,Monday,42,1265.2,2222.25,1520.79,701.46,-973.71,2933.25,2222.25,711.0,-76.96,16,5,0
U001,42,2026-07-14,Tuesday,42,1571.7,2328.79,1361.08,967.71,-699.95,2551.52,2328.79,222.73,-44.53,16,7,0
U002,42,2026-07-14,Tuesday,42,1192.58,1812.05,1147.6,664.45,-610.18,2089.46,1812.05,277.41,-51.16,17,5,0
U003,42,2026-07-14,Tuesday,42,1518.63,3067.49,2022.31,1045.18,-1586.0,2545.32,3067.49,-522.17,-80.0,13,10,1
U004,42,2026-07-14,Tuesday,42,1143.76,2192.19,1205.97,986.22,-1105.82,3160.31,2192.19,968.12,-80.0,12,7,0
U005,42,2026-07-14,Tuesday,42,1353.01,3314.29,2094.31,1219.98,-1866.5,2984.67,3314.29,-329.62,-80.0,13,10,1
U006,42,2026-07-14,Tuesday,42,1057.16,1482.75,1026.61,456.14,-382.53,2724.67,1482.75,1241.92,-36.18,13,6,0
U007,42,2026-07-14,Tuesday,42,1429.12,1533.16,999.79,533.37,6.04,2926.67,1533.16,1393.51,0.42,18,7,0
U008,42,2026-07-14,Tuesday,42,1440.78,2086.33,1281.77,804.56,-682.39,2505.25,2086.33,418.92,-47.36,7,5,0
U009,42,2026-07-14,Tuesday,42,1401.1,3147.73,1869.7,1278.03,-1773.65,2978.5,3147.73,-169.23,-80.0,19,10,1
U010,42,2026-07-14,Tuesday,42,1510.5,1991.32,1210.1,781.22,-490.97,3073.59,1991.32,1082.27,-32.5,11,5,0
U001,42,2026-07-15,Wednesday,42,927.91,2611.25,1707.95,903.3,-1671.6,3132.91,2611.25,521.66,-80.0,12,5,0
U002,42,2026-07-15,Wednesday,42,1071.48,2122.29,1410.57,711.72,-1016.14,2467.94,2122.29,345.65,-80.0,9,6,0
U003,42,2026-07-15,Wednesday,42,1122.35,2387.43,1580.85,806.58,-1203.21,3083.21,2387.43,695.78,-80.0,21,6,0
U004,42,2026-07-15,Wednesday,42,1334.92,2372.7,1481.06,891.64,-1104.45,2849.41,2372.7,476.71,-80.0,16,7,0
U005,42,2026-07-15,Wednesday,42,1595.95,2744.78,1851.34,893.44,-1133.27,3370.72,2744.78,625.94,-71.01,6,5,0
U006,42,2026-07-15,Wednesday,42,1853.55,2743.74,1725.82,1017.92,-907.28,2422.58,2743.74,-321.16,-48.95,6,10,1
U007,42,2026-07-15,Wednesday,42,1445.35,2637.28,1588.73,1048.55,-1244.76,2636.08,2637.28,-1.2,-80.0,8,10,1
U008,42,2026-07-15,Wednesday,42,1339.94,2120.5,1246.86,873.64,-777.94,1915.99,2120.5,-204.51,-58.06,17,10,1
U009,42,2026-07-15,Wednesday,42,1149.33,2546.39,1449.45,1096.94,-1392.76,3055.51,2546.39,509.12,-80.0,15,5,0
U010,42,2026-07-15,Wednesday,42,1351.3,2596.24,1444.4,1151.84,-1156.15,2060.98,2596.24,-535.26,-80.0,7,10,1
U001,42,2026-07-16,Thursday,42,1292.07,2002.32,1367.5,634.82,-699.83,2837.26,2002.32,834.94,-54.16,11,6,0
U002,42,2026-07-16,Thursday,42,1347.94,2059.09,1294.09,765.0,-676.29,2423.71,2059.09,364.62,-50.17,17,5,0
U003,42,2026-07-16,Thursday,42,1029.22,2883.55,1836.06,1047.49,-1920.32,3077.9,2883.55,194.35,-80.0,13,6,0
U004,42,2026-07-16,Thursday,42,1440.23,2639.99,1614.07,1025.92,-1227.81,2437.73,2639.99,-202.26,-80.0,6,10,1
U005,42,2026-07-16,Thursday,42,1616.66,3728.41,2234.93,1493.48,-2107.93,3415.27,3728.41,-313.14,-80.0,12,10,1
U006,42,2026-07-16,Thursday,42,1345.5,2641.42,1501.33,1140.09,-1329.54,2213.21,2641.42,-428.21,-80.0,14,9,1
U007,42,2026-07-16,Thursday,42,1126.78,2380.63,1580.17,800.46,-1240.49,2634.78,2380.63,254.15,-80.0,11,7,0
U008,42,2026-07-16,Thursday,42,1399.41,2163.69,1204.28,959.41,-792.85,2103.87,2163.69,-59.82,-56.66,7,10,1
U009,42,2026-07-16,Thursday,42,1673.89,2773.05,1909.0,864.05,-1145.52,2670.57,2773.05,-102.48,-68.43,10,9,1
U010,42,2026-07-16,Thursday,42,1306.48,2982.25,1769.09,1213.16,-1679.19,2966.12,2982.25,-16.13,-80.0,16,10,1
U001,42,2026-07-17,Friday,42,1573.03,1522.11,945.12,576.99,-1.18,3020.71,1522.11,1498.6,-0.08,18,5,0
U002,42,2026-07-17,Friday,42,1264.77,2415.21,1462.67,952.54,-1079.98,1929.48,2415.21,-485.73,-80.0,10,9,1
U003,42,2026-07-17,Friday,42,1453.05,2858.99,1785.0,1073.99,-1352.73,3373.47,2858.99,514.48,-80.0,15,6,0
U004,42,2026-07-17,Friday,42,1284.08,2105.13,1228.16,876.97,-775.03,2376.4,2105.13,271.27,-60.36,14,5,0
U005,42,2026-07-17,Friday,42,1221.22,2340.48,1520.14,820.34,-1202.07,3207.19,2340.48,866.71,-80.0,10,6,0
U006,42,2026-07-17,Friday,42,969.66,1772.67,1186.53,586.14,-848.62,2473.37,1772.67,700.7,-80.0,11,5,0
U007,42,2026-07-17,Friday,42,1103.0,2242.98,1386.97,856.01,-1156.91,3385.32,2242.98,1142.34,-80.0,8,5,0
U008,42,2026-07-17,Friday,42,1527.45,1862.85,1191.71,671.14,-343.24,1437.3,1862.85,-425.55,-22.47,17,10,1
U009,42,2026-07-17,Friday,42,1336.82,3064.0,1719.66,1344.34,-1648.78,3144.94,3064.0,80.94,-80.0,13,6,0
U010,42,2026-07-17,Friday,42,1270.89,2031.0,1255.1,775.9,-657.19,2409.82,2031.0,378.82,-51.71,20,5,0
U001,42,2026-07-18,Saturday,42,892.02,2040.33,1398.26,642.07,-1196.66,3151.87,2040.33,1111.54,-80.0,14,7,0
U002,42,2026-07-18,Saturday,42,1369.95,1816.3,1248.42,567.88,-453.08,2584.44,1816.3,768.14,-33.07,7,5,0
U003,42,2026-07-18,Saturday,42,1444.33,2690.17,1777.44,912.73,-1152.56,2509.19,2690.17,-180.98,-79.8,19,10,1
U004,42,2026-07-18,Saturday,42,1425.7,2216.42,1453.4,763.02,-800.9,1585.93,2216.42,-630.49,-56.18,12,9,1
U005,42,2026-07-18,Saturday,42,1501.02,3374.57,2072.83,1301.74,-1885.24,2747.19,3374.57,-627.38,-80.0,9,10,1
U006,42,2026-07-18,Saturday,42,1570.36,2253.32,1295.27,958.05,-619.47,2816.85,2253.32,563.53,-39.45,14,5,0
U007,42,2026-07-18,Saturday,42,1619.85,2500.19,1613.14,887.05,-913.15,2909.81,2500.19,409.62,-56.37,6,6,0
U008,42,2026-07-18,Saturday,42,1282.3,1663.19,1100.39,562.8,-456.86,1843.91,1663.19,180.72,-35.63,14,5,0
U009,42,2026-07-18,Saturday,42,1681.11,2512.55,1532.29,980.26,-772.2,3135.52,2512.55,622.97,-45.93,15,7,0
U010,42,2026-07-18,Saturday,42,1444.27,2261.03,1458.23,802.8,-828.06,2675.49,2261.03,414.46,-57.33,9,7,0
U001,43,2026-07-19,Sunday,43,1406.94,1799.4,1008.85,790.55,-318.64,2460.43,1799.4,661.03,-22.65,19,6,0
U002,43,2026-07-19,Sunday,43,1472.58,2529.86,1469.49,1060.37,-1011.85,2400.58,2529.86,-129.28,-68.71,18,9,1
U003,43,2026-07-19,Sunday,43,1124.1,2602.71,1752.54,850.17,-1431.51,2990.6,2602.71,387.89,-80.0,6,6,0
U004,43,2026-07-19,Sunday,43,1375.19,2641.81,1842.16,799.65,-1258.46,2709.54,2641.81,67.73,-80.0,13,6,0
U005,43,2026-07-19,Sunday,43,1253.64,3471.12,2137.77,1333.35,-2170.21,3184.61,3471.12,-286.51,-80.0,16,9,1
U006,43,2026-07-19,Sunday,43,1035.85,2706.88,1552.09,1154.79,-1633.83,2740.7,2706.88,33.82,-80.0,9,6,0
U007,43,2026-07-19,Sunday,43,1353.26,2442.65,1666.28,776.37,-1076.9,3200.27,2442.65,757.62,-79.58,6,6,0
U008,43,2026-07-19,Sunday,43,1470.43,1453.56,1000.2,453.36,58.77,2150.73,1453.56,697.17,4.0,18,5,0
U009,43,2026-07-19,Sunday,43,1601.12,2760.71,1658.47,1102.24,-1046.31,3243.0,2760.71,482.29,-65.35,19,5,0
U010,43,2026-07-19,Sunday,43,1115.06,2122.22,1233.63,888.59,-990.72,2868.54,2122.22,746.32,-80.0,19,6,0
U001,43,2026-07-20,Monday,43,1339.98,2235.76,1261.06,974.7,-913.77,2291.64,2235.76,55.88,-68.19,7,5,0
U002,43,2026-07-20,Monday,43,1190.92,1903.33,1274.32,629.01,-705.81,2476.61,1903.33,573.28,-59.27,20,6,0
U003,43,2026-07-20,Monday,43,1400.15,2557.45,1439.82,1117.63,-1239.09,3058.32,2557.45,500.87,-80.0,18,5,0
U004,43,2026-07-20,Monday,43,1503.77,2514.24,1492.26,1021.98,-1012.06,2853.54,2514.24,339.3,-67.3,10,7,0
U005,43,2026-07-20,Monday,43,1639.78,2727.36,1638.19,1089.17,-1093.36,3252.36,2727.36,525.0,-66.68,6,6,0
U006,43,2026-07-20,Monday,43,1157.34,2502.89,1412.91,1089.98,-1362.43,2595.45,2502.89,92.56,-80.0,14,7,0
U007,43,2026-07-20,Monday,43,1547.11,1775.45,1115.47,659.98,-181.54,2616.34,1775.45,840.89,-11.73,6,5,0
U008,43,2026-07-20,Monday,43,1198.54,1302.78,887.67,415.11,-104.46,2201.67,1302.78,898.89,-8.72,13,6,0
U009,43,2026-07-20,Monday,43,1323.86,2931.21,1757.7,1173.51,-1621.08,3053.09,2931.21,121.88,-80.0,16,7,0
U010,43,2026-07-20,Monday,43,1274.64,2171.26,1237.67,933.59,-858.6,1829.45,2171.26,-341.81,-67.36,20,10,1
U001,43,2026-07-21,Tuesday,43,1641.88,2103.63,1204.71,898.92,-456.08,2501.74,2103.63,398.11,-27.78,7,7,0
U002,43,2026-07-21,Tuesday,43,1624.44,2402.33,1558.41,843.92,-784.64,2739.66,2402.33,337.33,-48.3,15,6,0
U003,43,2026-07-21,Tuesday,43,1645.99,2985.57,1703.96,1281.61,-1356.72,3222.23,2985.57,236.66,-80.0,14,5,0
U004,43,2026-07-21,Tuesday,43,1566.65,1815.46,1107.19,708.27,-249.82,2165.21,1815.46,349.75,-15.95,16,5,0
U005,43,2026-07-21,Tuesday,43,1151.6,2987.26,1913.14,1074.12,-1870.76,3591.37,2987.26,604.11,-80.0,11,5,0
U006,43,2026-07-21,Tuesday,43,1555.32,2232.26,1396.52,835.74,-679.39,2484.85,2232.26,252.59,-43.68,8,6,0
U007,43,2026-07-21,Tuesday,43,1134.63,2273.99,1302.49,971.5,-1145.78,2422.24,2273.99,148.25,-80.0,8,7,0
U008,43,2026-07-21,Tuesday,43,1522.5,1691.01,1091.11,599.9,-110.99,2432.04,1691.01,741.03,-7.29,13,5,0
U009,43,2026-07-21,Tuesday,43,1483.31,1920.67,1210.74,709.93,-478.68,2978.61,1920.67,1057.94,-32.27,13,5,0
U010,43,2026-07-21,Tuesday,43,1521.56,2524.88,1666.0,858.88,-934.6,3356.02,2524.88,831.14,-61.42,17,7,0
U001,43,2026-07-22,Wednesday,43,1519.6,2537.94,1462.23,1075.71,-1014.49,2589.19,2537.94,51.25,-66.76,16,6,0
U002,43,2026-07-22,Wednesday,43,1462.76,1922.34,1285.16,637.18,-482.67,2503.22,1922.34,580.88,-33.0,6,7,0
U003,43,2026-07-22,Wednesday,43,1357.65,2994.27,1775.2,1219.07,-1648.81,2995.07,2994.27,0.8,-80.0,6,5,0
U004,43,2026-07-22,Wednesday,43,1236.02,2141.91,1263.3,878.61,-976.84,2454.26,2141.91,312.35,-79.03,14,7,0
U005,43,2026-07-22,Wednesday,43,1548.97,2502.6,1636.7,865.9,-1045.04,2968.17,2502.6,465.57,-67.47,10,7,0
U006,43,2026-07-22,Wednesday,43,949.25,2184.91,1355.63,829.28,-1245.96,2228.21,2184.91,43.3,-80.0,16,5,0
U007,43,2026-07-22,Wednesday,43,1237.18,2224.25,1529.32,694.93,-938.38,3074.27,2224.25,850.02,-75.85,15,6,0
U008,43,2026-07-22,Wednesday,43,1490.43,2388.78,1604.54,784.24,-894.96,2245.37,2388.78,-143.41,-60.05,21,10,1
U009,43,2026-07-22,Wednesday,43,1346.58,2769.41,1815.81,953.6,-1317.84,2579.55,2769.41,-189.86,-80.0,21,10,1
U010,43,2026-07-22,Wednesday,43,1416.68,2571.55,1545.28,1026.27,-1075.85,2492.36,2571.55,-79.19,-75.94,11,10,1
U001,43,2026-07-23,Thursday,43,1606.78,2072.76,1286.54,786.22,-502.4,2660.5,2072.76,587.74,-31.27,15,7,0
U002,43,2026-07-23,Thursday,43,1391.33,2073.96,1437.66,636.3,-608.83,2706.52,2073.96,632.56,-43.76,20,5,0
U003,43,2026-07-23,Thursday,43,1610.87,2808.27,1729.66,1078.61,-1157.99,3161.66,2808.27,353.39,-71.89,6,6,0
U004,43,2026-07-23,Thursday,43,1686.71,2140.08,1178.4,961.68,-428.4,2874.64,2140.08,734.56,-25.4,6,7,0
U005,43,2026-07-23,Thursday,43,1606.88,3065.15,1707.26,1357.89,-1364.09,2772.99,3065.15,-292.16,-80.0,10,9,1
U006,43,2026-07-23,Thursday,43,1366.12,2263.0,1410.33,852.67,-915.14,2451.75,2263.0,188.75,-66.99,8,5,0
U007,43,2026-07-23,Thursday,43,1165.58,1917.64,1134.12,783.52,-788.59,3116.55,1917.64,1198.91,-67.66,10,6,0
U008,43,2026-07-23,Thursday,43,1207.05,2203.65,1477.8,725.85,-1006.41,2596.21,2203.65,392.56,-80.0,10,5,0
U009,43,2026-07-23,Thursday,43,1529.01,3110.18,2069.21,1040.97,-1443.15,3436.5,3110.18,326.32,-80.0,20,6,0
U010,43,2026-07-23,Thursday,43,1636.16,2174.24,1387.95,786.29,-498.94,2609.34,2174.24,435.1,-30.49,13,5,0
U001,43,2026-07-24,Friday,43,1587.35,2647.67,1655.8,991.87,-1055.92,2771.92,2647.67,124.25,-66.52,19,5,0
U002,43,2026-07-24,Friday,43,1350.69,2200.04,1359.89,840.15,-838.44,2142.72,2200.04,-57.32,-62.07,14,9,1
U003,43,2026-07-24,Friday,43,1345.91,2733.26,1773.81,959.45,-1461.55,2864.16,2733.26,130.9,-80.0,15,5,0
U004,43,2026-07-24,Friday,43,1268.82,2037.39,1381.23,656.16,-753.67,2640.41,2037.39,603.02,-59.4,10,6,0
U005,43,2026-07-24,Friday,43,1320.85,3387.75,1863.51,1524.24,-2035.16,3018.94,3387.75,-368.81,-80.0,15,9,1
U006,43,2026-07-24,Friday,43,1466.7,1627.98,929.36,698.62,-160.32,2822.22,1627.98,1194.24,-10.93,21,7,0
U007,43,2026-07-24,Friday,43,1175.19,2867.05,1874.36,992.69,-1622.45,2914.29,2867.05,47.24,-80.0,13,6,0
U008,43,2026-07-24,Friday,43,1434.41,2207.74,1487.04,720.7,-793.79,2309.01,2207.74,101.27,-55.34,19,7,0
U009,43,2026-07-24,Friday,43,918.91,3445.36,1986.9,1458.46,-2562.69,2932.75,3445.36,-512.61,-80.0,13,10,1
U010,43,2026-07-24,Friday,43,1562.27,2069.74,1375.18,694.56,-466.24,2254.65,2069.74,184.91,-29.84,17,5,0
U001,43,2026-07-25,Saturday,43,1182.26,2538.26,1620.68,917.58,-1393.38,2987.79,2538.26,449.53,-80.0,16,6,0
U002,43,2026-07-25,Saturday,43,1525.73,2041.97,1251.22,790.75,-514.55,2379.57,2041.97,337.6,-33.72,17,5,0
U003,43,2026-07-25,Saturday,43,1282.36,3245.99,2247.88,998.11,-1895.3,3648.1,3245.99,402.11,-80.0,6,7,0
U004,43,2026-07-25,Saturday,43,1499.41,2441.73,1344.22,1097.51,-941.76,2525.08,2441.73,83.35,-62.81,10,7,0
U005,43,2026-07-25,Saturday,43,1443.81,3359.67,1999.55,1360.12,-1912.79,3069.58,3359.67,-290.09,-80.0,21,10,1
U006,43,2026-07-25,Saturday,43,1542.16,2091.82,1257.84,833.98,-517.74,2387.31,2091.82,295.49,-33.57,21,7,0
U007,43,2026-07-25,Saturday,43,1524.1,2410.88,1424.63,986.25,-944.71,2814.66,2410.88,403.78,-61.98,11,6,0
U008,43,2026-07-25,Saturday,43,1164.66,1596.37,904.93,691.44,-387.48,1998.43,1596.37,402.06,-33.27,7,6,0
U009,43,2026-07-25,Saturday,43,1241.96,2454.49,1631.82,822.67,-1271.94,2892.78,2454.49,438.29,-80.0,17,5,0
U010,43,2026-07-25,Saturday,43,1553.39,2265.91,1459.95,805.96,-670.31,2664.16,2265.91,398.25,-43.15,20,7,0
U001,44,2026-07-26,Sunday,44,1234.55,1912.68,1234.01,678.67,-650.64,2464.94,1912.68,552.26,-52.7,21,5,0
U002,44,2026-07-26,Sunday,44,1565.32,1838.47,1101.53,736.94,-245.55,2559.27,1838.47,720.8,-15.69,17,5,0
U003,44,2026-07-26,Sunday,44,1420.16,2605.96,1543.13,1062.83,-1172.73,3105.54,2605.96,499.58,-80.0,7,6,0
U004,44,2026-07-26,Sunday,44,1507.15,2202.14,1401.33,800.81,-763.26,2341.02,2202.14,138.88,-50.64,20,6,0
U005,44,2026-07-26,Sunday,44,1308.63,3297.85,1944.56,1353.29,-2030.4,3274.94,3297.85,-22.91,-80.0,9,9,1
U006,44,2026-07-26,Sunday,44,1592.77,2458.54,1681.25,777.29,-997.1,2450.42,2458.54,-8.12,-62.6,11,10,1
U007,44,2026-07-26,Sunday,44,1620.37,2554.51,1673.75,880.76,-994.66,3590.11,2554.51,1035.6,-61.38,6,5,0
U008,44,2026-07-26,Sunday,44,1607.31,1270.68,845.78,424.9,378.26,2349.84,1270.68,1079.16,23.53,9,7,0
U009,44,2026-07-26,Sunday,44,1413.98,2809.08,1896.14,912.94,-1337.53,3047.04,2809.08,237.96,-80.0,8,6,0
U010,44,2026-07-26,Sunday,44,1486.42,2594.89,1713.56,881.33,-1067.26,3229.37,2594.89,634.48,-71.8,10,5,0
U001,44,2026-07-27,Monday,44,1261.87,2066.89,1191.28,875.61,-772.32,2587.17,2066.89,520.28,-61.2,18,7,0
U002,44,2026-07-27,Monday,44,1278.09,1963.53,1363.52,600.01,-625.54,2768.09,1963.53,804.56,-48.94,13,7,0
U003,44,2026-07-27,Monday,44,1510.5,2911.3,1873.97,1037.33,-1357.58,3055.96,2911.3,144.66,-80.0,14,7,0
U004,44,2026-07-27,Monday,44,1313.83,2142.37,1463.99,678.38,-830.16,1726.81,2142.37,-415.56,-63.19,14,10,1
U005,44,2026-07-27,Monday,44,1543.62,3323.58,1839.32,1484.26,-1775.35,3255.71,3323.58,-67.87,-80.0,20,10,1
U006,44,2026-07-27,Monday,44,1646.47,2239.7,1351.67,888.03,-560.13,2294.64,2239.7,54.94,-34.02,10,6,0
U007,44,2026-07-27,Monday,44,1344.01,2344.45,1462.3,882.15,-902.44,3279.33,2344.45,934.88,-67.15,6,7,0
U008,44,2026-07-27,Monday,44,1567.79,2008.97,1226.75,782.22,-376.01,2440.77,2008.97,431.8,-23.98,19,5,0
U009,44,2026-07-27,Monday,44,1892.11,1910.08,1276.37,633.71,-25.85,2278.89,1910.08,368.81,-1.37,21,5,0
U010,44,2026-07-27,Monday,44,1491.72,1831.34,1147.75,683.59,-256.68,2912.52,1831.34,1081.18,-17.21,17,5,0
U001,44,2026-07-28,Tuesday,44,1343.69,2545.0,1622.77,922.23,-1093.63,2558.43,2545.0,13.43,-80.0,14,7,0
U002,44,2026-07-28,Tuesday,44,1517.1,2394.49,1569.07,825.42,-964.62,2234.87,2394.49,-159.62,-63.58,20,9,1
U003,44,2026-07-28,Tuesday,44,997.01,2535.41,1628.48,906.93,-1585.02,2953.87,2535.41,418.46,-80.0,11,5,0
U004,44,2026-07-28,Tuesday,44,1227.4,2439.13,1516.9,922.23,-1165.3,2820.58,2439.13,381.45,-80.0,11,5,0
U005,44,2026-07-28,Tuesday,44,1415.95,2767.87,1653.67,1114.2,-1365.92,3293.46,2767.87,525.59,-80.0,7,7,0
U006,44,2026-07-28,Tuesday,44,1483.52,1741.47,961.88,779.59,-251.48,2459.9,1741.47,718.43,-16.95,18,6,0
U007,44,2026-07-28,Tuesday,44,1402.03,3229.68,2037.45,1192.23,-1829.51,2451.3,3229.68,-778.38,-80.0,19,9,1
U008,44,2026-07-28,Tuesday,44,1886.21,1378.37,885.89,492.48,539.75,2553.33,1378.37,1174.96,28.62,11,6,0
U009,44,2026-07-28,Tuesday,44,1575.26,3114.23,1844.64,1269.59,-1540.39,3017.56,3114.23,-96.67,-80.0,6,9,1
U010,44,2026-07-28,Tuesday,44,1577.15,2262.09,1260.18,1001.91,-654.76,2722.84,2262.09,460.75,-41.52,9,6,0
U001,44,2026-07-29,Wednesday,44,1390.19,2524.0,1482.62,1041.38,-1093.35,3030.09,2524.0,506.09,-78.65,14,7,0
U002,44,2026-07-29,Wednesday,44,1512.47,2270.81,1532.02,738.79,-761.77,2656.57,2270.81,385.76,-50.37,6,7,0
U003,44,2026-07-29,Wednesday,44,1529.19,2793.81,1600.58,1193.23,-1242.66,3394.75,2793.81,600.94,-80.0,16,7,0
U004,44,2026-07-29,Wednesday,44,1201.32,2155.25,1433.67,721.58,-1016.5,2649.45,2155.25,494.2,-80.0,6,6,0
U005,44,2026-07-29,Wednesday,44,1209.69,3171.07,2153.17,1017.9,-1966.99,3263.04,3171.07,91.97,-80.0,14,5,0
U006,44,2026-07-29,Wednesday,44,1199.89,1827.4,1162.81,664.59,-630.73,2440.29,1827.4,612.89,-52.57,11,5,0
U007,44,2026-07-29,Wednesday,44,1422.23,2722.55,1776.48,946.07,-1273.79,2738.53,2722.55,15.98,-80.0,21,6,0
U008,44,2026-07-29,Wednesday,44,1515.82,1620.76,1095.01,525.75,-138.08,1843.36,1620.76,222.6,-9.11,6,5,0
U009,44,2026-07-29,Wednesday,44,2019.37,2146.43,1193.61,952.82,-111.74,3113.36,2146.43,966.93,-5.53,9,7,0
U010,44,2026-07-29,Wednesday,44,1254.8,1941.26,1224.27,716.99,-738.55,2286.13,1941.26,344.87,-58.86,7,5,0
U001,44,2026-07-30,Thursday,44,1357.27,2467.58,1454.54,1013.04,-1109.48,3014.79,2467.58,547.21,-80.0,20,7,0
U002,44,2026-07-30,Thursday,44,1538.9,1584.41,1098.48,485.93,-109.63,2493.87,1584.41,909.46,-7.12,6,6,0
U003,44,2026-07-30,Thursday,44,1703.7,3599.87,2324.3,1275.57,-1937.61,2863.47,3599.87,-736.4,-80.0,14,10,1
U004,44,2026-07-30,Thursday,44,1147.95,2392.36,1613.19,779.17,-1175.37,3234.4,2392.36,842.04,-80.0,15,5,0
U005,44,2026-07-30,Thursday,44,1492.69,2794.1,1862.26,931.84,-1366.18,2952.67,2794.1,158.57,-80.0,9,6,0
U006,44,2026-07-30,Thursday,44,1205.01,1854.96,1214.63,640.33,-676.23,2485.55,1854.96,630.59,-56.12,6,7,0
U007,44,2026-07-30,Thursday,44,1184.19,2400.97,1514.81,886.16,-1195.05,2508.84,2400.97,107.87,-80.0,18,7,0
U008,44,2026-07-30,Thursday,44,1286.99,2054.21,1134.32,919.89,-819.88,1979.09,2054.21,-75.12,-63.71,13,10,1
U009,44,2026-07-30,Thursday,44,1459.98,3039.03,1991.06,1047.97,-1556.86,2961.72,3039.03,-77.31,-80.0,12,10,1
U010,44,2026-07-30,Thursday,44,1478.8,2801.52,1930.41,871.11,-1310.37,2287.62,2801.52,-513.9,-80.0,19,9,1
U001,44,2026-07-31,Friday,44,1511.77,2234.1,1314.02,920.08,-664.16,2893.38,2234.1,659.28,-43.93,14,5,0
U002,44,2026-07-31,Friday,44,1668.8,2235.41,1454.8,780.61,-537.55,2383.33,2235.41,147.92,-32.21,18,5,0
U003,44,2026-07-31,Friday,44,1363.34,2675.11,1871.23,803.88,-1267.85,3120.57,2675.11,445.46,-80.0,12,7,0
U004,44,2026-07-31,Friday,44,1202.43,2183.51,1411.89,771.62,-969.79,2383.03,2183.51,199.52,-80.0,7,5,0
U005,44,2026-07-31,Friday,44,1434.18,2785.85,1723.7,1062.15,-1318.21,3453.38,2785.85,667.53,-80.0,13,6,0
U006,44,2026-07-31,Friday,44,1268.82,1935.83,1124.79,811.04,-727.49,2597.87,1935.83,662.04,-57.34,13,7,0
U007,44,2026-07-31,Friday,44,1502.38,2452.39,1610.7,841.69,-934.27,2412.17,2452.39,-40.22,-62.19,7,10,1
U008,44,2026-07-31,Friday,44,1230.56,1574.26,1009.93,564.33,-253.87,2429.51,1574.26,855.25,-20.63,7,5,0
U009,44,2026-07-31,Friday,44,1438.8,2926.19,2016.37,909.82,-1416.84,2693.64,2926.19,-232.55,-80.0,20,10,1
U010,44,2026-07-31,Friday,44,1540.32,2129.05,1212.21,916.84,-662.45,2658.96,2129.05,529.91,-43.01,10,6,0
U001,44,2026-08-01,Saturday,44,1483.24,2338.57,1380.64,957.93,-809.33,2966.6,2338.57,628.03,-54.57,16,5,0
U002,44,2026-08-01,Saturday,44,1500.23,1878.92,1218.0,660.92,-401.65,2469.35,1878.92,590.43,-26.77,6,6,0
U003,44,2026-08-01,Saturday,44,1421.02,2708.53,1633.78,1074.75,-1197.88,2818.04,2708.53,109.51,-80.0,15,5,0
U004,44,2026-08-01,Saturday,44,1415.47,2402.65,1394.75,1007.9,-928.24,2599.56,2402.65,196.91,-65.58,10,5,0
U005,44,2026-08-01,Saturday,44,1349.46,2855.01,1681.9,1173.11,-1515.65,3121.29,2855.01,266.28,-80.0,20,7,0
U006,44,2026-08-01,Saturday,44,1348.65,1735.93,1002.51,733.42,-306.82,2326.98,1735.93,591.05,-22.75,12,7,0
U007,44,2026-08-01,Saturday,44,1073.63,1914.21,1057.23,856.98,-848.9,2739.84,1914.21,825.63,-79.07,15,7,0
U008,44,2026-08-01,Saturday,44,1356.84,1854.97,1025.03,829.94,-615.6,2449.54,1854.97,594.57,-45.37,10,7,0
U009,44,2026-08-01,Saturday,44,1235.37,2983.1,1809.43,1173.67,-1818.3,2871.32,2983.1,-111.78,-80.0,7,10,1
U010,44,2026-08-01,Saturday,44,1563.53,2395.74,1536.26,859.48,-755.9,2531.42,2395.74,135.68,-48.35,20,7,0
U001,45,2026-08-02,Sunday,45,1381.18,2408.27,1683.48,724.79,-1048.31,2898.35,2408.27,490.08,-75.9,14,6,0
U002,45,2026-08-02,Sunday,45,1344.01,1612.95,1117.87,495.08,-356.8,1571.02,1612.95,-41.93,-26.55,14,9,1
U003,45,2026-08-02,Sunday,45,1647.79,2599.27,1815.29,783.98,-905.52,3051.23,2599.27,451.96,-54.95,12,5,0
U004,45,2026-08-02,Sunday,45,1068.94,2388.49,1357.6,1030.89,-1346.33,2246.01,2388.49,-142.48,-80.0,13,10,1
U005,45,2026-08-02,Sunday,45,1368.39,2351.49,1406.26,945.23,-967.3,3455.84,2351.49,1104.35,-70.69,18,7,0
U006,45,2026-08-02,Sunday,45,1681.67,1938.96,1245.73,693.23,-297.61,2028.49,1938.96,89.53,-17.7,20,5,0
U007,45,2026-08-02,Sunday,45,1395.42,2369.67,1398.62,971.05,-989.67,2716.7,2369.67,347.03,-70.92,16,5,0
U008,45,2026-08-02,Sunday,45,1094.89,1723.24,1061.88,661.36,-568.41,2114.61,1723.24,391.37,-51.91,17,5,0
U009,45,2026-08-02,Sunday,45,1264.88,2865.94,1753.52,1112.42,-1579.94,3134.49,2865.94,268.55,-80.0,16,6,0
U010,45,2026-08-02,Sunday,45,1443.81,2405.39,1478.88,926.51,-972.31,2450.22,2405.39,44.83,-67.34,13,6,0
U001,45,2026-08-03,Monday,45,1510.7,1735.68,1153.07,582.61,-158.02,2731.68,1735.68,996.0,-10.46,9,5,0
U002,45,2026-08-03,Monday,45,1432.82,2314.02,1476.19,837.83,-864.55,2583.44,2314.02,269.42,-60.34,6,5,0
U003,45,2026-08-03,Monday,45,1385.91,3120.76,1878.55,1242.21,-1703.07,3109.8,3120.76,-10.96,-80.0,11,10,1
U004,45,2026-08-03,Monday,45,946.14,2041.46,1146.62,894.84,-1075.3,2459.86,2041.46,418.4,-80.0,16,6,0
U005,45,2026-08-03,Monday,45,1891.31,2858.13,1962.4,895.73,-847.35,3047.29,2858.13,189.16,-44.8,16,6,0
U006,45,2026-08-03,Monday,45,1492.11,2769.32,1626.12,1143.2,-1201.98,2301.86,2769.32,-467.46,-80.0,9,9,1
U007,45,2026-08-03,Monday,45,1843.35,2381.15,1627.27,753.88,-485.9,2864.33,2381.15,483.18,-26.36,17,5,0
U008,45,2026-08-03,Monday,45,1385.2,1797.6,1160.47,637.13,-438.67,2220.87,1797.6,423.27,-31.67,16,6,0
U009,45,2026-08-03,Monday,45,1442.09,2645.01,1579.28,1065.73,-1188.94,2803.7,2645.01,158.69,-80.0,10,5,0
U010,45,2026-08-03,Monday,45,1653.9,1735.69,1018.44,717.25,-135.89,2466.4,1735.69,730.71,-8.22,10,6,0
U001,45,2026-08-04,Tuesday,45,1358.55,2464.93,1370.46,1094.47,-973.85,2817.21,2464.93,352.28,-71.68,20,6,0
U002,45,2026-08-04,Tuesday,45,1420.23,2568.95,1554.35,1014.6,-1197.66,2558.38,2568.95,-10.57,-80.0,7,10,1
U003,45,2026-08-04,Tuesday,45,1482.19,3088.66,2152.09,936.57,-1676.85,2971.03,3088.66,-117.63,-80.0,16,10,1
U004,45,2026-08-04,Tuesday,45,1448.65,2272.62,1352.53,920.09,-828.19,2732.46,2272.62,459.84,-57.17,20,7,0
U005,45,2026-08-04,Tuesday,45,1300.96,2848.43,1985.21,863.22,-1592.62,3051.73,2848.43,203.3,-80.0,7,6,0
U006,45,2026-08-04,Tuesday,45,1304.36,1528.82,865.46,663.36,-196.37,2660.38,1528.82,1131.56,-15.05,13,6,0
U007,45,2026-08-04,Tuesday,45,1244.41,3049.92,1738.13,1311.79,-1844.27,2644.85,3049.92,-405.07,-80.0,14,10,1
U008,45,2026-08-04,Tuesday,45,1301.98,1386.89,930.41,456.48,-129.32,1958.18,1386.89,571.29,-9.93,12,5,0
U009,45,2026-08-04,Tuesday,45,1263.91,2608.44,1640.72,967.72,-1354.36,2911.91,2608.44,303.47,-80.0,16,6,0
U010,45,2026-08-04,Tuesday,45,1468.32,1756.54,1094.9,661.64,-293.79,2461.77,1756.54,705.23,-20.01,18,7,0
U001,45,2026-08-05,Wednesday,45,1513.06,2379.25,1340.33,1038.92,-853.55,2650.26,2379.25,271.01,-56.41,21,6,0
U002,45,2026-08-05,Wednesday,45,1304.82,2033.29,1149.99,883.3,-757.7,2607.76,2033.29,574.47,-58.07,12,5,0
U003,45,2026-08-05,Wednesday,45,816.72,3201.86,1936.81,1265.05,-2344.26,3079.17,3201.86,-122.69,-80.0,11,9,1
U004,45,2026-08-05,Wednesday,45,1329.46,2139.32,1257.23,882.09,-837.53,2661.37,2139.32,522.05,-63.0,9,7,0
U005,45,2026-08-05,Wednesday,45,1726.28,2968.2,2006.85,961.35,-1319.35,3462.64,2968.2,494.44,-76.43,19,6,0
U006,45,2026-08-05,Wednesday,45,1305.79,1888.84,1070.17,818.67,-616.71,2770.8,1888.84,881.96,-47.23,12,5,0
U007,45,2026-08-05,Wednesday,45,1633.27,2092.91,1335.07,757.84,-411.09,2104.95,2092.91,12.04,-25.17,16,6,0
U008,45,2026-08-05,Wednesday,45,1125.71,1697.25,1185.4,511.85,-481.46,2421.08,1697.25,723.83,-42.77,8,6,0
U009,45,2026-08-05,Wednesday,45,1273.93,2843.58,1935.5,908.08,-1619.97,2898.16,2843.58,54.58,-80.0,14,5,0
U010,45,2026-08-05,Wednesday,45,1212.25,2408.14,1511.93,896.21,-1248.11,2491.21,2408.14,83.07,-80.0,13,6,0
U001,45,2026-08-06,Thursday,45,1383.02,2744.29,1863.48,880.81,-1458.02,2960.51,2744.29,216.22,-80.0,13,5,0
U002,45,2026-08-06,Thursday,45,1666.78,2092.39,1425.19,667.2,-460.64,2598.31,2092.39,505.92,-27.64,20,5,0
U003,45,2026-08-06,Thursday,45,1412.58,2777.17,1668.31,1108.86,-1383.42,3035.87,2777.17,258.7,-80.0,19,6,0
U004,45,2026-08-06,Thursday,45,1271.3,2534.88,1446.0,1088.88,-1235.9,2160.31,2534.88,-374.57,-80.0,19,10,1
U005,45,2026-08-06,Thursday,45,1460.3,2245.24,1312.9,932.34,-782.15,3596.81,2245.24,1351.57,-53.56,10,7,0
U006,45,2026-08-06,Thursday,45,1396.29,1628.29,913.22,715.07,-246.59,2862.82,1628.29,1234.53,-17.66,7,5,0
U007,45,2026-08-06,Thursday,45,1072.09,2074.67,1191.05,883.62,-1002.67,2514.38,2074.67,439.71,-80.0,6,7,0
U008,45,2026-08-06,Thursday,45,1232.15,1782.62,1070.08,712.54,-505.47,1847.92,1782.62,65.3,-41.02,12,6,0
U009,45,2026-08-06,Thursday,45,1615.23,2410.27,1470.23,940.04,-828.1,2735.18,2410.27,324.91,-51.27,8,7,0
U010,45,2026-08-06,Thursday,45,1359.45,2514.88,1528.66,986.22,-1020.83,2393.06,2514.88,-121.82,-75.09,9,10,1
U001,45,2026-08-07,Friday,45,1335.48,3283.73,2087.85,1195.88,-1950.56,2747.3,3283.73,-536.43,-80.0,19,10,1
U002,45,2026-08-07,Friday,45,1322.58,2246.05,1462.52,783.53,-923.86,2136.89,2246.05,-109.16,-69.85,19,10,1
U003,45,2026-08-07,Friday,45,1448.77,2738.33,1831.69,906.64,-1282.9,3561.39,2738.33,823.06,-80.0,10,5,0
U004,45,2026-08-07,Friday,45,1273.4,2455.85,1403.03,1052.82,-1168.8,2676.09,2455.85,220.24,-80.0,12,6,0
U005,45,2026-08-07,Friday,45,1111.24,2743.4,1909.02,834.38,-1632.97,2743.36,2743.4,-0.04,-80.0,10,10,1
U006,45,2026-08-07,Friday,45,1349.95,2667.75,1662.68,1005.07,-1358.45,2299.91,2667.75,-367.84,-80.0,16,10,1
U007,45,2026-08-07,Friday,45,1382.0,2903.74,1864.26,1039.48,-1591.86,2496.57,2903.74,-407.17,-80.0,8,10,1
U008,45,2026-08-07,Friday,45,1544.19,2081.73,1209.3,872.43,-484.05,2155.42,2081.73,73.69,-31.35,10,7,0
U009,45,2026-08-07,Friday,45,1598.96,2246.5,1558.23,688.27,-687.7,3018.45,2246.5,771.95,-43.01,17,7,0
U010,45,2026-08-07,Friday,45,1248.16,2797.77,1885.81,911.96,-1597.87,2519.98,2797.77,-277.79,-80.0,13,10,1
U001,45,2026-08-08,Saturday,45,1030.45,1889.79,1255.49,634.3,-820.27,2095.98,1889.79,206.19,-79.6,10,5,0
U002,45,2026-08-08,Saturday,45,1705.53,2329.02,1473.01,856.01,-538.92,2597.47,2329.02,268.45,-31.6,13,7,0
U003,45,2026-08-08,Saturday,45,1240.68,2995.12,1730.05,1265.07,-1718.12,3661.77,2995.12,666.65,-80.0,18,6,0
U004,45,2026-08-08,Saturday,45,1705.4,1804.83,1064.49,740.34,-111.8,2540.21,1804.83,735.38,-6.56,15,5,0
U005,45,2026-08-08,Saturday,45,1370.62,2524.46,1727.47,796.99,-1159.39,2553.64,2524.46,29.18,-80.0,19,6,0
U006,45,2026-08-08,Saturday,45,1272.03,2137.08,1379.21,757.87,-871.11,2979.98,2137.08,842.9,-68.48,19,7,0
U007,45,2026-08-08,Saturday,45,1189.44,3098.72,2100.37,998.35,-1877.63,3265.7,3098.72,166.98,-80.0,14,7,0
U008,45,2026-08-08,Saturday,45,1229.19,2092.68,1443.18,649.5,-912.32,2976.21,2092.68,883.53,-74.22,17,6,0
U009,45,2026-08-08,Saturday,45,1729.53,2646.72,1486.21,1160.51,-957.86,2894.01,2646.72,247.29,-55.38,14,5,0
U010,45,2026-08-08,Saturday,45,1706.79,3002.2,1783.9,1218.3,-1291.14,2902.7,3002.2,-99.5,-75.65,18,10,1
U001,46,2026-08-09,Sunday,46,1105.08,2806.44,1761.9,1044.54,-1644.31,2728.42,2806.44,-78.02,-80.0,19,9,1
U002,46,2026-08-09,Sunday,46,1599.15,1819.78,1078.06,741.72,-162.43,2665.06,1819.78,845.28,-10.16,7,6,0
U003,46,2026-08-09,Sunday,46,1672.07,3000.29,1835.96,1164.33,-1331.04,2762.36,3000.29,-237.93,-79.6,7,10,1
U004,46,2026-08-09,Sunday,46,1607.39,1865.55,1182.14,683.41,-319.66,2871.56,1865.55,1006.01,-19.89,21,6,0
U005,46,2026-08-09,Sunday,46,1186.29,2809.35,1958.81,850.54,-1662.38,2859.5,2809.35,50.15,-80.0,14,5,0
U006,46,2026-08-09,Sunday,46,1251.83,2615.6,1753.15,862.45,-1407.89,2742.33,2615.6,126.73,-80.0,6,7,0
U007,46,2026-08-09,Sunday,46,1523.75,2742.42,1739.36,1003.06,-1238.04,3007.13,2742.42,264.71,-80.0,20,6,0
U008,46,2026-08-09,Sunday,46,1231.01,2262.19,1343.44,918.75,-976.69,1806.22,2262.19,-455.97,-79.34,21,10,1
U009,46,2026-08-09,Sunday,46,1487.58,2890.5,1782.12,1108.38,-1392.51,3298.01,2890.5,407.51,-80.0,8,6,0
U010,46,2026-08-09,Sunday,46,1388.6,1680.78,1085.99,594.79,-207.35,2221.13,1680.78,540.35,-14.93,13,7,0
U001,46,2026-08-10,Monday,46,1048.96,1973.29,1283.72,689.57,-898.77,2648.0,1973.29,674.71,-80.0,17,7,0
U002,46,2026-08-10,Monday,46,1662.31,1949.97,1271.58,678.39,-335.05,2223.2,1949.97,273.23,-20.16,8,6,0
U003,46,2026-08-10,Monday,46,1382.74,3540.66,2249.75,1290.91,-2191.17,3341.16,3540.66,-199.5,-80.0,8,10,1
U004,46,2026-08-10,Monday,46,1269.19,2572.91,1702.9,870.01,-1295.77,2755.75,2572.91,182.84,-80.0,6,6,0
U005,46,2026-08-10,Monday,46,1008.59,2959.57,1719.99,1239.58,-1925.02,3020.83,2959.57,61.26,-80.0,18,6,0
U006,46,2026-08-10,Monday,46,1706.73,2258.45,1415.02,843.43,-596.8,2981.84,2258.45,723.39,-34.97,13,6,0
U007,46,2026-08-10,Monday,46,1156.52,2811.76,1860.15,951.61,-1650.15,3336.05,2811.76,524.29,-80.0,13,5,0
U008,46,2026-08-10,Monday,46,1139.44,1990.4,1390.25,600.15,-806.95,1489.66,1990.4,-500.74,-70.82,21,9,1
U009,46,2026-08-10,Monday,46,1218.69,3097.35,1922.54,1174.81,-1862.25,2874.92,3097.35,-222.43,-80.0,10,9,1
U010,46,2026-08-10,Monday,46,1225.75,2304.26,1402.98,901.28,-1133.28,2882.45,2304.26,578.19,-80.0,8,6,0
U001,46,2026-08-11,Tuesday,46,1261.52,2724.03,1755.44,968.59,-1462.78,2809.15,2724.03,85.12,-80.0,9,6,0
U002,46,2026-08-11,Tuesday,46,1135.39,1774.55,1062.11,712.44,-597.15,2453.23,1774.55,678.68,-52.59,12,5,0
U003,46,2026-08-11,Tuesday,46,1371.88,2866.75,1594.06,1272.69,-1471.25,3116.85,2866.75,250.1,-80.0,16,7,0
U004,46,2026-08-11,Tuesday,46,1280.28,2162.54,1497.14,665.4,-869.18,2856.46,2162.54,693.92,-67.89,7,5,0
U005,46,2026-08-11,Tuesday,46,1317.76,3093.11,2076.88,1016.23,-1826.3,3379.62,3093.11,286.51,-80.0,12,7,0
U006,46,2026-08-11,Tuesday,46,1012.99,2114.25,1314.8,799.45,-1139.61,2623.03,2114.25,508.78,-80.0,15,5,0
U007,46,2026-08-11,Tuesday,46,1384.57,3071.13,2029.51,1041.62,-1740.21,3067.11,3071.13,-4.02,-80.0,10,9,1
U008,46,2026-08-11,Tuesday,46,1351.76,2060.33,1308.35,751.98,-800.85,1716.52,2060.33,-343.81,-59.24,6,10,1
U009,46,2026-08-11,Tuesday,46,1255.78,3285.27,1847.12,1438.15,-1977.79,3063.22,3285.27,-222.05,-80.0,19,9,1
U010,46,2026-08-11,Tuesday,46,1516.05,1932.17,1128.17,804.0,-400.82,1830.64,1932.17,-101.53,-26.44,7,10,1
U001,46,2026-08-12,Wednesday,46,1453.38,2375.87,1468.82,907.05,-958.59,1865.96,2375.87,-509.91,-65.96,11,10,1
U002,46,2026-08-12,Wednesday,46,1431.52,2120.74,1363.22,757.52,-768.21,2235.03,2120.74,114.29,-53.66,13,7,0
U003,46,2026-08-12,Wednesday,46,919.65,3121.45,2065.69,1055.76,-2269.74,3335.25,3121.45,213.8,-80.0,19,5,0
U004,46,2026-08-12,Wednesday,46,1373.55,2014.85,1231.83,783.02,-643.19,2638.46,2014.85,623.61,-46.83,14,5,0
U005,46,2026-08-12,Wednesday,46,1498.91,2147.32,1269.79,877.53,-673.42,3428.87,2147.32,1281.55,-44.93,17,6,0
U006,46,2026-08-12,Wednesday,46,1210.55,2208.17,1412.27,795.9,-1018.84,2576.47,2208.17,368.3,-80.0,7,5,0
U007,46,2026-08-12,Wednesday,46,1357.01,2146.71,1319.7,827.01,-825.04,2616.84,2146.71,470.13,-60.8,9,6,0
U008,46,2026-08-12,Wednesday,46,1053.59,2430.86,1680.27,750.59,-1399.35,2375.45,2430.86,-55.41,-80.0,16,10,1
U009,46,2026-08-12,Wednesday,46,1105.42,2335.72,1300.66,1035.06,-1193.13,3238.21,2335.72,902.49,-80.0,8,6,0
U010,46,2026-08-12,Wednesday,46,1684.92,2212.75,1492.84,719.91,-519.73,2837.34,2212.75,624.59,-30.85,17,5,0
U001,46,2026-08-13,Thursday,46,1376.53,2083.84,1296.77,787.07,-712.11,2307.34,2083.84,223.5,-51.73,16,5,0
U002,46,2026-08-13,Thursday,46,1533.18,2299.12,1504.17,794.95,-803.45,2471.54,2299.12,172.42,-52.4,10,6,0
U003,46,2026-08-13,Thursday,46,1437.24,2787.77,1564.87,1222.9,-1288.21,3564.84,2787.77,777.07,-80.0,21,6,0
U004,46,2026-08-13,Thursday,46,1313.2,2586.7,1710.56,876.14,-1225.13,2855.26,2586.7,268.56,-80.0,8,6,0
U005,46,2026-08-13,Thursday,46,1422.64,2649.47,1776.02,873.45,-1228.18,3215.3,2649.47,565.83,-80.0,18,6,0
U006,46,2026-08-13,Thursday,46,1380.01,1860.55,1231.99,628.56,-451.3,2810.33,1860.55,949.78,-32.7,11,6,0
U007,46,2026-08-13,Thursday,46,1432.99,2857.32,1736.02,1121.3,-1445.45,2866.41,2857.32,9.09,-80.0,12,6,0
U008,46,2026-08-13,Thursday,46,1623.68,1707.75,1014.54,693.21,-74.49,2355.91,1707.75,648.16,-4.59,11,7,0
U009,46,2026-08-13,Thursday,46,1216.63,2831.99,1770.79,1061.2,-1586.77,2433.68,2831.99,-398.31,-80.0,13,10,1
U010,46,2026-08-13,Thursday,46,1400.82,2666.1,1544.93,1121.17,-1225.01,3321.39,2666.1,655.29,-80.0,21,6,0
U001,46,2026-08-14,Friday,46,1135.09,2436.5,1422.35,1014.15,-1380.41,3527.28,2436.5,1090.78,-80.0,12,5,0
U002,46,2026-08-14,Friday,46,1423.3,2191.56,1385.39,806.17,-800.66,2523.09,2191.56,331.53,-56.25,13,6,0
U003,46,2026-08-14,Friday,46,1279.95,2626.54,1603.74,1022.8,-1431.21,3411.82,2626.54,785.28,-80.0,12,6,0
U004,46,2026-08-14,Friday,46,1408.26,1567.33,1070.3,497.03,-158.64,2247.02,1567.33,679.69,-11.26,8,5,0
U005,46,2026-08-14,Friday,46,1416.39,2453.53,1436.53,1017.0,-1074.66,3108.2,2453.53,654.67,-75.87,10,7,0
U006,46,2026-08-14,Friday,46,1255.94,2731.92,1569.14,1162.78,-1460.81,2256.02,2731.92,-475.9,-80.0,8,10,1
U007,46,2026-08-14,Friday,46,1784.87,2010.76,1366.69,644.07,-145.74,2409.82,2010.76,399.06,-8.17,7,7,0
U008,46,2026-08-14,Friday,46,1271.46,2514.48,1525.92,988.56,-1180.03,2406.97,2514.48,-107.51,-80.0,6,9,1
U009,46,2026-08-14,Friday,46,1475.07,2824.81,1929.07,895.74,-1307.58,2925.96,2824.81,101.15,-80.0,16,6,0
U010,46,2026-08-14,Friday,46,1055.71,2174.1,1511.38,662.72,-1208.35,3010.86,2174.1,836.76,-80.0,10,5,0
U001,46,2026-08-15,Saturday,46,1356.41,2384.9,1647.84,737.06,-987.74,2711.85,2384.9,326.95,-72.82,20,7,0
U002,46,2026-08-15,Saturday,46,1212.58,2142.2,1232.66,909.54,-906.42,2627.81,2142.2,485.61,-74.75,16,6,0
U003,46,2026-08-15,Saturday,46,1644.2,2708.97,1555.18,1153.79,-1079.18,2570.92,2708.97,-138.05,-65.64,8,10,1
U004,46,2026-08-15,Saturday,46,1393.15,2354.57,1643.42,711.15,-889.37,2954.61,2354.57,600.04,-63.84,20,6,0
U005,46,2026-08-15,Saturday,46,1656.68,3219.06,2027.24,1191.82,-1554.93,2646.27,3219.06,-572.79,-80.0,8,10,1
U006,46,2026-08-15,Saturday,46,1383.38,2524.44,1699.28,825.16,-1135.5,2557.23,2524.44,32.79,-80.0,7,6,0
U007,46,2026-08-15,Saturday,46,1379.78,2609.67,1494.51,1115.16,-1241.22,1898.93,2609.67,-710.74,-80.0,19,9,1
U008,46,2026-08-15,Saturday,46,1787.77,2033.97,1292.38,741.59,-214.74,2035.96,2033.97,1.99,-12.01,16,5,0
U009,46,2026-08-15,Saturday,46,1368.45,2716.64,1583.75,1132.89,-1345.01,3072.39,2716.64,355.75,-80.0,21,5,0
U010,46,2026-08-15,Saturday,46,1114.91,2680.99,1690.81,990.18,-1474.36,2136.29,2680.99,-544.7,-80.0,7,10,1
U001,47,2026-08-16,Sunday,47,1277.18,3131.44,2172.81,958.63,-1896.6,3138.69,3131.44,7.25,-80.0,15,5,0
U002,47,2026-08-16,Sunday,47,1586.64,2033.18,1229.61,803.57,-424.47,2376.75,2033.18,343.57,-26.75,14,6,0
U003,47,2026-08-16,Sunday,47,1155.12,2866.32,1601.49,1264.83,-1664.15,3437.7,2866.32,571.38,-80.0,8,6,0
U004,47,2026-08-16,Sunday,47,1255.8,2555.94,1410.2,1145.74,-1397.02,2232.5,2555.94,-323.44,-80.0,6,9,1
U005,47,2026-08-16,Sunday,47,1326.16,3459.03,2000.12,1458.91,-2125.47,2983.22,3459.03,-475.81,-80.0,7,10,1
U006,47,2026-08-16,Sunday,47,1297.74,2239.58,1232.31,1007.27,-916.65,2627.25,2239.58,387.67,-70.63,16,5,0
U007,47,2026-08-16,Sunday,47,1249.24,1790.49,985.95,804.54,-529.52,3029.18,1790.49,1238.69,-42.39,12,5,0
U008,47,2026-08-16,Sunday,47,1742.01,1824.32,1105.53,718.79,-99.37,2027.51,1824.32,203.19,-5.7,19,6,0
U009,47,2026-08-16,Sunday,47,1228.1,2560.8,1613.45,947.35,-1339.22,2846.14,2560.8,285.34,-80.0,16,7,0
U010,47,2026-08-16,Sunday,47,1522.46,2383.45,1397.7,985.75,-889.42,2573.74,2383.45,190.29,-58.42,9,5,0
U001,47,2026-08-17,Monday,47,1758.88,2784.94,1606.38,1178.56,-1008.63,2966.44,2784.94,181.5,-57.35,7,5,0
U002,47,2026-08-17,Monday,47,1954.45,2470.0,1453.41,1016.59,-449.92,2431.73,2470.0,-38.27,-23.02,10,9,1
U003,47,2026-08-17,Monday,47,1368.47,3069.36,2067.45,1001.91,-1724.89,2513.93,3069.36,-555.43,-80.0,9,10,1
U004,47,2026-08-17,Monday,47,1493.7,2513.76,1421.98,1091.78,-1025.86,2673.89,2513.76,160.13,-68.68,10,6,0
U005,47,2026-08-17,Monday,47,1540.36,2901.47,1706.9,1194.57,-1343.62,3574.41,2901.47,672.94,-80.0,19,5,0
U006,47,2026-08-17,Monday,47,1427.64,2028.48,1240.42,788.06,-665.67,2621.55,2028.48,593.07,-46.63,9,6,0
U007,47,2026-08-17,Monday,47,1678.98,1987.43,1106.02,881.41,-239.72,2714.51,1987.43,727.08,-14.28,15,5,0
U008,47,2026-08-17,Monday,47,1041.62,1445.21,806.03,639.18,-334.75,1638.1,1445.21,192.89,-32.14,15,6,0
U009,47,2026-08-17,Monday,47,1176.55,2607.12,1471.0,1136.12,-1391.95,2850.85,2607.12,243.73,-80.0,18,5,0
U010,47,2026-08-17,Monday,47,1669.76,2064.9,1201.02,863.88,-357.46,2886.46,2064.9,821.56,-21.41,17,5,0
U001,47,2026-08-18,Tuesday,47,1564.27,2326.75,1541.28,785.47,-805.07,3117.69,2326.75,790.94,-51.47,6,5,0
U002,47,2026-08-18,Tuesday,47,1120.64,2215.95,1461.57,754.38,-1108.5,2502.19,2215.95,286.24,-80.0,6,6,0
U003,47,2026-08-18,Tuesday,47,1308.81,2575.17,1596.86,978.31,-1284.9,3161.93,2575.17,586.76,-80.0,20,6,0
U004,47,2026-08-18,Tuesday,47,1257.27,2411.13,1402.01,1009.12,-1171.19,2912.27,2411.13,501.14,-80.0,13,6,0
U005,47,2026-08-18,Tuesday,47,1494.93,2820.32,1639.1,1181.22,-1291.49,3205.25,2820.32,384.93,-80.0,16,5,0
U006,47,2026-08-18,Tuesday,47,1738.18,2545.73,1569.47,976.26,-767.11,2816.3,2545.73,270.57,-44.13,12,7,0
U007,47,2026-08-18,Tuesday,47,1272.24,2177.08,1428.97,748.11,-986.83,2189.79,2177.08,12.71,-77.57,21,7,0
U008,47,2026-08-18,Tuesday,47,1732.09,1943.29,1182.11,761.18,-205.59,2276.12,1943.29,332.83,-11.87,10,5,0
U009,47,2026-08-18,Tuesday,47,1326.64,3033.03,1769.59,1263.44,-1711.19,2913.45,3033.03,-119.58,-80.0,16,9,1
U010,47,2026-08-18,Tuesday,47,1287.99,2172.68,1383.57,789.11,-800.21,2661.63,2172.68,488.95,-62.13,19,5,0
U001,47,2026-08-19,Wednesday,47,1366.98,2076.91,1166.46,910.45,-728.5,2828.67,2076.91,751.76,-53.29,18,7,0
U002,47,2026-08-19,Wednesday,47,1468.65,1697.14,971.11,726.03,-195.94,2044.77,1697.14,347.63,-13.34,18,7,0
U003,47,2026-08-19,Wednesday,47,1636.52,2430.37,1400.81,1029.56,-815.86,2757.18,2430.37,326.81,-49.85,13,7,0
U004,47,2026-08-19,Wednesday,47,1618.0,2613.81,1746.45,867.36,-1061.18,2160.1,2613.81,-453.71,-65.59,14,10,1
U005,47,2026-08-19,Wednesday,47,1761.26,2879.8,1607.05,1272.75,-1097.28,3336.64,2879.8,456.84,-62.3,15,6,0
U006,47,2026-08-19,Wednesday,47,1208.49,1999.75,1226.93,772.82,-795.57,2306.26,1999.75,306.51,-65.83,9,6,0
U007,47,2026-08-19,Wednesday,47,1622.7,2658.7,1521.6,1137.1,-1067.06,2999.08,2658.7,340.38,-65.76,15,6,0
U008,47,2026-08-19,Wednesday,47,1340.4,2379.27,1397.41,981.86,-962.69,2262.76,2379.27,-116.51,-71.82,11,10,1
U009,47,2026-08-19,Wednesday,47,1370.57,2268.43,1263.2,1005.23,-1003.16,2879.51,2268.43,611.08,-73.19,18,6,0
U010,47,2026-08-19,Wednesday,47,1499.13,2022.85,1195.84,827.01,-522.92,3463.91,2022.85,1441.06,-34.88,8,5,0
U001,47,2026-08-20,Thursday,47,1621.75,2571.7,1428.45,1143.25,-937.62,2570.66,2571.7,-1.04,-57.82,9,9,1
U002,47,2026-08-20,Thursday,47,1437.3,1718.73,1021.57,697.16,-289.81,2470.48,1718.73,751.75,-20.16,10,5,0
U003,47,2026-08-20,Thursday,47,1338.21,2320.37,1440.29,880.08,-951.06,3460.13,2320.37,1139.76,-71.07,18,5,0
U004,47,2026-08-20,Thursday,47,1682.19,2738.24,1565.46,1172.78,-1027.47,2996.93,2738.24,258.69,-61.08,13,6,0
U005,47,2026-08-20,Thursday,47,1374.7,2732.45,1824.24,908.21,-1310.32,3268.69,2732.45,536.24,-80.0,11,7,0
U006,47,2026-08-20,Thursday,47,1607.49,1751.86,1016.18,735.68,-155.98,2159.09,1751.86,407.23,-9.7,9,5,0
U007,47,2026-08-20,Thursday,47,1248.67,2105.39,1274.49,830.9,-924.15,2594.03,2105.39,488.64,-74.01,14,6,0
U008,47,2026-08-20,Thursday,47,1354.25,1920.24,1098.82,821.42,-528.65,2281.42,1920.24,361.18,-39.04,6,7,0
U009,47,2026-08-20,Thursday,47,1352.81,3004.21,1925.28,1078.93,-1644.78,3243.5,3004.21,239.29,-80.0,20,7,0
U010,47,2026-08-20,Thursday,47,1234.74,2291.2,1467.59,823.61,-1064.94,2796.6,2291.2,505.4,-80.0,14,6,0
U001,47,2026-08-21,Friday,47,1544.92,2923.46,1888.31,1035.15,-1323.29,3196.12,2923.46,272.66,-80.0,6,7,0
U002,47,2026-08-21,Friday,47,1571.68,2088.29,1213.13,875.16,-500.5,2509.35,2088.29,421.06,-31.84,17,5,0
U003,47,2026-08-21,Friday,47,1108.85,2523.67,1548.95,974.72,-1395.24,3417.52,2523.67,893.85,-80.0,20,6,0
U004,47,2026-08-21,Friday,47,1403.76,2329.14,1281.62,1047.52,-915.52,2889.79,2329.14,560.65,-65.22,18,5,0
U005,47,2026-08-21,Friday,47,1025.06,2332.19,1524.74,807.45,-1398.76,3043.49,2332.19,711.3,-80.0,14,5,0
U006,47,2026-08-21,Friday,47,1340.19,1572.23,1038.34,533.89,-276.9,2584.22,1572.23,1011.99,-20.66,16,7,0
U007,47,2026-08-21,Friday,47,1314.33,2621.1,1719.48,901.62,-1240.8,2755.04,2621.1,133.94,-80.0,9,5,0
U008,47,2026-08-21,Friday,47,1095.06,1744.46,1194.17,550.29,-671.86,2170.86,1744.46,426.4,-61.35,8,5,0
U009,47,2026-08-21,Friday,47,1342.27,2208.56,1437.78,770.78,-878.19,2995.15,2208.56,786.59,-65.43,15,5,0
U010,47,2026-08-21,Friday,47,1258.38,2438.76,1476.14,962.62,-1169.86,2900.93,2438.76,462.17,-80.0,16,6,0
U001,47,2026-08-22,Saturday,47,1845.54,1994.19,1364.72,629.47,-197.47,2654.48,1994.19,660.29,-10.7,12,5,0
U002,47,2026-08-22,Saturday,47,1375.72,1976.06,1379.85,596.21,-677.4,2479.83,1976.06,503.77,-49.24,18,5,0
U003,47,2026-08-22,Saturday,47,1719.34,2976.08,2080.48,895.6,-1273.2,2990.35,2976.08,14.27,-74.05,21,6,0
U004,47,2026-08-22,Saturday,47,1338.88,2376.68,1449.66,927.02,-976.07,2165.8,2376.68,-210.88,-72.9,11,10,1
U005,47,2026-08-22,Saturday,47,1331.48,2867.51,1751.44,1116.07,-1580.04,3284.73,2867.51,417.22,-80.0,14,6,0
U006,47,2026-08-22,Saturday,47,1154.9,1939.16,1191.46,747.7,-883.33,2202.45,1939.16,263.29,-76.49,17,7,0
U007,47,2026-08-22,Saturday,47,1248.61,2327.18,1363.31,963.87,-1066.25,2440.16,2327.18,112.98,-80.0,17,7,0
U008,47,2026-08-22,Saturday,47,1398.08,2012.41,1265.94,746.47,-605.05,2243.42,2012.41,231.01,-43.28,20,5,0
U009,47,2026-08-22,Saturday,47,1135.92,3137.28,2155.96,981.32,-2087.88,3348.33,3137.28,211.05,-80.0,8,7,0
U010,47,2026-08-22,Saturday,47,1619.8,2160.62,1488.1,672.52,-622.94,2799.94,2160.62,639.32,-38.46,6,6,0
U001,48,2026-08-23,Sunday,48,1376.67,2185.1,1237.15,947.95,-812.56,2509.46,2185.1,324.36,-59.02,10,5,0
U002,48,2026-08-23,Sunday,48,1389.44,2426.14,1676.15,749.99,-1045.35,2438.11,2426.14,11.97,-75.24,11,6,0
U003,48,2026-08-23,Sunday,48,1176.06,2777.05,1823.81,953.24,-1563.86,2942.02,2777.05,164.97,-80.0,17,7,0
U004,48,2026-08-23,Sunday,48,1465.31,2366.42,1498.1,868.32,-941.68,2759.87,2366.42,393.45,-64.26,10,6,0
U005,48,2026-08-23,Sunday,48,1631.76,2227.39,1287.74,939.65,-659.25,3083.68,2227.39,856.29,-40.4,7,7,0
U006,48,2026-08-23,Sunday,48,1132.45,2422.3,1645.65,776.65,-1321.68,2464.5,2422.3,42.2,-80.0,8,5,0
U007,48,2026-08-23,Sunday,48,1302.5,2368.18,1531.49,836.69,-993.47,2698.05,2368.18,329.87,-76.27,16,5,0
U008,48,2026-08-23,Sunday,48,1528.67,1864.41,1166.24,698.17,-342.74,1993.94,1864.41,129.53,-22.42,6,7,0
U009,48,2026-08-23,Sunday,48,1719.53,2332.28,1526.74,805.54,-607.02,2996.59,2332.28,664.31,-35.3,14,6,0
U010,48,2026-08-23,Sunday,48,1393.8,2548.27,1653.27,895.0,-1106.01,2800.71,2548.27,252.44,-79.35,16,6,0
U001,48,2026-08-24,Monday,48,940.91,1687.46,1151.64,535.82,-867.2,2664.31,1687.46,976.85,-80.0,21,7,0
U002,48,2026-08-24,Monday,48,1773.74,2273.6,1484.2,789.4,-509.62,2442.83,2273.6,169.23,-28.73,18,7,0
U003,48,2026-08-24,Monday,48,1630.68,2960.45,1645.02,1315.43,-1340.94,2541.54,2960.45,-418.91,-80.0,13,10,1
U004,48,2026-08-24,Monday,48,1260.25,2191.18,1470.95,720.23,-858.19,2379.66,2191.18,188.48,-68.1,11,6,0
U005,48,2026-08-24,Monday,48,1579.43,2722.48,1519.26,1203.22,-1117.16,2756.85,2722.48,34.37,-70.73,10,6,0
U006,48,2026-08-24,Monday,48,1335.95,2548.0,1706.03,841.97,-1196.47,2831.75,2548.0,283.75,-80.0,19,7,0
U007,48,2026-08-24,Monday,48,860.84,2368.87,1312.7,1056.17,-1576.16,2549.37,2368.87,180.5,-80.0,10,6,0
U008,48,2026-08-24,Monday,48,1220.03,2086.6,1416.81,669.79,-829.3,2422.09,2086.6,335.49,-67.97,11,7,0
U009,48,2026-08-24,Monday,48,1486.63,2145.96,1375.85,770.11,-597.48,3013.38,2145.96,867.42,-40.19,11,5,0
U010,48,2026-08-24,Monday,48,1272.05,2635.36,1756.17,879.19,-1443.66,2658.15,2635.36,22.79,-80.0,19,6,0
U001,48,2026-08-25,Tuesday,48,1412.81,2352.87,1527.17,825.7,-982.72,2749.12,2352.87,396.25,-69.56,19,7,0
U002,48,2026-08-25,Tuesday,48,1487.52,1950.44,1245.48,704.96,-499.91,2153.0,1950.44,202.56,-33.61,10,7,0
U003,48,2026-08-25,Tuesday,48,1460.98,2432.73,1621.03,811.7,-910.66,2392.24,2432.73,-40.49,-62.33,7,9,1
U004,48,2026-08-25,Tuesday,48,1469.91,2480.78,1658.43,822.35,-1016.89,3193.11,2480.78,712.33,-69.18,15,6,0
U005,48,2026-08-25,Tuesday,48,834.66,2449.25,1604.17,845.08,-1603.58,2575.17,2449.25,125.92,-80.0,20,6,0
U006,48,2026-08-25,Tuesday,48,1521.55,2282.09,1268.33,1013.76,-740.92,3164.01,2282.09,881.92,-48.7,15,6,0
U007,48,2026-08-25,Tuesday,48,1636.24,2404.01,1669.39,734.62,-683.08,2928.82,2404.01,524.81,-41.75,16,7,0
U008,48,2026-08-25,Tuesday,48,1607.39,2186.32,1476.66,709.66,-687.2,2441.25,2186.32,254.93,-42.75,20,6,0
U009,48,2026-08-25,Tuesday,48,1386.56,2619.75,1676.84,942.91,-1237.77,2998.6,2619.75,378.85,-80.0,15,6,0
U010,48,2026-08-25,Tuesday,48,1241.11,2543.24,1447.48,1095.76,-1302.16,2543.09,2543.24,-0.15,-80.0,15,9,1
U001,48,2026-08-26,Wednesday,48,1477.26,2634.64,1782.93,851.71,-1222.62,2054.8,2634.64,-579.84,-80.0,10,9,1
U002,48,2026-08-26,Wednesday,48,1245.26,2102.38,1171.15,931.23,-805.18,2304.96,2102.38,202.58,-64.66,13,5,0
U003,48,2026-08-26,Wednesday,48,1357.6,2840.12,1961.73,878.39,-1535.51,2841.93,2840.12,1.81,-80.0,16,5,0
U004,48,2026-08-26,Wednesday,48,1478.75,2283.35,1294.79,988.56,-818.47,2464.51,2283.35,181.16,-55.35,13,6,0
U005,48,2026-08-26,Wednesday,48,1394.09,3031.5,1669.6,1361.9,-1603.34,3576.66,3031.5,545.16,-80.0,7,7,0
U006,48,2026-08-26,Wednesday,48,1299.01,2114.4,1210.18,904.22,-925.2,2373.85,2114.4,259.45,-71.22,18,6,0
U007,48,2026-08-26,Wednesday,48,1050.61,2288.87,1296.72,992.15,-1285.73,2962.13,2288.87,673.26,-80.0,20,7,0
U008,48,2026-08-26,Wednesday,48,1432.51,2028.55,1263.98,764.57,-599.9,1584.1,2028.55,-444.45,-41.88,13,10,1
U009,48,2026-08-26,Wednesday,48,1347.79,2250.05,1520.16,729.89,-919.78,2845.17,2250.05,595.12,-68.24,15,6,0
U010,48,2026-08-26,Wednesday,48,1368.36,2585.65,1670.57,915.08,-1265.76,2997.12,2585.65,411.47,-80.0,16,7,0
U001,48,2026-08-27,Thursday,48,1093.21,2249.94,1264.74,985.2,-1220.37,2690.67,2249.94,440.73,-80.0,17,5,0
U002,48,2026-08-27,Thursday,48,1693.85,2047.93,1127.7,920.23,-203.7,2245.04,2047.93,197.11,-12.03,20,6,0
U003,48,2026-08-27,Thursday,48,1350.26,2273.51,1311.58,961.93,-988.81,3215.11,2273.51,941.6,-73.23,14,6,0
U004,48,2026-08-27,Thursday,48,1647.22,2622.41,1689.16,933.25,-988.81,2535.82,2622.41,-86.59,-60.03,18,10,1
U005,48,2026-08-27,Thursday,48,975.94,3047.45,1834.3,1213.15,-2107.19,3558.79,3047.45,511.34,-80.0,18,7,0
U006,48,2026-08-27,Thursday,48,1565.55,1948.97,1356.94,592.03,-360.0,2462.84,1948.97,513.87,-23.0,21,6,0
U007,48,2026-08-27,Thursday,48,1484.39,2162.86,1389.89,772.97,-739.0,2651.94,2162.86,489.08,-49.78,9,6,0
U008,48,2026-08-27,Thursday,48,1762.09,2327.85,1469.2,858.65,-519.12,2090.13,2327.85,-237.72,-29.46,10,10,1
U009,48,2026-08-27,Thursday,48,1533.18,2012.65,1329.65,683.0,-360.47,3379.48,2012.65,1366.83,-23.51,11,6,0
U010,48,2026-08-27,Thursday,48,1699.2,1868.47,1240.28,628.19,-110.11,2415.19,1868.47,546.72,-6.48,13,6,0
U001,48,2026-08-28,Friday,48,1791.66,2458.5,1473.97,984.53,-663.2,2979.88,2458.5,521.38,-37.02,7,5,0
U002,48,2026-08-28,Friday,48,1541.68,2730.8,1881.05,849.75,-1155.0,1933.8,2730.8,-797.0,-74.92,17,9,1
U003,48,2026-08-28,Friday,48,1246.95,2819.89,1822.85,997.04,-1510.23,2426.8,2819.89,-393.09,-80.0,6,10,1
U004,48,2026-08-28,Friday,48,1394.29,2481.07,1611.37,869.7,-1043.32,2475.52,2481.07,-5.55,-74.83,21,9,1
U005,48,2026-08-28,Friday,48,1664.99,2890.17,1755.07,1135.1,-1213.04,2925.85,2890.17,35.68,-72.86,12,7,0
U006,48,2026-08-28,Friday,48,1410.85,1947.12,1325.36,621.76,-508.08,1982.08,1947.12,34.96,-36.01,9,7,0
U007,48,2026-08-28,Friday,48,1237.76,2760.61,1832.97,927.64,-1538.31,2942.22,2760.61,181.61,-80.0,15,6,0
U008,48,2026-08-28,Friday,48,1452.47,2238.97,1340.97,898.0,-691.95,2247.3,2238.97,8.33,-47.64,21,7,0
U009,48,2026-08-28,Friday,48,1186.4,2065.43,1316.0,749.43,-898.58,2957.58,2065.43,892.15,-75.74,8,6,0
U010,48,2026-08-28,Friday,48,1135.88,2199.91,1327.8,872.11,-1104.61,2335.96,2199.91,136.05,-80.0,16,5,0
U001,48,2026-08-29,Saturday,48,1182.46,2186.35,1373.47,812.88,-999.4,2001.96,2186.35,-184.39,-80.0,19,9,1
U002,48,2026-08-29,Saturday,48,1399.1,2454.84,1484.36,970.48,-1019.91,2617.43,2454.84,162.59,-72.9,6,6,0
U003,48,2026-08-29,Saturday,48,1221.42,3475.16,2166.65,1308.51,-2396.06,2314.3,3475.16,-1160.86,-80.0,18,10,1
U004,48,2026-08-29,Saturday,48,1417.05,2683.06,1610.81,1072.25,-1219.97,2704.49,2683.06,21.43,-80.0,11,7,0
U005,48,2026-08-29,Saturday,48,1446.87,2306.24,1528.82,777.42,-886.44,3103.93,2306.24,797.69,-61.27,11,7,0
U006,48,2026-08-29,Saturday,48,1479.11,2314.67,1576.01,738.66,-750.31,2253.97,2314.67,-60.7,-50.73,11,9,1
U007,48,2026-08-29,Saturday,48,1559.21,2420.65,1510.14,910.51,-877.83,2769.11,2420.65,348.46,-56.3,11,6,0
U008,48,2026-08-29,Saturday,48,1332.09,2713.7,1877.13,836.57,-1418.25,2359.51,2713.7,-354.19,-80.0,10,9,1
U009,48,2026-08-29,Saturday,48,1481.47,2337.91,1548.16,789.75,-795.76,3290.86,2337.91,952.95,-53.71,17,5,0
U010,48,2026-08-29,Saturday,48,1674.53,2752.01,1892.2,859.81,-1084.61,2796.34,2752.01,44.33,-64.77,8,6,0
U001,49,2026-08-30,Sunday,49,1420.92,3029.79,2050.68,979.11,-1642.48,2721.97,3029.79,-307.82,-80.0,21,9,1
U002,49,2026-08-30,Sunday,49,1241.98,1447.4,864.31,583.09,-247.22,2227.12,1447.4,779.72,-19.91,12,7,0
U003,49,2026-08-30,Sunday,49,1488.36,2377.51,1358.55,1018.96,-908.38,2459.61,2377.51,82.1,-61.03,6,6,0
U004,49,2026-08-30,Sunday,49,1104.83,2836.94,1777.28,1059.66,-1691.15,2663.71,2836.94,-173.23,-80.0,20,10,1
U005,49,2026-08-30,Sunday,49,1020.43,3010.54,1750.1,1260.44,-2041.46,2999.4,3010.54,-11.14,-80.0,6,10,1
U006,49,2026-08-30,Sunday,49,1462.86,1888.85,1040.8,848.05,-484.79,2631.75,1888.85,742.9,-33.14,16,5,0
U007,49,2026-08-30,Sunday,49,1320.97,1448.58,908.93,539.65,-131.61,2570.45,1448.58,1121.87,-9.96,6,5,0
U008,49,2026-08-30,Sunday,49,1322.69,1790.51,1234.45,556.06,-525.75,1930.25,1790.51,139.74,-39.75,8,6,0
U009,49,2026-08-30,Sunday,49,1606.17,2888.24,1604.6,1283.64,-1230.85,3064.05,2888.24,175.81,-76.63,11,7,0
U010,49,2026-08-30,Sunday,49,1405.69,2315.42,1418.66,896.76,-726.03,2324.97,2315.42,9.55,-51.65,19,7,0
U001,49,2026-08-31,Monday,49,1332.6,2515.98,1628.91,887.07,-1194.78,3102.34,2515.98,586.36,-80.0,20,6,0
U002,49,2026-08-31,Monday,49,1113.1,1770.83,1178.46,592.37,-645.91,1929.02,1770.83,158.19,-58.03,9,6,0
U003,49,2026-08-31,Monday,49,1307.5,2728.31,1760.22,968.09,-1352.25,3334.37,2728.31,606.06,-80.0,9,7,0
U004,49,2026-08-31,Monday,49,1023.09,2534.66,1661.65,873.01,-1544.36,2687.18,2534.66,152.52,-80.0,7,6,0
U005,49,2026-08-31,Monday,49,1465.84,3128.29,2005.58,1122.71,-1586.74,3014.32,3128.29,-113.97,-80.0,7,9,1
U006,49,2026-08-31,Monday,49,1303.73,2372.69,1621.39,751.3,-1059.76,3230.03,2372.69,857.34,-80.0,20,5,0
U007,49,2026-08-31,Monday,49,1543.96,2737.42,1603.06,1134.36,-1176.27,3118.07,2737.42,380.65,-76.19,6,7,0
U008,49,2026-08-31,Monday,49,1299.68,1620.67,928.96,691.71,-264.47,2443.28,1620.67,822.61,-20.35,11,7,0
U009,49,2026-08-31,Monday,49,1526.32,2466.88,1360.59,1106.29,-929.16,3301.47,2466.88,834.59,-60.88,13,6,0
U010,49,2026-08-31,Monday,49,1444.59,2374.72,1402.13,972.59,-910.1,3005.71,2374.72,630.99,-63.0,12,5,0
U001,49,2026-09-01,Tuesday,49,1128.21,1504.53,936.96,567.57,-412.76,2133.57,1504.53,629.04,-36.59,15,5,0
U002,49,2026-09-01,Tuesday,49,1446.28,1931.5,1154.63,776.87,-620.63,2395.74,1931.5,464.24,-42.91,7,6,0
U003,49,2026-09-01,Tuesday,49,1223.28,2652.93,1654.44,998.49,-1376.12,3113.42,2652.93,460.49,-80.0,11,5,0
U004,49,2026-09-01,Tuesday,49,1031.8,1804.71,1262.93,541.78,-806.16,2483.66,1804.71,678.95,-78.13,15,6,0
U005,49,2026-09-01,Tuesday,49,1823.72,2802.45,1689.57,1112.88,-1023.42,3289.85,2802.45,487.4,-56.12,8,7,0
U006,49,2026-09-01,Tuesday,49,1591.54,1976.83,1296.2,680.63,-430.8,2474.33,1976.83,497.5,-27.07,14,6,0
U007,49,2026-09-01,Tuesday,49,1523.81,3062.15,2122.51,939.64,-1514.79,2502.95,3062.15,-559.2,-80.0,17,10,1
U008,49,2026-09-01,Tuesday,49,1176.51,1296.9,809.14,487.76,-184.14,2025.58,1296.9,728.68,-15.65,14,7,0
U009,49,2026-09-01,Tuesday,49,1760.22,2742.82,1862.23,880.59,-951.25,2760.58,2742.82,17.76,-54.04,17,6,0
U010,49,2026-09-01,Tuesday,49,1811.81,2121.83,1473.99,647.84,-252.0,2459.54,2121.83,337.71,-13.91,20,5,0
U001,49,2026-09-02,Wednesday,49,1341.35,2005.08,1276.77,728.31,-724.85,2837.2,2005.08,832.12,-54.04,18,7,0
U002,49,2026-09-02,Wednesday,49,1154.73,2107.5,1210.36,897.14,-1015.19,2367.49,2107.5,259.99,-80.0,8,5,0
U003,49,2026-09-02,Wednesday,49,1529.97,2634.87,1613.65,1021.22,-1117.93,3629.37,2634.87,994.5,-73.07,21,7,0
U004,49,2026-09-02,Wednesday,49,1539.01,2187.58,1310.6,876.98,-632.39,2728.62,2187.58,541.04,-41.09,10,5,0
U005,49,2026-09-02,Wednesday,49,1021.2,3263.18,2119.89,1143.29,-2347.18,3452.43,3263.18,189.25,-80.0,19,5,0
U006,49,2026-09-02,Wednesday,49,1360.18,1802.98,1033.56,769.42,-428.93,2709.76,1802.98,906.78,-31.53,7,7,0
U007,49,2026-09-02,Wednesday,49,1349.94,2120.95,1252.64,868.31,-843.11,2902.46,2120.95,781.51,-62.46,11,7,0
U008,49,2026-09-02,Wednesday,49,1274.48,2952.93,1853.29,1099.64,-1697.09,1575.5,2952.93,-1377.43,-80.0,12,9,1
U009,49,2026-09-02,Wednesday,49,1743.79,2968.47,1859.15,1109.32,-1222.25,3385.06,2968.47,416.59,-70.09,16,7,0
U010,49,2026-09-02,Wednesday,49,1675.33,2059.67,1336.55,723.12,-363.79,2814.42,2059.67,754.75,-21.71,15,5,0
U001,49,2026-09-03,Thursday,49,1272.32,2203.61,1540.21,663.4,-916.33,3135.01,2203.61,931.4,-72.02,18,6,0
U002,49,2026-09-03,Thursday,49,1489.91,2111.21,1278.34,832.87,-548.3,3118.33,2111.21,1007.12,-36.8,11,7,0
U003,49,2026-09-03,Thursday,49,973.05,2550.85,1518.52,1032.33,-1578.08,2610.19,2550.85,59.34,-80.0,21,6,0
U004,49,2026-09-03,Thursday,49,1516.83,1694.4,1010.61,683.79,-174.88,2477.06,1694.4,782.66,-11.53,11,6,0
U005,49,2026-09-03,Thursday,49,1346.37,2628.2,1647.31,980.89,-1355.69,3610.49,2628.2,982.29,-80.0,17,7,0
U006,49,2026-09-03,Thursday,49,1241.47,2218.0,1371.63,846.37,-1004.04,2657.79,2218.0,439.79,-80.0,13,7,0
U007,49,2026-09-03,Thursday,49,1263.24,2309.99,1615.7,694.29,-975.3,3001.57,2309.99,691.58,-77.21,20,5,0
U008,49,2026-09-03,Thursday,49,958.76,2170.65,1224.37,946.28,-1209.03,2401.8,2170.65,231.15,-80.0,15,6,0
U009,49,2026-09-03,Thursday,49,1438.44,2853.17,1742.23,1110.94,-1468.32,2927.09,2853.17,73.92,-80.0,10,6,0
U010,49,2026-09-03,Thursday,49,1030.76,1896.87,1317.17,579.7,-847.54,2711.53,1896.87,814.66,-80.0,15,6,0
U001,49,2026-09-04,Friday,49,1185.5,2237.1,1380.38,856.72,-1051.31,2343.7,2237.1,106.6,-80.0,19,7,0
U002,49,2026-09-04,Friday,49,1501.03,2350.43,1298.72,1051.71,-838.62,2634.89,2350.43,284.46,-55.87,14,6,0
U003,49,2026-09-04,Friday,49,1425.9,2497.51,1540.6,956.91,-1030.61,2634.58,2497.51,137.07,-72.28,20,5,0
U004,49,2026-09-04,Friday,49,1674.86,2090.49,1214.75,875.74,-468.4,2459.94,2090.49,369.45,-27.97,13,5,0
U005,49,2026-09-04,Friday,49,1719.3,2232.5,1469.63,762.87,-507.82,3234.19,2232.5,1001.69,-29.54,14,5,0
U006,49,2026-09-04,Friday,49,1478.22,2328.33,1481.34,846.99,-894.63,2910.03,2328.33,581.7,-60.52,16,5,0
U007,49,2026-09-04,Friday,49,1324.62,2090.86,1378.24,712.62,-851.23,2762.13,2090.86,671.27,-64.26,7,5,0
U008,49,2026-09-04,Friday,49,1907.95,1849.64,1256.08,593.56,164.12,2469.6,1849.64,619.96,8.6,7,5,0
U009,49,2026-09-04,Friday,49,1593.48,2998.16,1964.2,1033.96,-1336.15,3111.55,2998.16,113.39,-80.0,8,7,0
U010,49,2026-09-04,Friday,49,1313.04,2157.36,1240.7,916.66,-853.51,3058.23,2157.36,900.87,-65.0,15,5,0
U001,49,2026-09-05,Saturday,49,1206.13,2307.04,1522.73,784.31,-1057.53,2726.06,2307.04,419.02,-80.0,9,6,0
U002,49,2026-09-05,Saturday,49,1259.08,2653.63,1578.32,1075.31,-1389.61,2366.3,2653.63,-287.33,-80.0,20,10,1
U003,49,2026-09-05,Saturday,49,1386.11,3368.22,2054.15,1314.07,-2008.24,2777.75,3368.22,-590.47,-80.0,9,10,1
U004,49,2026-09-05,Saturday,49,1360.01,1623.71,1011.3,612.41,-224.92,2628.55,1623.71,1004.84,-16.54,11,5,0
U005,49,2026-09-05,Saturday,49,1598.57,2845.12,1960.65,884.47,-1195.11,2881.15,2845.12,36.03,-74.76,19,7,0
U006,49,2026-09-05,Saturday,49,1685.46,2521.75,1397.96,1123.79,-860.4,2336.87,2521.75,-184.88,-51.05,8,9,1
U007,49,2026-09-05,Saturday,49,1491.93,2642.5,1512.03,1130.47,-1163.87,2424.96,2642.5,-217.54,-78.01,8,10,1
U008,49,2026-09-05,Saturday,49,1276.05,2008.46,1212.15,796.31,-817.6,2227.91,2008.46,219.45,-64.07,14,7,0
U009,49,2026-09-05,Saturday,49,1406.4,3000.3,1850.94,1149.36,-1605.56,3495.48,3000.3,495.18,-80.0,15,6,0
U010,49,2026-09-05,Saturday,49,1507.55,2974.76,1910.1,1064.66,-1525.96,2612.86,2974.76,-361.9,-80.0,8,10,1
U001,50,2026-09-06,Sunday,50,994.68,2396.37,1548.07,848.3,-1400.86,2542.92,2396.37,146.55,-80.0,15,5,0
U002,50,2026-09-06,Sunday,50,1433.78,2345.92,1577.99,767.93,-924.4,1979.39,2345.92,-366.53,-64.47,20,9,1
U003,50,2026-09-06,Sunday,50,1502.16,2504.29,1625.3,878.99,-982.14,3477.65,2504.29,973.36,-65.38,14,7,0
U004,50,2026-09-06,Sunday,50,1554.23,1979.74,1097.05,882.69,-420.91,3077.08,1979.74,1097.34,-27.08,19,6,0
U005,50,2026-09-06,Sunday,50,1346.88,3022.46,1859.44,1163.02,-1712.79,3298.43,3022.46,275.97,-80.0,7,5,0
U006,50,2026-09-06,Sunday,50,1696.62,1845.12,1100.79,744.33,-208.99,2104.57,1845.12,259.45,-12.32,16,7,0
U007,50,2026-09-06,Sunday,50,1320.6,2325.32,1535.25,790.07,-1002.95,2433.68,2325.32,108.36,-75.95,11,5,0
U008,50,2026-09-06,Sunday,50,1343.23,2116.29,1336.02,780.27,-853.01,2227.75,2116.29,111.46,-63.5,17,5,0
U009,50,2026-09-06,Sunday,50,1225.76,2677.91,1824.26,853.65,-1437.52,3200.14,2677.91,522.23,-80.0,14,6,0
U010,50,2026-09-06,Sunday,50,1681.94,3338.76,1998.65,1340.11,-1573.71,2764.78,3338.76,-573.98,-80.0,6,10,1
U001,50,2026-09-07,Monday,50,1571.68,2191.65,1273.04,918.61,-553.69,2162.09,2191.65,-29.56,-35.23,17,10,1
U002,50,2026-09-07,Monday,50,1548.45,1633.14,914.05,719.09,-74.54,2792.58,1633.14,1159.44,-4.81,18,7,0
U003,50,2026-09-07,Monday,50,1611.91,2527.07,1717.31,809.76,-884.68,3162.51,2527.07,635.44,-54.88,20,6,0
U004,50,2026-09-07,Monday,50,1540.37,2370.69,1515.92,854.77,-784.79,2041.57,2370.69,-329.12,-50.95,9,9,1
U005,50,2026-09-07,Monday,50,1160.4,2881.4,1704.35,1177.05,-1798.93,3244.99,2881.4,363.59,-80.0,9,6,0
U006,50,2026-09-07,Monday,50,1184.84,2369.07,1475.51,893.56,-1168.96,2581.17,2369.07,212.1,-80.0,18,5,0
U007,50,2026-09-07,Monday,50,1388.35,2504.49,1410.89,1093.6,-1148.33,2640.82,2504.49,136.33,-80.0,10,6,0
U008,50,2026-09-07,Monday,50,1362.79,2070.91,1389.98,680.93,-699.47,2648.95,2070.91,578.04,-51.33,21,6,0
U009,50,2026-09-07,Monday,50,1333.74,2298.26,1467.22,831.04,-1002.18,3065.22,2298.26,766.96,-75.14,15,7,0
U010,50,2026-09-07,Monday,50,1331.89,2402.07,1414.86,987.21,-1115.42,2714.96,2402.07,312.89,-80.0,14,6,0
U001,50,2026-09-08,Tuesday,50,1552.89,2609.73,1590.23,1019.5,-1033.97,2461.26,2609.73,-148.47,-66.58,10,9,1
U002,50,2026-09-08,Tuesday,50,1453.73,2118.58,1333.18,785.4,-710.55,2108.31,2118.58,-10.27,-48.88,17,9,1
U003,50,2026-09-08,Tuesday,50,1274.72,2264.44,1466.09,798.35,-976.16,3307.1,2264.44,1042.66,-76.58,7,5,0
U004,50,2026-09-08,Tuesday,50,1874.19,1934.83,1327.67,607.16,-0.47,3047.68,1934.83,1112.85,-0.03,14,5,0
U005,50,2026-09-08,Tuesday,50,1233.01,2895.52,1731.42,1164.1,-1681.6,3178.22,2895.52,282.7,-80.0,18,6,0
U006,50,2026-09-08,Tuesday,50,1346.33,3777.36,2289.34,1488.02,-2430.77,2528.42,3777.36,-1248.94,-80.0,14,9,1
U007,50,2026-09-08,Tuesday,50,1358.82,2755.62,1663.96,1091.66,-1388.74,3357.54,2755.62,601.92,-80.0,13,5,0
U008,50,2026-09-08,Tuesday,50,1577.94,1537.05,968.11,568.94,131.74,2063.89,1537.05,526.84,8.35,13,7,0
U009,50,2026-09-08,Tuesday,50,1303.47,2508.46,1666.24,842.22,-1139.55,2786.57,2508.46,278.11,-80.0,12,7,0
U010,50,2026-09-08,Tuesday,50,1519.02,2620.53,1621.73,998.8,-1084.76,2705.48,2620.53,84.95,-71.41,19,5,0
U001,50,2026-09-09,Wednesday,50,1478.04,2094.21,1341.17,753.04,-591.43,2827.14,2094.21,732.93,-40.01,21,5,0
U002,50,2026-09-09,Wednesday,50,1332.57,2340.42,1309.62,1030.8,-982.89,2767.44,2340.42,427.02,-73.76,17,7,0
U003,50,2026-09-09,Wednesday,50,1685.7,3166.32,2168.14,998.18,-1501.96,3280.61,3166.32,114.29,-80.0,14,7,0
U004,50,2026-09-09,Wednesday,50,1323.64,1937.78,1147.08,790.7,-776.17,2707.44,1937.78,769.66,-58.64,15,5,0
U005,50,2026-09-09,Wednesday,50,1046.37,3203.46,2238.52,964.94,-2191.22,3294.62,3203.46,91.16,-80.0,10,7,0
U006,50,2026-09-09,Wednesday,50,1178.44,2007.07,1126.67,880.4,-786.31,2978.25,2007.07,971.18,-66.72,6,5,0
U007,50,2026-09-09,Wednesday,50,1419.78,2219.89,1398.38,821.51,-862.07,2564.81,2219.89,344.92,-60.72,16,6,0
U008,50,2026-09-09,Wednesday,50,1543.72,1770.24,1054.25,715.99,-257.44,1746.36,1770.24,-23.88,-16.68,9,10,1
U009,50,2026-09-09,Wednesday,50,1106.19,2315.61,1476.12,839.49,-1165.09,3656.19,2315.61,1340.58,-80.0,13,6,0
U010,50,2026-09-09,Wednesday,50,1526.65,2218.1,1222.03,996.07,-712.34,2052.51,2218.1,-165.59,-46.66,20,10,1
U001,50,2026-09-10,Thursday,50,1428.05,2527.8,1500.17,1027.63,-1145.78,2537.15,2527.8,9.35,-80.0,17,7,0
U002,50,2026-09-10,Thursday,50,1325.83,1877.05,1174.75,702.3,-571.8,2858.97,1877.05,981.92,-43.13,6,5,0
U003,50,2026-09-10,Thursday,50,1405.53,2802.83,1843.43,959.4,-1387.91,3118.06,2802.83,315.23,-80.0,8,7,0
U004,50,2026-09-10,Thursday,50,1394.28,2203.13,1466.62,736.51,-756.78,2762.61,2203.13,559.48,-54.28,21,6,0
U005,50,2026-09-10,Thursday,50,1343.48,2662.77,1827.51,835.26,-1311.76,3311.61,2662.77,648.84,-80.0,17,6,0
U006,50,2026-09-10,Thursday,50,1092.83,1994.75,1394.25,600.5,-903.16,2601.82,1994.75,607.07,-80.0,14,6,0
U007,50,2026-09-10,Thursday,50,1686.62,3106.06,2007.29,1098.77,-1415.95,2665.8,3106.06,-440.26,-80.0,21,10,1
U008,50,2026-09-10,Thursday,50,1031.83,2593.91,1581.27,1012.64,-1571.46,2400.94,2593.91,-192.97,-80.0,14,10,1
U009,50,2026-09-10,Thursday,50,1800.22,3219.32,1968.12,1251.2,-1491.44,2404.31,3219.32,-815.01,-80.0,12,10,1
U010,50,2026-09-10,Thursday,50,1266.85,2430.02,1616.46,813.56,-1138.46,2381.08,2430.02,-48.94,-80.0,12,10,1
U001,50,2026-09-11,Friday,50,1633.72,2441.17,1492.37,948.8,-649.39,2881.86,2441.17,440.69,-39.75,7,6,0
U002,50,2026-09-11,Friday,50,1354.56,1989.95,1214.74,775.21,-685.12,2432.1,1989.95,442.15,-50.58,13,7,0
U003,50,2026-09-11,Friday,50,1305.62,2422.56,1591.62,830.94,-1127.3,2574.52,2422.56,151.96,-80.0,7,7,0
U004,50,2026-09-11,Friday,50,1373.16,2103.62,1211.38,892.24,-779.41,2983.95,2103.62,880.33,-56.76,15,7,0
U005,50,2026-09-11,Friday,50,1734.47,2947.72,1680.86,1266.86,-1213.96,3219.06,2947.72,271.34,-69.99,10,6,0
U006,50,2026-09-11,Friday,50,1188.39,2046.18,1358.27,687.91,-859.07,2297.5,2046.18,251.32,-72.29,13,5,0
U007,50,2026-09-11,Friday,50,1197.68,3229.27,2072.92,1156.35,-2092.98,3392.86,3229.27,163.59,-80.0,10,5,0
U008,50,2026-09-11,Friday,50,1471.72,1752.9,1110.89,642.01,-314.59,1610.19,1752.9,-142.71,-21.38,14,10,1
U009,50,2026-09-11,Friday,50,1728.94,2702.44,1753.69,948.75,-950.71,2999.63,2702.44,297.19,-54.99,10,6,0
U010,50,2026-09-11,Friday,50,1255.38,2293.64,1350.6,943.04,-1024.3,2180.14,2293.64,-113.5,-80.0,9,9,1
U001,50,2026-09-12,Saturday,50,1357.46,1596.65,1085.97,510.68,-184.61,2859.18,1596.65,1262.53,-13.6,6,5,0
U002,50,2026-09-12,Saturday,50,1834.66,1735.23,1015.49,719.74,190.14,2335.4,1735.23,600.17,10.36,9,5,0
U003,50,2026-09-12,Saturday,50,1466.15,2725.36,1823.03,902.33,-1282.09,2699.94,2725.36,-25.42,-80.0,8,10,1
U004,50,2026-09-12,Saturday,50,1409.14,2353.55,1457.58,895.97,-926.64,2837.0,2353.55,483.45,-65.76,10,5,0
U005,50,2026-09-12,Saturday,50,1448.41,2545.59,1682.41,863.18,-1092.19,3385.05,2545.59,839.46,-75.41,6,7,0
U006,50,2026-09-12,Saturday,50,1198.47,1859.27,1181.2,678.07,-586.77,2374.22,1859.27,514.95,-48.96,21,5,0
U007,50,2026-09-12,Saturday,50,1185.43,3227.87,2035.84,1192.03,-1968.13,2804.67,3227.87,-423.2,-80.0,17,10,1
U008,50,2026-09-12,Saturday,50,1341.76,1372.06,769.54,602.52,-72.25,1864.15,1372.06,492.09,-5.38,9,7,0
U009,50,2026-09-12,Saturday,50,1321.47,3248.96,2067.11,1181.85,-1939.86,3169.23,3248.96,-79.73,-80.0,18,9,1
U010,50,2026-09-12,Saturday,50,1287.08,2410.12,1625.66,784.46,-1098.2,2550.58,2410.12,140.46,-80.0,20,6,0
U001,51,2026-09-13,Sunday,51,1506.83,2293.05,1532.04,761.01,-724.88,2553.99,2293.05,260.94,-48.11,20,5,0
U002,51,2026-09-13,Sunday,51,1631.12,2590.68,1712.03,878.65,-870.2,2409.77,2590.68,-180.91,-53.35,18,9,1
U003,51,2026-09-13,Sunday,51,1465.0,3016.11,2006.94,1009.17,-1568.11,2831.91,3016.11,-184.2,-80.0,7,10,1
U004,51,2026-09-13,Sunday,51,1385.64,1968.6,1171.08,797.52,-596.76,2544.14,1968.6,575.54,-43.07,19,5,0
U005,51,2026-09-13,Sunday,51,1325.08,2847.61,1979.94,867.67,-1554.56,3516.39,2847.61,668.78,-80.0,19,5,0
U006,51,2026-09-13,Sunday,51,977.79,2445.43,1446.77,998.66,-1481.29,1881.24,2445.43,-564.19,-80.0,10,10,1
U007,51,2026-09-13,Sunday,51,1254.47,2084.28,1324.49,759.79,-859.9,2871.1,2084.28,786.82,-68.55,12,6,0
U008,51,2026-09-13,Sunday,51,1395.82,1903.71,1201.46,702.25,-463.04,2446.82,1903.71,543.11,-33.17,11,5,0
U009,51,2026-09-13,Sunday,51,1080.25,2110.25,1221.39,888.86,-1075.97,2854.61,2110.25,744.36,-80.0,8,6,0
U010,51,2026-09-13,Sunday,51,1451.38,2123.04,1410.81,712.23,-612.1,2510.22,2123.04,387.18,-42.17,17,5,0
U001,51,2026-09-14,Monday,51,1342.55,1884.09,1104.58,779.51,-484.34,2068.95,1884.09,184.86,-36.08,8,5,0
U002,51,2026-09-14,Monday,51,1488.0,2515.96,1444.54,1071.42,-1076.09,2330.3,2515.96,-185.66,-72.32,9,10,1
U003,51,2026-09-14,Monday,51,1292.06,3299.28,1947.73,1351.55,-1967.29,3106.54,3299.28,-192.74,-80.0,9,9,1
U004,51,2026-09-14,Monday,51,1613.31,1667.26,1045.05,622.21,68.14,2262.18,1667.26,594.92,4.22,6,6,0
U005,51,2026-09-14,Monday,51,1100.98,3153.08,1948.48,1204.6,-2052.87,3020.02,3153.08,-133.06,-80.0,6,10,1
U006,51,2026-09-14,Monday,51,1759.28,1859.41,1033.16,826.25,-72.79,2115.78,1859.41,256.37,-4.14,7,6,0
U007,51,2026-09-14,Monday,51,1154.67,2307.11,1602.78,704.33,-1215.88,3197.92,2307.11,890.81,-80.0,7,6,0
U008,51,2026-09-14,Monday,51,1362.65,1721.8,1158.59,563.21,-336.19,2364.14,1721.8,642.34,-24.67,20,6,0
U009,51,2026-09-14,Monday,51,1549.31,2791.57,1675.35,1116.22,-1252.72,3115.37,2791.57,323.8,-80.0,17,5,0
U010,51,2026-09-14,Monday,51,1586.66,2283.07,1397.64,885.43,-751.04,3160.59,2283.07,877.52,-47.33,9,5,0
U001,51,2026-09-15,Tuesday,51,1759.37,1749.27,1098.95,650.32,-4.25,2658.51,1749.27,909.24,-0.24,8,6,0
U002,51,2026-09-15,Tuesday,51,1196.1,1801.64,1183.77,617.87,-630.26,2725.26,1801.64,923.62,-52.69,14,7,0
U003,51,2026-09-15,Tuesday,51,1392.5,2536.34,1690.7,845.64,-1134.57,3223.49,2536.34,687.15,-80.0,13,5,0
U004,51,2026-09-15,Tuesday,51,1623.62,2174.86,1518.65,656.21,-583.9,2741.73,2174.86,566.87,-35.96,6,7,0
U005,51,2026-09-15,Tuesday,51,1204.33,2491.77,1685.67,806.1,-1204.16,2785.4,2491.77,293.63,-80.0,14,5,0
U006,51,2026-09-15,Tuesday,51,1402.18,2492.81,1426.3,1066.51,-1174.62,2520.2,2492.81,27.39,-80.0,20,6,0
U007,51,2026-09-15,Tuesday,51,1494.91,1892.77,1250.14,642.63,-428.94,2905.55,1892.77,1012.78,-28.69,21,7,0
U008,51,2026-09-15,Tuesday,51,1465.27,1513.48,953.14,560.34,-22.29,2335.87,1513.48,822.39,-1.52,11,7,0
U009,51,2026-09-15,Tuesday,51,1404.41,3009.71,1733.59,1276.12,-1632.42,2838.63,3009.71,-171.08,-80.0,7,9,1
U010,51,2026-09-15,Tuesday,51,1713.71,2269.29,1266.64,1002.65,-557.82,2782.48,2269.29,513.19,-32.55,20,5,0
U001,51,2026-09-16,Wednesday,51,1469.84,2098.76,1214.17,884.59,-610.83,2360.46,2098.76,261.7,-41.56,19,5,0
U002,51,2026-09-16,Wednesday,51,1646.57,2124.25,1294.81,829.44,-572.96,2402.47,2124.25,278.22,-34.8,21,6,0
U003,51,2026-09-16,Wednesday,51,1367.7,2956.34,2026.27,930.07,-1518.73,3590.95,2956.34,634.61,-80.0,19,7,0
U004,51,2026-09-16,Wednesday,51,1482.27,2122.43,1215.71,906.72,-703.71,2958.16,2122.43,835.73,-47.48,19,6,0
U005,51,2026-09-16,Wednesday,51,1449.77,3107.93,1934.27,1173.66,-1704.6,2812.02,3107.93,-295.91,-80.0,21,9,1
U006,51,2026-09-16,Wednesday,51,1524.76,2731.73,1726.79,1004.94,-1167.59,2369.43,2731.73,-362.3,-76.58,15,10,1
U007,51,2026-09-16,Wednesday,51,1322.33,2499.04,1391.56,1107.48,-1178.52,2702.19,2499.04,203.15,-80.0,12,6,0
U008,51,2026-09-16,Wednesday,51,1546.61,2208.17,1363.6,844.57,-610.79,2002.82,2208.17,-205.35,-39.49,13,10,1
U009,51,2026-09-16,Wednesday,51,1343.02,3463.73,2227.98,1235.75,-2157.32,2779.24,3463.73,-684.49,-80.0,16,9,1
U010,51,2026-09-16,Wednesday,51,1706.81,2446.95,1501.2,945.75,-644.53,3406.36,2446.95,959.41,-37.76,21,7,0
U001,51,2026-09-17,Thursday,51,1346.65,3257.7,1840.83,1416.87,-1811.25,1873.99,3257.7,-1383.71,-80.0,13,9,1
U002,51,2026-09-17,Thursday,51,1624.09,1261.48,819.34,442.14,382.12,2366.19,1261.48,1104.71,23.53,6,7,0
U003,51,2026-09-17,Thursday,51,1455.69,3097.49,2102.82,994.67,-1675.19,3086.6,3097.49,-10.89,-80.0,7,9,1
U004,51,2026-09-17,Thursday,51,1056.36,2954.14,1743.73,1210.41,-1874.17,2834.5,2954.14,-119.64,-80.0,17,9,1
U005,51,2026-09-17,Thursday,51,1506.42,2830.55,1900.06,930.49,-1202.23,3615.68,2830.55,785.13,-79.81,13,6,0
U006,51,2026-09-17,Thursday,51,1501.85,2182.12,1364.88,817.24,-672.86,2582.57,2182.12,400.45,-44.8,18,6,0
U007,51,2026-09-17,Thursday,51,1216.39,2620.76,1588.23,1032.53,-1336.57,3048.45,2620.76,427.69,-80.0,6,6,0
U008,51,2026-09-17,Thursday,51,1015.99,2142.7,1495.44,647.26,-1072.29,1956.17,2142.7,-186.53,-80.0,15,10,1
U009,51,2026-09-17,Thursday,51,1560.02,2734.56,1535.25,1199.31,-1124.34,2938.93,2734.56,204.37,-72.07,20,6,0
U010,51,2026-09-17,Thursday,51,1638.35,2762.99,1617.43,1145.56,-1114.63,2663.18,2762.99,-99.81,-68.03,10,9,1
U001,51,2026-09-18,Friday,51,1320.93,3000.49,1836.85,1163.64,-1746.24,2561.9,3000.49,-438.59,-80.0,18,9,1
U002,51,2026-09-18,Friday,51,1635.31,2346.88,1501.14,845.74,-659.72,2200.18,2346.88,-146.7,-40.34,6,9,1
U003,51,2026-09-18,Friday,51,1597.73,2878.24,1953.71,924.53,-1205.64,3001.14,2878.24,122.9,-75.46,9,6,0
U004,51,2026-09-18,Friday,51,1612.5,2274.29,1454.45,819.84,-674.92,2834.26,2274.29,559.97,-41.86,21,7,0
U005,51,2026-09-18,Friday,51,1428.64,2649.84,1763.37,886.47,-1272.56,2642.96,2649.84,-6.88,-80.0,13,10,1
U006,51,2026-09-18,Friday,51,1245.42,1797.55,1112.24,685.31,-585.2,2265.92,1797.55,468.37,-46.99,7,6,0
U007,51,2026-09-18,Friday,51,1715.63,2104.23,1224.94,879.29,-395.69,2597.46,2104.23,493.23,-23.06,9,7,0
U008,51,2026-09-18,Friday,51,1439.63,1699.31,985.8,713.51,-347.06,2121.33,1699.31,422.02,-24.11,9,7,0
U009,51,2026-09-18,Friday,51,1585.51,2165.72,1309.81,855.91,-594.75,3045.07,2165.72,879.35,-37.51,14,6,0
U010,51,2026-09-18,Friday,51,1312.22,2684.16,1658.56,1025.6,-1403.54,2321.52,2684.16,-362.64,-80.0,15,10,1
U001,51,2026-09-19,Saturday,51,1876.38,2146.95,1286.32,860.63,-236.64,2658.29,2146.95,511.34,-12.61,13,5,0
U002,51,2026-09-19,Saturday,51,1756.05,1921.28,1298.9,622.38,-224.85,2381.08,1921.28,459.8,-12.8,6,7,0
U003,51,2026-09-19,Saturday,51,1401.04,2628.61,1807.36,821.25,-1260.24,2844.32,2628.61,215.71,-80.0,12,6,0
U004,51,2026-09-19,Saturday,51,1607.87,2283.04,1379.22,903.82,-643.49,2251.83,2283.04,-31.21,-40.02,12,9,1
U005,51,2026-09-19,Saturday,51,1313.91,2814.65,1786.45,1028.2,-1475.35,3204.15,2814.65,389.5,-80.0,18,7,0
U006,51,2026-09-19,Saturday,51,1575.01,2541.68,1636.93,904.75,-935.68,2472.98,2541.68,-68.7,-59.41,19,9,1
U007,51,2026-09-19,Saturday,51,1326.85,2847.38,1829.61,1017.77,-1505.9,3059.91,2847.38,212.53,-80.0,6,5,0
U008,51,2026-09-19,Saturday,51,1570.99,2306.53,1341.9,964.63,-715.53,2573.85,2306.53,267.32,-45.55,7,7,0
U009,51,2026-09-19,Saturday,51,1425.16,3401.33,1871.71,1529.62,-2043.92,2975.46,3401.33,-425.87,-80.0,10,10,1
U010,51,2026-09-19,Saturday,51,1508.34,3150.17,1887.0,1263.17,-1593.46,2831.13,3150.17,-319.04,-80.0,20,9,1
U001,52,2026-09-20,Sunday,52,1597.85,2044.63,1157.33,887.3,-429.97,2960.44,2044.63,915.81,-26.91,19,5,0
U002,52,2026-09-20,Sunday,52,1328.61,2651.19,1807.33,843.86,-1250.05,2267.67,2651.19,-383.52,-80.0,8,10,1
U003,52,2026-09-20,Sunday,52,1611.79,2530.99,1672.61,858.38,-909.15,3556.62,2530.99,1025.63,-56.41,20,6,0
U004,52,2026-09-20,Sunday,52,1453.35,1650.23,1079.35,570.88,-197.71,2357.28,1650.23,707.05,-13.6,17,5,0
U005,52,2026-09-20,Sunday,52,1766.64,3265.41,1873.13,1392.28,-1478.79,2587.11,3265.41,-678.3,-80.0,14,9,1
U006,52,2026-09-20,Sunday,52,1091.05,1441.22,988.85,452.37,-378.57,2481.96,1441.22,1040.74,-34.7,16,7,0
U007,52,2026-09-20,Sunday,52,1271.16,2840.66,1632.62,1208.04,-1570.49,2703.24,2840.66,-137.42,-80.0,15,10,1
U008,52,2026-09-20,Sunday,52,1287.71,2246.17,1299.56,946.61,-1025.55,2432.57,2246.17,186.4,-79.64,19,5,0
U009,52,2026-09-20,Sunday,52,1307.88,2430.61,1594.98,835.63,-1195.48,3533.24,2430.61,1102.63,-80.0,8,5,0
U010,52,2026-09-20,Sunday,52,1620.62,2718.89,1738.32,980.57,-1104.89,2594.24,2718.89,-124.65,-68.18,21,10,1
U001,52,2026-09-21,Monday,52,1507.74,2383.04,1661.85,721.19,-892.83,2733.11,2383.04,350.07,-59.22,14,5,0
U002,52,2026-09-21,Monday,52,1407.44,1658.66,941.45,717.21,-192.39,1998.59,1658.66,339.93,-13.67,10,5,0
U003,52,2026-09-21,Monday,52,1606.3,3105.8,1893.76,1212.04,-1522.16,2634.9,3105.8,-470.9,-80.0,7,10,1
U004,52,2026-09-21,Monday,52,1453.04,1972.63,1112.61,860.02,-516.94,2697.44,1972.63,724.81,-35.58,20,7,0
U005,52,2026-09-21,Monday,52,1394.66,3070.95,1774.27,1296.68,-1649.16,3436.22,3070.95,365.27,-80.0,9,6,0
U006,52,2026-09-21,Monday,52,1665.79,2731.91,1532.73,1199.18,-1040.6,2422.13,2731.91,-309.78,-62.47,19,9,1
U007,52,2026-09-21,Monday,52,1214.75,2872.5,1791.76,1080.74,-1647.16,2840.26,2872.5,-32.24,-80.0,10,9,1
U008,52,2026-09-21,Monday,52,1256.2,1781.86,1013.72,768.14,-576.52,3078.39,1781.86,1296.53,-45.89,8,5,0
U009,52,2026-09-21,Monday,52,1392.72,2461.59,1646.47,815.12,-1082.58,2527.06,2461.59,65.47,-77.73,8,7,0
U010,52,2026-09-21,Monday,52,1630.29,2465.12,1371.76,1093.36,-770.12,2411.61,2465.12,-53.51,-47.24,14,9,1
U001,52,2026-09-22,Tuesday,52,1361.94,2656.04,1789.45,866.59,-1363.24,3375.62,2656.04,719.58,-80.0,11,7,0
U002,52,2026-09-22,Tuesday,52,1271.81,2652.27,1617.35,1034.92,-1311.83,2575.08,2652.27,-77.19,-80.0,7,9,1
U003,52,2026-09-22,Tuesday,52,1144.2,2816.65,1925.81,890.84,-1694.52,3381.77,2816.65,565.12,-80.0,16,6,0
U004,52,2026-09-22,Tuesday,52,1508.75,2574.74,1532.31,1042.43,-1072.83,2690.85,2574.74,116.11,-71.11,12,5,0
U005,52,2026-09-22,Tuesday,52,942.31,2402.46,1622.6,779.86,-1354.62,3487.22,2402.46,1084.76,-80.0,21,5,0
U006,52,2026-09-22,Tuesday,52,1154.72,2099.17,1353.17,746.0,-907.49,2871.46,2099.17,772.29,-78.59,19,7,0
U007,52,2026-09-22,Tuesday,52,1210.88,2380.58,1572.87,807.71,-1234.19,2817.28,2380.58,436.7,-80.0,9,5,0
U008,52,2026-09-22,Tuesday,52,1721.13,2340.34,1582.05,758.29,-576.19,2182.15,2340.34,-158.19,-33.48,7,10,1
U009,52,2026-09-22,Tuesday,52,1591.97,3084.47,2048.32,1036.15,-1467.65,2798.38,3084.47,-286.09,-80.0,15,10,1
U010,52,2026-09-22,Tuesday,52,1439.39,2017.92,1400.11,617.81,-517.36,2497.4,2017.92,479.48,-35.94,20,7,0
U001,52,2026-09-23,Wednesday,52,1500.61,2600.72,1728.24,872.48,-1139.98,3159.97,2600.72,559.25,-75.97,6,6,0
U002,52,2026-09-23,Wednesday,52,1260.39,1687.74,1156.91,530.83,-428.13,2470.25,1687.74,782.51,-33.97,8,5,0
U003,52,2026-09-23,Wednesday,52,1394.18,2625.82,1771.53,854.29,-1316.45,2857.17,2625.82,231.35,-80.0,19,7,0
U004,52,2026-09-23,Wednesday,52,1587.67,2057.72,1419.68,638.04,-528.84,2799.68,2057.72,741.96,-33.31,8,7,0
U005,52,2026-09-23,Wednesday,52,1491.98,2290.88,1563.98,726.9,-855.15,2806.86,2290.88,515.98,-57.32,17,6,0
U006,52,2026-09-23,Wednesday,52,1288.0,2742.4,1762.93,979.47,-1537.86,1772.87,2742.4,-969.53,-80.0,13,10,1
U007,52,2026-09-23,Wednesday,52,1506.61,2336.11,1586.17,749.94,-856.73,2304.25,2336.11,-31.86,-56.86,17,10,1
U008,52,2026-09-23,Wednesday,52,1207.85,2335.12,1593.55,741.57,-1236.76,2223.85,2335.12,-111.27,-80.0,21,10,1
U009,52,2026-09-23,Wednesday,52,1270.66,2716.53,1599.24,1117.29,-1394.6,3838.05,2716.53,1121.52,-80.0,7,7,0
U010,52,2026-09-23,Wednesday,52,1672.38,2481.75,1627.78,853.97,-882.25,2902.17,2481.75,420.42,-52.75,10,6,0
U001,52,2026-09-24,Thursday,52,1197.98,1648.72,987.19,661.53,-421.5,2497.15,1648.72,848.43,-35.18,14,7,0
U002,52,2026-09-24,Thursday,52,1559.55,2081.39,1155.42,925.97,-514.89,2808.13,2081.39,726.74,-33.02,9,7,0
U003,52,2026-09-24,Thursday,52,1320.44,3152.21,1862.48,1289.73,-1772.06,3452.69,3152.21,300.48,-80.0,13,5,0
U004,52,2026-09-24,Thursday,52,1058.12,2332.98,1312.74,1020.24,-1281.39,2489.57,2332.98,156.59,-80.0,9,5,0
U005,52,2026-09-24,Thursday,52,1097.95,2383.35,1376.87,1006.48,-1275.1,3770.98,2383.35,1387.63,-80.0,16,7,0
U006,52,2026-09-24,Thursday,52,1758.24,2695.43,1767.41,928.02,-868.74,2174.56,2695.43,-520.87,-49.41,12,10,1
U007,52,2026-09-24,Thursday,52,1397.73,2206.69,1391.56,815.13,-788.66,2896.0,2206.69,689.31,-56.42,15,5,0
U008,52,2026-09-24,Thursday,52,1591.26,2237.03,1365.08,871.95,-712.26,1967.69,2237.03,-269.34,-44.76,17,9,1
U009,52,2026-09-24,Thursday,52,1486.21,2727.21,1729.21,998.0,-1262.5,3058.54,2727.21,331.33,-80.0,21,6,0
U010,52,2026-09-24,Thursday,52,1160.33,2238.07,1527.98,710.09,-1100.0,2427.44,2238.07,189.37,-80.0,14,7,0
U001,52,2026-09-25,Friday,52,1146.94,2600.65,1776.62,824.03,-1414.89,3000.52,2600.65,399.87,-80.0,15,7,0
U002,52,2026-09-25,Friday,52,1309.32,2732.09,1649.34,1082.75,-1415.56,2098.69,2732.09,-633.4,-80.0,14,10,1
U003,52,2026-09-25,Friday,52,1225.11,3113.65,1842.92,1270.73,-1853.36,2824.2,3113.65,-289.45,-80.0,21,10,1
U004,52,2026-09-25,Friday,52,1499.31,2377.3,1313.43,1063.87,-936.07,2898.53,2377.3,521.23,-62.43,10,7,0
U005,52,2026-09-25,Friday,52,1646.36,3007.15,1784.93,1222.22,-1460.39,3440.5,3007.15,433.35,-80.0,19,6,0
U006,52,2026-09-25,Friday,52,1443.88,1927.48,1257.39,670.09,-424.25,2558.16,1927.48,630.68,-29.38,17,6,0
U007,52,2026-09-25,Friday,52,1609.09,2761.71,1831.26,930.45,-1315.12,3137.19,2761.71,375.48,-80.0,19,6,0
U008,52,2026-09-25,Friday,52,1607.4,1300.25,847.11,453.14,358.66,2776.45,1300.25,1476.2,22.31,16,5,0
U009,52,2026-09-25,Friday,52,1473.95,2584.65,1561.43,1023.22,-1047.55,3287.05,2584.65,702.4,-71.07,16,5,0
U010,52,2026-09-25,Friday,52,1360.49,2366.77,1354.2,1012.57,-969.24,2445.41,2366.77,78.64,-71.24,11,7,0
U001,52,2026-09-26,Saturday,52,1341.85,2494.5,1440.75,1053.75,-1127.3,2507.14,2494.5,12.64,-80.0,6,6,0
U002,52,2026-09-26,Saturday,52,1698.19,2182.03,1285.04,896.99,-496.07,1793.97,2182.03,-388.06,-29.21,11,9,1
U003,52,2026-09-26,Saturday,52,1274.82,2970.92,1953.11,1017.81,-1662.66,2813.33,2970.92,-157.59,-80.0,17,9,1
U004,52,2026-09-26,Saturday,52,1382.55,2618.52,1705.08,913.44,-1218.54,2439.66,2618.52,-178.86,-80.0,17,10,1
U005,52,2026-09-26,Saturday,52,1389.77,3217.34,2059.89,1157.45,-1906.7,3409.35,3217.34,192.01,-80.0,19,6,0
U006,52,2026-09-26,Saturday,52,1155.22,2248.46,1340.52,907.94,-1100.53,2831.65,2248.46,583.19,-80.0,15,7,0
U007,52,2026-09-26,Saturday,52,1651.79,2129.57,1273.4,856.17,-502.06,2904.24,2129.57,774.67,-30.39,16,7,0
U008,52,2026-09-26,Saturday,52,1373.1,1897.57,1102.68,794.89,-558.83,2176.66,1897.57,279.09,-40.7,16,6,0
U009,52,2026-09-26,Saturday,52,1644.48,2455.49,1563.41,892.08,-880.53,3713.49,2455.49,1258.0,-53.54,8,6,0
U010,52,2026-09-26,Saturday,52,1107.69,2237.54,1412.14,825.4,-1147.86,2602.74,2237.54,365.2,-80.0,21,7,0
U001,53,2026-09-27,Sunday,53,1590.14,2334.38,1420.88,913.5,-735.07,2584.58,2334.38,250.2,-46.23,11,7,0
U002,53,2026-09-27,Sunday,53,1556.51,1530.43,968.07,562.36,38.69,2656.8,1530.43,1126.37,2.49,19,6,0
U003,53,2026-09-27,Sunday,53,1656.1,2448.17,1593.85,854.32,-795.16,3049.07,2448.17,600.9,-48.01,19,5,0
U004,53,2026-09-27,Sunday,53,1371.81,1871.67,1038.86,832.81,-459.81,2941.03,1871.67,1069.36,-33.52,9,5,0
U005,53,2026-09-27,Sunday,53,1119.04,2762.46,1590.09,1172.37,-1693.04,2654.66,2762.46,-107.8,-80.0,9,10,1
U006,53,2026-09-27,Sunday,53,1426.59,2237.47,1477.94,759.53,-872.06,2132.5,2237.47,-104.97,-61.13,18,10,1
U007,53,2026-09-27,Sunday,53,1472.73,2582.37,1440.27,1142.1,-1067.47,2827.29,2582.37,244.92,-72.48,14,6,0
U008,53,2026-09-27,Sunday,53,1593.46,1746.1,1004.53,741.57,-112.86,2469.07,1746.1,722.97,-7.08,18,5,0
U009,53,2026-09-27,Sunday,53,1742.45,2398.11,1369.35,1028.76,-609.84,2629.21,2398.11,231.1,-35.0,12,5,0
U010,53,2026-09-27,Sunday,53,1509.67,2510.27,1638.41,871.86,-964.93,2233.93,2510.27,-276.34,-63.92,17,10,1
U001,53,2026-09-28,Monday,53,1435.58,2565.24,1562.35,1002.89,-1109.8,2710.29,2565.24,145.05,-77.31,14,5,0
U002,53,2026-09-28,Monday,53,1666.08,2533.91,1476.51,1057.4,-818.5,2466.37,2533.91,-67.54,-49.13,12,10,1
U003,53,2026-09-28,Monday,53,1414.59,2876.7,1626.98,1249.72,-1461.08,2846.55,2876.7,-30.15,-80.0,10,10,1
U004,53,2026-09-28,Monday,53,1467.54,2790.94,1588.26,1202.68,-1339.88,2532.53,2790.94,-258.41,-80.0,20,10,1
U005,53,2026-09-28,Monday,53,1605.73,3166.45,1949.97,1216.48,-1579.47,3374.82,3166.45,208.37,-80.0,14,6,0
U006,53,2026-09-28,Monday,53,1486.64,2293.01,1444.15,848.86,-865.19,2533.16,2293.01,240.15,-58.2,20,5,0
U007,53,2026-09-28,Monday,53,1321.22,2285.52,1295.05,990.47,-1022.84,3231.98,2285.52,946.46,-77.42,14,7,0
U008,53,2026-09-28,Monday,53,1432.25,2133.04,1461.6,671.44,-725.73,2539.96,2133.04,406.92,-50.67,14,6,0
U009,53,2026-09-28,Monday,53,908.28,2348.14,1591.07,757.07,-1369.86,2681.99,2348.14,333.85,-80.0,21,5,0
U010,53,2026-09-28,Monday,53,1231.83,2291.04,1542.91,748.13,-1073.21,2405.94,2291.04,114.9,-80.0,8,6,0
